    Finished `dev` profile [unoptimized + debuginfo] target(s) in 0.18s
    Finished `dev` profile [unoptimized + debuginfo] target(s) in 0.19s
    Finished `test` profile [unoptimized + debuginfo] target(s) in 0.15s
     Running unittests src/lib.rs (target/debug/deps/nullnet_grpc_lib-1379fb800dbcc42b)

running 2 tests
test admission_tests::clones_share_admission_and_cancellation_releases_capacity ... ok
test admission_tests::liveness_progresses_when_setup_admission_is_full ... ok

test result: ok. 2 passed; 0 failed; 0 ignored; 0 measured; 0 filtered out; finished in 0.02s

   Doc-tests nullnet_grpc_lib

running 0 tests

test result: ok. 0 passed; 0 failed; 0 ignored; 0 measured; 0 filtered out; finished in 0.00s

PASS_PACKAGE nullnet-grpc-lib
   Compiling nullnet-server v0.1.0 (/root/nullnet-layer1-20261008/fresh/members/nullnet-server)
    Finished `dev` profile [unoptimized + debuginfo] target(s) in 16.54s
    Finished `dev` profile [unoptimized + debuginfo] target(s) in 0.32s
warning: unused `axum::Json` that must be used
   --> members/nullnet-server/src/http_server/observation.rs:538:9
    |
538 | /         stop_handler(
539 | |             admin(),
540 | |             Path(("mesh".into(), started.id)),
541 | |             State(state.clone()),
542 | |         )
543 | |         .await
544 | |         .unwrap();
    | |_________________^
    |
    = note: `#[warn(unused_must_use)]` (part of `#[warn(unused)]`) on by default
help: use `let _ = ...` to ignore the resulting value
    |
538 |         let _ = stop_handler(
    |         +++++++

warning: unused `axum::Json` that must be used
   --> members/nullnet-server/src/http_server/observation.rs:665:9
    |
665 | /         start_handler(admin(), Path("mesh".into()), State(state.clone()))
666 | |             .await
667 | |             .unwrap();
    | |_____________________^
    |
help: use `let _ = ...` to ignore the resulting value
    |
665 |         let _ = start_handler(admin(), Path("mesh".into()), State(state.clone()))
    |         +++++++

warning: `nullnet-server` (bin "nullnet-server" test) generated 2 warnings
    Finished `test` profile [unoptimized + debuginfo] target(s) in 0.21s
     Running unittests src/main.rs (target/debug/deps/nullnet_server-680bfec77fed8017)

running 273 tests
[ERROR] [members/nullnet-server/src/auth/jwt.rs:102] InvalidToken
[ERROR] [members/nullnet-server/src/auth/jwt.rs:94] token is not an mfa-pending token
[ERROR] [members/nullnet-server/src/auth/jwt.rs:72] token is not an access token
test auth::jwt::tests::garbage_token_is_rejected ... ok
test auth::jwt::tests::access_token_round_trip ... ok
test auth::jwt::tests::access_token_rejected_as_mfa_pending_token ... ok
test auth::jwt::tests::mfa_pending_token_rejected_as_access_token ... ok
test auth::jwt::tests::mfa_pending_token_round_trip ... ok
test auth::session::tests::different_tokens_hash_differently ... ok
test auth::mfa_crypto::tests::round_trip ... ok
test auth::session::tests::hash_is_deterministic_and_not_the_raw_value ... ok
[ERROR] [members/nullnet-server/src/auth/mod.rs:45] unknown role 'nope'
test auth::session::tests::tokens_are_unique ... ok
test auth::tests::role_round_trips ... ok
test auth::tests::scope_round_trips ... ok
test auth::totp::tests::generated_secret_is_usable ... ok
test auth::totp::tests::current_code_verifies ... ok
test auth::totp::tests::provisioning_uri_contains_issuer_and_account ... ok
test auth::totp::tests::wrong_code_is_rejected ... ok
test cert::authority::tests::record_name_exact_and_wildcard ... ok
test cert::tests::optional_fields_may_be_omitted ... ok
test cert::tests::renamed_provider_tags_match ... ok
test cert::tests::serialize_round_trips_for_storage ... ok
test cert::tests::unknown_provider_is_rejected ... ok
test crypto::tests::nonce_randomizes_ciphertext ... ok
test crypto::tests::round_trip ... ok
[ERROR] [members/nullnet-server/src/crypto.rs:44] aead::Error
test crypto::tests::wrong_key_fails ... ok
test auth::bootstrap::tests::is_idempotent_once_a_user_exists ... ok
test cert::tests::cloudflare_round_trip ... ok
WARNING: no users exist and ADMIN_BOOTSTRAP_USERNAME/ADMIN_BOOTSTRAP_PASSWORD are not both set — the admin UI will be inaccessible until an initial admin is created (set these env vars and restart).
test auth::bootstrap::tests::does_nothing_if_bootstrap_args_absent ... ok
[ERROR] [members/nullnet-server/src/db/events.rs:49] injected write failure
test db::events::tests::a_failed_batch_rolls_back_every_row ... ok
test db::events::tests::delete_older_than_prunes_only_stale_rows ... ok
test db::certs::tests::dns_credentials_round_trip ... ok
test db::certs::tests::put_get_list_delete_round_trip ... ok
[ERROR] [members/nullnet-server/src/db/events.rs:49] injected persistent failure
Event persistence failed; retaining the batch and retrying: Error { message: "injected persistent failure" }
test db::events::tests::event_enqueue_does_not_wait_for_storage_and_shutdown_drains ... ok
[ERROR] [members/nullnet-server/src/db/events.rs:49] injected write failure
Event persistence failed; retaining the batch and retrying: Error { message: "injected write failure" }
test db::events::tests::insert_and_query_round_trip ... ok
test db::events::tests::pagination_cursor_walks_backwards_through_pages ... ok
[ERROR] [members/nullnet-server/src/db/events.rs:49] injected persistent failure
Event persistence failed; retaining the batch and retrying: Error { message: "injected persistent failure" }
Event persistence queue is full; dropping new events to keep routing available
test db::login_attempts::tests::clear_resets_counter ... ok
test db::login_attempts::tests::locks_out_after_threshold ... ok
test db::refresh_tokens::tests::deleting_user_cascades_tokens ... ok
test db::refresh_tokens::tests::expired_token_is_not_active ... ok
test db::refresh_tokens::tests::insert_find_revoke ... ok
test db::refresh_tokens::tests::revoke_all_for_user ... ok
test db::refresh_tokens::tests::rotate_revokes_old_and_creates_new ... ok
test db::sessions::tests::a_recycled_net_id_starts_a_new_row_beside_the_closed_one ... ok
[ERROR] [members/nullnet-server/src/db/sessions.rs:93] UNIQUE constraint failed: sessions.direction, sessions.net_id, sessions.service, sessions.peer_ip
test db::sessions::tests::a_second_open_row_for_the_same_session_is_rejected ... ok
test db::sessions::tests::active_counts_group_directions_and_exclude_other_stacks_and_closed_rows ... ok
test db::sessions::tests::blocked_filter_splits_denied_from_allowed ... ok
test db::sessions::tests::blocked_ingress_folds_into_its_burst_row ... ok
test db::sessions::tests::busiest_services_rank_only_active_rows_in_the_stack ... ok
test db::sessions::tests::clients_sharing_a_net_id_are_separate_sessions ... ok
test db::sessions::tests::close_all_open_leaves_already_closed_rows_alone ... ok
test db::sessions::tests::close_egress_edge_closes_every_destination_of_that_edge ... ok
test db::sessions::tests::open_close_and_filter_round_trip ... ok
test db::sessions::tests::open_session_lookup_does_not_scan_closed_history ... ok
test db::sessions::tests::pagination_cursor_walks_backwards_through_pages ... ok
test db::sessions::tests::open_ingress_keys_sees_past_a_page_of_newer_history ... ok
test db::sessions::tests::policy_counts_follow_backfill_policy_changes_rollback_and_retention ... ok
test db::sessions::tests::policy_counts_include_closed_rows_but_exclude_backends_and_other_stacks ... ok
test db::sessions::tests::retention_prunes_ended_rows_only ... ok
test db::sessions::tests::time_range_includes_every_intersection_and_pages_without_duplicates ... ok
test db::sessions::tests::touch_updates_open_row_and_fills_geo_once ... ok
test db::stacks::tests::delete_cascades_services_triggers_dependencies_and_routes ... ok
[ERROR] [members/nullnet-server/src/db/stacks.rs:258] UNIQUE constraint failed: routes.stack, routes.host, routes.path
[ERROR] [members/nullnet-server/src/db/stacks.rs:258] UNIQUE constraint failed: services.stack, services.name
test db::stacks::tests::failed_import_rolls_back_services_and_routes_together ... ok
test db::stacks::tests::put_routes_round_trips_and_replaces ... ok
[ERROR] [members/nullnet-server/src/db/stacks.rs:258] UNIQUE constraint failed: services.stack, services.name
test db::stacks::tests::failed_service_replace_preserves_previous_configuration ... ok
test db::stacks::tests::put_services_creates_the_stack_row_for_a_new_name ... ok
test db::stacks::tests::put_services_replaces_the_full_list ... ok
test db::stacks::tests::put_services_round_trips_service_triggers_and_dependencies ... ok
test db::tests::open_runs_migrations_and_is_reusable ... ok
Bootstrapped initial admin account 'root'.
test auth::bootstrap::tests::creates_admin_when_bootstrap_args_set ... ok
test db::user_scopes::tests::set_and_read_scopes ... ok
test db::user_scopes::tests::deleting_user_cascades_scopes ... ok
test db::users::tests::create_get_list_delete_round_trip ... ok
test geo::tests::unit_test_geo_never_starts_external_provider_work ... ok
test http_server::certificates::tests::accepts_exact_and_wildcard ... ok
test http_server::certificates::tests::rejects_traversal_and_junk ... ok
test db::users::tests::mfa_lifecycle ... ok
test db::users::tests::partial_update_only_touches_given_fields ... ok
Loaded stack 'mesh': {"old": Unregistered(UnregisteredServiceInfo { proxy_deps: [], triggers: {}, timeout: None, max_networks: None, protocol: Http, listen_port: None, egress_policy: None, ingress_policy: None, pausable: false }), "web": Unregistered(UnregisteredServiceInfo { proxy_deps: [["old"]], triggers: {8002: "old"}, timeout: Some(0), max_networks: None, protocol: Http, listen_port: None, egress_policy: None, ingress_policy: None, pausable: false }), "new": Unregistered(UnregisteredServiceInfo { proxy_deps: [], triggers: {}, timeout: None, max_networks: None, protocol: Http, listen_port: None, egress_policy: None, ingress_policy: None, pausable: false })}
Loaded stack 'mesh': {"new": Unregistered(UnregisteredServiceInfo { proxy_deps: [], triggers: {}, timeout: None, max_networks: None, protocol: Http, listen_port: None, egress_policy: None, ingress_policy: None, pausable: false }), "web": Unregistered(UnregisteredServiceInfo { proxy_deps: [["old"]], triggers: {8002: "old"}, timeout: Some(0), max_networks: None, protocol: Http, listen_port: None, egress_policy: None, ingress_policy: None, pausable: false }), "old": Unregistered(UnregisteredServiceInfo { proxy_deps: [], triggers: {}, timeout: None, max_networks: None, protocol: Http, listen_port: None, egress_policy: None, ingress_policy: None, pausable: false })}
test http_server::observation::tests::active_observation_rejects_every_config_write_path_and_unauthorized_start ... ok
Loaded stack 'mesh': {"new": Unregistered(UnregisteredServiceInfo { proxy_deps: [], triggers: {}, timeout: None, max_networks: None, protocol: Http, listen_port: None, egress_policy: None, ingress_policy: None, pausable: false }), "old": Unregistered(UnregisteredServiceInfo { proxy_deps: [], triggers: {}, timeout: None, max_networks: None, protocol: Http, listen_port: None, egress_policy: None, ingress_policy: None, pausable: false }), "web": Unregistered(UnregisteredServiceInfo { proxy_deps: [["old"]], triggers: {8002: "old"}, timeout: Some(0), max_networks: None, protocol: Http, listen_port: None, egress_policy: None, ingress_policy: None, pausable: false })}
Loaded stack 'mesh': {"old": Unregistered(UnregisteredServiceInfo { proxy_deps: [], triggers: {}, timeout: None, max_networks: None, protocol: Http, listen_port: None, egress_policy: None, ingress_policy: None, pausable: false }), "new": Unregistered(UnregisteredServiceInfo { proxy_deps: [], triggers: {}, timeout: None, max_networks: None, protocol: Http, listen_port: None, egress_policy: None, ingress_policy: None, pausable: false }), "web": Unregistered(UnregisteredServiceInfo { proxy_deps: [["old"]], triggers: {8002: "old"}, timeout: Some(0), max_networks: None, protocol: Http, listen_port: None, egress_policy: None, ingress_policy: None, pausable: false })}
Loaded stack 'mesh': {"new": Unregistered(UnregisteredServiceInfo { proxy_deps: [], triggers: {}, timeout: None, max_networks: None, protocol: Http, listen_port: None, egress_policy: None, ingress_policy: None, pausable: false }), "web": Unregistered(UnregisteredServiceInfo { proxy_deps: [["old"]], triggers: {8002: "old"}, timeout: Some(0), max_networks: None, protocol: Http, listen_port: None, egress_policy: None, ingress_policy: None, pausable: false }), "old": Unregistered(UnregisteredServiceInfo { proxy_deps: [], triggers: {}, timeout: None, max_networks: None, protocol: Http, listen_port: None, egress_policy: None, ingress_policy: None, pausable: false })}
test http_server::observation::tests::conflicting_destinations_cannot_activate_and_leave_no_observation ... ok
Loaded stack 'mesh': {"web": Unregistered(UnregisteredServiceInfo { proxy_deps: [["old"]], triggers: {8002: "old", 8003: "new"}, timeout: Some(0), max_networks: None, protocol: Http, listen_port: None, egress_policy: None, ingress_policy: None, pausable: false }), "new": Unregistered(UnregisteredServiceInfo { proxy_deps: [], triggers: {8002: "old", 8001: "web"}, timeout: None, max_networks: None, protocol: Http, listen_port: None, egress_policy: None, ingress_policy: None, pausable: false }), "old": Unregistered(UnregisteredServiceInfo { proxy_deps: [], triggers: {8003: "new", 8001: "web"}, timeout: None, max_networks: None, protocol: Http, listen_port: None, egress_policy: None, ingress_policy: None, pausable: false })}
test http_server::observation::tests::concurrent_starts_are_serialized_and_stale_results_cannot_overwrite_edits ... ok
UI TLS certificate unavailable for 'ui.example.com': no matching certificate available in the certificate store
UI TLS certificate active for 'ui.example.com'
UI TLS certificate active for 'ui.example.com'
UI TLS certificate unavailable for 'ui.example.com': invalid UI TLS certificate/key: keys may not be consistent: KeyMismatch
UI TLS certificate unavailable for 'ui.example.com': no matching certificate available in the certificate store
UI TLS certificate active for 'ui.example.com'
test http_server::tls::tests::bootstrap_renewal_failure_retention_and_recovery ... ok
test http_server::tls::tests::selection_prefers_exact_and_limits_wildcard_to_one_label ... ok
test http_server::tls::tests::validates_actual_san_and_dates_not_store_label ... ok
test net::tests::vlan_setup_client_and_server_addresses_differ ... ok
test net::tests::vxlan_setup_client_and_server_addresses_differ ... ok
'NET_TYPE' environment variable not set
test net_id_pool::tests::test_allocate_sequential_net_ids ... ok
test net_id_pool::tests::test_double_free_does_not_duplicate_net_id ... ok
test net_id_pool::tests::test_free_ignores_out_of_range_net_ids ... ok
test net_id_pool::tests::test_freed_id_is_not_immediately_reallocated ... ok
test net_id_pool::tests::test_generate_key_is_random_and_full_length ... ok
test net_id_pool::tests::test_net_ids_exhaustion ... ok
test net_id_pool::tests::test_reuse_freed_net_ids_oldest_first ... ok
test nullnet_grpc_impl::host_pin_tests::listen_ports_are_allowed_only_on_proxy_and_keep_explicit_ports ... ok
Received service report from '192.0.2.1': 1 container(s), 0 listener(s)
Resuming container 'restarted_c' on 192.0.2.1
test nullnet_grpc_impl::host_pin_tests::pausable_report_recovers_paused_container_after_restart ... ok
Received service report from '192.0.2.1': 0 container(s), 1 listener(s)
Received service report from '192.0.2.2': 0 container(s), 1 listener(s)
test nullnet_grpc_impl::host_pin_tests::ssh_host_pins_separate_identical_listeners ... ok
[http-routes] bundle built: 0 route(s)
test nullnet_grpc_impl::http_route_bundle_tests::backend_only_and_non_http_services_get_no_implicit_route ... ok
[http-routes] bundle built: 1 route(s)
test nullnet_grpc_impl::http_route_bundle_tests::declares_no_routes_falls_back_to_implicit_host_route ... ok
[http-routes] bundle built: 2 route(s)
test nullnet_grpc_impl::http_route_bundle_tests::explicit_route_for_a_host_suppresses_its_implicit_fallback ... ok
[http-routes] bundle built: 1 route(s)
test nullnet_grpc_impl::http_route_bundle_tests::old_config_with_no_route_blocks_is_unaffected ... ok
[http-routes] bundle built: 1 route(s)
test nullnet_grpc_impl::http_route_bundle_tests::redirect_route_converts_to_wire_redirect ... ok
test nullnet_grpc_impl::proxy_presence_tests::idle_proxy_presence_survives_overlapping_streams ... ok
Egress edge for '<host>' (10.0.0.2) idle past the debounce; tearing down net 101
test orchestrator::egress_liveness_tests::a_built_idle_edge_is_due_and_gets_reaped ... ok
test orchestrator::egress_liveness_tests::a_half_built_edge_does_not_drive_the_sleep_to_zero ... ok
[egress] reclaiming a stale reservation for 'svc' (10.0.0.1), stranded 91s
[ERROR] [members/nullnet-server/src/orchestrator.rs:377] egress edge NET setup failed
test orchestrator::egress_liveness_tests::a_stale_egress_reservation_is_reclaimed_but_a_fresh_one_is_not ... ok
Sending network 101 teardown to client 10.0.0.1
Sending network 101 teardown to client 10.0.0.9
[ERROR] [members/nullnet-server/src/orchestrator.rs:377] egress edge NET setup failed
Network 101 teardown complete; ID released
test orchestrator::egress_liveness_tests::trigger_atomic_failed_egress_build_cannot_remove_replacement ... ok
Sending network 101 teardown to client 10.0.0.1
Sending network 101 teardown to client 10.0.0.9
Network 101 teardown complete; ID released
test orchestrator::egress_liveness_tests::trigger_atomic_old_egress_build_cannot_promote_replacement ... ok
Loaded stack 'mesh': {"new": Unregistered(UnregisteredServiceInfo { proxy_deps: [], triggers: {}, timeout: None, max_networks: None, protocol: Http, listen_port: None, egress_policy: None, ingress_policy: None, pausable: false }), "web": Unregistered(UnregisteredServiceInfo { proxy_deps: [["old"]], triggers: {8002: "old"}, timeout: Some(0), max_networks: None, protocol: Http, listen_port: None, egress_policy: None, ingress_policy: None, pausable: false }), "old": Unregistered(UnregisteredServiceInfo { proxy_deps: [], triggers: {}, timeout: None, max_networks: None, protocol: Http, listen_port: None, egress_policy: None, ingress_policy: None, pausable: false })}
Loaded stack 'mesh': {"new": Unregistered(UnregisteredServiceInfo { proxy_deps: [], triggers: {}, timeout: None, max_networks: None, protocol: Http, listen_port: None, egress_policy: None, ingress_policy: None, pausable: false }), "old": Unregistered(UnregisteredServiceInfo { proxy_deps: [], triggers: {}, timeout: None, max_networks: None, protocol: Http, listen_port: None, egress_policy: None, ingress_policy: None, pausable: false }), "web": Unregistered(UnregisteredServiceInfo { proxy_deps: [["old"]], triggers: {8002: "old"}, timeout: Some(0), max_networks: None, protocol: Http, listen_port: None, egress_policy: None, ingress_policy: None, pausable: false })}
Loaded stack 'mesh': {"web": Unregistered(UnregisteredServiceInfo { proxy_deps: [["old"]], triggers: {8002: "old"}, timeout: Some(0), max_networks: None, protocol: Http, listen_port: None, egress_policy: None, ingress_policy: None, pausable: false }), "old": Unregistered(UnregisteredServiceInfo { proxy_deps: [], triggers: {}, timeout: None, max_networks: None, protocol: Http, listen_port: None, egress_policy: None, ingress_policy: None, pausable: false }), "new": Unregistered(UnregisteredServiceInfo { proxy_deps: [], triggers: {}, timeout: None, max_networks: None, protocol: Http, listen_port: None, egress_policy: None, ingress_policy: None, pausable: false })}
Loaded stack 'mesh': {"web": Unregistered(UnregisteredServiceInfo { proxy_deps: [["old"]], triggers: {8002: "old", 8003: "new"}, timeout: Some(0), max_networks: None, protocol: Http, listen_port: None, egress_policy: None, ingress_policy: None, pausable: false }), "old": Unregistered(UnregisteredServiceInfo { proxy_deps: [], triggers: {8001: "web", 8003: "new"}, timeout: None, max_networks: None, protocol: Http, listen_port: None, egress_policy: None, ingress_policy: None, pausable: false }), "new": Unregistered(UnregisteredServiceInfo { proxy_deps: [], triggers: {8001: "web", 8002: "old"}, timeout: None, max_networks: None, protocol: Http, listen_port: None, egress_policy: None, ingress_policy: None, pausable: false })}
Loaded stack 'mesh': {"new": Unregistered(UnregisteredServiceInfo { proxy_deps: [], triggers: {}, timeout: None, max_networks: None, protocol: Http, listen_port: None, egress_policy: None, ingress_policy: None, pausable: false }), "web": Unregistered(UnregisteredServiceInfo { proxy_deps: [["old"]], triggers: {8002: "old"}, timeout: Some(0), max_networks: None, protocol: Http, listen_port: None, egress_policy: None, ingress_policy: None, pausable: false }), "old": Unregistered(UnregisteredServiceInfo { proxy_deps: [], triggers: {}, timeout: None, max_networks: None, protocol: Http, listen_port: None, egress_policy: None, ingress_policy: None, pausable: false })}
Loaded stack 'mesh': {"old": Unregistered(UnregisteredServiceInfo { proxy_deps: [], triggers: {}, timeout: None, max_networks: None, protocol: Http, listen_port: None, egress_policy: None, ingress_policy: None, pausable: false }), "new": Unregistered(UnregisteredServiceInfo { proxy_deps: [], triggers: {}, timeout: None, max_networks: None, protocol: Http, listen_port: None, egress_policy: None, ingress_policy: None, pausable: false }), "web": Unregistered(UnregisteredServiceInfo { proxy_deps: [["old"]], triggers: {8002: "old"}, timeout: Some(0), max_networks: None, protocol: Http, listen_port: None, egress_policy: None, ingress_policy: None, pausable: false })}
Loaded stack 'mesh': {"web": Unregistered(UnregisteredServiceInfo { proxy_deps: [["old"]], triggers: {8002: "old", 8003: "new"}, timeout: Some(0), max_networks: None, protocol: Http, listen_port: None, egress_policy: None, ingress_policy: None, pausable: false }), "old": Unregistered(UnregisteredServiceInfo { proxy_deps: [], triggers: {8003: "new", 8001: "web"}, timeout: None, max_networks: None, protocol: Http, listen_port: None, egress_policy: None, ingress_policy: None, pausable: false }), "new": Unregistered(UnregisteredServiceInfo { proxy_deps: [], triggers: {8001: "web", 8002: "old"}, timeout: None, max_networks: None, protocol: Http, listen_port: None, egress_policy: None, ingress_policy: None, pausable: false })}
test http_server::observation::tests::counters_seed_open_sessions_survive_retention_and_freeze_on_stop ... ok
[egress] reaping edge for gone container Some("gone") on 10.0.0.1
test orchestrator::session_history_tests::a_dead_container_closes_its_destination_rows ... ok
test orchestrator::session_history_tests::a_denied_destination_folds_into_one_already_ended_row ... ok
test orchestrator::session_history_tests::a_destination_ends_while_the_edge_keeps_carrying_the_others ... ok
test orchestrator::session_history_tests::a_node_teardown_closes_that_nodes_destination_rows ... ok
test orchestrator::session_history_tests::backend_history_late_open_cannot_overwrite_replacement ... ok
test orchestrator::session_history_tests::backend_history_tracks_independent_chains_and_generations ... ok
Loaded stack 'mesh': {"new": Unregistered(UnregisteredServiceInfo { proxy_deps: [], triggers: {8001: "web", 8002: "old"}, timeout: None, max_networks: None, protocol: Http, listen_port: None, egress_policy: None, ingress_policy: None, pausable: false }), "web": Unregistered(UnregisteredServiceInfo { proxy_deps: [["old"]], triggers: {8003: "new", 8002: "old"}, timeout: Some(0), max_networks: None, protocol: Http, listen_port: None, egress_policy: None, ingress_policy: None, pausable: false }), "old": Unregistered(UnregisteredServiceInfo { proxy_deps: [], triggers: {8003: "new", 8001: "web"}, timeout: None, max_networks: None, protocol: Http, listen_port: None, egress_policy: None, ingress_policy: None, pausable: false })}
test orchestrator::session_history_tests::backend_history_close_wait_does_not_block_other_generations ... ok
Loaded stack 'mesh': {"new": Unregistered(UnregisteredServiceInfo { proxy_deps: [], triggers: {}, timeout: None, max_networks: None, protocol: Http, listen_port: None, egress_policy: None, ingress_policy: None, pausable: false }), "old": Unregistered(UnregisteredServiceInfo { proxy_deps: [], triggers: {}, timeout: None, max_networks: None, protocol: Http, listen_port: None, egress_policy: None, ingress_policy: None, pausable: false }), "web": Unregistered(UnregisteredServiceInfo { proxy_deps: [["old"]], triggers: {8002: "old"}, timeout: Some(0), max_networks: None, protocol: Http, listen_port: None, egress_policy: None, ingress_policy: None, pausable: false })}
test http_server::observation::tests::lifecycle_keeps_saved_config_and_proxy_deps_and_applies_only_observed_backends ... ok
test orchestrator::session_history_tests::backend_history_wait_does_not_block_liveness ... ok
test orchestrator::session_history_tests::cancelled_backend_build_never_opens_history ... ok
Sending network 101 teardown to client 10.0.0.1
[ERROR] [members/nullnet-server/src/orchestrator.rs:1213] channel closed
Network 101 teardown complete; ID released
test orchestrator::teardown_ack_tests::a_closed_connection_releases_its_pending_teardown ... ok
Sending network 101 teardown to client 10.0.0.1
Egress edge for 'c1' (10.0.0.1) idle past the debounce; tearing down net 7
test orchestrator::session_history_tests::destinations_get_one_row_each_and_close_together_on_reap ... ok
Sending network 101 teardown to client 10.0.0.1
Sending network 101 teardown to client 10.0.0.2
Network 101 teardown complete; ID released
test orchestrator::teardown_ack_tests::acked_teardown_returns_the_net_id ... ok
test orchestrator::teardown_ack_tests::teardown_to_absent_endpoints_frees_immediately ... ok
Sending network 101 teardown to client 10.0.0.1
Sending network 101 teardown to client 10.0.0.2
test orchestrator::teardown_ack_tests::unacked_teardown_withholds_the_net_id ... ok
test services::firewall::tests::allow_requires_all_conditions_in_a_group ... ok
test services::firewall::tests::block_matches_any_group_denies ... ok
test services::firewall::tests::dst_ip_cidr_containment ... ok
[ERROR] [members/nullnet-server/src/services/firewall.rs:159] service 'svc': 'src_ip' only applies to ingress filters
test services::firewall::tests::validate_rejects_wrong_direction_field ... ok
test services::firewall::tests::validate_uppercases_country_values ... ok
[ERROR] [members/nullnet-server/src/services/input.rs:467] Backend trigger peer must not be empty
[ERROR] [members/nullnet-server/src/services/input.rs:548] service 'source': backend peer 'a' must declare a nonzero port
[ERROR] [members/nullnet-server/src/services/input.rs:548] service 'source': backend peer 'a' must declare a nonzero port
[ERROR] [members/nullnet-server/src/services/input.rs:548] service 'source': backend peer 'a' must declare a nonzero port
[ERROR] [members/nullnet-server/src/services/input.rs:554] service 'source': backend peers 'a' and 'b' both use port 5555
test services::input::tests::backends_resolve_declared_peer_ports_and_reject_ambiguity ... ok
test services::input::tests::declared_service_without_timeout_is_unreachable_but_keeps_triggers ... ok
test services::input::tests::detect_name_conflicts_allows_distinct_names ... ok
test services::input::tests::detect_name_conflicts_flags_cross_stack_collision ... ok
test services::input::tests::detect_name_conflicts_flags_dependency_placeholder ... ok
test services::input::tests::detect_port_conflicts_allows_same_port_different_protocol ... ok
test services::input::tests::detect_port_conflicts_flags_cross_stack_collision ... ok
test services::input::tests::detect_route_conflicts_allows_same_host_different_paths ... ok
test services::input::tests::detect_route_conflicts_flags_cross_stack_collision ... ok
test orchestrator::session_history_tests::destinations_seen_during_a_reservation_are_written_at_promotion ... ok
test services::input::tests::export_toml_is_none_for_a_stack_that_does_not_exist ... ok
[ERROR] [members/nullnet-server/src/services/input.rs:511] service 'color.com': 'listen_port' is only valid for protocol "tcp"/"udp", not "http"
test services::input::tests::http_protocol_with_listen_port_is_rejected ... ok
test services::input::tests::http_service_defaults_with_no_listen_port ... ok
Loaded stack 'bravo': {"b.svc": Unregistered(UnregisteredServiceInfo { proxy_deps: [], triggers: {}, timeout: Some(30), max_networks: None, protocol: Http, listen_port: None, egress_policy: None, ingress_policy: None, pausable: false })}
Loaded stack 'alpha': {"a.svc": Unregistered(UnregisteredServiceInfo { proxy_deps: [["a.dep"]], triggers: {}, timeout: Some(0), max_networks: None, protocol: Http, listen_port: None, egress_policy: None, ingress_policy: None, pausable: false }), "a.dep": Unregistered(UnregisteredServiceInfo { proxy_deps: [], triggers: {}, timeout: None, max_networks: None, protocol: Http, listen_port: None, egress_policy: None, ingress_policy: None, pausable: false })}
test services::input::tests::loads_each_toml_as_its_own_stack ... ok
test services::input::tests::export_toml_round_trips_through_validate_stack_toml ... ok
test services::input::tests::parses_explicit_and_implicit_services ... ok
test services::input::tests::parses_parallel_proxy_branches ... ok
[ERROR] [members/nullnet-server/src/services/input.rs:500] service 'process': pausable requires docker_container
test services::input::tests::pausable_defaults_off_and_requires_docker ... ok
[ERROR] [members/nullnet-server/src/services/input.rs:107] route 'ops.example.com /': 'preserve_path'/'preserve_query' only apply to 'redirect_to' routes
test services::input::tests::preserve_path_on_a_service_route_is_rejected ... ok
[ERROR] [members/nullnet-server/src/services/input.rs:107] route 'ops.example.com /': 'preserve_path'/'preserve_query' only apply to 'redirect_to' routes
test services::input::tests::preserve_query_on_a_service_route_is_rejected ... ok
test services::input::tests::redirect_route_defaults_status_to_301 ... ok
test services::input::tests::redirect_route_with_preserve_flags_parses ... ok
[ERROR] [members/nullnet-server/src/services/input.rs:154] route 'old.example.com /': redirect_status 200 must be one of 301/302/307/308
test services::input::tests::redirect_route_with_unsupported_status_is_rejected ... ok
test services::input::tests::route_entry_row_conversion_round_trips_both_target_kinds ... ok
test services::input::tests::route_path_defaults_to_slash ... ok
test services::input::tests::route_targeting_a_declared_http_service_parses ... ok
[ERROR] [members/nullnet-server/src/services/input.rs:133] route 'ops.example.com /': service 'backend.only' has no 'timeout', so it isn't a proxy-reachable entry point
test services::input::tests::route_targeting_non_entry_point_service_is_rejected ... ok
[ERROR] [members/nullnet-server/src/services/input.rs:125] route 'ops.example.com /': service 'redis.internal' is protocol Tcp, routes can only target http services
test services::input::tests::route_targeting_tcp_service_is_rejected ... ok
[ERROR] [members/nullnet-server/src/services/input.rs:114] route 'ops.example.com /': service 'grafana' is not declared in this stack
test services::input::tests::route_targeting_undeclared_service_is_rejected ... ok
[ERROR] [members/nullnet-server/src/services/input.rs:91] route 'ops.example.com /': 'service' and 'redirect_to' are mutually exclusive
test services::input::tests::route_with_both_service_and_redirect_is_rejected ... ok
[ERROR] [members/nullnet-server/src/services/input.rs:98] route 'ops.example.com /': exactly one of 'service'/'redirect_to' is required
test services::input::tests::route_with_neither_service_nor_redirect_is_rejected ... ok
test services::input::tests::service_row_conversion_round_trips_every_field ... ok
test services::input::tests::stack_with_no_route_blocks_parses_with_empty_routes ... ok
[ERROR] [members/nullnet-server/src/services/input.rs:146] route 'old.example.com /': 'strip_prefix' only applies to 'service' routes
test services::input::tests::strip_prefix_on_a_redirect_route_is_rejected ... ok
test services::input::tests::strip_prefix_route_parses_and_forwards_correctly ... ok
[ERROR] [members/nullnet-server/src/services/input.rs:518] service 'redis.internal': protocol "tcp"/"udp" requires 'listen_port'
test services::input::tests::tcp_protocol_without_listen_port_is_rejected ... ok
test services::input::tests::tcp_udp_services_parse_with_listen_port ... ok
Resuming container 'container' on 192.0.2.1
Resuming container 'container' on 192.0.2.1
test services::service_info::resume_tests::failed_resume_stays_paused_and_can_retry ... ok
Resuming container 'container' on 192.0.2.1
test services::service_info::resume_tests::resume_survives_a_dropped_waiter_and_preserves_replacement_state ... ok
test services::input::tests::multi_group_filter_round_trips_through_toml_export_import ... ok
test sessions::persistence::tests::blocked_storage_never_blocks_lifecycle_and_preserves_reuse_order ... ok
test sessions::persistence::tests::delayed_backend_close_cannot_close_a_replacement_generation ... ok
[ERROR] [members/nullnet-server/src/db/sessions.rs:55] attempt to write a readonly database
Session persistence failed; retaining ordered history for retry: Error { message: "attempt to write a readonly database" }
Session persistence queue unavailable; networking continues, history is interrupted
test auth::password::tests::same_password_hashes_differently ... ok
test sessions::tests::denials_from_one_peer_fold_into_a_single_ended_row ... ok
test sessions::tests::ingress_history_keeps_proxy_after_session_ends ... ok
Received backend trigger for 'A' (port 5555) from 1.1.1.1 (container: <none>)
[trigger] triggers map for 'A': {5555: "B"}; first_dep for port 5555: Some("B")
[trigger] dispatching net_chain_setup for 'A' port 5555 (1 hop(s))
2.2.2.2 acknowledged
1.1.1.1 acknowledged
[trigger] net_chain_setup completed for 'A' port 5555
Received backend trigger for 'G' (port 7777) from 7.7.7.7 (container: <none>)
[trigger] triggers map for 'G': {7777: "Ghost"}; first_dep for port 7777: Some("Ghost")
[trigger] no chain to build for 'G' port 7777
test tests::a_bailed_setup_records_no_hold ... ok
Received backend trigger for 'A' (port 5555) from 1.1.1.1 (container: <none>)
[trigger] triggers map for 'A': {5555: "B"}; first_dep for port 5555: Some("B")
[trigger] dispatching net_chain_setup for 'A' port 5555 (1 hop(s))
2.2.2.2 acknowledged
1.1.1.1 acknowledged
[trigger] net_chain_setup completed for 'A' port 5555
test tests::a_close_without_a_held_refcount_decrements_nothing ... ok
Received proxy request for 'entry'
1.1.1.1 acknowledged
5.5.5.5 acknowledged
2.2.2.2 acknowledged
1.1.1.1 acknowledged
Received proxy request for 'entry'
1.1.1.1 acknowledged
5.5.5.5 acknowledged
test sessions::persistence::tests::overflow_is_bounded_and_cannot_leave_stale_rows_for_reused_ids ... ok
Received proxy request for 'entry'
1.1.1.1 acknowledged
5.5.5.5 acknowledged
2.2.2.2 acknowledged
1.1.1.1 acknowledged
3.3.3.3 acknowledged
2.2.2.2 acknowledged
Sending network 103 teardown to client 2.2.2.2
Sending network 103 teardown to client 3.3.3.3
Sending network 101 teardown to client 5.5.5.5
Sending network 101 teardown to client 1.1.1.1
Sending network 102 teardown to client 1.1.1.1
Sending network 102 teardown to client 2.2.2.2
[ERROR] [members/nullnet-server/src/nullnet_grpc_impl.rs:2103] NET chain setup failed
Network 103 teardown complete; ID released
Network 101 teardown complete; ID released
Network 102 teardown complete; ID released
test tests::a_replica_lost_mid_setup_does_not_strand_its_tunnel ... ok
Received backend trigger for 'A' (port 5555) from 1.1.1.1 (container: <none>)
[trigger] triggers map for 'A': {5555: "B"}; first_dep for port 5555: Some("B")
[trigger] dispatching net_chain_setup for 'A' port 5555 (1 hop(s))
2.2.2.2 acknowledged
1.1.1.1 acknowledged
[trigger] net_chain_setup completed for 'A' port 5555
Received backend trigger for 'D' (port 5555) from 4.4.4.4 (container: <none>)
[trigger] triggers map for 'D': {5555: "B"}; first_dep for port 5555: Some("B")
[trigger] dispatching net_chain_setup for 'D' port 5555 (1 hop(s))
2.2.2.2 acknowledged
4.4.4.4 acknowledged
[trigger] net_chain_setup completed for 'D' port 5555
Trigger chain 'A' (1.1.1.1) port 5555 idle past the debounce; releasing its hold
Sending network 101 teardown to client 1.1.1.1
Sending network 101 teardown to client 2.2.2.2
test tests::a_second_reap_pass_releases_nothing_more ... ok
Received proxy request for 'entry'
1.1.1.1 acknowledged
5.5.5.5 acknowledged
2.2.2.2 acknowledged
1.1.1.1 acknowledged
test auth::password::tests::round_trip ... ok
Received proxy request for 'entry'
1.1.1.1 acknowledged
5.5.5.5 acknowledged
2.2.2.2 acknowledged
1.1.1.1 acknowledged
Sending network 102 teardown to client 1.1.1.1
Sending network 102 teardown to client 2.2.2.2
Sending network 101 teardown to client 5.5.5.5
Sending network 101 teardown to client 1.1.1.1
3.3.3.3 acknowledged
2.2.2.2 acknowledged
Network 102 teardown complete; ID released
Network 101 teardown complete; ID released
Sending network 103 teardown to client 2.2.2.2
Sending network 103 teardown to client 3.3.3.3
[ERROR] [members/nullnet-server/src/nullnet_grpc_impl.rs:859] Service is not registered
Network 103 teardown complete; ID released
test tests::an_edge_torn_down_mid_setup_is_not_stranded ... ok
Received proxy request for 'A'
1.1.1.1 acknowledged
5.5.5.5 acknowledged
2.2.2.2 acknowledged
1.1.1.1 acknowledged
Received proxy request for 'entry'
1.1.1.1 acknowledged
5.5.5.5 acknowledged
[ERROR] [members/nullnet-server/src/db/events.rs:49] injected persistent failure
Event persistence recovered; committed 1 queued events
test db::events::tests::event_writer_retries_without_losing_events_and_reports_recovery ... ok
Received backend trigger for 'A' (port 5555) from 1.1.1.1 (container: <none>)
[trigger] triggers map for 'A': {5555: "B"}; first_dep for port 5555: Some("B")
[trigger] dispatching net_chain_setup for 'A' port 5555 (1 hop(s))
2.2.2.2 acknowledged
1.1.1.1 acknowledged
[trigger] net_chain_setup completed for 'A' port 5555
Event persistence recovered; committed 1 queued events
test db::events::tests::unavailable_event_storage_does_not_block_producers ... ok
Received backend trigger for 'A' (port 5555) from 1.1.1.1 (container: <none>)
[trigger] triggers map for 'A': {5555: "B"}; first_dep for port 5555: Some("B")
[trigger] dispatching net_chain_setup for 'A' port 5555 (1 hop(s))
2.2.2.2 acknowledged
1.1.1.1 acknowledged
[trigger] net_chain_setup completed for 'A' port 5555
Received backend trigger for 'D' (port 5555) from 5.5.5.5 (container: <none>)
[trigger] triggers map for 'D': {5555: "B"}; first_dep for port 5555: Some("B")
[trigger] dispatching net_chain_setup for 'D' port 5555 (1 hop(s))
4.4.4.4 acknowledged
5.5.5.5 acknowledged
[trigger] net_chain_setup completed for 'D' port 5555
Received backend trigger for 'E' (port 5555) from 6.6.6.6 (container: <none>)
[trigger] triggers map for 'E': {5555: "B"}; first_dep for port 5555: Some("B")
[trigger] dispatching net_chain_setup for 'E' port 5555 (1 hop(s))
2.2.2.2 acknowledged
6.6.6.6 acknowledged
[trigger] net_chain_setup completed for 'E' port 5555
--- start.dot ---
digraph G {
	bgcolor=grey10;
	node [color=white, fontcolor=white];
	edge [color=white, fontcolor=white, fontsize=9, labelangle=180, labeldistance=0.8];

	"A" [label=<A<BR/><FONT POINT-SIZE="9">1 active / 0 paused / 1 total</FONT>>] [style=solid, color=green];

	"B" [label=<B<BR/><FONT POINT-SIZE="9">3 active / 0 paused / 3 total</FONT>>] [style=dashed, color=green];
	"A" -> "B" [label="VXLAN 101 [0ms]"];
	"D" -> "B" [label="VXLAN 102 [0ms]"];
	"E" -> "B" [label="VXLAN 103 [0ms]"];

	"D" [label=<D<BR/><FONT POINT-SIZE="9">1 active / 0 paused / 1 total</FONT>>] [style=solid, color=green];

	"E" [label=<E<BR/><FONT POINT-SIZE="9">1 active / 0 paused / 1 total</FONT>>] [style=solid, color=green];
}

Sending network 102 teardown to client 5.5.5.5
--- after_disconnect_standalone_dep.dot ---
digraph G {
	bgcolor=grey10;
	node [color=white, fontcolor=white];
	edge [color=white, fontcolor=white, fontsize=9, labelangle=180, labeldistance=0.8];

	"A" [label=<A<BR/><FONT POINT-SIZE="9">1 active / 0 paused / 1 total</FONT>>] [style=solid, color=green];

	"B" [label=<B<BR/><FONT POINT-SIZE="9">2 active / 0 paused / 2 total</FONT>>] [style=dashed, color=green];
	"A" -> "B" [label="VXLAN 101 [0ms]"];
	"E" -> "B" [label="VXLAN 103 [0ms]"];

	"D" [label=<D<BR/><FONT POINT-SIZE="9">0 active / 0 paused / 1 total</FONT>>] [style=solid, color=green];

	"E" [label=<E<BR/><FONT POINT-SIZE="9">1 active / 0 paused / 1 total</FONT>>] [style=solid, color=green];
}

Network 102 teardown complete; ID released
test tests::backend_multi_replica_disconnect_standalone_dep ... ok
Received backend trigger for 'A' (port 5555) from 1.1.1.1 (container: <none>)
[trigger] triggers map for 'A': {5555: "B"}; first_dep for port 5555: Some("B")
[trigger] dispatching net_chain_setup for 'A' port 5555 (1 hop(s))
2.2.2.2 acknowledged
1.1.1.1 acknowledged
[trigger] net_chain_setup completed for 'A' port 5555
Received backend trigger for 'D' (port 5555) from 5.5.5.5 (container: <none>)
[trigger] triggers map for 'D': {5555: "B"}; first_dep for port 5555: Some("B")
[trigger] dispatching net_chain_setup for 'D' port 5555 (1 hop(s))
4.4.4.4 acknowledged
5.5.5.5 acknowledged
[trigger] net_chain_setup completed for 'D' port 5555
Received backend trigger for 'E' (port 5555) from 6.6.6.6 (container: <none>)
[trigger] triggers map for 'E': {5555: "B"}; first_dep for port 5555: Some("B")
[trigger] dispatching net_chain_setup for 'E' port 5555 (1 hop(s))
2.2.2.2 acknowledged
6.6.6.6 acknowledged
[trigger] net_chain_setup completed for 'E' port 5555
--- start.dot ---
digraph G {
	bgcolor=grey10;
	node [color=white, fontcolor=white];
	edge [color=white, fontcolor=white, fontsize=9, labelangle=180, labeldistance=0.8];

	"A" [label=<A<BR/><FONT POINT-SIZE="9">1 active / 0 paused / 1 total</FONT>>] [style=solid, color=green];

	"B" [label=<B<BR/><FONT POINT-SIZE="9">3 active / 0 paused / 3 total</FONT>>] [style=dashed, color=green];
	"A" -> "B" [label="VXLAN 101 [0ms]"];
	"D" -> "B" [label="VXLAN 102 [0ms]"];
	"E" -> "B" [label="VXLAN 103 [0ms]"];

	"D" [label=<D<BR/><FONT POINT-SIZE="9">1 active / 0 paused / 1 total</FONT>>] [style=solid, color=green];

	"E" [label=<E<BR/><FONT POINT-SIZE="9">1 active / 0 paused / 1 total</FONT>>] [style=solid, color=green];
}

Sending network 101 teardown to client 1.1.1.1
Sending network 103 teardown to client 6.6.6.6
--- after_disconnect_swarm_host.dot ---
digraph G {
	bgcolor=grey10;
	node [color=white, fontcolor=white];
	edge [color=white, fontcolor=white, fontsize=9, labelangle=180, labeldistance=0.8];

	"A" [label=<A<BR/><FONT POINT-SIZE="9">0 active / 0 paused / 1 total</FONT>>] [style=solid, color=green];

	"B" [label=<B<BR/><FONT POINT-SIZE="9">1 active / 0 paused / 1 total</FONT>>] [style=dashed, color=green];
	"D" -> "B" [label="VXLAN 102 [0ms]"];

	"D" [label=<D<BR/><FONT POINT-SIZE="9">1 active / 0 paused / 1 total</FONT>>] [style=solid, color=green];

	"E" [label=<E<BR/><FONT POINT-SIZE="9">0 active / 0 paused / 1 total</FONT>>] [style=solid, color=green];
}

Network 101 teardown complete; ID released
Network 103 teardown complete; ID released
test tests::backend_multi_replica_disconnect_swarm_host ... ok
Received proxy request for 'A'
1.1.1.1 acknowledged
5.5.5.5 acknowledged
2.2.2.2 acknowledged
1.1.1.1 acknowledged
[trigger] dispatching net_chain_setup for 'A' port 5555 (1 hop(s))
3.3.3.3 acknowledged
1.1.1.1 acknowledged
[trigger] net_chain_setup completed for 'A' port 5555
[trigger] dispatching net_chain_setup for 'A' port 5555 (1 hop(s))
3.3.3.3 acknowledged
1.1.1.1 acknowledged
[trigger] net_chain_setup completed for 'A' port 5555
--- start.dot ---
digraph G {
	bgcolor=grey10;
	node [color=white, fontcolor=white];
	edge [color=white, fontcolor=white, fontsize=9, labelangle=180, labeldistance=0.8];

	"A" [label=<A<BR/><FONT POINT-SIZE="9">2 active / 0 paused / 2 total</FONT>>] [style=solid, color=green];
	"10.0.0.1 (via 5.5.5.5)" -> "A" [label="VXLAN 101 [0ms]"];

	"B" [label=<B<BR/><FONT POINT-SIZE="9">1 active / 0 paused / 1 total</FONT>>] [style=dashed, color=green];
	"A" -> "B" [label="VXLAN 102 [0ms]"];

	"C" [label=<C<BR/><FONT POINT-SIZE="9">1 active / 0 paused / 1 total</FONT>>] [style=dashed, color=green];
	"A" -> "C" [label="VXLAN 103 [0ms]"];
	"A" -> "C" [label="VXLAN 104 [0ms]"];
}

Sending network 102 teardown to client 1.1.1.1
Sending network 102 teardown to client 2.2.2.2
Sending network 101 teardown to client 5.5.5.5
Sending network 101 teardown to client 1.1.1.1
Sending network 103 teardown to client 1.1.1.1
Sending network 104 teardown to client 1.1.1.1
--- after_disconnect_backend_dep.dot ---
digraph G {
	bgcolor=grey10;
	node [color=white, fontcolor=white];
	edge [color=white, fontcolor=white, fontsize=9, labelangle=180, labeldistance=0.8];

	"A" [label=<A<BR/><FONT POINT-SIZE="9">0 active / 0 paused / 2 total</FONT>>] [style=solid, color=green];

	"B" [label=<B<BR/><FONT POINT-SIZE="9">0 active / 0 paused / 1 total</FONT>>] [style=dashed, color=green];

	"C" [label=<C>] [style=dashed, color=red];
}

Network 102 teardown complete; ID released
Network 103 teardown complete; ID released
Network 104 teardown complete; ID released
Network 101 teardown complete; ID released
test tests::backend_node_disconnected_backend_dep_host ... ok
Received proxy request for 'A'
1.1.1.1 acknowledged
5.5.5.5 acknowledged
2.2.2.2 acknowledged
1.1.1.1 acknowledged
[trigger] dispatching net_chain_setup for 'A' port 5555 (1 hop(s))
3.3.3.3 acknowledged
1.1.1.1 acknowledged
[trigger] net_chain_setup completed for 'A' port 5555
[trigger] dispatching net_chain_setup for 'A' port 5555 (1 hop(s))
3.3.3.3 acknowledged
1.1.1.1 acknowledged
[trigger] net_chain_setup completed for 'A' port 5555
--- start.dot ---
digraph G {
	bgcolor=grey10;
	node [color=white, fontcolor=white];
	edge [color=white, fontcolor=white, fontsize=9, labelangle=180, labeldistance=0.8];

	"A" [label=<A<BR/><FONT POINT-SIZE="9">2 active / 0 paused / 2 total</FONT>>] [style=solid, color=green];
	"10.0.0.1 (via 5.5.5.5)" -> "A" [label="VXLAN 101 [0ms]"];

	"B" [label=<B<BR/><FONT POINT-SIZE="9">1 active / 0 paused / 1 total</FONT>>] [style=dashed, color=green];
	"A" -> "B" [label="VXLAN 102 [0ms]"];

	"C" [label=<C<BR/><FONT POINT-SIZE="9">1 active / 0 paused / 1 total</FONT>>] [style=dashed, color=green];
	"A" -> "C" [label="VXLAN 103 [0ms]"];
	"A" -> "C" [label="VXLAN 104 [0ms]"];
}

Sending network 102 teardown to client 2.2.2.2
Sending network 101 teardown to client 5.5.5.5
Sending network 103 teardown to client 3.3.3.3
Sending network 104 teardown to client 3.3.3.3
--- after_disconnect_initiator.dot ---
digraph G {
	bgcolor=grey10;
	node [color=white, fontcolor=white];
	edge [color=white, fontcolor=white, fontsize=9, labelangle=180, labeldistance=0.8];

	"A" [label=<A>] [style=solid, color=red];

	"B" [label=<B<BR/><FONT POINT-SIZE="9">0 active / 0 paused / 1 total</FONT>>] [style=dashed, color=green];

	"C" [label=<C<BR/><FONT POINT-SIZE="9">0 active / 0 paused / 1 total</FONT>>] [style=dashed, color=green];
}

Network 102 teardown complete; ID released
Network 101 teardown complete; ID released
Network 103 teardown complete; ID released
Network 104 teardown complete; ID released
test tests::backend_node_disconnected_initiator_host ... ok
Received proxy request for 'A'
1.1.1.1 acknowledged
5.5.5.5 acknowledged
2.2.2.2 acknowledged
1.1.1.1 acknowledged
[trigger] dispatching net_chain_setup for 'A' port 5555 (1 hop(s))
3.3.3.3 acknowledged
1.1.1.1 acknowledged
[trigger] net_chain_setup completed for 'A' port 5555
[trigger] dispatching net_chain_setup for 'A' port 5555 (1 hop(s))
3.3.3.3 acknowledged
1.1.1.1 acknowledged
[trigger] net_chain_setup completed for 'A' port 5555
--- start.dot ---
digraph G {
	bgcolor=grey10;
	node [color=white, fontcolor=white];
	edge [color=white, fontcolor=white, fontsize=9, labelangle=180, labeldistance=0.8];

	"A" [label=<A<BR/><FONT POINT-SIZE="9">2 active / 0 paused / 2 total</FONT>>] [style=solid, color=green];
	"10.0.0.1 (via 5.5.5.5)" -> "A" [label="VXLAN 101 [0ms]"];

	"B" [label=<B<BR/><FONT POINT-SIZE="9">1 active / 0 paused / 1 total</FONT>>] [style=dashed, color=green];
	"A" -> "B" [label="VXLAN 102 [0ms]"];

	"C" [label=<C<BR/><FONT POINT-SIZE="9">1 active / 0 paused / 1 total</FONT>>] [style=dashed, color=green];
	"A" -> "C" [label="VXLAN 103 [0ms]"];
	"A" -> "C" [label="VXLAN 104 [0ms]"];
}

Sending network 102 teardown to client 1.1.1.1
Sending network 102 teardown to client 2.2.2.2
Sending network 101 teardown to client 1.1.1.1
--- after_disconnect_proxy.dot ---
digraph G {
	bgcolor=grey10;
	node [color=white, fontcolor=white];
	edge [color=white, fontcolor=white, fontsize=9, labelangle=180, labeldistance=0.8];

	"A" [label=<A<BR/><FONT POINT-SIZE="9">2 active / 0 paused / 2 total</FONT>>] [style=solid, color=green];

	"B" [label=<B<BR/><FONT POINT-SIZE="9">0 active / 0 paused / 1 total</FONT>>] [style=dashed, color=green];

	"C" [label=<C<BR/><FONT POINT-SIZE="9">1 active / 0 paused / 1 total</FONT>>] [style=dashed, color=green];
	"A" -> "C" [label="VXLAN 103 [0ms]"];
	"A" -> "C" [label="VXLAN 104 [0ms]"];
}

Network 102 teardown complete; ID released
Network 101 teardown complete; ID released
test tests::backend_node_disconnected_proxy_host ... ok
Received backend trigger for 'A' (port 5555) from 1.1.1.1 (container: <none>)
[trigger] triggers map for 'A': {5555: "B"}; first_dep for port 5555: Some("B")
[trigger] dispatching net_chain_setup for 'A' port 5555 (1 hop(s))
2.2.2.2 acknowledged
1.1.1.1 acknowledged
[trigger] net_chain_setup completed for 'A' port 5555
test tests::backend_packets_are_released_only_after_both_setup_acks ... ok
Received backend trigger for 'source' (port 5555) from 1.1.1.1 (container: <none>)
[trigger] triggers map for 'source': {5555: "peer"}; first_dep for port 5555: Some("peer")
[trigger] dispatching net_chain_setup for 'source' port 5555 (1 hop(s))
2.2.2.2 acknowledged
1.1.1.1 acknowledged
[trigger] net_chain_setup completed for 'source' port 5555
Trigger chain 'source' (1.1.1.1) port 5555 idle past the debounce; releasing its hold
Sending network 101 teardown to client 1.1.1.1
Sending network 101 teardown to client 2.2.2.2
Network 101 teardown complete; ID released
test tests::backend_peer_does_not_expand_its_dependencies ... ok
Received backend trigger for 'A' (port 5555) from 1.1.1.1 (container: <none>)
[trigger] triggers map for 'A': {5555: "B"}; first_dep for port 5555: Some("B")
[trigger] dispatching net_chain_setup for 'A' port 5555 (1 hop(s))
2.2.2.2 acknowledged
1.1.1.1 acknowledged
[trigger] net_chain_setup completed for 'A' port 5555
Trigger chain 'A' (1.1.1.1) port 5555 idle past the debounce; releasing its hold
Sending network 101 teardown to client 1.1.1.1
Sending network 101 teardown to client 2.2.2.2
Network 101 teardown complete; ID released
Received backend trigger for 'A' (port 5555) from 1.1.1.1 (container: <none>)
[trigger] triggers map for 'A': {5555: "B"}; first_dep for port 5555: Some("B")
[trigger] dispatching net_chain_setup for 'A' port 5555 (1 hop(s))
2.2.2.2 acknowledged
1.1.1.1 acknowledged
[trigger] net_chain_setup completed for 'A' port 5555
Trigger chain 'A' (1.1.1.1) port 5555 idle past the debounce; releasing its hold
Sending network 101 teardown to client 1.1.1.1
Sending network 101 teardown to client 2.2.2.2
Network 101 teardown complete; ID released
test tests::backend_pending_history_allows_teardown_and_replacement ... ok
Received backend trigger for 'A' (port 5555) from 1.1.1.1 (container: <none>)
[trigger] triggers map for 'A': {5555: "C"}; first_dep for port 5555: Some("C")
[trigger] dispatching net_chain_setup for 'A' port 5555 (1 hop(s))
3.3.3.3 acknowledged
1.1.1.1 acknowledged
[trigger] net_chain_setup completed for 'A' port 5555
--- start.dot ---
digraph G {
	bgcolor=grey10;
	node [color=white, fontcolor=white];
	edge [color=white, fontcolor=white, fontsize=9, labelangle=180, labeldistance=0.8];

	"A" [label=<A<BR/><FONT POINT-SIZE="9">1 active / 0 paused / 1 total</FONT>>] [style=solid, color=green];

	"C" [label=<C<BR/><FONT POINT-SIZE="9">1 active / 0 paused / 1 total</FONT>>] [style=dashed, color=green];
	"A" -> "C" [label="VXLAN 101 [0ms]"];

	"Z" [label=<Z<BR/><FONT POINT-SIZE="9">0 active / 0 paused / 1 total</FONT>>] [style=solid, color=green];
}

Sending network 101 teardown to client 1.1.1.1
Sending network 101 teardown to client 3.3.3.3
--- after_lose_entry_point_A.dot ---
digraph G {
	bgcolor=grey10;
	node [color=white, fontcolor=white];
	edge [color=white, fontcolor=white, fontsize=9, labelangle=180, labeldistance=0.8];

	"A" [label=<A<BR/><FONT POINT-SIZE="9">0 active / 0 paused / 1 total</FONT>>] [style=dashed, color=green];

	"C" [label=<C<BR/><FONT POINT-SIZE="9">0 active / 0 paused / 1 total</FONT>>] [style=dashed, color=green];

	"Z" [label=<Z<BR/><FONT POINT-SIZE="9">0 active / 0 paused / 1 total</FONT>>] [style=solid, color=green];
}

Network 101 teardown complete; ID released
test tests::backend_reachability_changed_lose_entry_point_A ... ok
Received backend trigger for 'A' (port 5555) from 1.1.1.1 (container: <none>)
[trigger] triggers map for 'A': {5555: "B"}; first_dep for port 5555: Some("B")
[trigger] dispatching net_chain_setup for 'A' port 5555 (1 hop(s))
2.2.2.2 acknowledged
1.1.1.1 acknowledged
[trigger] net_chain_setup completed for 'A' port 5555
Trigger chain 'A' (1.1.1.1) port 5555 idle past the debounce; releasing its hold
Sending network 101 teardown to client 1.1.1.1
Sending network 101 teardown to client 2.2.2.2
Network 101 teardown complete; ID released
Received backend trigger for 'A' (port 5555) from 1.1.1.1 (container: <none>)
[trigger] triggers map for 'A': {5555: "B"}; first_dep for port 5555: Some("B")
[trigger] dispatching net_chain_setup for 'A' port 5555 (1 hop(s))
2.2.2.2 acknowledged
1.1.1.1 acknowledged
[trigger] net_chain_setup completed for 'A' port 5555
Trigger chain 'A' (1.1.1.1) port 5555 idle past the debounce; releasing its hold
Sending network 101 teardown to client 1.1.1.1
Sending network 101 teardown to client 2.2.2.2
Network 101 teardown complete; ID released
test tests::backend_reap_history_wait_releases_topology ... ok
Received proxy request for 'A'
1.1.1.1 acknowledged
5.5.5.5 acknowledged
2.2.2.2 acknowledged
1.1.1.1 acknowledged
[trigger] dispatching net_chain_setup for 'A' port 5555 (1 hop(s))
3.3.3.3 acknowledged
1.1.1.1 acknowledged
[trigger] net_chain_setup completed for 'A' port 5555
[trigger] dispatching net_chain_setup for 'A' port 5555 (1 hop(s))
3.3.3.3 acknowledged
1.1.1.1 acknowledged
[trigger] net_chain_setup completed for 'A' port 5555
--- start.dot ---
digraph G {
	bgcolor=grey10;
	node [color=white, fontcolor=white];
	edge [color=white, fontcolor=white, fontsize=9, labelangle=180, labeldistance=0.8];

	"A" [label=<A<BR/><FONT POINT-SIZE="9">2 active / 0 paused / 2 total</FONT>>] [style=solid, color=green];
	"10.0.0.1 (via 5.5.5.5)" -> "A" [label="VXLAN 101 [0ms]"];

	"B" [label=<B<BR/><FONT POINT-SIZE="9">1 active / 0 paused / 1 total</FONT>>] [style=dashed, color=green];
	"A" -> "B" [label="VXLAN 102 [0ms]"];

	"C" [label=<C<BR/><FONT POINT-SIZE="9">1 active / 0 paused / 1 total</FONT>>] [style=dashed, color=green];
	"A" -> "C" [label="VXLAN 104 [0ms]"];
	"A" -> "C" [label="VXLAN 103 [0ms]"];
}

Sending network 102 teardown to client 1.1.1.1
Sending network 102 teardown to client 2.2.2.2
Sending network 101 teardown to client 5.5.5.5
Sending network 101 teardown to client 1.1.1.1
--- after_drop_B.dot ---
digraph G {
	bgcolor=grey10;
	node [color=white, fontcolor=white];
	edge [color=white, fontcolor=white, fontsize=9, labelangle=180, labeldistance=0.8];

	"A" [label=<A<BR/><FONT POINT-SIZE="9">2 active / 0 paused / 2 total</FONT>>] [style=solid, color=green];

	"B" [label=<B>] [style=dashed, color=red];

	"C" [label=<C<BR/><FONT POINT-SIZE="9">1 active / 0 paused / 1 total</FONT>>] [style=dashed, color=green];
	"A" -> "C" [label="VXLAN 104 [0ms]"];
	"A" -> "C" [label="VXLAN 103 [0ms]"];
}

Network 102 teardown complete; ID released
Network 101 teardown complete; ID released
test tests::backend_service_unregistered_drop_B ... ok
Received proxy request for 'A'
1.1.1.1 acknowledged
5.5.5.5 acknowledged
2.2.2.2 acknowledged
1.1.1.1 acknowledged
[trigger] dispatching net_chain_setup for 'A' port 5555 (1 hop(s))
3.3.3.3 acknowledged
1.1.1.1 acknowledged
[trigger] net_chain_setup completed for 'A' port 5555
[trigger] dispatching net_chain_setup for 'A' port 5555 (1 hop(s))
3.3.3.3 acknowledged
1.1.1.1 acknowledged
[trigger] net_chain_setup completed for 'A' port 5555
--- start.dot ---
digraph G {
	bgcolor=grey10;
	node [color=white, fontcolor=white];
	edge [color=white, fontcolor=white, fontsize=9, labelangle=180, labeldistance=0.8];

	"A" [label=<A<BR/><FONT POINT-SIZE="9">2 active / 0 paused / 2 total</FONT>>] [style=solid, color=green];
	"10.0.0.1 (via 5.5.5.5)" -> "A" [label="VXLAN 101 [0ms]"];

	"B" [label=<B<BR/><FONT POINT-SIZE="9">1 active / 0 paused / 1 total</FONT>>] [style=dashed, color=green];
	"A" -> "B" [label="VXLAN 102 [0ms]"];

	"C" [label=<C<BR/><FONT POINT-SIZE="9">1 active / 0 paused / 1 total</FONT>>] [style=dashed, color=green];
	"A" -> "C" [label="VXLAN 103 [0ms]"];
	"A" -> "C" [label="VXLAN 104 [0ms]"];
}

Sending network 102 teardown to client 1.1.1.1
Sending network 102 teardown to client 2.2.2.2
Sending network 101 teardown to client 5.5.5.5
Sending network 101 teardown to client 1.1.1.1
Sending network 103 teardown to client 1.1.1.1
Sending network 103 teardown to client 3.3.3.3
Sending network 104 teardown to client 1.1.1.1
Sending network 104 teardown to client 3.3.3.3
--- after_drop_C.dot ---
digraph G {
	bgcolor=grey10;
	node [color=white, fontcolor=white];
	edge [color=white, fontcolor=white, fontsize=9, labelangle=180, labeldistance=0.8];

	"A" [label=<A<BR/><FONT POINT-SIZE="9">0 active / 0 paused / 2 total</FONT>>] [style=solid, color=green];

	"B" [label=<B<BR/><FONT POINT-SIZE="9">0 active / 0 paused / 1 total</FONT>>] [style=dashed, color=green];

	"C" [label=<C>] [style=dashed, color=red];
}

Network 102 teardown complete; ID released
Network 103 teardown complete; ID released
Network 104 teardown complete; ID released
Network 101 teardown complete; ID released
test tests::backend_service_unregistered_drop_C ... ok
Received proxy request for 'A'
1.1.1.1 acknowledged
5.5.5.5 acknowledged
2.2.2.2 acknowledged
1.1.1.1 acknowledged
[trigger] dispatching net_chain_setup for 'A' port 5555 (1 hop(s))
3.3.3.3 acknowledged
1.1.1.1 acknowledged
[trigger] net_chain_setup completed for 'A' port 5555
[trigger] dispatching net_chain_setup for 'A' port 5555 (1 hop(s))
3.3.3.3 acknowledged
1.1.1.1 acknowledged
[trigger] net_chain_setup completed for 'A' port 5555
--- start.dot ---
digraph G {
	bgcolor=grey10;
	node [color=white, fontcolor=white];
	edge [color=white, fontcolor=white, fontsize=9, labelangle=180, labeldistance=0.8];

	"A" [label=<A<BR/><FONT POINT-SIZE="9">2 active / 0 paused / 2 total</FONT>>] [style=solid, color=green];
	"10.0.0.1 (via 5.5.5.5)" -> "A" [label="VXLAN 101 [0ms]"];

	"B" [label=<B<BR/><FONT POINT-SIZE="9">1 active / 0 paused / 1 total</FONT>>] [style=dashed, color=green];
	"A" -> "B" [label="VXLAN 102 [0ms]"];

	"C" [label=<C<BR/><FONT POINT-SIZE="9">1 active / 0 paused / 1 total</FONT>>] [style=dashed, color=green];
	"A" -> "C" [label="VXLAN 104 [0ms]"];
	"A" -> "C" [label="VXLAN 103 [0ms]"];
}

Sending network 104 teardown to client 1.1.1.1
Sending network 104 teardown to client 3.3.3.3
--- after_drop_a2.dot ---
digraph G {
	bgcolor=grey10;
	node [color=white, fontcolor=white];
	edge [color=white, fontcolor=white, fontsize=9, labelangle=180, labeldistance=0.8];

	"A" [label=<A<BR/><FONT POINT-SIZE="9">1 active / 0 paused / 1 total</FONT>>] [style=solid, color=green];
	"10.0.0.1 (via 5.5.5.5)" -> "A" [label="VXLAN 101 [0ms]"];

	"B" [label=<B<BR/><FONT POINT-SIZE="9">1 active / 0 paused / 1 total</FONT>>] [style=dashed, color=green];
	"A" -> "B" [label="VXLAN 102 [0ms]"];

	"C" [label=<C<BR/><FONT POINT-SIZE="9">1 active / 0 paused / 1 total</FONT>>] [style=dashed, color=green];
	"A" -> "C" [label="VXLAN 103 [0ms]"];
}

Network 104 teardown complete; ID released
test tests::backend_service_unregistered_drop_a2 ... ok
Suspending container 'dep_c1' on 1.1.1.1
Suspending container 'plain_c1' on 1.1.1.1
test tests::backend_services_follow_pause_checkbox ... ok
Received backend trigger for 'A' (port 5555) from 1.1.1.1 (container: a2)
[trigger] triggers map for 'A': {5555: "C"}; first_dep for port 5555: Some("C")
[trigger] dispatching net_chain_setup for 'A' port 5555 (1 hop(s))
3.3.3.3 acknowledged
1.1.1.1 acknowledged
[trigger] net_chain_setup completed for 'A' port 5555
test tests::backend_trigger_disambiguates_colocated_replica_by_container ... ok
Received backend trigger for 'A' (port 5555) from 1.1.1.1 (container: ghost)
[ERROR] [members/nullnet-server/src/nullnet_grpc_impl.rs:1168] No initiator replica found on sender host
test tests::backend_trigger_unknown_container_errors_without_ip_fallback ... ok
Received backend trigger for 'A' (port 5555) from 1.1.1.1 (container: <none>)
[trigger] triggers map for 'A': {5555: "C"}; first_dep for port 5555: Some("C")
[trigger] dispatching net_chain_setup for 'A' port 5555 (1 hop(s))
3.3.3.3 acknowledged
1.1.1.1 acknowledged
[trigger] net_chain_setup completed for 'A' port 5555
test tests::backend_trigger_without_container_falls_back_to_ip_only ... ok
test tests::bare_process_service_ships_no_trigger ... ok
Received proxy request for 'entry'
Received proxy request for 'd'
Received proxy request for 'entry'
1.1.1.1 acknowledged
5.5.5.5 acknowledged
2.2.2.2 acknowledged
1.1.1.1 acknowledged
1.1.1.1 acknowledged
5.5.5.5 acknowledged
8.8.8.8 acknowledged
5.5.5.5 acknowledged
3.3.3.3 acknowledged
8.8.8.8 acknowledged
4.4.4.4 acknowledged
2.2.2.2 acknowledged
7.7.7.7 acknowledged
4.4.4.4 acknowledged
test tests::chains_sharing_a_hop_agree_on_the_replica_after_it ... ok
Received backend trigger for 'source' (port 5555) from 1.1.1.1 (container: <none>)
[trigger] triggers map for 'source': {5555: "peer"}; first_dep for port 5555: Some("peer")
[trigger] dispatching net_chain_setup for 'source' port 5555 (1 hop(s))
2.2.2.2 acknowledged
1.1.1.1 acknowledged
[trigger] net_chain_setup completed for 'source' port 5555
Sending network 101 teardown to client 1.1.1.1
Sending network 101 teardown to client 2.2.2.2
Network 101 teardown complete; ID released
Received backend trigger for 'source' (port 6666) from 1.1.1.1 (container: <none>)
[trigger] triggers map for 'source': {6666: "peer"}; first_dep for port 6666: Some("peer")
[trigger] dispatching net_chain_setup for 'source' port 6666 (1 hop(s))
2.2.2.2 acknowledged
1.1.1.1 acknowledged
[trigger] net_chain_setup completed for 'source' port 6666
Trigger chain 'source' (1.1.1.1) port 6666 idle past the debounce; releasing its hold
Sending network 101 teardown to client 1.1.1.1
Sending network 101 teardown to client 2.2.2.2
Network 101 teardown complete; ID released
test tests::changing_backend_peer_port_releases_and_rebuilds_the_session ... ok
Received proxy request for 'A'
1.1.1.1 acknowledged
5.5.5.5 acknowledged
2.2.2.2 acknowledged
1.1.1.1 acknowledged
test sessions::persistence::tests::failed_storage_retries_without_blocking_networking ... ok
Received proxy request for 'A'
1.1.1.1 acknowledged
5.5.5.5 acknowledged
2.2.2.2 acknowledged
1.1.1.1 acknowledged
3.3.3.3 acknowledged
1.1.1.1 acknowledged
1.1.1.1 acknowledged
2.2.2.2 acknowledged
3.3.3.3 acknowledged
2.2.2.2 acknowledged
4.4.4.4 acknowledged
2.2.2.2 acknowledged
2.2.2.2 acknowledged
3.3.3.3 acknowledged
2.2.2.2 acknowledged
4.4.4.4 acknowledged
Received proxy request for 'A'
'10.0.0.1' ---> 'A' is already set up
Received proxy request for 'A'
'10.0.0.1' ---> 'A' is already set up
Received proxy request for 'A'
'10.0.0.1' ---> 'A' is already set up
Received proxy request for 'A'
'10.0.0.1' ---> 'A' is already set up
Received proxy request for 'A'
'10.0.0.1' ---> 'A' is already set up
[ERROR] [members/nullnet-server/src/db/events.rs:49] injected persistent failure
Proxy client '10.0.0.1 (via 5.5.5.5)' timed out on service 'A'
Sending network 102 teardown to client 1.1.1.1
Sending network 102 teardown to client 2.2.2.2
Sending network 101 teardown to client 5.5.5.5
Sending network 101 teardown to client 1.1.1.1
Network 102 teardown complete; ID released
Network 101 teardown complete; ID released
test tests::an_ingress_session_opens_and_closes_a_row ... ok
Received proxy request for 'A'
1.1.1.1 acknowledged
5.5.5.5 acknowledged
2.2.2.2 acknowledged
1.1.1.1 acknowledged
3.3.3.3 acknowledged
2.2.2.2 acknowledged
Received proxy request for 'D'
4.4.4.4 acknowledged
5.5.5.5 acknowledged
3.3.3.3 acknowledged
4.4.4.4 acknowledged
Received proxy request for 'A'
1.1.1.1 acknowledged
6.6.6.6 acknowledged
--- start.dot ---
digraph G {
	bgcolor=grey10;
	node [color=white, fontcolor=white];
	edge [color=white, fontcolor=white, fontsize=9, labelangle=180, labeldistance=0.8];

	"A" [label=<A<BR/><FONT POINT-SIZE="9">1 active / 0 paused / 1 total</FONT>>] [style=solid, color=green];
	"10.0.0.1 (via 5.5.5.5)" -> "A" [label="VXLAN 101 [0ms]"];
	"10.0.0.2 (via 6.6.6.6)" -> "A" [label="VXLAN 106 [0ms]"];

	"B" [label=<B<BR/><FONT POINT-SIZE="9">1 active / 0 paused / 1 total</FONT>>] [style=dashed, color=green];
	"A" -> "B" [label="VXLAN 102 [0ms]"];

	"C" [label=<C<BR/><FONT POINT-SIZE="9">1 active / 0 paused / 1 total</FONT>>] [style=dashed, color=green];
	"B" -> "C" [label="VXLAN 103 [0ms]"];
	"D" -> "C" [label="VXLAN 105 [0ms]"];

	"D" [label=<D<BR/><FONT POINT-SIZE="9">1 active / 0 paused / 1 total</FONT>>] [style=solid, color=green];
	"10.0.0.1 (via 5.5.5.5)" -> "D" [label="VXLAN 104 [0ms]"];
}

Sending network 102 teardown to client 1.1.1.1
Sending network 102 teardown to client 2.2.2.2
Sending network 103 teardown to client 2.2.2.2
Sending network 103 teardown to client 3.3.3.3
Sending network 101 teardown to client 5.5.5.5
Sending network 101 teardown to client 1.1.1.1
Sending network 106 teardown to client 6.6.6.6
Sending network 106 teardown to client 1.1.1.1
--- after_add_E_to_A.dot ---
digraph G {
	bgcolor=grey10;
	node [color=white, fontcolor=white];
	edge [color=white, fontcolor=white, fontsize=9, labelangle=180, labeldistance=0.8];

	"A" [label=<A<BR/><FONT POINT-SIZE="9">0 active / 0 paused / 1 total</FONT>>] [style=solid, color=green];

	"B" [label=<B<BR/><FONT POINT-SIZE="9">0 active / 0 paused / 1 total</FONT>>] [style=dashed, color=green];

	"C" [label=<C<BR/><FONT POINT-SIZE="9">1 active / 0 paused / 1 total</FONT>>] [style=dashed, color=green];
	"D" -> "C" [label="VXLAN 105 [0ms]"];

	"D" [label=<D<BR/><FONT POINT-SIZE="9">1 active / 0 paused / 1 total</FONT>>] [style=solid, color=green];
	"10.0.0.1 (via 5.5.5.5)" -> "D" [label="VXLAN 104 [0ms]"];

	"E" [label=<E>] [style=dashed, color=red];
}

test tests::dep_changed_add_E_to_A ... ok
Received proxy request for 'A'
1.1.1.1 acknowledged
5.5.5.5 acknowledged
2.2.2.2 acknowledged
1.1.1.1 acknowledged
3.3.3.3 acknowledged
2.2.2.2 acknowledged
Received proxy request for 'D'
4.4.4.4 acknowledged
5.5.5.5 acknowledged
3.3.3.3 acknowledged
4.4.4.4 acknowledged
Received proxy request for 'A'
1.1.1.1 acknowledged
6.6.6.6 acknowledged
--- start.dot ---
digraph G {
	bgcolor=grey10;
	node [color=white, fontcolor=white];
	edge [color=white, fontcolor=white, fontsize=9, labelangle=180, labeldistance=0.8];

	"A" [label=<A<BR/><FONT POINT-SIZE="9">1 active / 0 paused / 1 total</FONT>>] [style=solid, color=green];
	"10.0.0.1 (via 5.5.5.5)" -> "A" [label="VXLAN 101 [0ms]"];
	"10.0.0.2 (via 6.6.6.6)" -> "A" [label="VXLAN 106 [0ms]"];

	"B" [label=<B<BR/><FONT POINT-SIZE="9">1 active / 0 paused / 1 total</FONT>>] [style=dashed, color=green];
	"A" -> "B" [label="VXLAN 102 [0ms]"];

	"C" [label=<C<BR/><FONT POINT-SIZE="9">1 active / 0 paused / 1 total</FONT>>] [style=dashed, color=green];
	"B" -> "C" [label="VXLAN 103 [0ms]"];
	"D" -> "C" [label="VXLAN 105 [0ms]"];

	"D" [label=<D<BR/><FONT POINT-SIZE="9">1 active / 0 paused / 1 total</FONT>>] [style=solid, color=green];
	"10.0.0.1 (via 5.5.5.5)" -> "D" [label="VXLAN 104 [0ms]"];
}

Sending network 102 teardown to client 1.1.1.1
Sending network 102 teardown to client 2.2.2.2
Sending network 103 teardown to client 2.2.2.2
Sending network 103 teardown to client 3.3.3.3
Sending network 101 teardown to client 5.5.5.5
Sending network 101 teardown to client 1.1.1.1
Sending network 106 teardown to client 6.6.6.6
Sending network 106 teardown to client 1.1.1.1
--- after_drop_C_from_A.dot ---
digraph G {
	bgcolor=grey10;
	node [color=white, fontcolor=white];
	edge [color=white, fontcolor=white, fontsize=9, labelangle=180, labeldistance=0.8];

	"A" [label=<A<BR/><FONT POINT-SIZE="9">0 active / 0 paused / 1 total</FONT>>] [style=solid, color=green];

	"B" [label=<B<BR/><FONT POINT-SIZE="9">0 active / 0 paused / 1 total</FONT>>] [style=dashed, color=green];

	"C" [label=<C<BR/><FONT POINT-SIZE="9">1 active / 0 paused / 1 total</FONT>>] [style=dashed, color=green];
	"D" -> "C" [label="VXLAN 105 [0ms]"];

	"D" [label=<D<BR/><FONT POINT-SIZE="9">1 active / 0 paused / 1 total</FONT>>] [style=solid, color=green];
	"10.0.0.1 (via 5.5.5.5)" -> "D" [label="VXLAN 104 [0ms]"];
}

test tests::dep_changed_drop_C_from_A ... ok
Received proxy request for 'A'
1.1.1.1 acknowledged
5.5.5.5 acknowledged
2.2.2.2 acknowledged
1.1.1.1 acknowledged
3.3.3.3 acknowledged
2.2.2.2 acknowledged
Received proxy request for 'D'
4.4.4.4 acknowledged
5.5.5.5 acknowledged
3.3.3.3 acknowledged
4.4.4.4 acknowledged
Received proxy request for 'A'
1.1.1.1 acknowledged
6.6.6.6 acknowledged
--- start.dot ---
digraph G {
	bgcolor=grey10;
	node [color=white, fontcolor=white];
	edge [color=white, fontcolor=white, fontsize=9, labelangle=180, labeldistance=0.8];

	"A" [label=<A<BR/><FONT POINT-SIZE="9">1 active / 0 paused / 1 total</FONT>>] [style=solid, color=green];
	"10.0.0.1 (via 5.5.5.5)" -> "A" [label="VXLAN 101 [0ms]"];
	"10.0.0.2 (via 6.6.6.6)" -> "A" [label="VXLAN 106 [0ms]"];

	"B" [label=<B<BR/><FONT POINT-SIZE="9">1 active / 0 paused / 1 total</FONT>>] [style=dashed, color=green];
	"A" -> "B" [label="VXLAN 102 [0ms]"];

	"C" [label=<C<BR/><FONT POINT-SIZE="9">1 active / 0 paused / 1 total</FONT>>] [style=dashed, color=green];
	"B" -> "C" [label="VXLAN 103 [0ms]"];
	"D" -> "C" [label="VXLAN 105 [0ms]"];

	"D" [label=<D<BR/><FONT POINT-SIZE="9">1 active / 0 paused / 1 total</FONT>>] [style=solid, color=green];
	"10.0.0.1 (via 5.5.5.5)" -> "D" [label="VXLAN 104 [0ms]"];
}

Sending network 105 teardown to client 4.4.4.4
Sending network 105 teardown to client 3.3.3.3
Sending network 104 teardown to client 5.5.5.5
Sending network 104 teardown to client 4.4.4.4
--- after_drop_all_from_D.dot ---
digraph G {
	bgcolor=grey10;
	node [color=white, fontcolor=white];
	edge [color=white, fontcolor=white, fontsize=9, labelangle=180, labeldistance=0.8];

	"A" [label=<A<BR/><FONT POINT-SIZE="9">1 active / 0 paused / 1 total</FONT>>] [style=solid, color=green];
	"10.0.0.1 (via 5.5.5.5)" -> "A" [label="VXLAN 101 [0ms]"];
	"10.0.0.2 (via 6.6.6.6)" -> "A" [label="VXLAN 106 [0ms]"];

	"B" [label=<B<BR/><FONT POINT-SIZE="9">1 active / 0 paused / 1 total</FONT>>] [style=dashed, color=green];
	"A" -> "B" [label="VXLAN 102 [0ms]"];

	"C" [label=<C<BR/><FONT POINT-SIZE="9">1 active / 0 paused / 1 total</FONT>>] [style=dashed, color=green];
	"B" -> "C" [label="VXLAN 103 [0ms]"];

	"D" [label=<D<BR/><FONT POINT-SIZE="9">0 active / 0 paused / 1 total</FONT>>] [style=solid, color=green];
}

test tests::dep_changed_drop_all_from_D ... ok
Received proxy request for 'A'
1.1.1.1 acknowledged
5.5.5.5 acknowledged
2.2.2.2 acknowledged
1.1.1.1 acknowledged
3.3.3.3 acknowledged
2.2.2.2 acknowledged
Received proxy request for 'D'
4.4.4.4 acknowledged
5.5.5.5 acknowledged
3.3.3.3 acknowledged
4.4.4.4 acknowledged
Received proxy request for 'A'
1.1.1.1 acknowledged
6.6.6.6 acknowledged
--- start.dot ---
digraph G {
	bgcolor=grey10;
	node [color=white, fontcolor=white];
	edge [color=white, fontcolor=white, fontsize=9, labelangle=180, labeldistance=0.8];

	"A" [label=<A<BR/><FONT POINT-SIZE="9">1 active / 0 paused / 1 total</FONT>>] [style=solid, color=green];
	"10.0.0.1 (via 5.5.5.5)" -> "A" [label="VXLAN 101 [0ms]"];
	"10.0.0.2 (via 6.6.6.6)" -> "A" [label="VXLAN 106 [0ms]"];

	"B" [label=<B<BR/><FONT POINT-SIZE="9">1 active / 0 paused / 1 total</FONT>>] [style=dashed, color=green];
	"A" -> "B" [label="VXLAN 102 [0ms]"];

	"C" [label=<C<BR/><FONT POINT-SIZE="9">1 active / 0 paused / 1 total</FONT>>] [style=dashed, color=green];
	"B" -> "C" [label="VXLAN 103 [0ms]"];
	"D" -> "C" [label="VXLAN 105 [0ms]"];

	"D" [label=<D<BR/><FONT POINT-SIZE="9">1 active / 0 paused / 1 total</FONT>>] [style=solid, color=green];
	"10.0.0.1 (via 5.5.5.5)" -> "D" [label="VXLAN 104 [0ms]"];
}

Sending network 102 teardown to client 1.1.1.1
Sending network 102 teardown to client 2.2.2.2
Sending network 103 teardown to client 2.2.2.2
Sending network 103 teardown to client 3.3.3.3
Sending network 106 teardown to client 6.6.6.6
Sending network 106 teardown to client 1.1.1.1
Sending network 101 teardown to client 5.5.5.5
Sending network 101 teardown to client 1.1.1.1
--- after_swap_C_for_E.dot ---
digraph G {
	bgcolor=grey10;
	node [color=white, fontcolor=white];
	edge [color=white, fontcolor=white, fontsize=9, labelangle=180, labeldistance=0.8];

	"A" [label=<A<BR/><FONT POINT-SIZE="9">0 active / 0 paused / 1 total</FONT>>] [style=solid, color=green];

	"B" [label=<B<BR/><FONT POINT-SIZE="9">0 active / 0 paused / 1 total</FONT>>] [style=dashed, color=green];

	"C" [label=<C<BR/><FONT POINT-SIZE="9">1 active / 0 paused / 1 total</FONT>>] [style=dashed, color=green];
	"D" -> "C" [label="VXLAN 105 [0ms]"];

	"D" [label=<D<BR/><FONT POINT-SIZE="9">1 active / 0 paused / 1 total</FONT>>] [style=solid, color=green];
	"10.0.0.1 (via 5.5.5.5)" -> "D" [label="VXLAN 104 [0ms]"];

	"E" [label=<E>] [style=dashed, color=red];
}

test tests::dep_changed_swap_C_for_E ... ok
Suspending container 'svc_c1' on 1.1.1.1
test tests::docker_replica_suspended_on_registration ... ok
Received proxy request for 'A'
1.1.1.1 acknowledged
5.5.5.5 acknowledged
3.3.3.3 acknowledged
1.1.1.1 acknowledged
4.4.4.4 acknowledged
3.3.3.3 acknowledged
Received proxy request for 'B'
2.2.2.2 acknowledged
5.5.5.5 acknowledged
4.4.4.4 acknowledged
2.2.2.2 acknowledged
Received proxy request for 'A'
1.1.1.1 acknowledged
6.6.6.6 acknowledged
--- start.dot ---
digraph G {
	bgcolor=grey10;
	node [color=white, fontcolor=white];
	edge [color=white, fontcolor=white, fontsize=9, labelangle=180, labeldistance=0.8];

	"A" [label=<A<BR/><FONT POINT-SIZE="9">1 active / 0 paused / 1 total</FONT>>] [style=solid, color=green];
	"10.0.0.1 (via 5.5.5.5)" -> "A" [label="VXLAN 101 [0ms]"];
	"10.0.0.2 (via 6.6.6.6)" -> "A" [label="VXLAN 106 [0ms]"];

	"B" [label=<B<BR/><FONT POINT-SIZE="9">1 active / 0 paused / 1 total</FONT>>] [style=solid, color=green];
	"10.0.0.1 (via 5.5.5.5)" -> "B" [label="VXLAN 104 [0ms]"];

	"C" [label=<C<BR/><FONT POINT-SIZE="9">1 active / 0 paused / 1 total</FONT>>] [style=dashed, color=green];
	"A" -> "C" [label="VXLAN 102 [0ms]"];

	"D" [label=<D<BR/><FONT POINT-SIZE="9">1 active / 0 paused / 1 total</FONT>>] [style=dashed, color=green];
	"B" -> "D" [label="VXLAN 105 [0ms]"];
	"C" -> "D" [label="VXLAN 103 [0ms]"];
}

Received proxy request for 'A'
1.1.1.1 acknowledged
5.5.5.5 acknowledged
Received proxy request for 'A'
1.1.1.1 acknowledged
5.5.5.5 acknowledged
Received proxy request for 'A'
1.1.1.1 acknowledged
5.5.5.5 acknowledged
Received proxy request for 'A'
1.1.1.1 acknowledged
5.5.5.5 acknowledged
Received proxy request for 'A'
1.1.1.1 acknowledged
5.5.5.5 acknowledged
Received proxy request for 'A'
1.1.1.1 acknowledged
5.5.5.5 acknowledged
Received proxy request for 'A'
1.1.1.1 acknowledged
5.5.5.5 acknowledged
Received proxy request for 'A'
1.1.1.1 acknowledged
5.5.5.5 acknowledged
Received proxy request for 'A'
1.1.1.1 acknowledged
5.5.5.5 acknowledged
Received proxy request for 'A'
1.1.1.1 acknowledged
5.5.5.5 acknowledged
Received proxy request for 'A'
1.1.1.1 acknowledged
5.5.5.5 acknowledged
Received proxy request for 'A'
1.1.1.1 acknowledged
5.5.5.5 acknowledged
Received proxy request for 'A'
1.1.1.1 acknowledged
5.5.5.5 acknowledged
Received proxy request for 'A'
1.1.1.1 acknowledged
5.5.5.5 acknowledged
Received proxy request for 'A'
1.1.1.1 acknowledged
5.5.5.5 acknowledged
Received proxy request for 'A'
1.1.1.1 acknowledged
5.5.5.5 acknowledged
Received proxy request for 'A'
1.1.1.1 acknowledged
5.5.5.5 acknowledged
Received proxy request for 'A'
1.1.1.1 acknowledged
5.5.5.5 acknowledged
Received proxy request for 'A'
1.1.1.1 acknowledged
5.5.5.5 acknowledged
Received proxy request for 'A'
1.1.1.1 acknowledged
5.5.5.5 acknowledged
Received proxy request for 'A'
1.1.1.1 acknowledged
5.5.5.5 acknowledged
Received proxy request for 'A'
1.1.1.1 acknowledged
5.5.5.5 acknowledged
Received proxy request for 'A'
1.1.1.1 acknowledged
5.5.5.5 acknowledged
Received proxy request for 'A'
1.1.1.1 acknowledged
5.5.5.5 acknowledged
Received proxy request for 'A'
1.1.1.1 acknowledged
5.5.5.5 acknowledged
Received proxy request for 'A'
1.1.1.1 acknowledged
5.5.5.5 acknowledged
Received proxy request for 'A'
1.1.1.1 acknowledged
5.5.5.5 acknowledged
Received proxy request for 'A'
1.1.1.1 acknowledged
5.5.5.5 acknowledged
Received proxy request for 'A'
1.1.1.1 acknowledged
5.5.5.5 acknowledged
Received proxy request for 'A'
1.1.1.1 acknowledged
5.5.5.5 acknowledged
Received proxy request for 'A'
1.1.1.1 acknowledged
5.5.5.5 acknowledged
Received proxy request for 'A'
1.1.1.1 acknowledged
5.5.5.5 acknowledged
Received proxy request for 'A'
1.1.1.1 acknowledged
5.5.5.5 acknowledged
Received proxy request for 'A'
1.1.1.1 acknowledged
5.5.5.5 acknowledged
Received proxy request for 'A'
1.1.1.1 acknowledged
5.5.5.5 acknowledged
Received proxy request for 'A'
1.1.1.1 acknowledged
5.5.5.5 acknowledged
Received proxy request for 'A'
1.1.1.1 acknowledged
5.5.5.5 acknowledged
Received proxy request for 'A'
1.1.1.1 acknowledged
5.5.5.5 acknowledged
Received proxy request for 'A'
1.1.1.1 acknowledged
5.5.5.5 acknowledged
Received proxy request for 'A'
1.1.1.1 acknowledged
5.5.5.5 acknowledged
Received proxy request for 'A'
1.1.1.1 acknowledged
5.5.5.5 acknowledged
Received proxy request for 'A'
1.1.1.1 acknowledged
5.5.5.5 acknowledged
Received proxy request for 'A'
1.1.1.1 acknowledged
5.5.5.5 acknowledged
Received proxy request for 'A'
1.1.1.1 acknowledged
5.5.5.5 acknowledged
Received proxy request for 'A'
1.1.1.1 acknowledged
5.5.5.5 acknowledged
Received proxy request for 'A'
1.1.1.1 acknowledged
5.5.5.5 acknowledged
Received proxy request for 'A'
1.1.1.1 acknowledged
5.5.5.5 acknowledged
Received proxy request for 'A'
1.1.1.1 acknowledged
5.5.5.5 acknowledged
Received proxy request for 'A'
1.1.1.1 acknowledged
5.5.5.5 acknowledged
Received proxy request for 'A'
1.1.1.1 acknowledged
5.5.5.5 acknowledged
Received proxy request for 'A'
1.1.1.1 acknowledged
5.5.5.5 acknowledged
Received proxy request for 'A'
1.1.1.1 acknowledged
5.5.5.5 acknowledged
Received proxy request for 'A'
1.1.1.1 acknowledged
5.5.5.5 acknowledged
Received proxy request for 'A'
1.1.1.1 acknowledged
5.5.5.5 acknowledged
Received proxy request for 'A'
1.1.1.1 acknowledged
5.5.5.5 acknowledged
Received proxy request for 'A'
1.1.1.1 acknowledged
5.5.5.5 acknowledged
Received proxy request for 'A'
1.1.1.1 acknowledged
5.5.5.5 acknowledged
Received proxy request for 'A'
1.1.1.1 acknowledged
5.5.5.5 acknowledged
Received proxy request for 'A'
1.1.1.1 acknowledged
5.5.5.5 acknowledged
Received proxy request for 'A'
1.1.1.1 acknowledged
5.5.5.5 acknowledged
Received proxy request for 'A'
1.1.1.1 acknowledged
5.5.5.5 acknowledged
Received proxy request for 'A'
1.1.1.1 acknowledged
5.5.5.5 acknowledged
Received proxy request for 'A'
1.1.1.1 acknowledged
5.5.5.5 acknowledged
Received proxy request for 'A'
1.1.1.1 acknowledged
5.5.5.5 acknowledged
Received proxy request for 'A'
1.1.1.1 acknowledged
5.5.5.5 acknowledged
Received proxy request for 'A'
1.1.1.1 acknowledged
5.5.5.5 acknowledged
Received proxy request for 'A'
1.1.1.1 acknowledged
5.5.5.5 acknowledged
Received proxy request for 'A'
1.1.1.1 acknowledged
5.5.5.5 acknowledged
Received proxy request for 'A'
1.1.1.1 acknowledged
5.5.5.5 acknowledged
Received proxy request for 'A'
1.1.1.1 acknowledged
5.5.5.5 acknowledged
Received proxy request for 'A'
1.1.1.1 acknowledged
5.5.5.5 acknowledged
Received proxy request for 'A'
1.1.1.1 acknowledged
5.5.5.5 acknowledged
Received proxy request for 'A'
1.1.1.1 acknowledged
5.5.5.5 acknowledged
Received proxy request for 'A'
1.1.1.1 acknowledged
5.5.5.5 acknowledged
Received proxy request for 'A'
1.1.1.1 acknowledged
5.5.5.5 acknowledged
Received proxy request for 'A'
1.1.1.1 acknowledged
5.5.5.5 acknowledged
Received proxy request for 'A'
1.1.1.1 acknowledged
5.5.5.5 acknowledged
Received proxy request for 'A'
1.1.1.1 acknowledged
5.5.5.5 acknowledged
Received proxy request for 'A'
1.1.1.1 acknowledged
5.5.5.5 acknowledged
Received proxy request for 'A'
1.1.1.1 acknowledged
5.5.5.5 acknowledged
Received proxy request for 'A'
1.1.1.1 acknowledged
5.5.5.5 acknowledged
Received proxy request for 'A'
1.1.1.1 acknowledged
5.5.5.5 acknowledged
Received proxy request for 'A'
1.1.1.1 acknowledged
5.5.5.5 acknowledged
Received proxy request for 'A'
1.1.1.1 acknowledged
5.5.5.5 acknowledged
Received proxy request for 'A'
1.1.1.1 acknowledged
5.5.5.5 acknowledged
Received proxy request for 'A'
1.1.1.1 acknowledged
5.5.5.5 acknowledged
Received proxy request for 'A'
1.1.1.1 acknowledged
5.5.5.5 acknowledged
Received proxy request for 'A'
1.1.1.1 acknowledged
5.5.5.5 acknowledged
Received proxy request for 'A'
1.1.1.1 acknowledged
5.5.5.5 acknowledged
Received proxy request for 'A'
1.1.1.1 acknowledged
5.5.5.5 acknowledged
Received proxy request for 'A'
1.1.1.1 acknowledged
5.5.5.5 acknowledged
Received proxy request for 'A'
1.1.1.1 acknowledged
5.5.5.5 acknowledged
Received proxy request for 'A'
1.1.1.1 acknowledged
5.5.5.5 acknowledged
Received proxy request for 'A'
1.1.1.1 acknowledged
5.5.5.5 acknowledged
Received proxy request for 'A'
1.1.1.1 acknowledged
5.5.5.5 acknowledged
Received proxy request for 'A'
1.1.1.1 acknowledged
5.5.5.5 acknowledged
Received proxy request for 'A'
1.1.1.1 acknowledged
5.5.5.5 acknowledged
Received proxy request for 'A'
1.1.1.1 acknowledged
5.5.5.5 acknowledged
Received proxy request for 'A'
1.1.1.1 acknowledged
5.5.5.5 acknowledged
Received proxy request for 'A'
1.1.1.1 acknowledged
5.5.5.5 acknowledged
Received proxy request for 'A'
1.1.1.1 acknowledged
5.5.5.5 acknowledged
Received proxy request for 'A'
1.1.1.1 acknowledged
5.5.5.5 acknowledged
Received proxy request for 'A'
1.1.1.1 acknowledged
5.5.5.5 acknowledged
Received proxy request for 'A'
1.1.1.1 acknowledged
5.5.5.5 acknowledged
Received proxy request for 'A'
1.1.1.1 acknowledged
5.5.5.5 acknowledged
Received proxy request for 'A'
1.1.1.1 acknowledged
5.5.5.5 acknowledged
Received proxy request for 'A'
1.1.1.1 acknowledged
5.5.5.5 acknowledged
Received proxy request for 'A'
1.1.1.1 acknowledged
5.5.5.5 acknowledged
Received proxy request for 'A'
1.1.1.1 acknowledged
5.5.5.5 acknowledged
Received proxy request for 'A'
1.1.1.1 acknowledged
5.5.5.5 acknowledged
Received proxy request for 'A'
1.1.1.1 acknowledged
5.5.5.5 acknowledged
Received proxy request for 'A'
1.1.1.1 acknowledged
5.5.5.5 acknowledged
Received proxy request for 'A'
1.1.1.1 acknowledged
5.5.5.5 acknowledged
Received proxy request for 'A'
1.1.1.1 acknowledged
5.5.5.5 acknowledged
Received proxy request for 'A'
1.1.1.1 acknowledged
5.5.5.5 acknowledged
Received proxy request for 'A'
1.1.1.1 acknowledged
5.5.5.5 acknowledged
Received proxy request for 'A'
1.1.1.1 acknowledged
5.5.5.5 acknowledged
Received proxy request for 'A'
1.1.1.1 acknowledged
5.5.5.5 acknowledged
Received proxy request for 'A'
1.1.1.1 acknowledged
5.5.5.5 acknowledged
Received proxy request for 'A'
1.1.1.1 acknowledged
5.5.5.5 acknowledged
Received proxy request for 'A'
1.1.1.1 acknowledged
5.5.5.5 acknowledged
Received proxy request for 'A'
1.1.1.1 acknowledged
5.5.5.5 acknowledged
Received proxy request for 'A'
1.1.1.1 acknowledged
5.5.5.5 acknowledged
Received proxy request for 'A'
1.1.1.1 acknowledged
5.5.5.5 acknowledged
Received proxy request for 'A'
1.1.1.1 acknowledged
5.5.5.5 acknowledged
Received proxy request for 'A'
1.1.1.1 acknowledged
5.5.5.5 acknowledged
Received proxy request for 'A'
1.1.1.1 acknowledged
5.5.5.5 acknowledged
Received proxy request for 'A'
1.1.1.1 acknowledged
5.5.5.5 acknowledged
Proxy client '10.0.0.1 (via 5.5.5.5)' timed out on service 'A'
Sending network 104 teardown to client 2.2.2.2
Sending network 104 teardown to client 1.1.1.1
Sending network 105 teardown to client 2.2.2.2
Sending network 105 teardown to client 3.3.3.3
Sending network 102 teardown to client 1.1.1.1
Sending network 102 teardown to client 2.2.2.2
Sending network 106 teardown to client 2.2.2.2
Sending network 106 teardown to client 4.4.4.4
Sending network 108 teardown to client 4.4.4.4
Sending network 108 teardown to client 2.2.2.2
Sending network 103 teardown to client 1.1.1.1
Sending network 103 teardown to client 3.3.3.3
Sending network 107 teardown to client 3.3.3.3
Sending network 107 teardown to client 2.2.2.2
Sending network 101 teardown to client 5.5.5.5
Sending network 101 teardown to client 1.1.1.1
Network 104 teardown complete; ID released
Network 105 teardown complete; ID released
Network 106 teardown complete; ID released
Network 102 teardown complete; ID released
Network 103 teardown complete; ID released
Network 107 teardown complete; ID released
Network 108 teardown complete; ID released
Network 101 teardown complete; ID released
test tests::concurrent_requests_same_client_tear_down_cleanly ... ok
Received proxy request for 'A'
2.2.2.2 acknowledged
1.1.1.1 acknowledged
1.1.1.1 acknowledged
5.5.5.5 acknowledged
Received proxy request for 'A'
1.1.1.1 acknowledged
5.5.5.5 acknowledged
Received proxy request for 'A'
1.1.1.1 acknowledged
5.5.5.5 acknowledged
Received proxy request for 'A'
1.1.1.1 acknowledged
5.5.5.5 acknowledged
Received proxy request for 'A'
1.1.1.1 acknowledged
5.5.5.5 acknowledged
Received proxy request for 'A'
1.1.1.1 acknowledged
5.5.5.5 acknowledged
Received proxy request for 'A'
1.1.1.1 acknowledged
5.5.5.5 acknowledged
Received proxy request for 'A'
1.1.1.1 acknowledged
5.5.5.5 acknowledged
Received proxy request for 'A'
1.1.1.1 acknowledged
5.5.5.5 acknowledged
Received proxy request for 'A'
1.1.1.1 acknowledged
5.5.5.5 acknowledged
Received proxy request for 'A'
Received proxy request for 'A'
Received proxy request for 'A'
Received proxy request for 'A'
Received proxy request for 'A'
Received proxy request for 'A'
Received proxy request for 'A'
Received proxy request for 'A'
Received proxy request for 'A'
Received proxy request for 'A'
Received proxy request for 'A'
Received proxy request for 'A'
Received proxy request for 'A'
Received proxy request for 'A'
Received proxy request for 'A'
Received proxy request for 'A'
Received proxy request for 'A'
Received proxy request for 'A'
Received proxy request for 'A'
Received proxy request for 'A'
Received proxy request for 'A'
Received proxy request for 'A'
Received proxy request for 'A'
Received proxy request for 'A'
Received proxy request for 'A'
Received proxy request for 'A'
Received proxy request for 'A'
Received proxy request for 'A'
Received proxy request for 'A'
Received proxy request for 'A'
Received proxy request for 'A'
Received proxy request for 'A'
Received proxy request for 'A'
Received proxy request for 'A'
Received proxy request for 'A'
Received proxy request for 'A'
Received proxy request for 'A'
Received proxy request for 'A'
Received proxy request for 'A'
Received proxy request for 'A'
Received proxy request for 'A'
Received proxy request for 'A'
Received proxy request for 'A'
Received proxy request for 'A'
Received proxy request for 'A'
Received proxy request for 'A'
Received proxy request for 'A'
Received proxy request for 'A'
Received proxy request for 'A'
Received proxy request for 'A'
Received proxy request for 'A'
Received proxy request for 'A'
Received proxy request for 'A'
Received proxy request for 'A'
Received proxy request for 'A'
Received proxy request for 'A'
Received proxy request for 'A'
Received proxy request for 'A'
Received proxy request for 'A'
Received proxy request for 'A'
Received proxy request for 'A'
Received proxy request for 'A'
Received proxy request for 'A'
Received proxy request for 'A'
Received proxy request for 'A'
Received proxy request for 'A'
Received proxy request for 'A'
Received proxy request for 'A'
Received proxy request for 'A'
Received proxy request for 'A'
Received proxy request for 'A'
Received proxy request for 'A'
Received proxy request for 'A'
Received proxy request for 'A'
Received proxy request for 'A'
Received proxy request for 'A'
Received proxy request for 'A'
Received proxy request for 'A'
Received proxy request for 'A'
Received proxy request for 'A'
Received proxy request for 'A'
Received proxy request for 'A'
Received proxy request for 'A'
Received proxy request for 'A'
Received proxy request for 'A'
Received proxy request for 'A'
Received proxy request for 'A'
Received proxy request for 'A'
Received proxy request for 'A'
Received proxy request for 'A'
Received proxy request for 'A'
Received proxy request for 'A'
Received proxy request for 'A'
Received proxy request for 'A'
Received proxy request for 'A'
Received proxy request for 'A'
Received proxy request for 'A'
Received proxy request for 'A'
Received proxy request for 'A'
Received proxy request for 'A'
Received proxy request for 'A'
Received proxy request for 'A'
Received proxy request for 'A'
Received proxy request for 'A'
Received proxy request for 'A'
Received proxy request for 'A'
Received proxy request for 'A'
Received proxy request for 'A'
Received proxy request for 'A'
Received proxy request for 'A'
Received proxy request for 'A'
Received proxy request for 'A'
Received proxy request for 'A'
Received proxy request for 'A'
Received proxy request for 'A'
Received proxy request for 'A'
Received proxy request for 'A'
Received proxy request for 'A'
Received proxy request for 'A'
Received proxy request for 'A'
Received proxy request for 'A'
Received proxy request for 'A'
Received proxy request for 'A'
Received proxy request for 'A'
Received proxy request for 'A'
Received proxy request for 'A'
Received proxy request for 'A'
Received proxy request for 'A'
Received proxy request for 'A'
Received proxy request for 'A'
Received proxy request for 'A'
Received proxy request for 'A'
Received proxy request for 'A'
Received proxy request for 'A'
Received proxy request for 'A'
Received proxy request for 'A'
Received proxy request for 'A'
Received proxy request for 'A'
Received proxy request for 'A'
Received proxy request for 'A'
Received proxy request for 'A'
Received proxy request for 'A'
Received proxy request for 'A'
Received proxy request for 'A'
Received proxy request for 'A'
Received proxy request for 'A'
Received proxy request for 'A'
Received proxy request for 'A'
Received proxy request for 'A'
Received proxy request for 'A'
Received proxy request for 'A'
Received proxy request for 'A'
Received proxy request for 'A'
Received proxy request for 'A'
Received proxy request for 'A'
Received proxy request for 'A'
Received proxy request for 'A'
Received proxy request for 'A'
Received proxy request for 'A'
Received proxy request for 'A'
Received proxy request for 'A'
Received proxy request for 'A'
Received proxy request for 'A'
Received proxy request for 'A'
Received proxy request for 'A'
Received proxy request for 'A'
Received proxy request for 'A'
Received proxy request for 'A'
Received proxy request for 'A'
Received proxy request for 'A'
Received proxy request for 'A'
Received proxy request for 'A'
Received proxy request for 'A'
Received proxy request for 'A'
Received proxy request for 'A'
Received proxy request for 'A'
Received proxy request for 'A'
Received proxy request for 'A'
Received proxy request for 'A'
Received proxy request for 'A'
Received proxy request for 'A'
Received proxy request for 'A'
Received proxy request for 'A'
Received proxy request for 'A'
Received proxy request for 'A'
Received proxy request for 'A'
Received proxy request for 'A'
Received proxy request for 'A'
Received proxy request for 'A'
Received proxy request for 'A'
test tests::max_networks_balances_shared_networks_under_concurrent_requests ... ok
Received proxy request for 'A'
1.1.1.1 acknowledged
5.5.5.5 acknowledged
2.2.2.2 acknowledged
1.1.1.1 acknowledged
--- after_proxy1_client.dot ---
digraph G {
	bgcolor=grey10;
	node [color=white, fontcolor=white];
	edge [color=white, fontcolor=white, fontsize=9, labelangle=180, labeldistance=0.8];

	"A" [label=<A<BR/><FONT POINT-SIZE="9">1 active / 0 paused / 1 total</FONT>>] [style=solid, color=green];
	"10.0.0.1 (via 5.5.5.5)" -> "A" [label="VXLAN 101 [0ms]"];

	"B" [label=<B<BR/><FONT POINT-SIZE="9">1 active / 0 paused / 1 total</FONT>>] [style=dashed, color=green];
	"A" -> "B" [label="VXLAN 102 [0ms]"];
}

Received proxy request for 'A'
1.1.1.1 acknowledged
6.6.6.6 acknowledged
--- after_proxy2_bypasses.dot ---
digraph G {
	bgcolor=grey10;
	node [color=white, fontcolor=white];
	edge [color=white, fontcolor=white, fontsize=9, labelangle=180, labeldistance=0.8];

	"A" [label=<A<BR/><FONT POINT-SIZE="9">1 active / 0 paused / 1 total</FONT>>] [style=solid, color=green];
	"10.0.0.1 (via 5.5.5.5)" -> "A" [label="VXLAN 101 [0ms]"];
	"10.0.0.2 (via 6.6.6.6)" -> "A" [label="VXLAN 103 [0ms]"];

	"B" [label=<B<BR/><FONT POINT-SIZE="9">1 active / 0 paused / 1 total</FONT>>] [style=dashed, color=green];
	"A" -> "B" [label="VXLAN 102 [0ms]"];
}

test tests::max_networks_different_proxy_bypasses ... ok
Received proxy request for 'A'
1.1.1.1 acknowledged
5.5.5.5 acknowledged
2.2.2.2 acknowledged
1.1.1.1 acknowledged
Received proxy request for 'A'
--- before_proxy_disconnect.dot ---
digraph G {
	bgcolor=grey10;
	node [color=white, fontcolor=white];
	edge [color=white, fontcolor=white, fontsize=9, labelangle=180, labeldistance=0.8];

	"A" [label=<A<BR/><FONT POINT-SIZE="9">1 active / 0 paused / 1 total</FONT>>] [style=solid, color=green];
	"10.0.0.1 (via 5.5.5.5)" -> "A" [label="VXLAN 101 [0ms]"];
	"10.0.0.2 (via 5.5.5.5)" -> "A" [label="VXLAN 101 [0ms]"];

	"B" [label=<B<BR/><FONT POINT-SIZE="9">1 active / 0 paused / 1 total</FONT>>] [style=dashed, color=green];
	"A" -> "B" [label="VXLAN 102 [0ms]"];
}

Sending network 102 teardown to client 1.1.1.1
Sending network 102 teardown to client 2.2.2.2
Sending network 101 teardown to client 1.1.1.1
--- after_proxy_disconnect.dot ---
digraph G {
	bgcolor=grey10;
	node [color=white, fontcolor=white];
	edge [color=white, fontcolor=white, fontsize=9, labelangle=180, labeldistance=0.8];

	"A" [label=<A<BR/><FONT POINT-SIZE="9">0 active / 0 paused / 1 total</FONT>>] [style=solid, color=green];

	"B" [label=<B<BR/><FONT POINT-SIZE="9">0 active / 0 paused / 1 total</FONT>>] [style=dashed, color=green];
}

Network 102 teardown complete; ID released
Network 101 teardown complete; ID released
test tests::max_networks_proxy_disconnect ... ok
Received proxy request for 'A'
1.1.1.1 acknowledged
5.5.5.5 acknowledged
2.2.2.2 acknowledged
1.1.1.1 acknowledged
--- after_first_client.dot ---
digraph G {
	bgcolor=grey10;
	node [color=white, fontcolor=white];
	edge [color=white, fontcolor=white, fontsize=9, labelangle=180, labeldistance=0.8];

	"A" [label=<A<BR/><FONT POINT-SIZE="9">1 active / 0 paused / 1 total</FONT>>] [style=solid, color=green];
	"10.0.0.1 (via 5.5.5.5)" -> "A" [label="VXLAN 101 [0ms]"];

	"B" [label=<B<BR/><FONT POINT-SIZE="9">1 active / 0 paused / 1 total</FONT>>] [style=dashed, color=green];
	"A" -> "B" [label="VXLAN 102 [0ms]"];
}

[ERROR] [members/nullnet-server/src/db/events.rs:49] injected persistent failure
Received proxy request for 'A'
Proxy client '10.0.0.39 (via 5.5.5.5)' timed out on service 'A'
Sending network 143 teardown to client 5.5.5.5
Sending network 143 teardown to client 1.1.1.1
Proxy client '10.0.0.13 (via 5.5.5.5)' timed out on service 'A'
Sending network 117 teardown to client 5.5.5.5
Sending network 117 teardown to client 1.1.1.1
Proxy client '10.0.0.59 (via 5.5.5.5)' timed out on service 'A'
Sending network 163 teardown to client 5.5.5.5
Sending network 163 teardown to client 1.1.1.1
Proxy client '10.0.0.101 (via 5.5.5.5)' timed out on service 'A'
Sending network 205 teardown to client 5.5.5.5
Sending network 205 teardown to client 1.1.1.1
Proxy client '10.0.0.32 (via 5.5.5.5)' timed out on service 'A'
Sending network 136 teardown to client 5.5.5.5
Sending network 136 teardown to client 1.1.1.1
Proxy client '10.0.0.30 (via 5.5.5.5)' timed out on service 'A'
Sending network 134 teardown to client 5.5.5.5
Sending network 134 teardown to client 1.1.1.1
Proxy client '10.0.0.45 (via 5.5.5.5)' timed out on service 'A'
Sending network 149 teardown to client 5.5.5.5
Sending network 149 teardown to client 1.1.1.1
Proxy client '10.0.0.57 (via 5.5.5.5)' timed out on service 'A'
Sending network 161 teardown to client 5.5.5.5
Sending network 161 teardown to client 1.1.1.1
Proxy client '10.0.0.106 (via 5.5.5.5)' timed out on service 'A'
Sending network 210 teardown to client 5.5.5.5
Sending network 210 teardown to client 1.1.1.1
Proxy client '10.0.0.2 (via 6.6.6.6)' timed out on service 'A'
Sending network 106 teardown to client 6.6.6.6
Sending network 106 teardown to client 1.1.1.1
Proxy client '10.0.0.15 (via 5.5.5.5)' timed out on service 'A'
Sending network 119 teardown to client 5.5.5.5
Sending network 119 teardown to client 1.1.1.1
Proxy client '10.0.0.17 (via 5.5.5.5)' timed out on service 'A'
Sending network 121 teardown to client 5.5.5.5
Sending network 121 teardown to client 1.1.1.1
Proxy client '10.0.0.78 (via 5.5.5.5)' timed out on service 'A'
Sending network 182 teardown to client 5.5.5.5
Sending network 182 teardown to client 1.1.1.1
Proxy client '10.0.0.110 (via 5.5.5.5)' timed out on service 'A'
Sending network 214 teardown to client 5.5.5.5
Sending network 214 teardown to client 1.1.1.1
Proxy client '10.0.0.27 (via 5.5.5.5)' timed out on service 'A'
Sending network 131 teardown to client 5.5.5.5
Sending network 131 teardown to client 1.1.1.1
Proxy client '10.0.0.121 (via 5.5.5.5)' timed out on service 'A'
Sending network 225 teardown to client 5.5.5.5
Sending network 225 teardown to client 1.1.1.1
Proxy client '10.0.0.69 (via 5.5.5.5)' timed out on service 'A'
Sending network 173 teardown to client 5.5.5.5
Sending network 173 teardown to client 1.1.1.1
Proxy client '10.0.0.75 (via 5.5.5.5)' timed out on service 'A'
Sending network 179 teardown to client 5.5.5.5
Sending network 179 teardown to client 1.1.1.1
Proxy client '10.0.0.107 (via 5.5.5.5)' timed out on service 'A'
Sending network 211 teardown to client 5.5.5.5
Sending network 211 teardown to client 1.1.1.1
Proxy client '10.0.0.36 (via 5.5.5.5)' timed out on service 'A'
Sending network 140 teardown to client 5.5.5.5
Sending network 140 teardown to client 1.1.1.1
Proxy client '10.0.0.129 (via 5.5.5.5)' timed out on service 'A'
Sending network 233 teardown to client 5.5.5.5
Sending network 233 teardown to client 1.1.1.1
Proxy client '10.0.0.22 (via 5.5.5.5)' timed out on service 'A'
Sending network 126 teardown to client 5.5.5.5
Sending network 126 teardown to client 1.1.1.1
Proxy client '10.0.0.56 (via 5.5.5.5)' timed out on service 'A'
Sending network 160 teardown to client 5.5.5.5
Sending network 160 teardown to client 1.1.1.1
Proxy client '10.0.0.100 (via 5.5.5.5)' timed out on service 'A'
Sending network 204 teardown to client 5.5.5.5
Sending network 204 teardown to client 1.1.1.1
Proxy client '10.0.0.92 (via 5.5.5.5)' timed out on service 'A'
Sending network 196 teardown to client 5.5.5.5
Sending network 196 teardown to client 1.1.1.1
Proxy client '10.0.0.118 (via 5.5.5.5)' timed out on service 'A'
Sending network 222 teardown to client 5.5.5.5
Network 106 teardown complete; ID released
Sending network 222 teardown to client 1.1.1.1
Proxy client '10.0.0.124 (via 5.5.5.5)' timed out on service 'A'
Sending network 228 teardown to client 5.5.5.5
Sending network 228 teardown to client 1.1.1.1
Proxy client '10.0.0.47 (via 5.5.5.5)' timed out on service 'A'
Sending network 151 teardown to client 5.5.5.5
Sending network 151 teardown to client 1.1.1.1
Proxy client '10.0.0.10 (via 5.5.5.5)' timed out on service 'A'
Sending network 114 teardown to client 5.5.5.5
Sending network 114 teardown to client 1.1.1.1
Proxy client '10.0.0.93 (via 5.5.5.5)' timed out on service 'A'
Sending network 197 teardown to client 5.5.5.5
Sending network 197 teardown to client 1.1.1.1
Proxy client '10.0.0.21 (via 5.5.5.5)' timed out on service 'A'
Sending network 125 teardown to client 5.5.5.5
Sending network 125 teardown to client 1.1.1.1
Proxy client '10.0.0.24 (via 5.5.5.5)' timed out on service 'A'
Sending network 128 teardown to client 5.5.5.5
Sending network 128 teardown to client 1.1.1.1
Proxy client '10.0.0.66 (via 5.5.5.5)' timed out on service 'A'
Sending network 170 teardown to client 5.5.5.5
Sending network 170 teardown to client 1.1.1.1
Proxy client '10.0.0.76 (via 5.5.5.5)' timed out on service 'A'
Sending network 180 teardown to client 5.5.5.5
Sending network 180 teardown to client 1.1.1.1
Proxy client '10.0.0.83 (via 5.5.5.5)' timed out on service 'A'
Sending network 187 teardown to client 5.5.5.5
Sending network 187 teardown to client 1.1.1.1
Proxy client '10.0.0.103 (via 5.5.5.5)' timed out on service 'A'
Sending network 207 teardown to client 5.5.5.5
Sending network 207 teardown to client 1.1.1.1
Proxy client '10.0.0.95 (via 5.5.5.5)' timed out on service 'A'
Sending network 199 teardown to client 5.5.5.5
Sending network 199 teardown to client 1.1.1.1
Proxy client '10.0.0.77 (via 5.5.5.5)' timed out on service 'A'
Sending network 181 teardown to client 5.5.5.5
Sending network 181 teardown to client 1.1.1.1
Proxy client '10.0.0.84 (via 5.5.5.5)' timed out on service 'A'
Sending network 188 teardown to client 5.5.5.5
Sending network 188 teardown to client 1.1.1.1
Proxy client '10.0.0.38 (via 5.5.5.5)' timed out on service 'A'
Sending network 142 teardown to client 5.5.5.5
Sending network 142 teardown to client 1.1.1.1
Proxy client '10.0.0.96 (via 5.5.5.5)' timed out on service 'A'
Sending network 200 teardown to client 5.5.5.5
Sending network 200 teardown to client 1.1.1.1
Proxy client '10.0.0.62 (via 5.5.5.5)' timed out on service 'A'
Sending network 166 teardown to client 5.5.5.5
Sending network 166 teardown to client 1.1.1.1
Proxy client '10.0.0.112 (via 5.5.5.5)' timed out on service 'A'
Sending network 216 teardown to client 5.5.5.5
Sending network 216 teardown to client 1.1.1.1
Proxy client '10.0.0.8 (via 5.5.5.5)' timed out on service 'A'
Sending network 112 teardown to client 5.5.5.5
Sending network 112 teardown to client 1.1.1.1
Proxy client '10.0.0.3 (via 5.5.5.5)' timed out on service 'A'
Sending network 107 teardown to client 5.5.5.5
Sending network 107 teardown to client 1.1.1.1
Proxy client '10.0.0.58 (via 5.5.5.5)' timed out on service 'A'
Sending network 162 teardown to client 5.5.5.5
Sending network 162 teardown to client 1.1.1.1
Proxy client '10.0.0.20 (via 5.5.5.5)' timed out on service 'A'
Sending network 124 teardown to client 5.5.5.5
Sending network 124 teardown to client 1.1.1.1
Proxy client '10.0.0.5 (via 5.5.5.5)' timed out on service 'A'
Sending network 109 teardown to client 5.5.5.5
Sending network 109 teardown to client 1.1.1.1
Proxy client '10.0.0.64 (via 5.5.5.5)' timed out on service 'A'
Sending network 168 teardown to client 5.5.5.5
Sending network 168 teardown to client 1.1.1.1
Proxy client '10.0.0.104 (via 5.5.5.5)' timed out on service 'A'
Sending network 208 teardown to client 5.5.5.5
Sending network 208 teardown to client 1.1.1.1
Proxy client '10.0.0.126 (via 5.5.5.5)' timed out on service 'A'
Sending network 230 teardown to client 5.5.5.5
Sending network 230 teardown to client 1.1.1.1
Proxy client '10.0.0.9 (via 5.5.5.5)' timed out on service 'A'
Sending network 113 teardown to client 5.5.5.5
Sending network 113 teardown to client 1.1.1.1
Proxy client '10.0.0.46 (via 5.5.5.5)' timed out on service 'A'
Sending network 150 teardown to client 5.5.5.5
Sending network 150 teardown to client 1.1.1.1
Proxy client '10.0.0.88 (via 5.5.5.5)' timed out on service 'A'
Sending network 192 teardown to client 5.5.5.5
Sending network 192 teardown to client 1.1.1.1
Proxy client '10.0.0.63 (via 5.5.5.5)' timed out on service 'A'
Sending network 167 teardown to client 5.5.5.5
Sending network 167 teardown to client 1.1.1.1
Proxy client '10.0.0.29 (via 5.5.5.5)' timed out on service 'A'
Sending network 133 teardown to client 5.5.5.5
Sending network 133 teardown to client 1.1.1.1
Proxy client '10.0.0.102 (via 5.5.5.5)' timed out on service 'A'
Sending network 206 teardown to client 5.5.5.5
Sending network 206 teardown to client 1.1.1.1
Proxy client '10.0.0.113 (via 5.5.5.5)' timed out on service 'A'
Sending network 217 teardown to client 5.5.5.5
Sending network 217 teardown to client 1.1.1.1
Proxy client '10.0.0.99 (via 5.5.5.5)' timed out on service 'A'
Sending network 203 teardown to client 5.5.5.5
Sending network 203 teardown to client 1.1.1.1
Proxy client '10.0.0.85 (via 5.5.5.5)' timed out on service 'A'
Sending network 189 teardown to client 5.5.5.5
Sending network 189 teardown to client 1.1.1.1
Proxy client '10.0.0.90 (via 5.5.5.5)' timed out on service 'A'
Sending network 194 teardown to client 5.5.5.5
Sending network 194 teardown to client 1.1.1.1
Proxy client '10.0.0.117 (via 5.5.5.5)' timed out on service 'A'
Sending network 221 teardown to client 5.5.5.5
Sending network 221 teardown to client 1.1.1.1
Proxy client '10.0.0.94 (via 5.5.5.5)' timed out on service 'A'
Sending network 198 teardown to client 5.5.5.5
Sending network 198 teardown to client 1.1.1.1
Proxy client '10.0.0.14 (via 5.5.5.5)' timed out on service 'A'
Sending network 118 teardown to client 5.5.5.5
Sending network 118 teardown to client 1.1.1.1
Proxy client '10.0.0.127 (via 5.5.5.5)' timed out on service 'A'
Sending network 231 teardown to client 5.5.5.5
Sending network 231 teardown to client 1.1.1.1
Proxy client '10.0.0.98 (via 5.5.5.5)' timed out on service 'A'
Sending network 202 teardown to client 5.5.5.5
Sending network 202 teardown to client 1.1.1.1
Proxy client '10.0.0.52 (via 5.5.5.5)' timed out on service 'A'
Sending network 156 teardown to client 5.5.5.5
Sending network 156 teardown to client 1.1.1.1
Proxy client '10.0.0.122 (via 5.5.5.5)' timed out on service 'A'
Sending network 226 teardown to client 5.5.5.5
Sending network 226 teardown to client 1.1.1.1
Proxy client '10.0.0.4 (via 5.5.5.5)' timed out on service 'A'
Sending network 108 teardown to client 5.5.5.5
Sending network 108 teardown to client 1.1.1.1
Proxy client '10.0.0.67 (via 5.5.5.5)' timed out on service 'A'
Sending network 171 teardown to client 5.5.5.5
Sending network 171 teardown to client 1.1.1.1
Proxy client '10.0.0.109 (via 5.5.5.5)' timed out on service 'A'
Sending network 213 teardown to client 5.5.5.5
Sending network 213 teardown to client 1.1.1.1
Proxy client '10.0.0.130 (via 5.5.5.5)' timed out on service 'A'
Sending network 234 teardown to client 5.5.5.5
Sending network 234 teardown to client 1.1.1.1
Proxy client '10.0.0.48 (via 5.5.5.5)' timed out on service 'A'
Sending network 152 teardown to client 5.5.5.5
Sending network 152 teardown to client 1.1.1.1
Proxy client '10.0.0.65 (via 5.5.5.5)' timed out on service 'A'
Sending network 169 teardown to client 5.5.5.5
Sending network 169 teardown to client 1.1.1.1
Proxy client '10.0.0.23 (via 5.5.5.5)' timed out on service 'A'
Sending network 127 teardown to client 5.5.5.5
Sending network 127 teardown to client 1.1.1.1
Proxy client '10.0.0.28 (via 5.5.5.5)' timed out on service 'A'
Sending network 132 teardown to client 5.5.5.5
Sending network 132 teardown to client 1.1.1.1
Proxy client '10.0.0.37 (via 5.5.5.5)' timed out on service 'A'
Sending network 141 teardown to client 5.5.5.5
Sending network 141 teardown to client 1.1.1.1
Proxy client '10.0.0.120 (via 5.5.5.5)' timed out on service 'A'
Sending network 224 teardown to client 5.5.5.5
Sending network 224 teardown to client 1.1.1.1
Proxy client '10.0.0.119 (via 5.5.5.5)' timed out on service 'A'
Sending network 223 teardown to client 5.5.5.5
Sending network 223 teardown to client 1.1.1.1
Proxy client '10.0.0.123 (via 5.5.5.5)' timed out on service 'A'
Sending network 227 teardown to client 5.5.5.5
Sending network 227 teardown to client 1.1.1.1
Proxy client '10.0.0.26 (via 5.5.5.5)' timed out on service 'A'
Sending network 130 teardown to client 5.5.5.5
Sending network 130 teardown to client 1.1.1.1
Proxy client '10.0.0.108 (via 5.5.5.5)' timed out on service 'A'
Sending network 212 teardown to client 5.5.5.5
Sending network 212 teardown to client 1.1.1.1
Proxy client '10.0.0.11 (via 5.5.5.5)' timed out on service 'A'
Sending network 115 teardown to client 5.5.5.5
Sending network 115 teardown to client 1.1.1.1
Proxy client '10.0.0.16 (via 5.5.5.5)' timed out on service 'A'
Sending network 120 teardown to client 5.5.5.5
Sending network 120 teardown to client 1.1.1.1
Proxy client '10.0.0.25 (via 5.5.5.5)' timed out on service 'A'
Sending network 129 teardown to client 5.5.5.5
Sending network 129 teardown to client 1.1.1.1
Proxy client '10.0.0.43 (via 5.5.5.5)' timed out on service 'A'
Sending network 147 teardown to client 5.5.5.5
Sending network 147 teardown to client 1.1.1.1
Proxy client '10.0.0.60 (via 5.5.5.5)' timed out on service 'A'
Sending network 164 teardown to client 5.5.5.5
Sending network 164 teardown to client 1.1.1.1
Proxy client '10.0.0.49 (via 5.5.5.5)' timed out on service 'A'
Sending network 153 teardown to client 5.5.5.5
Sending network 153 teardown to client 1.1.1.1
Proxy client '10.0.0.105 (via 5.5.5.5)' timed out on service 'A'
Sending network 209 teardown to client 5.5.5.5
Sending network 209 teardown to client 1.1.1.1
Proxy client '10.0.0.86 (via 5.5.5.5)' timed out on service 'A'
Sending network 190 teardown to client 5.5.5.5
Sending network 190 teardown to client 1.1.1.1
Proxy client '10.0.0.55 (via 5.5.5.5)' timed out on service 'A'
Sending network 159 teardown to client 5.5.5.5
Sending network 159 teardown to client 1.1.1.1
Proxy client '10.0.0.19 (via 5.5.5.5)' timed out on service 'A'
Sending network 123 teardown to client 5.5.5.5
Sending network 123 teardown to client 1.1.1.1
Proxy client '10.0.0.41 (via 5.5.5.5)' timed out on service 'A'
Sending network 145 teardown to client 5.5.5.5
Sending network 145 teardown to client 1.1.1.1
Proxy client '10.0.0.12 (via 5.5.5.5)' timed out on service 'A'
Sending network 116 teardown to client 5.5.5.5
Sending network 116 teardown to client 1.1.1.1
Proxy client '10.0.0.31 (via 5.5.5.5)' timed out on service 'A'
Sending network 135 teardown to client 5.5.5.5
Sending network 135 teardown to client 1.1.1.1
Proxy client '10.0.0.71 (via 5.5.5.5)' timed out on service 'A'
Sending network 175 teardown to client 5.5.5.5
Sending network 175 teardown to client 1.1.1.1
Proxy client '10.0.0.72 (via 5.5.5.5)' timed out on service 'A'
Sending network 176 teardown to client 5.5.5.5
Sending network 176 teardown to client 1.1.1.1
Proxy client '10.0.0.73 (via 5.5.5.5)' timed out on service 'A'
Sending network 177 teardown to client 5.5.5.5
Sending network 177 teardown to client 1.1.1.1
Proxy client '10.0.0.116 (via 5.5.5.5)' timed out on service 'A'
Sending network 220 teardown to client 5.5.5.5
Sending network 220 teardown to client 1.1.1.1
Proxy client '10.0.0.42 (via 5.5.5.5)' timed out on service 'A'
Sending network 146 teardown to client 5.5.5.5
Sending network 146 teardown to client 1.1.1.1
Proxy client '10.0.0.51 (via 5.5.5.5)' timed out on service 'A'
Sending network 155 teardown to client 5.5.5.5
Sending network 155 teardown to client 1.1.1.1
Proxy client '10.0.0.79 (via 5.5.5.5)' timed out on service 'A'
Sending network 183 teardown to client 5.5.5.5
Sending network 183 teardown to client 1.1.1.1
Proxy client '10.0.0.81 (via 5.5.5.5)' timed out on service 'A'
Sending network 185 teardown to client 5.5.5.5
Sending network 185 teardown to client 1.1.1.1
Proxy client '10.0.0.33 (via 5.5.5.5)' timed out on service 'A'
Sending network 137 teardown to client 5.5.5.5
Sending network 137 teardown to client 1.1.1.1
Proxy client '10.0.0.61 (via 5.5.5.5)' timed out on service 'A'
Sending network 165 teardown to client 5.5.5.5
Sending network 165 teardown to client 1.1.1.1
Proxy client '10.0.0.54 (via 5.5.5.5)' timed out on service 'A'
Sending network 158 teardown to client 5.5.5.5
Sending network 158 teardown to client 1.1.1.1
Proxy client '10.0.0.128 (via 5.5.5.5)' timed out on service 'A'
Sending network 232 teardown to client 5.5.5.5
Sending network 232 teardown to client 1.1.1.1
Proxy client '10.0.0.111 (via 5.5.5.5)' timed out on service 'A'
Sending network 215 teardown to client 5.5.5.5
Sending network 215 teardown to client 1.1.1.1
Proxy client '10.0.0.44 (via 5.5.5.5)' timed out on service 'A'
Sending network 148 teardown to client 5.5.5.5
Sending network 148 teardown to client 1.1.1.1
Proxy client '10.0.0.115 (via 5.5.5.5)' timed out on service 'A'
Sending network 219 teardown to client 5.5.5.5
Sending network 219 teardown to client 1.1.1.1
Proxy client '10.0.0.87 (via 5.5.5.5)' timed out on service 'A'
Sending network 191 teardown to client 5.5.5.5
Sending network 191 teardown to client 1.1.1.1
Proxy client '10.0.0.50 (via 5.5.5.5)' timed out on service 'A'
Sending network 154 teardown to client 5.5.5.5
Sending network 154 teardown to client 1.1.1.1
Proxy client '10.0.0.82 (via 5.5.5.5)' timed out on service 'A'
Sending network 186 teardown to client 5.5.5.5
Sending network 186 teardown to client 1.1.1.1
Proxy client '10.0.0.70 (via 5.5.5.5)' timed out on service 'A'
Sending network 174 teardown to client 5.5.5.5
Sending network 174 teardown to client 1.1.1.1
Proxy client '10.0.0.1 (via 5.5.5.5)' timed out on service 'A'
Sending network 101 teardown to client 5.5.5.5
Sending network 101 teardown to client 1.1.1.1
Proxy client '10.0.0.18 (via 5.5.5.5)' timed out on service 'A'
Sending network 122 teardown to client 5.5.5.5
Sending network 122 teardown to client 1.1.1.1
Proxy client '10.0.0.40 (via 5.5.5.5)' timed out on service 'A'
Sending network 144 teardown to client 5.5.5.5
Sending network 144 teardown to client 1.1.1.1
Proxy client '10.0.0.89 (via 5.5.5.5)' timed out on service 'A'
Sending network 193 teardown to client 5.5.5.5
Sending network 193 teardown to client 1.1.1.1
Proxy client '10.0.0.91 (via 5.5.5.5)' timed out on service 'A'
Sending network 195 teardown to client 5.5.5.5
Sending network 195 teardown to client 1.1.1.1
Proxy client '10.0.0.97 (via 5.5.5.5)' timed out on service 'A'
Sending network 201 teardown to client 5.5.5.5
Sending network 201 teardown to client 1.1.1.1
Proxy client '10.0.0.74 (via 5.5.5.5)' timed out on service 'A'
Sending network 178 teardown to client 5.5.5.5
Sending network 178 teardown to client 1.1.1.1
Proxy client '10.0.0.125 (via 5.5.5.5)' timed out on service 'A'
Sending network 229 teardown to client 5.5.5.5
Sending network 229 teardown to client 1.1.1.1
Proxy client '10.0.0.80 (via 5.5.5.5)' timed out on service 'A'
Sending network 184 teardown to client 5.5.5.5
Sending network 184 teardown to client 1.1.1.1
Proxy client '10.0.0.6 (via 5.5.5.5)' timed out on service 'A'
Sending network 110 teardown to client 5.5.5.5
Sending network 110 teardown to client 1.1.1.1
Proxy client '10.0.0.35 (via 5.5.5.5)' timed out on service 'A'
Sending network 139 teardown to client 5.5.5.5
Sending network 139 teardown to client 1.1.1.1
Proxy client '10.0.0.34 (via 5.5.5.5)' timed out on service 'A'
Sending network 138 teardown to client 5.5.5.5
Sending network 138 teardown to client 1.1.1.1
Proxy client '10.0.0.53 (via 5.5.5.5)' timed out on service 'A'
Sending network 157 teardown to client 5.5.5.5
Sending network 157 teardown to client 1.1.1.1
Proxy client '10.0.0.68 (via 5.5.5.5)' timed out on service 'A'
Sending network 172 teardown to client 5.5.5.5
Sending network 172 teardown to client 1.1.1.1
Proxy client '10.0.0.114 (via 5.5.5.5)' timed out on service 'A'
Sending network 218 teardown to client 5.5.5.5
Sending network 218 teardown to client 1.1.1.1
Proxy client '10.0.0.7 (via 5.5.5.5)' timed out on service 'A'
Sending network 102 teardown to client 1.1.1.1
Sending network 102 teardown to client 3.3.3.3
Sending network 103 teardown to client 3.3.3.3
Sending network 103 teardown to client 4.4.4.4
Sending network 111 teardown to client 5.5.5.5
Sending network 111 teardown to client 1.1.1.1
Network 102 teardown complete; ID released
Network 103 teardown complete; ID released
test tests::mass_expiry_allows_reads_between_client_teardowns ... ok
Received proxy request for 'A'
1.1.1.1 acknowledged
5.5.5.5 acknowledged
2.2.2.2 acknowledged
1.1.1.1 acknowledged
Received proxy request for 'C'
3.3.3.3 acknowledged
5.5.5.5 acknowledged
4.4.4.4 acknowledged
3.3.3.3 acknowledged
Received proxy request for 'A'
1.1.1.1 acknowledged
7.7.7.7 acknowledged
2.2.2.2 acknowledged
1.1.1.1 acknowledged
Received proxy request for 'D'
6.6.6.6 acknowledged
5.5.5.5 acknowledged
2.2.2.2 acknowledged
6.6.6.6 acknowledged
Received proxy request for 'C'
3.3.3.3 acknowledged
7.7.7.7 acknowledged
--- start.dot ---
digraph G {
	bgcolor=grey10;
	node [color=white, fontcolor=white];
	edge [color=white, fontcolor=white, fontsize=9, labelangle=180, labeldistance=0.8];

	"A" [label=<A<BR/><FONT POINT-SIZE="9">2 active / 0 paused / 2 total</FONT>>] [style=solid, color=green];
	"10.0.0.1 (via 5.5.5.5)" -> "A" [label="VXLAN 101 [0ms]"];
	"10.0.0.4 (via 7.7.7.7)" -> "A" [label="VXLAN 105 [0ms]"];

	"B" [label=<B<BR/><FONT POINT-SIZE="9">3 active / 0 paused / 3 total</FONT>>] [style=dashed, color=green];
	"A" -> "B" [label="VXLAN 102 [0ms]"];
	"A" -> "B" [label="VXLAN 106 [0ms]"];
	"C" -> "B" [label="VXLAN 104 [0ms]"];
	"D" -> "B" [label="VXLAN 108 [0ms]"];

	"C" [label=<C<BR/><FONT POINT-SIZE="9">1 active / 0 paused / 1 total</FONT>>] [style=solid, color=green];
	"10.0.0.2 (via 5.5.5.5)" -> "C" [label="VXLAN 103 [0ms]"];
	"10.0.0.5 (via 7.7.7.7)" -> "C" [label="VXLAN 109 [0ms]"];

	"D" [label=<D<BR/><FONT POINT-SIZE="9">1 active / 0 paused / 1 total</FONT>>] [style=solid, color=green];
	"10.0.0.3 (via 5.5.5.5)" -> "D" [label="VXLAN 107 [0ms]"];
}

Sending network 104 teardown to client 3.3.3.3
Sending network 103 teardown to client 5.5.5.5
Sending network 103 teardown to client 3.3.3.3
Sending network 109 teardown to client 7.7.7.7
Sending network 109 teardown to client 3.3.3.3
--- after_b_different_ip_disconnect.dot ---
digraph G {
	bgcolor=grey10;
	node [color=white, fontcolor=white];
	edge [color=white, fontcolor=white, fontsize=9, labelangle=180, labeldistance=0.8];

	"A" [label=<A<BR/><FONT POINT-SIZE="9">2 active / 0 paused / 2 total</FONT>>] [style=solid, color=green];
	"10.0.0.1 (via 5.5.5.5)" -> "A" [label="VXLAN 101 [0ms]"];
	"10.0.0.4 (via 7.7.7.7)" -> "A" [label="VXLAN 105 [0ms]"];

	"B" [label=<B<BR/><FONT POINT-SIZE="9">2 active / 0 paused / 2 total</FONT>>] [style=dashed, color=green];
	"A" -> "B" [label="VXLAN 102 [0ms]"];
	"A" -> "B" [label="VXLAN 106 [0ms]"];
	"D" -> "B" [label="VXLAN 108 [0ms]"];

	"C" [label=<C<BR/><FONT POINT-SIZE="9">0 active / 0 paused / 1 total</FONT>>] [style=solid, color=green];

	"D" [label=<D<BR/><FONT POINT-SIZE="9">1 active / 0 paused / 1 total</FONT>>] [style=solid, color=green];
	"10.0.0.3 (via 5.5.5.5)" -> "D" [label="VXLAN 107 [0ms]"];
}

Network 104 teardown complete; ID released
Network 103 teardown complete; ID released
Network 109 teardown complete; ID released
test tests::multi_replica_b_different_ip_disconnect ... ok
Received proxy request for 'A'
1.1.1.1 acknowledged
5.5.5.5 acknowledged
2.2.2.2 acknowledged
1.1.1.1 acknowledged
Received proxy request for 'C'
3.3.3.3 acknowledged
5.5.5.5 acknowledged
4.4.4.4 acknowledged
3.3.3.3 acknowledged
Received proxy request for 'A'
1.1.1.1 acknowledged
7.7.7.7 acknowledged
2.2.2.2 acknowledged
1.1.1.1 acknowledged
Received proxy request for 'D'
6.6.6.6 acknowledged
5.5.5.5 acknowledged
2.2.2.2 acknowledged
6.6.6.6 acknowledged
Received proxy request for 'C'
3.3.3.3 acknowledged
7.7.7.7 acknowledged
--- start.dot ---
digraph G {
	bgcolor=grey10;
	node [color=white, fontcolor=white];
	edge [color=white, fontcolor=white, fontsize=9, labelangle=180, labeldistance=0.8];

	"A" [label=<A<BR/><FONT POINT-SIZE="9">2 active / 0 paused / 2 total</FONT>>] [style=solid, color=green];
	"10.0.0.1 (via 5.5.5.5)" -> "A" [label="VXLAN 101 [0ms]"];
	"10.0.0.4 (via 7.7.7.7)" -> "A" [label="VXLAN 105 [0ms]"];

	"B" [label=<B<BR/><FONT POINT-SIZE="9">3 active / 0 paused / 3 total</FONT>>] [style=dashed, color=green];
	"A" -> "B" [label="VXLAN 102 [0ms]"];
	"A" -> "B" [label="VXLAN 106 [0ms]"];
	"C" -> "B" [label="VXLAN 104 [0ms]"];
	"D" -> "B" [label="VXLAN 108 [0ms]"];

	"C" [label=<C<BR/><FONT POINT-SIZE="9">1 active / 0 paused / 1 total</FONT>>] [style=solid, color=green];
	"10.0.0.2 (via 5.5.5.5)" -> "C" [label="VXLAN 103 [0ms]"];
	"10.0.0.5 (via 7.7.7.7)" -> "C" [label="VXLAN 109 [0ms]"];

	"D" [label=<D<BR/><FONT POINT-SIZE="9">1 active / 0 paused / 1 total</FONT>>] [style=solid, color=green];
	"10.0.0.3 (via 5.5.5.5)" -> "D" [label="VXLAN 107 [0ms]"];
}

Sending network 108 teardown to client 6.6.6.6
Sending network 108 teardown to client 2.2.2.2
Sending network 107 teardown to client 5.5.5.5
Sending network 107 teardown to client 6.6.6.6
Sending network 102 teardown to client 1.1.1.1
Sending network 102 teardown to client 2.2.2.2
Sending network 101 teardown to client 5.5.5.5
Sending network 101 teardown to client 1.1.1.1
--- after_b_same_ip_disconnect.dot ---
digraph G {
	bgcolor=grey10;
	node [color=white, fontcolor=white];
	edge [color=white, fontcolor=white, fontsize=9, labelangle=180, labeldistance=0.8];

	"A" [label=<A<BR/><FONT POINT-SIZE="9">1 active / 0 paused / 2 total</FONT>>] [style=solid, color=green];
	"10.0.0.4 (via 7.7.7.7)" -> "A" [label="VXLAN 105 [0ms]"];

	"B" [label=<B<BR/><FONT POINT-SIZE="9">2 active / 0 paused / 2 total</FONT>>] [style=dashed, color=green];
	"A" -> "B" [label="VXLAN 106 [0ms]"];
	"C" -> "B" [label="VXLAN 104 [0ms]"];

	"C" [label=<C<BR/><FONT POINT-SIZE="9">1 active / 0 paused / 1 total</FONT>>] [style=solid, color=green];
	"10.0.0.2 (via 5.5.5.5)" -> "C" [label="VXLAN 103 [0ms]"];
	"10.0.0.5 (via 7.7.7.7)" -> "C" [label="VXLAN 109 [0ms]"];

	"D" [label=<D<BR/><FONT POINT-SIZE="9">0 active / 0 paused / 1 total</FONT>>] [style=solid, color=green];
}

Network 108 teardown complete; ID released
Network 107 teardown complete; ID released
Network 101 teardown complete; ID released
Network 102 teardown complete; ID released
test tests::multi_replica_b_same_ip_container_disconnect ... ok
Received proxy request for 'A'
1.1.1.1 acknowledged
5.5.5.5 acknowledged
2.2.2.2 acknowledged
1.1.1.1 acknowledged
Received proxy request for 'C'
3.3.3.3 acknowledged
5.5.5.5 acknowledged
4.4.4.4 acknowledged
3.3.3.3 acknowledged
Received proxy request for 'A'
1.1.1.1 acknowledged
7.7.7.7 acknowledged
2.2.2.2 acknowledged
1.1.1.1 acknowledged
Received proxy request for 'D'
6.6.6.6 acknowledged
5.5.5.5 acknowledged
2.2.2.2 acknowledged
6.6.6.6 acknowledged
Received proxy request for 'C'
3.3.3.3 acknowledged
7.7.7.7 acknowledged
--- start.dot ---
digraph G {
	bgcolor=grey10;
	node [color=white, fontcolor=white];
	edge [color=white, fontcolor=white, fontsize=9, labelangle=180, labeldistance=0.8];

	"A" [label=<A<BR/><FONT POINT-SIZE="9">2 active / 0 paused / 2 total</FONT>>] [style=solid, color=green];
	"10.0.0.1 (via 5.5.5.5)" -> "A" [label="VXLAN 101 [0ms]"];
	"10.0.0.4 (via 7.7.7.7)" -> "A" [label="VXLAN 105 [0ms]"];

	"B" [label=<B<BR/><FONT POINT-SIZE="9">3 active / 0 paused / 3 total</FONT>>] [style=dashed, color=green];
	"A" -> "B" [label="VXLAN 102 [0ms]"];
	"A" -> "B" [label="VXLAN 106 [0ms]"];
	"C" -> "B" [label="VXLAN 104 [0ms]"];
	"D" -> "B" [label="VXLAN 108 [0ms]"];

	"C" [label=<C<BR/><FONT POINT-SIZE="9">1 active / 0 paused / 1 total</FONT>>] [style=solid, color=green];
	"10.0.0.2 (via 5.5.5.5)" -> "C" [label="VXLAN 103 [0ms]"];
	"10.0.0.5 (via 7.7.7.7)" -> "C" [label="VXLAN 109 [0ms]"];

	"D" [label=<D<BR/><FONT POINT-SIZE="9">1 active / 0 paused / 1 total</FONT>>] [style=solid, color=green];
	"10.0.0.3 (via 5.5.5.5)" -> "D" [label="VXLAN 107 [0ms]"];
}

test tests::multi_replica_comprehensive_register ... ok
Received proxy request for 'A'
1.1.1.1 acknowledged
5.5.5.5 acknowledged
2.2.2.2 acknowledged
1.1.1.1 acknowledged
Received proxy request for 'C'
3.3.3.3 acknowledged
5.5.5.5 acknowledged
4.4.4.4 acknowledged
3.3.3.3 acknowledged
Received proxy request for 'A'
1.1.1.1 acknowledged
7.7.7.7 acknowledged
2.2.2.2 acknowledged
1.1.1.1 acknowledged
Received proxy request for 'D'
6.6.6.6 acknowledged
5.5.5.5 acknowledged
2.2.2.2 acknowledged
6.6.6.6 acknowledged
Received proxy request for 'C'
3.3.3.3 acknowledged
7.7.7.7 acknowledged
--- start.dot ---
digraph G {
	bgcolor=grey10;
	node [color=white, fontcolor=white];
	edge [color=white, fontcolor=white, fontsize=9, labelangle=180, labeldistance=0.8];

	"A" [label=<A<BR/><FONT POINT-SIZE="9">2 active / 0 paused / 2 total</FONT>>] [style=solid, color=green];
	"10.0.0.1 (via 5.5.5.5)" -> "A" [label="VXLAN 101 [0ms]"];
	"10.0.0.4 (via 7.7.7.7)" -> "A" [label="VXLAN 105 [0ms]"];

	"B" [label=<B<BR/><FONT POINT-SIZE="9">3 active / 0 paused / 3 total</FONT>>] [style=dashed, color=green];
	"A" -> "B" [label="VXLAN 102 [0ms]"];
	"A" -> "B" [label="VXLAN 106 [0ms]"];
	"C" -> "B" [label="VXLAN 104 [0ms]"];
	"D" -> "B" [label="VXLAN 108 [0ms]"];

	"C" [label=<C<BR/><FONT POINT-SIZE="9">1 active / 0 paused / 1 total</FONT>>] [style=solid, color=green];
	"10.0.0.2 (via 5.5.5.5)" -> "C" [label="VXLAN 103 [0ms]"];
	"10.0.0.5 (via 7.7.7.7)" -> "C" [label="VXLAN 109 [0ms]"];

	"D" [label=<D<BR/><FONT POINT-SIZE="9">1 active / 0 paused / 1 total</FONT>>] [style=solid, color=green];
	"10.0.0.3 (via 5.5.5.5)" -> "D" [label="VXLAN 107 [0ms]"];
}

Sending network 102 teardown to client 1.1.1.1
Sending network 102 teardown to client 2.2.2.2
Sending network 101 teardown to client 5.5.5.5
Sending network 101 teardown to client 1.1.1.1
--- after_first_step_disconnect.dot ---
digraph G {
	bgcolor=grey10;
	node [color=white, fontcolor=white];
	edge [color=white, fontcolor=white, fontsize=9, labelangle=180, labeldistance=0.8];

	"A" [label=<A<BR/><FONT POINT-SIZE="9">1 active / 0 paused / 1 total</FONT>>] [style=solid, color=green];
	"10.0.0.4 (via 7.7.7.7)" -> "A" [label="VXLAN 105 [0ms]"];

	"B" [label=<B<BR/><FONT POINT-SIZE="9">3 active / 0 paused / 3 total</FONT>>] [style=dashed, color=green];
	"A" -> "B" [label="VXLAN 106 [0ms]"];
	"C" -> "B" [label="VXLAN 104 [0ms]"];
	"D" -> "B" [label="VXLAN 108 [0ms]"];

	"C" [label=<C<BR/><FONT POINT-SIZE="9">1 active / 0 paused / 1 total</FONT>>] [style=solid, color=green];
	"10.0.0.2 (via 5.5.5.5)" -> "C" [label="VXLAN 103 [0ms]"];
	"10.0.0.5 (via 7.7.7.7)" -> "C" [label="VXLAN 109 [0ms]"];

	"D" [label=<D<BR/><FONT POINT-SIZE="9">1 active / 0 paused / 1 total</FONT>>] [style=solid, color=green];
	"10.0.0.3 (via 5.5.5.5)" -> "D" [label="VXLAN 107 [0ms]"];
}

Network 102 teardown complete; ID released
Network 101 teardown complete; ID released
test tests::multi_replica_first_step_container_disconnect ... ok
Received proxy request for 'A'
1.1.1.1 acknowledged
5.5.5.5 acknowledged
2.2.2.2 acknowledged
1.1.1.1 acknowledged
Received proxy request for 'C'
3.3.3.3 acknowledged
5.5.5.5 acknowledged
4.4.4.4 acknowledged
3.3.3.3 acknowledged
Sending network 102 teardown to client 1.1.1.1
Sending network 101 teardown to client 5.5.5.5
Sending network 101 teardown to client 1.1.1.1
--- after_partial_disconnect.dot ---
digraph G {
	bgcolor=grey10;
	node [color=white, fontcolor=white];
	edge [color=white, fontcolor=white, fontsize=9, labelangle=180, labeldistance=0.8];

	"A" [label=<A<BR/><FONT POINT-SIZE="9">0 active / 0 paused / 2 total</FONT>>] [style=solid, color=green];

	"B" [label=<B<BR/><FONT POINT-SIZE="9">1 active / 0 paused / 1 total</FONT>>] [style=dashed, color=green];
	"C" -> "B" [label="VXLAN 104 [0ms]"];

	"C" [label=<C<BR/><FONT POINT-SIZE="9">1 active / 0 paused / 1 total</FONT>>] [style=solid, color=green];
	"10.0.0.2 (via 5.5.5.5)" -> "C" [label="VXLAN 103 [0ms]"];

	"D" [label=<D<BR/><FONT POINT-SIZE="9">0 active / 0 paused / 1 total</FONT>>] [style=solid, color=green];
}

Sending network 104 teardown to client 3.3.3.3
Sending network 103 teardown to client 5.5.5.5
Sending network 103 teardown to client 3.3.3.3
--- after_full_disconnect.dot ---
digraph G {
	bgcolor=grey10;
	node [color=white, fontcolor=white];
	edge [color=white, fontcolor=white, fontsize=9, labelangle=180, labeldistance=0.8];

	"A" [label=<A<BR/><FONT POINT-SIZE="9">0 active / 0 paused / 2 total</FONT>>] [style=solid, color=green];

	"B" [label=<B>] [style=dashed, color=red];

	"C" [label=<C<BR/><FONT POINT-SIZE="9">0 active / 0 paused / 1 total</FONT>>] [style=solid, color=green];

	"D" [label=<D<BR/><FONT POINT-SIZE="9">0 active / 0 paused / 1 total</FONT>>] [style=solid, color=green];
}

Network 102 teardown complete; ID released
Network 101 teardown complete; ID released
Network 103 teardown complete; ID released
Network 104 teardown complete; ID released
test tests::multi_replica_full_disconnect ... ok
Received proxy request for 'A'
1.1.1.1 acknowledged
5.5.5.5 acknowledged
2.2.2.2 acknowledged
1.1.1.1 acknowledged
Received proxy request for 'C'
3.3.3.3 acknowledged
5.5.5.5 acknowledged
4.4.4.4 acknowledged
3.3.3.3 acknowledged
test tests::multi_replica_least_clients ... ok
Received proxy request for 'A'
1.1.1.1 acknowledged
5.5.5.5 acknowledged
2.2.2.2 acknowledged
1.1.1.1 acknowledged
Received proxy request for 'C'
3.3.3.3 acknowledged
5.5.5.5 acknowledged
4.4.4.4 acknowledged
3.3.3.3 acknowledged
Sending network 102 teardown to client 1.1.1.1
Sending network 101 teardown to client 5.5.5.5
Sending network 101 teardown to client 1.1.1.1
--- after_partial_disconnect.dot ---
digraph G {
	bgcolor=grey10;
	node [color=white, fontcolor=white];
	edge [color=white, fontcolor=white, fontsize=9, labelangle=180, labeldistance=0.8];

	"A" [label=<A<BR/><FONT POINT-SIZE="9">0 active / 0 paused / 2 total</FONT>>] [style=solid, color=green];

	"B" [label=<B<BR/><FONT POINT-SIZE="9">1 active / 0 paused / 1 total</FONT>>] [style=dashed, color=green];
	"C" -> "B" [label="VXLAN 104 [0ms]"];

	"C" [label=<C<BR/><FONT POINT-SIZE="9">1 active / 0 paused / 1 total</FONT>>] [style=solid, color=green];
	"10.0.0.2 (via 5.5.5.5)" -> "C" [label="VXLAN 103 [0ms]"];

	"D" [label=<D<BR/><FONT POINT-SIZE="9">0 active / 0 paused / 1 total</FONT>>] [style=solid, color=green];
}

Network 102 teardown complete; ID released
Network 101 teardown complete; ID released
test tests::multi_replica_partial_disconnect ... ok
test tests::multi_replica_register ... ok
test tests::multi_replica_single_container_removed ... ok
Received proxy request for 'A'
1.1.1.1 acknowledged
5.5.5.5 acknowledged
2.2.2.2 acknowledged
1.1.1.1 acknowledged
test tests::multi_replica_sticky_session ... ok
test tests::multi_replica_via_services_list ... ok
Received proxy request for 'A'
1.1.1.1 acknowledged
5.5.5.5 acknowledged
2.2.2.2 acknowledged
1.1.1.1 acknowledged
3.3.3.3 acknowledged
2.2.2.2 acknowledged
Received proxy request for 'B'
1.1.1.1 acknowledged
5.5.5.5 acknowledged
3.3.3.3 acknowledged
1.1.1.1 acknowledged
Received proxy request for 'A'
1.1.1.1 acknowledged
6.6.6.6 acknowledged
--- start.dot ---
digraph G {
	bgcolor=grey10;
	node [color=white, fontcolor=white];
	edge [color=white, fontcolor=white, fontsize=9, labelangle=180, labeldistance=0.8];

	"A" [label=<A<BR/><FONT POINT-SIZE="9">1 active / 0 paused / 1 total</FONT>>] [style=solid, color=green];
	"10.0.0.1 (via 5.5.5.5)" -> "A" [label="VXLAN 101 [0ms]"];
	"10.0.0.2 (via 6.6.6.6)" -> "A" [label="VXLAN 106 [0ms]"];

	"B" [label=<B<BR/><FONT POINT-SIZE="9">1 active / 0 paused / 1 total</FONT>>] [style=solid, color=green];
	"10.0.0.1 (via 5.5.5.5)" -> "B" [label="VXLAN 104 [0ms]"];

	"C" [label=<C<BR/><FONT POINT-SIZE="9">1 active / 0 paused / 1 total</FONT>>] [style=dashed, color=green];
	"A" -> "C" [label="VXLAN 102 [0ms]"];

	"D" [label=<D<BR/><FONT POINT-SIZE="9">1 active / 0 paused / 1 total</FONT>>] [style=dashed, color=green];
	"B" -> "D" [label="VXLAN 105 [0ms]"];
	"C" -> "D" [label="VXLAN 103 [0ms]"];
}

Sending network 105 teardown to client 3.3.3.3
Sending network 104 teardown to client 5.5.5.5
Sending network 102 teardown to client 2.2.2.2
Sending network 103 teardown to client 2.2.2.2
Sending network 103 teardown to client 3.3.3.3
Sending network 101 teardown to client 5.5.5.5
Sending network 106 teardown to client 6.6.6.6
--- after_disconnect_A_B.dot ---
digraph G {
	bgcolor=grey10;
	node [color=white, fontcolor=white];
	edge [color=white, fontcolor=white, fontsize=9, labelangle=180, labeldistance=0.8];

	"A" [label=<A>] [style=solid, color=red];

	"B" [label=<B>] [style=solid, color=red];

	"C" [label=<C<BR/><FONT POINT-SIZE="9">0 active / 0 paused / 1 total</FONT>>] [style=dashed, color=green];

	"D" [label=<D<BR/><FONT POINT-SIZE="9">0 active / 0 paused / 1 total</FONT>>] [style=dashed, color=green];
}

Network 105 teardown complete; ID released
Network 104 teardown complete; ID released
Network 101 teardown complete; ID released
Network 102 teardown complete; ID released
Network 103 teardown complete; ID released
Network 106 teardown complete; ID released
test tests::node_disconnected_A_B ... ok
Received proxy request for 'A'
1.1.1.1 acknowledged
5.5.5.5 acknowledged
2.2.2.2 acknowledged
1.1.1.1 acknowledged
3.3.3.3 acknowledged
2.2.2.2 acknowledged
Received proxy request for 'B'
1.1.1.1 acknowledged
5.5.5.5 acknowledged
3.3.3.3 acknowledged
1.1.1.1 acknowledged
Received proxy request for 'A'
1.1.1.1 acknowledged
6.6.6.6 acknowledged
--- start.dot ---
digraph G {
	bgcolor=grey10;
	node [color=white, fontcolor=white];
	edge [color=white, fontcolor=white, fontsize=9, labelangle=180, labeldistance=0.8];

	"A" [label=<A<BR/><FONT POINT-SIZE="9">1 active / 0 paused / 1 total</FONT>>] [style=solid, color=green];
	"10.0.0.1 (via 5.5.5.5)" -> "A" [label="VXLAN 101 [0ms]"];
	"10.0.0.2 (via 6.6.6.6)" -> "A" [label="VXLAN 106 [0ms]"];

	"B" [label=<B<BR/><FONT POINT-SIZE="9">1 active / 0 paused / 1 total</FONT>>] [style=solid, color=green];
	"10.0.0.1 (via 5.5.5.5)" -> "B" [label="VXLAN 104 [0ms]"];

	"C" [label=<C<BR/><FONT POINT-SIZE="9">1 active / 0 paused / 1 total</FONT>>] [style=dashed, color=green];
	"A" -> "C" [label="VXLAN 102 [0ms]"];

	"D" [label=<D<BR/><FONT POINT-SIZE="9">1 active / 0 paused / 1 total</FONT>>] [style=dashed, color=green];
	"B" -> "D" [label="VXLAN 105 [0ms]"];
	"C" -> "D" [label="VXLAN 103 [0ms]"];
}

Sending network 102 teardown to client 1.1.1.1
Sending network 103 teardown to client 3.3.3.3
Sending network 106 teardown to client 6.6.6.6
Sending network 106 teardown to client 1.1.1.1
Sending network 101 teardown to client 5.5.5.5
Sending network 101 teardown to client 1.1.1.1
--- after_disconnect_C.dot ---
digraph G {
	bgcolor=grey10;
	node [color=white, fontcolor=white];
	edge [color=white, fontcolor=white, fontsize=9, labelangle=180, labeldistance=0.8];

	"A" [label=<A<BR/><FONT POINT-SIZE="9">0 active / 0 paused / 1 total</FONT>>] [style=solid, color=green];

	"B" [label=<B<BR/><FONT POINT-SIZE="9">1 active / 0 paused / 1 total</FONT>>] [style=solid, color=green];
	"10.0.0.1 (via 5.5.5.5)" -> "B" [label="VXLAN 104 [0ms]"];

	"C" [label=<C>] [style=dashed, color=red];

	"D" [label=<D<BR/><FONT POINT-SIZE="9">1 active / 0 paused / 1 total</FONT>>] [style=dashed, color=green];
	"B" -> "D" [label="VXLAN 105 [0ms]"];
}

test tests::node_disconnected_C ... ok
Received proxy request for 'A'
1.1.1.1 acknowledged
5.5.5.5 acknowledged
2.2.2.2 acknowledged
1.1.1.1 acknowledged
3.3.3.3 acknowledged
2.2.2.2 acknowledged
Received proxy request for 'B'
1.1.1.1 acknowledged
5.5.5.5 acknowledged
3.3.3.3 acknowledged
1.1.1.1 acknowledged
Received proxy request for 'A'
1.1.1.1 acknowledged
6.6.6.6 acknowledged
--- start.dot ---
digraph G {
	bgcolor=grey10;
	node [color=white, fontcolor=white];
	edge [color=white, fontcolor=white, fontsize=9, labelangle=180, labeldistance=0.8];

	"A" [label=<A<BR/><FONT POINT-SIZE="9">1 active / 0 paused / 1 total</FONT>>] [style=solid, color=green];
	"10.0.0.1 (via 5.5.5.5)" -> "A" [label="VXLAN 101 [0ms]"];
	"10.0.0.2 (via 6.6.6.6)" -> "A" [label="VXLAN 106 [0ms]"];

	"B" [label=<B<BR/><FONT POINT-SIZE="9">1 active / 0 paused / 1 total</FONT>>] [style=solid, color=green];
	"10.0.0.1 (via 5.5.5.5)" -> "B" [label="VXLAN 104 [0ms]"];

	"C" [label=<C<BR/><FONT POINT-SIZE="9">1 active / 0 paused / 1 total</FONT>>] [style=dashed, color=green];
	"A" -> "C" [label="VXLAN 102 [0ms]"];

	"D" [label=<D<BR/><FONT POINT-SIZE="9">1 active / 0 paused / 1 total</FONT>>] [style=dashed, color=green];
	"B" -> "D" [label="VXLAN 105 [0ms]"];
	"C" -> "D" [label="VXLAN 103 [0ms]"];
}

Sending network 102 teardown to client 1.1.1.1
Sending network 102 teardown to client 2.2.2.2
Sending network 103 teardown to client 2.2.2.2
Sending network 101 teardown to client 5.5.5.5
Sending network 101 teardown to client 1.1.1.1
Sending network 106 teardown to client 6.6.6.6
Sending network 106 teardown to client 1.1.1.1
Sending network 105 teardown to client 1.1.1.1
Sending network 104 teardown to client 5.5.5.5
Sending network 104 teardown to client 1.1.1.1
--- after_disconnect_D.dot ---
digraph G {
	bgcolor=grey10;
	node [color=white, fontcolor=white];
	edge [color=white, fontcolor=white, fontsize=9, labelangle=180, labeldistance=0.8];

	"A" [label=<A<BR/><FONT POINT-SIZE="9">0 active / 0 paused / 1 total</FONT>>] [style=solid, color=green];

	"B" [label=<B<BR/><FONT POINT-SIZE="9">0 active / 0 paused / 1 total</FONT>>] [style=solid, color=green];

	"C" [label=<C<BR/><FONT POINT-SIZE="9">0 active / 0 paused / 1 total</FONT>>] [style=dashed, color=green];

	"D" [label=<D>] [style=dashed, color=red];
}

test tests::node_disconnected_D ... ok
Received proxy request for 'A'
1.1.1.1 acknowledged
5.5.5.5 acknowledged
2.2.2.2 acknowledged
1.1.1.1 acknowledged
3.3.3.3 acknowledged
2.2.2.2 acknowledged
Received proxy request for 'B'
1.1.1.1 acknowledged
5.5.5.5 acknowledged
3.3.3.3 acknowledged
1.1.1.1 acknowledged
Received proxy request for 'A'
1.1.1.1 acknowledged
6.6.6.6 acknowledged
--- start.dot ---
digraph G {
	bgcolor=grey10;
	node [color=white, fontcolor=white];
	edge [color=white, fontcolor=white, fontsize=9, labelangle=180, labeldistance=0.8];

	"A" [label=<A<BR/><FONT POINT-SIZE="9">1 active / 0 paused / 1 total</FONT>>] [style=solid, color=green];
	"10.0.0.1 (via 5.5.5.5)" -> "A" [label="VXLAN 101 [0ms]"];
	"10.0.0.2 (via 6.6.6.6)" -> "A" [label="VXLAN 106 [0ms]"];

	"B" [label=<B<BR/><FONT POINT-SIZE="9">1 active / 0 paused / 1 total</FONT>>] [style=solid, color=green];
	"10.0.0.1 (via 5.5.5.5)" -> "B" [label="VXLAN 104 [0ms]"];

	"C" [label=<C<BR/><FONT POINT-SIZE="9">1 active / 0 paused / 1 total</FONT>>] [style=dashed, color=green];
	"A" -> "C" [label="VXLAN 102 [0ms]"];

	"D" [label=<D<BR/><FONT POINT-SIZE="9">1 active / 0 paused / 1 total</FONT>>] [style=dashed, color=green];
	"B" -> "D" [label="VXLAN 105 [0ms]"];
	"C" -> "D" [label="VXLAN 103 [0ms]"];
}

Sending network 101 teardown to client 1.1.1.1
Sending network 105 teardown to client 1.1.1.1
Sending network 105 teardown to client 3.3.3.3
Sending network 104 teardown to client 1.1.1.1
--- after_disconnect_proxy1.dot ---
digraph G {
	bgcolor=grey10;
	node [color=white, fontcolor=white];
	edge [color=white, fontcolor=white, fontsize=9, labelangle=180, labeldistance=0.8];

	"A" [label=<A<BR/><FONT POINT-SIZE="9">1 active / 0 paused / 1 total</FONT>>] [style=solid, color=green];
	"10.0.0.2 (via 6.6.6.6)" -> "A" [label="VXLAN 106 [0ms]"];

	"B" [label=<B<BR/><FONT POINT-SIZE="9">0 active / 0 paused / 1 total</FONT>>] [style=solid, color=green];

	"C" [label=<C<BR/><FONT POINT-SIZE="9">1 active / 0 paused / 1 total</FONT>>] [style=dashed, color=green];
	"A" -> "C" [label="VXLAN 102 [0ms]"];

	"D" [label=<D<BR/><FONT POINT-SIZE="9">1 active / 0 paused / 1 total</FONT>>] [style=dashed, color=green];
	"C" -> "D" [label="VXLAN 103 [0ms]"];
}

Network 101 teardown complete; ID released
Network 105 teardown complete; ID released
Network 104 teardown complete; ID released
test tests::node_disconnected_proxy1 ... ok
test tests::node_hosting_no_trigger_service_gets_nothing ... ok
Received proxy request for 'A'
1.1.1.1 acknowledged
5.5.5.5 acknowledged
3.3.3.3 acknowledged
1.1.1.1 acknowledged
4.4.4.4 acknowledged
3.3.3.3 acknowledged
Received proxy request for 'B'
2.2.2.2 acknowledged
5.5.5.5 acknowledged
4.4.4.4 acknowledged
2.2.2.2 acknowledged
Received proxy request for 'A'
1.1.1.1 acknowledged
6.6.6.6 acknowledged
--- start.dot ---
digraph G {
	bgcolor=grey10;
	node [color=white, fontcolor=white];
	edge [color=white, fontcolor=white, fontsize=9, labelangle=180, labeldistance=0.8];

	"A" [label=<A<BR/><FONT POINT-SIZE="9">1 active / 0 paused / 1 total</FONT>>] [style=solid, color=green];
	"10.0.0.1 (via 5.5.5.5)" -> "A" [label="VXLAN 101 [0ms]"];
	"10.0.0.2 (via 6.6.6.6)" -> "A" [label="VXLAN 106 [0ms]"];

	"B" [label=<B<BR/><FONT POINT-SIZE="9">1 active / 0 paused / 1 total</FONT>>] [style=solid, color=green];
	"10.0.0.1 (via 5.5.5.5)" -> "B" [label="VXLAN 104 [0ms]"];

	"C" [label=<C<BR/><FONT POINT-SIZE="9">1 active / 0 paused / 1 total</FONT>>] [style=dashed, color=green];
	"A" -> "C" [label="VXLAN 102 [0ms]"];

	"D" [label=<D<BR/><FONT POINT-SIZE="9">1 active / 0 paused / 1 total</FONT>>] [style=dashed, color=green];
	"B" -> "D" [label="VXLAN 105 [0ms]"];
	"C" -> "D" [label="VXLAN 103 [0ms]"];
}

Received proxy request for 'A'
'10.0.0.1' ---> 'A' is already set up
Proxy client '10.0.0.1 (via 5.5.5.5)' timed out on service 'A'
[ERROR] [members/nullnet-server/src/db/events.rs:49] injected persistent failure
test tests::autonomous_trigger_chain_is_never_reaped_on_idle ... ok
Suspending container 'dep_c' on 1.1.1.1
Suspending container 'source_c' on 1.1.1.1
Received backend trigger for 'source' (port 80) from 1.1.1.1 (container: source_c)
[trigger] triggers map for 'source': {80: "dep"}; first_dep for port 80: Some("dep")
Resuming container 'source_c' on 1.1.1.1
[trigger] dispatching net_chain_setup for 'source' port 80 (1 hop(s))
Resuming container 'dep_c' on 1.1.1.1
1.1.1.1 acknowledged
1.1.1.1 acknowledged
[trigger] net_chain_setup completed for 'source' port 80
test tests::pausable_backend_source_resumes_and_stays_running_while_held ... ok
Suspending container 'svc_c1' on 1.1.1.1
Resuming container 'svc_c1' on 1.1.1.1
test tests::pausable_defaults_off_and_live_toggle_resumes ... ok
Suspending container 'shared' on 1.1.1.1
Suspending container 'shared' on 1.1.1.1
Resuming container 'shared' on 1.1.1.1
Resuming container 'shared' on 1.1.1.1
test tests::pausable_shared_container_does_not_pause_during_alias_resume ... ok
test tests::pausable_shared_container_requires_all_declarations_to_opt_in ... ok
Suspending container 'svc_c1' on 1.1.1.1
Suspending container 'svc_c1' on 1.1.1.1
test tests::pausable_survives_last_replica_disappearing ... ok
Suspending container 'svc_c1' on 1.1.1.1
Resuming container 'svc_c1' on 1.1.1.1
test tests::pausable_unacknowledged_policy_resume_does_not_lock_services ... ok
Suspending container 'dep_c' on 1.1.1.1
Suspending container 'source_c' on 1.1.1.1
Received backend trigger for 'source' (port 80) from 1.1.1.1 (container: source_c)
[trigger] triggers map for 'source': {80: "dep"}; first_dep for port 80: Some("dep")
Resuming container 'source_c' on 1.1.1.1
[trigger] dispatching net_chain_setup for 'source' port 80 (1 hop(s))
Resuming container 'dep_c' on 1.1.1.1
1.1.1.1 acknowledged
1.1.1.1 acknowledged
[trigger] net_chain_setup completed for 'source' port 80
test tests::pausable_unacknowledged_trigger_resume_does_not_lock_services ... ok
Received proxy request for 'A'
1.1.1.1 acknowledged
5.5.5.5 acknowledged
2.2.2.2 acknowledged
1.1.1.1 acknowledged
4.4.4.4 acknowledged
1.1.1.1 acknowledged
3.3.3.3 acknowledged
2.2.2.2 acknowledged
Sending network 102 teardown to client 1.1.1.1
Sending network 102 teardown to client 2.2.2.2
Sending network 104 teardown to client 2.2.2.2
Sending network 104 teardown to client 3.3.3.3
Sending network 103 teardown to client 1.1.1.1
Sending network 103 teardown to client 4.4.4.4
Sending network 101 teardown to client 5.5.5.5
Sending network 101 teardown to client 1.1.1.1
Network 102 teardown complete; ID released
Network 103 teardown complete; ID released
Network 104 teardown complete; ID released
Network 101 teardown complete; ID released
test tests::proxy_branches_remove_A_tears_down_both ... ok
Received proxy request for 'A'
1.1.1.1 acknowledged
5.5.5.5 acknowledged
2.2.2.2 acknowledged
1.1.1.1 acknowledged
4.4.4.4 acknowledged
1.1.1.1 acknowledged
3.3.3.3 acknowledged
2.2.2.2 acknowledged
test tests::proxy_branches_setup_fans_out ... ok
Suspending container 'svc_c1' on 1.1.1.1
Received proxy request for 'svc'
Resuming container 'svc_c1' on 1.1.1.1
1.1.1.1 acknowledged
5.5.5.5 acknowledged
test tests::proxy_request_resumes_suspended_replica ... ok
Received proxy request for 'A'
1.1.1.1 acknowledged
5.5.5.5 acknowledged
3.3.3.3 acknowledged
1.1.1.1 acknowledged
4.4.4.4 acknowledged
3.3.3.3 acknowledged
Received proxy request for 'B'
2.2.2.2 acknowledged
5.5.5.5 acknowledged
4.4.4.4 acknowledged
2.2.2.2 acknowledged
Received proxy request for 'A'
1.1.1.1 acknowledged
6.6.6.6 acknowledged
--- start.dot ---
digraph G {
	bgcolor=grey10;
	node [color=white, fontcolor=white];
	edge [color=white, fontcolor=white, fontsize=9, labelangle=180, labeldistance=0.8];

	"A" [label=<A<BR/><FONT POINT-SIZE="9">1 active / 0 paused / 1 total</FONT>>] [style=solid, color=green];
	"10.0.0.1 (via 5.5.5.5)" -> "A" [label="VXLAN 101 [0ms]"];
	"10.0.0.2 (via 6.6.6.6)" -> "A" [label="VXLAN 106 [0ms]"];

	"B" [label=<B<BR/><FONT POINT-SIZE="9">1 active / 0 paused / 1 total</FONT>>] [style=solid, color=green];
	"10.0.0.1 (via 5.5.5.5)" -> "B" [label="VXLAN 104 [0ms]"];

	"C" [label=<C<BR/><FONT POINT-SIZE="9">1 active / 0 paused / 1 total</FONT>>] [style=dashed, color=green];
	"A" -> "C" [label="VXLAN 102 [0ms]"];

	"D" [label=<D<BR/><FONT POINT-SIZE="9">1 active / 0 paused / 1 total</FONT>>] [style=dashed, color=green];
	"B" -> "D" [label="VXLAN 105 [0ms]"];
	"C" -> "D" [label="VXLAN 103 [0ms]"];
}

Proxy client '10.0.0.2 (via 6.6.6.6)' timed out on service 'A'
Sending network 106 teardown to client 6.6.6.6
Sending network 106 teardown to client 1.1.1.1
Network 106 teardown complete; ID released
Proxy client '10.0.0.2 (via 5.5.5.5)' timed out on service 'A'
Sending network 102 teardown to client 1.1.1.1
Sending network 102 teardown to client 2.2.2.2
Sending network 101 teardown to client 5.5.5.5
Sending network 101 teardown to client 1.1.1.1
Network 102 teardown complete; ID released
Network 101 teardown complete; ID released
test tests::clients_sharing_a_net_id_each_close_their_own_row ... ok
Received proxy request for 'A'
1.1.1.1 acknowledged
5.5.5.5 acknowledged
3.3.3.3 acknowledged
1.1.1.1 acknowledged
4.4.4.4 acknowledged
3.3.3.3 acknowledged
Received proxy request for 'B'
2.2.2.2 acknowledged
5.5.5.5 acknowledged
4.4.4.4 acknowledged
2.2.2.2 acknowledged
Received proxy request for 'A'
1.1.1.1 acknowledged
6.6.6.6 acknowledged
--- start.dot ---
digraph G {
	bgcolor=grey10;
	node [color=white, fontcolor=white];
	edge [color=white, fontcolor=white, fontsize=9, labelangle=180, labeldistance=0.8];

	"A" [label=<A<BR/><FONT POINT-SIZE="9">1 active / 0 paused / 1 total</FONT>>] [style=solid, color=green];
	"10.0.0.1 (via 5.5.5.5)" -> "A" [label="VXLAN 101 [0ms]"];
	"10.0.0.2 (via 6.6.6.6)" -> "A" [label="VXLAN 106 [0ms]"];

	"B" [label=<B<BR/><FONT POINT-SIZE="9">1 active / 0 paused / 1 total</FONT>>] [style=solid, color=green];
	"10.0.0.1 (via 5.5.5.5)" -> "B" [label="VXLAN 104 [0ms]"];

	"C" [label=<C<BR/><FONT POINT-SIZE="9">1 active / 0 paused / 1 total</FONT>>] [style=dashed, color=green];
	"A" -> "C" [label="VXLAN 102 [0ms]"];

	"D" [label=<D<BR/><FONT POINT-SIZE="9">1 active / 0 paused / 1 total</FONT>>] [style=dashed, color=green];
	"B" -> "D" [label="VXLAN 105 [0ms]"];
	"C" -> "D" [label="VXLAN 103 [0ms]"];
}

Received proxy request for 'A'
--- after_reuse.dot ---
digraph G {
	bgcolor=grey10;
	node [color=white, fontcolor=white];
	edge [color=white, fontcolor=white, fontsize=9, labelangle=180, labeldistance=0.8];

	"A" [label=<A<BR/><FONT POINT-SIZE="9">1 active / 0 paused / 1 total</FONT>>] [style=solid, color=green];
	"10.0.0.1 (via 5.5.5.5)" -> "A" [label="VXLAN 101 [0ms]"];
	"10.0.0.2 (via 5.5.5.5)" -> "A" [label="VXLAN 101 [0ms]"];

	"B" [label=<B<BR/><FONT POINT-SIZE="9">1 active / 0 paused / 1 total</FONT>>] [style=dashed, color=green];
	"A" -> "B" [label="VXLAN 102 [0ms]"];
}

Proxy client '10.0.0.1 (via 5.5.5.5)' timed out on service 'A'
--- after_first_timeout.dot ---
digraph G {
	bgcolor=grey10;
	node [color=white, fontcolor=white];
	edge [color=white, fontcolor=white, fontsize=9, labelangle=180, labeldistance=0.8];

	"A" [label=<A<BR/><FONT POINT-SIZE="9">1 active / 0 paused / 1 total</FONT>>] [style=solid, color=green];
	"10.0.0.2 (via 5.5.5.5)" -> "A" [label="VXLAN 101 [0ms]"];

	"B" [label=<B<BR/><FONT POINT-SIZE="9">1 active / 0 paused / 1 total</FONT>>] [style=dashed, color=green];
	"A" -> "B" [label="VXLAN 102 [0ms]"];
}

Event persistence shutdown exceeded 5s; remaining queued events may be lost
test db::events::tests::event_shutdown_is_bounded_during_persistent_failure ... ok
Received proxy request for 'A'
1.1.1.1 acknowledged
5.5.5.5 acknowledged
3.3.3.3 acknowledged
1.1.1.1 acknowledged
4.4.4.4 acknowledged
3.3.3.3 acknowledged
Received proxy request for 'B'
2.2.2.2 acknowledged
5.5.5.5 acknowledged
4.4.4.4 acknowledged
2.2.2.2 acknowledged
Received proxy request for 'A'
1.1.1.1 acknowledged
6.6.6.6 acknowledged
--- start.dot ---
digraph G {
	bgcolor=grey10;
	node [color=white, fontcolor=white];
	edge [color=white, fontcolor=white, fontsize=9, labelangle=180, labeldistance=0.8];

	"A" [label=<A<BR/><FONT POINT-SIZE="9">1 active / 0 paused / 1 total</FONT>>] [style=solid, color=green];
	"10.0.0.1 (via 5.5.5.5)" -> "A" [label="VXLAN 101 [0ms]"];
	"10.0.0.2 (via 6.6.6.6)" -> "A" [label="VXLAN 106 [0ms]"];

	"B" [label=<B<BR/><FONT POINT-SIZE="9">1 active / 0 paused / 1 total</FONT>>] [style=solid, color=green];
	"10.0.0.1 (via 5.5.5.5)" -> "B" [label="VXLAN 104 [0ms]"];

	"C" [label=<C<BR/><FONT POINT-SIZE="9">1 active / 0 paused / 1 total</FONT>>] [style=dashed, color=green];
	"A" -> "C" [label="VXLAN 102 [0ms]"];

	"D" [label=<D<BR/><FONT POINT-SIZE="9">1 active / 0 paused / 1 total</FONT>>] [style=dashed, color=green];
	"B" -> "D" [label="VXLAN 105 [0ms]"];
	"C" -> "D" [label="VXLAN 103 [0ms]"];
}

Proxy client '10.0.0.1 (via 5.5.5.5)' timed out on service 'A'
Sending network 101 teardown to client 5.5.5.5
Sending network 101 teardown to client 1.1.1.1
Proxy client '10.0.0.2 (via 6.6.6.6)' timed out on service 'A'
Sending network 102 teardown to client 1.1.1.1
Sending network 102 teardown to client 3.3.3.3
Sending network 103 teardown to client 3.3.3.3
Sending network 103 teardown to client 4.4.4.4
Sending network 106 teardown to client 6.6.6.6
Sending network 106 teardown to client 1.1.1.1
--- after_timeout_A.dot ---
digraph G {
	bgcolor=grey10;
	node [color=white, fontcolor=white];
	edge [color=white, fontcolor=white, fontsize=9, labelangle=180, labeldistance=0.8];

	"A" [label=<A<BR/><FONT POINT-SIZE="9">0 active / 0 paused / 1 total</FONT>>] [style=solid, color=green];

	"B" [label=<B<BR/><FONT POINT-SIZE="9">1 active / 0 paused / 1 total</FONT>>] [style=solid, color=green];
	"10.0.0.1 (via 5.5.5.5)" -> "B" [label="VXLAN 104 [0ms]"];

	"C" [label=<C<BR/><FONT POINT-SIZE="9">0 active / 0 paused / 1 total</FONT>>] [style=dashed, color=green];

	"D" [label=<D<BR/><FONT POINT-SIZE="9">1 active / 0 paused / 1 total</FONT>>] [style=dashed, color=green];
	"B" -> "D" [label="VXLAN 105 [0ms]"];
}

test tests::proxy_timeout_A ... ok
Received proxy request for 'A'
1.1.1.1 acknowledged
5.5.5.5 acknowledged
3.3.3.3 acknowledged
1.1.1.1 acknowledged
4.4.4.4 acknowledged
3.3.3.3 acknowledged
Received proxy request for 'B'
2.2.2.2 acknowledged
5.5.5.5 acknowledged
4.4.4.4 acknowledged
2.2.2.2 acknowledged
Received proxy request for 'A'
1.1.1.1 acknowledged
6.6.6.6 acknowledged
--- start.dot ---
digraph G {
	bgcolor=grey10;
	node [color=white, fontcolor=white];
	edge [color=white, fontcolor=white, fontsize=9, labelangle=180, labeldistance=0.8];

	"A" [label=<A<BR/><FONT POINT-SIZE="9">1 active / 0 paused / 1 total</FONT>>] [style=solid, color=green];
	"10.0.0.1 (via 5.5.5.5)" -> "A" [label="VXLAN 101 [0ms]"];
	"10.0.0.2 (via 6.6.6.6)" -> "A" [label="VXLAN 106 [0ms]"];

	"B" [label=<B<BR/><FONT POINT-SIZE="9">1 active / 0 paused / 1 total</FONT>>] [style=solid, color=green];
	"10.0.0.1 (via 5.5.5.5)" -> "B" [label="VXLAN 104 [0ms]"];

	"C" [label=<C<BR/><FONT POINT-SIZE="9">1 active / 0 paused / 1 total</FONT>>] [style=dashed, color=green];
	"A" -> "C" [label="VXLAN 102 [0ms]"];

	"D" [label=<D<BR/><FONT POINT-SIZE="9">1 active / 0 paused / 1 total</FONT>>] [style=dashed, color=green];
	"B" -> "D" [label="VXLAN 105 [0ms]"];
	"C" -> "D" [label="VXLAN 103 [0ms]"];
}

Proxy client '10.0.0.1 (via 5.5.5.5)' timed out on service 'A'
Sending network 102 teardown to client 1.1.1.1
Sending network 102 teardown to client 3.3.3.3
Sending network 103 teardown to client 3.3.3.3
Sending network 103 teardown to client 4.4.4.4
Sending network 101 teardown to client 5.5.5.5
Sending network 101 teardown to client 1.1.1.1
test tests::open_connection_pins_client_past_timeout ... ok
Received proxy request for 'A'
1.1.1.1 acknowledged
5.5.5.5 acknowledged
3.3.3.3 acknowledged
1.1.1.1 acknowledged
4.4.4.4 acknowledged
3.3.3.3 acknowledged
Received proxy request for 'B'
2.2.2.2 acknowledged
5.5.5.5 acknowledged
4.4.4.4 acknowledged
2.2.2.2 acknowledged
Received proxy request for 'A'
1.1.1.1 acknowledged
6.6.6.6 acknowledged
--- start.dot ---
digraph G {
	bgcolor=grey10;
	node [color=white, fontcolor=white];
	edge [color=white, fontcolor=white, fontsize=9, labelangle=180, labeldistance=0.8];

	"A" [label=<A<BR/><FONT POINT-SIZE="9">1 active / 0 paused / 1 total</FONT>>] [style=solid, color=green];
	"10.0.0.1 (via 5.5.5.5)" -> "A" [label="VXLAN 101 [0ms]"];
	"10.0.0.2 (via 6.6.6.6)" -> "A" [label="VXLAN 106 [0ms]"];

	"B" [label=<B<BR/><FONT POINT-SIZE="9">1 active / 0 paused / 1 total</FONT>>] [style=solid, color=green];
	"10.0.0.1 (via 5.5.5.5)" -> "B" [label="VXLAN 104 [0ms]"];

	"C" [label=<C<BR/><FONT POINT-SIZE="9">1 active / 0 paused / 1 total</FONT>>] [style=dashed, color=green];
	"A" -> "C" [label="VXLAN 102 [0ms]"];

	"D" [label=<D<BR/><FONT POINT-SIZE="9">1 active / 0 paused / 1 total</FONT>>] [style=dashed, color=green];
	"B" -> "D" [label="VXLAN 105 [0ms]"];
	"C" -> "D" [label="VXLAN 103 [0ms]"];
}

Proxy client '10.0.0.2 (via 6.6.6.6)' timed out on service 'A'
Sending network 106 teardown to client 6.6.6.6
Sending network 106 teardown to client 1.1.1.1
Proxy client '10.0.0.1 (via 5.5.5.5)' timed out on service 'A'
Sending network 102 teardown to client 1.1.1.1
Sending network 102 teardown to client 3.3.3.3
Sending network 103 teardown to client 3.3.3.3
Sending network 103 teardown to client 4.4.4.4
Sending network 101 teardown to client 5.5.5.5
Sending network 101 teardown to client 1.1.1.1
--- after_timeout_A.dot ---
digraph G {
	bgcolor=grey10;
	node [color=white, fontcolor=white];
	edge [color=white, fontcolor=white, fontsize=9, labelangle=180, labeldistance=0.8];

	"A" [label=<A<BR/><FONT POINT-SIZE="9">0 active / 0 paused / 1 total</FONT>>] [style=solid, color=green];

	"B" [label=<B<BR/><FONT POINT-SIZE="9">1 active / 0 paused / 1 total</FONT>>] [style=solid, color=green];
	"10.0.0.1 (via 5.5.5.5)" -> "B" [label="VXLAN 104 [0ms]"];

	"C" [label=<C<BR/><FONT POINT-SIZE="9">0 active / 0 paused / 1 total</FONT>>] [style=dashed, color=green];

	"D" [label=<D<BR/><FONT POINT-SIZE="9">1 active / 0 paused / 1 total</FONT>>] [style=dashed, color=green];
	"B" -> "D" [label="VXLAN 105 [0ms]"];
}

Network 106 teardown complete; ID released
Network 102 teardown complete; ID released
Network 103 teardown complete; ID released
Network 101 teardown complete; ID released
Proxy client '10.0.0.2 (via 5.5.5.5)' timed out on service 'A'
Sending network 102 teardown to client 1.1.1.1
Sending network 102 teardown to client 2.2.2.2
Sending network 101 teardown to client 5.5.5.5
Sending network 101 teardown to client 1.1.1.1
--- after_second_timeout.dot ---
digraph G {
	bgcolor=grey10;
	node [color=white, fontcolor=white];
	edge [color=white, fontcolor=white, fontsize=9, labelangle=180, labeldistance=0.8];

	"A" [label=<A<BR/><FONT POINT-SIZE="9">0 active / 0 paused / 1 total</FONT>>] [style=solid, color=green];

	"B" [label=<B<BR/><FONT POINT-SIZE="9">0 active / 0 paused / 1 total</FONT>>] [style=dashed, color=green];
}

Network 102 teardown complete; ID released
Network 101 teardown complete; ID released
test tests::max_networks_reuse_lifecycle ... ok
Received proxy request for 'A'
1.1.1.1 acknowledged
6.6.6.6 acknowledged
2.2.2.2 acknowledged
1.1.1.1 acknowledged
3.3.3.3 acknowledged
2.2.2.2 acknowledged
Received proxy request for 'D'
4.4.4.4 acknowledged
6.6.6.6 acknowledged
5.5.5.5 acknowledged
4.4.4.4 acknowledged
Received proxy request for 'B'
2.2.2.2 acknowledged
7.7.7.7 acknowledged
--- start.dot ---
digraph G {
	bgcolor=grey10;
	node [color=white, fontcolor=white];
	edge [color=white, fontcolor=white, fontsize=9, labelangle=180, labeldistance=0.8];

	"A" [label=<A<BR/><FONT POINT-SIZE="9">1 active / 0 paused / 1 total</FONT>>] [style=solid, color=green];
	"10.0.0.1 (via 6.6.6.6)" -> "A" [label="VXLAN 101 [0ms]"];

	"B" [label=<B<BR/><FONT POINT-SIZE="9">1 active / 0 paused / 1 total</FONT>>] [style=solid, color=green];
	"10.0.0.2 (via 7.7.7.7)" -> "B" [label="VXLAN 106 [0ms]"];
	"A" -> "B" [label="VXLAN 102 [0ms]"];

	"C" [label=<C<BR/><FONT POINT-SIZE="9">1 active / 0 paused / 1 total</FONT>>] [style=dashed, color=green];
	"B" -> "C" [label="VXLAN 103 [0ms]"];

	"D" [label=<D<BR/><FONT POINT-SIZE="9">1 active / 0 paused / 1 total</FONT>>] [style=solid, color=green];
	"10.0.0.1 (via 6.6.6.6)" -> "D" [label="VXLAN 104 [0ms]"];

	"E" [label=<E<BR/><FONT POINT-SIZE="9">1 active / 0 paused / 1 total</FONT>>] [style=dashed, color=green];
	"D" -> "E" [label="VXLAN 105 [0ms]"];
}

Sending network 106 teardown to client 7.7.7.7
Sending network 106 teardown to client 2.2.2.2
--- after_unreachable_B.dot ---
digraph G {
	bgcolor=grey10;
	node [color=white, fontcolor=white];
	edge [color=white, fontcolor=white, fontsize=9, labelangle=180, labeldistance=0.8];

	"A" [label=<A<BR/><FONT POINT-SIZE="9">1 active / 0 paused / 1 total</FONT>>] [style=solid, color=green];
	"10.0.0.1 (via 6.6.6.6)" -> "A" [label="VXLAN 101 [0ms]"];

	"B" [label=<B<BR/><FONT POINT-SIZE="9">1 active / 0 paused / 1 total</FONT>>] [style=dashed, color=green];
	"A" -> "B" [label="VXLAN 102 [0ms]"];

	"C" [label=<C<BR/><FONT POINT-SIZE="9">1 active / 0 paused / 1 total</FONT>>] [style=dashed, color=green];
	"B" -> "C" [label="VXLAN 103 [0ms]"];

	"D" [label=<D<BR/><FONT POINT-SIZE="9">1 active / 0 paused / 1 total</FONT>>] [style=solid, color=green];
	"10.0.0.1 (via 6.6.6.6)" -> "D" [label="VXLAN 104 [0ms]"];

	"E" [label=<E<BR/><FONT POINT-SIZE="9">1 active / 0 paused / 1 total</FONT>>] [style=dashed, color=green];
	"D" -> "E" [label="VXLAN 105 [0ms]"];
}

test tests::reachability_changed_unreachable_B ... ok
Received proxy request for 'A'
1.1.1.1 acknowledged
6.6.6.6 acknowledged
2.2.2.2 acknowledged
1.1.1.1 acknowledged
3.3.3.3 acknowledged
2.2.2.2 acknowledged
Received proxy request for 'D'
4.4.4.4 acknowledged
6.6.6.6 acknowledged
5.5.5.5 acknowledged
4.4.4.4 acknowledged
Received proxy request for 'B'
2.2.2.2 acknowledged
7.7.7.7 acknowledged
--- start.dot ---
digraph G {
	bgcolor=grey10;
	node [color=white, fontcolor=white];
	edge [color=white, fontcolor=white, fontsize=9, labelangle=180, labeldistance=0.8];

	"A" [label=<A<BR/><FONT POINT-SIZE="9">1 active / 0 paused / 1 total</FONT>>] [style=solid, color=green];
	"10.0.0.1 (via 6.6.6.6)" -> "A" [label="VXLAN 101 [0ms]"];

	"B" [label=<B<BR/><FONT POINT-SIZE="9">1 active / 0 paused / 1 total</FONT>>] [style=solid, color=green];
	"10.0.0.2 (via 7.7.7.7)" -> "B" [label="VXLAN 106 [0ms]"];
	"A" -> "B" [label="VXLAN 102 [0ms]"];

	"C" [label=<C<BR/><FONT POINT-SIZE="9">1 active / 0 paused / 1 total</FONT>>] [style=dashed, color=green];
	"B" -> "C" [label="VXLAN 103 [0ms]"];

	"D" [label=<D<BR/><FONT POINT-SIZE="9">1 active / 0 paused / 1 total</FONT>>] [style=solid, color=green];
	"10.0.0.1 (via 6.6.6.6)" -> "D" [label="VXLAN 104 [0ms]"];

	"E" [label=<E<BR/><FONT POINT-SIZE="9">1 active / 0 paused / 1 total</FONT>>] [style=dashed, color=green];
	"D" -> "E" [label="VXLAN 105 [0ms]"];
}

Sending network 105 teardown to client 4.4.4.4
Sending network 105 teardown to client 5.5.5.5
Sending network 104 teardown to client 6.6.6.6
Sending network 104 teardown to client 4.4.4.4
--- after_unreachable_D.dot ---
digraph G {
	bgcolor=grey10;
	node [color=white, fontcolor=white];
	edge [color=white, fontcolor=white, fontsize=9, labelangle=180, labeldistance=0.8];

	"A" [label=<A<BR/><FONT POINT-SIZE="9">1 active / 0 paused / 1 total</FONT>>] [style=solid, color=green];
	"10.0.0.1 (via 6.6.6.6)" -> "A" [label="VXLAN 101 [0ms]"];

	"B" [label=<B<BR/><FONT POINT-SIZE="9">1 active / 0 paused / 1 total</FONT>>] [style=solid, color=green];
	"10.0.0.2 (via 7.7.7.7)" -> "B" [label="VXLAN 106 [0ms]"];
	"A" -> "B" [label="VXLAN 102 [0ms]"];

	"C" [label=<C<BR/><FONT POINT-SIZE="9">1 active / 0 paused / 1 total</FONT>>] [style=dashed, color=green];
	"B" -> "C" [label="VXLAN 103 [0ms]"];
}

test tests::reachability_changed_unreachable_D ... ok
Received proxy request for 'A'
1.1.1.1 acknowledged
5.5.5.5 acknowledged
3.3.3.3 acknowledged
1.1.1.1 acknowledged
4.4.4.4 acknowledged
3.3.3.3 acknowledged
Received proxy request for 'B'
2.2.2.2 acknowledged
5.5.5.5 acknowledged
4.4.4.4 acknowledged
2.2.2.2 acknowledged
Received proxy request for 'A'
1.1.1.1 acknowledged
6.6.6.6 acknowledged
--- start.dot ---
digraph G {
	bgcolor=grey10;
	node [color=white, fontcolor=white];
	edge [color=white, fontcolor=white, fontsize=9, labelangle=180, labeldistance=0.8];

	"A" [label=<A<BR/><FONT POINT-SIZE="9">1 active / 0 paused / 1 total</FONT>>] [style=solid, color=green];
	"10.0.0.1 (via 5.5.5.5)" -> "A" [label="VXLAN 101 [0ms]"];
	"10.0.0.2 (via 6.6.6.6)" -> "A" [label="VXLAN 106 [0ms]"];

	"B" [label=<B<BR/><FONT POINT-SIZE="9">1 active / 0 paused / 1 total</FONT>>] [style=solid, color=green];
	"10.0.0.1 (via 5.5.5.5)" -> "B" [label="VXLAN 104 [0ms]"];

	"C" [label=<C<BR/><FONT POINT-SIZE="9">1 active / 0 paused / 1 total</FONT>>] [style=dashed, color=green];
	"A" -> "C" [label="VXLAN 102 [0ms]"];

	"D" [label=<D<BR/><FONT POINT-SIZE="9">1 active / 0 paused / 1 total</FONT>>] [style=dashed, color=green];
	"B" -> "D" [label="VXLAN 105 [0ms]"];
	"C" -> "D" [label="VXLAN 103 [0ms]"];
}

Sending network 102 teardown to client 1.1.1.1
Sending network 102 teardown to client 3.3.3.3
Sending network 103 teardown to client 3.3.3.3
Sending network 103 teardown to client 4.4.4.4
Sending network 101 teardown to client 5.5.5.5
Sending network 101 teardown to client 1.1.1.1
Sending network 106 teardown to client 6.6.6.6
Sending network 106 teardown to client 1.1.1.1
--- after_remove_A.dot ---
digraph G {
	bgcolor=grey10;
	node [color=white, fontcolor=white];
	edge [color=white, fontcolor=white, fontsize=9, labelangle=180, labeldistance=0.8];

	"B" [label=<B<BR/><FONT POINT-SIZE="9">1 active / 0 paused / 1 total</FONT>>] [style=solid, color=green];
	"10.0.0.1 (via 5.5.5.5)" -> "B" [label="VXLAN 104 [0ms]"];

	"D" [label=<D<BR/><FONT POINT-SIZE="9">1 active / 0 paused / 1 total</FONT>>] [style=dashed, color=green];
	"B" -> "D" [label="VXLAN 105 [0ms]"];
}

Network 102 teardown complete; ID released
Network 103 teardown complete; ID released
Network 101 teardown complete; ID released
Network 106 teardown complete; ID released
test tests::service_removed_remove_A ... ok
Received proxy request for 'A'
1.1.1.1 acknowledged
5.5.5.5 acknowledged
3.3.3.3 acknowledged
1.1.1.1 acknowledged
4.4.4.4 acknowledged
3.3.3.3 acknowledged
Received proxy request for 'B'
2.2.2.2 acknowledged
5.5.5.5 acknowledged
4.4.4.4 acknowledged
2.2.2.2 acknowledged
Received proxy request for 'A'
1.1.1.1 acknowledged
6.6.6.6 acknowledged
--- start.dot ---
digraph G {
	bgcolor=grey10;
	node [color=white, fontcolor=white];
	edge [color=white, fontcolor=white, fontsize=9, labelangle=180, labeldistance=0.8];

	"A" [label=<A<BR/><FONT POINT-SIZE="9">1 active / 0 paused / 1 total</FONT>>] [style=solid, color=green];
	"10.0.0.1 (via 5.5.5.5)" -> "A" [label="VXLAN 101 [0ms]"];
	"10.0.0.2 (via 6.6.6.6)" -> "A" [label="VXLAN 106 [0ms]"];

	"B" [label=<B<BR/><FONT POINT-SIZE="9">1 active / 0 paused / 1 total</FONT>>] [style=solid, color=green];
	"10.0.0.1 (via 5.5.5.5)" -> "B" [label="VXLAN 104 [0ms]"];

	"C" [label=<C<BR/><FONT POINT-SIZE="9">1 active / 0 paused / 1 total</FONT>>] [style=dashed, color=green];
	"A" -> "C" [label="VXLAN 102 [0ms]"];

	"D" [label=<D<BR/><FONT POINT-SIZE="9">1 active / 0 paused / 1 total</FONT>>] [style=dashed, color=green];
	"B" -> "D" [label="VXLAN 105 [0ms]"];
	"C" -> "D" [label="VXLAN 103 [0ms]"];
}

Sending network 105 teardown to client 2.2.2.2
Sending network 105 teardown to client 4.4.4.4
Sending network 104 teardown to client 5.5.5.5
Sending network 104 teardown to client 2.2.2.2
--- after_remove_B.dot ---
digraph G {
	bgcolor=grey10;
	node [color=white, fontcolor=white];
	edge [color=white, fontcolor=white, fontsize=9, labelangle=180, labeldistance=0.8];

	"A" [label=<A<BR/><FONT POINT-SIZE="9">1 active / 0 paused / 1 total</FONT>>] [style=solid, color=green];
	"10.0.0.1 (via 5.5.5.5)" -> "A" [label="VXLAN 101 [0ms]"];
	"10.0.0.2 (via 6.6.6.6)" -> "A" [label="VXLAN 106 [0ms]"];

	"C" [label=<C<BR/><FONT POINT-SIZE="9">1 active / 0 paused / 1 total</FONT>>] [style=dashed, color=green];
	"A" -> "C" [label="VXLAN 102 [0ms]"];

	"D" [label=<D<BR/><FONT POINT-SIZE="9">1 active / 0 paused / 1 total</FONT>>] [style=dashed, color=green];
	"C" -> "D" [label="VXLAN 103 [0ms]"];
}

Network 105 teardown complete; ID released
Network 104 teardown complete; ID released
test tests::service_removed_remove_B ... ok
Received proxy request for 'A'
1.1.1.1 acknowledged
5.5.5.5 acknowledged
2.2.2.2 acknowledged
1.1.1.1 acknowledged
3.3.3.3 acknowledged
2.2.2.2 acknowledged
Received proxy request for 'B'
1.1.1.1 acknowledged
5.5.5.5 acknowledged
3.3.3.3 acknowledged
1.1.1.1 acknowledged
Received proxy request for 'A'
1.1.1.1 acknowledged
6.6.6.6 acknowledged
--- start.dot ---
digraph G {
	bgcolor=grey10;
	node [color=white, fontcolor=white];
	edge [color=white, fontcolor=white, fontsize=9, labelangle=180, labeldistance=0.8];

	"A" [label=<A<BR/><FONT POINT-SIZE="9">1 active / 0 paused / 1 total</FONT>>] [style=solid, color=green];
	"10.0.0.1 (via 5.5.5.5)" -> "A" [label="VXLAN 101 [0ms]"];
	"10.0.0.2 (via 6.6.6.6)" -> "A" [label="VXLAN 106 [0ms]"];

	"B" [label=<B<BR/><FONT POINT-SIZE="9">1 active / 0 paused / 1 total</FONT>>] [style=solid, color=green];
	"10.0.0.1 (via 5.5.5.5)" -> "B" [label="VXLAN 104 [0ms]"];

	"C" [label=<C<BR/><FONT POINT-SIZE="9">1 active / 0 paused / 1 total</FONT>>] [style=dashed, color=green];
	"A" -> "C" [label="VXLAN 102 [0ms]"];

	"D" [label=<D<BR/><FONT POINT-SIZE="9">1 active / 0 paused / 1 total</FONT>>] [style=dashed, color=green];
	"B" -> "D" [label="VXLAN 105 [0ms]"];
	"C" -> "D" [label="VXLAN 103 [0ms]"];
}

Sending network 102 teardown to client 1.1.1.1
Sending network 102 teardown to client 2.2.2.2
Sending network 103 teardown to client 2.2.2.2
Sending network 103 teardown to client 3.3.3.3
Sending network 101 teardown to client 5.5.5.5
Sending network 101 teardown to client 1.1.1.1
Sending network 106 teardown to client 6.6.6.6
Sending network 106 teardown to client 1.1.1.1
--- after_drop_A.dot ---
digraph G {
	bgcolor=grey10;
	node [color=white, fontcolor=white];
	edge [color=white, fontcolor=white, fontsize=9, labelangle=180, labeldistance=0.8];

	"A" [label=<A>] [style=solid, color=red];

	"B" [label=<B<BR/><FONT POINT-SIZE="9">1 active / 0 paused / 1 total</FONT>>] [style=solid, color=green];
	"10.0.0.1 (via 5.5.5.5)" -> "B" [label="VXLAN 104 [0ms]"];

	"C" [label=<C<BR/><FONT POINT-SIZE="9">0 active / 0 paused / 1 total</FONT>>] [style=dashed, color=green];

	"D" [label=<D<BR/><FONT POINT-SIZE="9">1 active / 0 paused / 1 total</FONT>>] [style=dashed, color=green];
	"B" -> "D" [label="VXLAN 105 [0ms]"];
}

test tests::service_unregistered_drop_A ... ok
Received proxy request for 'A'
1.1.1.1 acknowledged
5.5.5.5 acknowledged
2.2.2.2 acknowledged
1.1.1.1 acknowledged
3.3.3.3 acknowledged
2.2.2.2 acknowledged
Received proxy request for 'B'
1.1.1.1 acknowledged
5.5.5.5 acknowledged
3.3.3.3 acknowledged
1.1.1.1 acknowledged
Received proxy request for 'A'
1.1.1.1 acknowledged
6.6.6.6 acknowledged
--- start.dot ---
digraph G {
	bgcolor=grey10;
	node [color=white, fontcolor=white];
	edge [color=white, fontcolor=white, fontsize=9, labelangle=180, labeldistance=0.8];

	"A" [label=<A<BR/><FONT POINT-SIZE="9">1 active / 0 paused / 1 total</FONT>>] [style=solid, color=green];
	"10.0.0.1 (via 5.5.5.5)" -> "A" [label="VXLAN 101 [0ms]"];
	"10.0.0.2 (via 6.6.6.6)" -> "A" [label="VXLAN 106 [0ms]"];

	"B" [label=<B<BR/><FONT POINT-SIZE="9">1 active / 0 paused / 1 total</FONT>>] [style=solid, color=green];
	"10.0.0.1 (via 5.5.5.5)" -> "B" [label="VXLAN 104 [0ms]"];

	"C" [label=<C<BR/><FONT POINT-SIZE="9">1 active / 0 paused / 1 total</FONT>>] [style=dashed, color=green];
	"A" -> "C" [label="VXLAN 102 [0ms]"];

	"D" [label=<D<BR/><FONT POINT-SIZE="9">1 active / 0 paused / 1 total</FONT>>] [style=dashed, color=green];
	"B" -> "D" [label="VXLAN 105 [0ms]"];
	"C" -> "D" [label="VXLAN 103 [0ms]"];
}

Sending network 105 teardown to client 1.1.1.1
Sending network 105 teardown to client 3.3.3.3
Sending network 104 teardown to client 5.5.5.5
Sending network 104 teardown to client 1.1.1.1
--- after_drop_B.dot ---
digraph G {
	bgcolor=grey10;
	node [color=white, fontcolor=white];
	edge [color=white, fontcolor=white, fontsize=9, labelangle=180, labeldistance=0.8];

	"A" [label=<A<BR/><FONT POINT-SIZE="9">1 active / 0 paused / 1 total</FONT>>] [style=solid, color=green];
	"10.0.0.1 (via 5.5.5.5)" -> "A" [label="VXLAN 101 [0ms]"];
	"10.0.0.2 (via 6.6.6.6)" -> "A" [label="VXLAN 106 [0ms]"];

	"B" [label=<B>] [style=solid, color=red];

	"C" [label=<C<BR/><FONT POINT-SIZE="9">1 active / 0 paused / 1 total</FONT>>] [style=dashed, color=green];
	"A" -> "C" [label="VXLAN 102 [0ms]"];

	"D" [label=<D<BR/><FONT POINT-SIZE="9">1 active / 0 paused / 1 total</FONT>>] [style=dashed, color=green];
	"C" -> "D" [label="VXLAN 103 [0ms]"];
}

test tests::service_unregistered_drop_B ... ok
Received proxy request for 'A'
1.1.1.1 acknowledged
5.5.5.5 acknowledged
2.2.2.2 acknowledged
1.1.1.1 acknowledged
3.3.3.3 acknowledged
2.2.2.2 acknowledged
Received proxy request for 'B'
1.1.1.1 acknowledged
5.5.5.5 acknowledged
3.3.3.3 acknowledged
1.1.1.1 acknowledged
Received proxy request for 'A'
1.1.1.1 acknowledged
6.6.6.6 acknowledged
--- start.dot ---
digraph G {
	bgcolor=grey10;
	node [color=white, fontcolor=white];
	edge [color=white, fontcolor=white, fontsize=9, labelangle=180, labeldistance=0.8];

	"A" [label=<A<BR/><FONT POINT-SIZE="9">1 active / 0 paused / 1 total</FONT>>] [style=solid, color=green];
	"10.0.0.1 (via 5.5.5.5)" -> "A" [label="VXLAN 101 [0ms]"];
	"10.0.0.2 (via 6.6.6.6)" -> "A" [label="VXLAN 106 [0ms]"];

	"B" [label=<B<BR/><FONT POINT-SIZE="9">1 active / 0 paused / 1 total</FONT>>] [style=solid, color=green];
	"10.0.0.1 (via 5.5.5.5)" -> "B" [label="VXLAN 104 [0ms]"];

	"C" [label=<C<BR/><FONT POINT-SIZE="9">1 active / 0 paused / 1 total</FONT>>] [style=dashed, color=green];
	"A" -> "C" [label="VXLAN 102 [0ms]"];

	"D" [label=<D<BR/><FONT POINT-SIZE="9">1 active / 0 paused / 1 total</FONT>>] [style=dashed, color=green];
	"B" -> "D" [label="VXLAN 105 [0ms]"];
	"C" -> "D" [label="VXLAN 103 [0ms]"];
}

Sending network 102 teardown to client 1.1.1.1
Sending network 102 teardown to client 2.2.2.2
Sending network 103 teardown to client 2.2.2.2
Sending network 103 teardown to client 3.3.3.3
Sending network 101 teardown to client 5.5.5.5
Sending network 101 teardown to client 1.1.1.1
Sending network 106 teardown to client 6.6.6.6
Sending network 106 teardown to client 1.1.1.1
--- after_drop_C.dot ---
digraph G {
	bgcolor=grey10;
	node [color=white, fontcolor=white];
	edge [color=white, fontcolor=white, fontsize=9, labelangle=180, labeldistance=0.8];

	"A" [label=<A<BR/><FONT POINT-SIZE="9">0 active / 0 paused / 1 total</FONT>>] [style=solid, color=green];

	"B" [label=<B<BR/><FONT POINT-SIZE="9">1 active / 0 paused / 1 total</FONT>>] [style=solid, color=green];
	"10.0.0.1 (via 5.5.5.5)" -> "B" [label="VXLAN 104 [0ms]"];

	"C" [label=<C>] [style=dashed, color=red];

	"D" [label=<D<BR/><FONT POINT-SIZE="9">1 active / 0 paused / 1 total</FONT>>] [style=dashed, color=green];
	"B" -> "D" [label="VXLAN 105 [0ms]"];
}

test tests::service_unregistered_drop_C ... ok
Received proxy request for 'A'
1.1.1.1 acknowledged
5.5.5.5 acknowledged
2.2.2.2 acknowledged
1.1.1.1 acknowledged
3.3.3.3 acknowledged
2.2.2.2 acknowledged
Received proxy request for 'B'
1.1.1.1 acknowledged
5.5.5.5 acknowledged
3.3.3.3 acknowledged
1.1.1.1 acknowledged
Received proxy request for 'A'
1.1.1.1 acknowledged
6.6.6.6 acknowledged
--- start.dot ---
digraph G {
	bgcolor=grey10;
	node [color=white, fontcolor=white];
	edge [color=white, fontcolor=white, fontsize=9, labelangle=180, labeldistance=0.8];

	"A" [label=<A<BR/><FONT POINT-SIZE="9">1 active / 0 paused / 1 total</FONT>>] [style=solid, color=green];
	"10.0.0.1 (via 5.5.5.5)" -> "A" [label="VXLAN 101 [0ms]"];
	"10.0.0.2 (via 6.6.6.6)" -> "A" [label="VXLAN 106 [0ms]"];

	"B" [label=<B<BR/><FONT POINT-SIZE="9">1 active / 0 paused / 1 total</FONT>>] [style=solid, color=green];
	"10.0.0.1 (via 5.5.5.5)" -> "B" [label="VXLAN 104 [0ms]"];

	"C" [label=<C<BR/><FONT POINT-SIZE="9">1 active / 0 paused / 1 total</FONT>>] [style=dashed, color=green];
	"A" -> "C" [label="VXLAN 102 [0ms]"];

	"D" [label=<D<BR/><FONT POINT-SIZE="9">1 active / 0 paused / 1 total</FONT>>] [style=dashed, color=green];
	"B" -> "D" [label="VXLAN 105 [0ms]"];
	"C" -> "D" [label="VXLAN 103 [0ms]"];
}

Sending network 105 teardown to client 1.1.1.1
Sending network 105 teardown to client 3.3.3.3
Sending network 104 teardown to client 5.5.5.5
Sending network 104 teardown to client 1.1.1.1
Sending network 102 teardown to client 1.1.1.1
Sending network 102 teardown to client 2.2.2.2
Sending network 103 teardown to client 2.2.2.2
Sending network 103 teardown to client 3.3.3.3
Sending network 101 teardown to client 5.5.5.5
Sending network 101 teardown to client 1.1.1.1
Sending network 106 teardown to client 6.6.6.6
Sending network 106 teardown to client 1.1.1.1
--- after_drop_D.dot ---
digraph G {
	bgcolor=grey10;
	node [color=white, fontcolor=white];
	edge [color=white, fontcolor=white, fontsize=9, labelangle=180, labeldistance=0.8];

	"A" [label=<A<BR/><FONT POINT-SIZE="9">0 active / 0 paused / 1 total</FONT>>] [style=solid, color=green];

	"B" [label=<B<BR/><FONT POINT-SIZE="9">0 active / 0 paused / 1 total</FONT>>] [style=solid, color=green];

	"C" [label=<C<BR/><FONT POINT-SIZE="9">0 active / 0 paused / 1 total</FONT>>] [style=dashed, color=green];

	"D" [label=<D>] [style=dashed, color=red];
}

Network 105 teardown complete; ID released
Network 102 teardown complete; ID released
Network 104 teardown complete; ID released
Network 101 teardown complete; ID released
Network 103 teardown complete; ID released
Network 106 teardown complete; ID released
test tests::service_unregistered_drop_D ... ok
Received proxy request for 'A'
1.1.1.1 acknowledged
6.6.6.6 acknowledged
2.2.2.2 acknowledged
1.1.1.1 acknowledged
3.3.3.3 acknowledged
2.2.2.2 acknowledged
Sending network 103 teardown to client 2.2.2.2
Sending network 103 teardown to client 3.3.3.3
Network 103 teardown complete; ID released
Received proxy request for 'A'
Evicting stale proxy session '10.0.0.1 (via 6.6.6.6)' on service 'A': dependency chain incomplete
Sending network 102 teardown to client 1.1.1.1
Sending network 102 teardown to client 2.2.2.2
Sending network 101 teardown to client 6.6.6.6
Sending network 101 teardown to client 1.1.1.1
Network 102 teardown complete; ID released
Network 101 teardown complete; ID released
1.1.1.1 acknowledged
6.6.6.6 acknowledged
2.2.2.2 acknowledged
1.1.1.1 acknowledged
3.3.3.3 acknowledged
2.2.2.2 acknowledged
test tests::stale_session_broken_chain_is_evicted_and_rebuilt ... ok
Received proxy request for 'A'
1.1.1.1 acknowledged
6.6.6.6 acknowledged
2.2.2.2 acknowledged
1.1.1.1 acknowledged
3.3.3.3 acknowledged
2.2.2.2 acknowledged
Received proxy request for 'A'
'10.0.0.1' ---> 'A' is already set up
Received proxy request for 'A'
'10.0.0.1' ---> 'A' is already set up
test tests::stale_session_intact_chain_is_reused ... ok
Received proxy request for 'entry'
1.1.1.1 acknowledged
5.5.5.5 acknowledged
2.2.2.2 acknowledged
1.1.1.1 acknowledged
Sending network 102 teardown to client 1.1.1.1
Sending network 102 teardown to client 2.2.2.2
Sending network 101 teardown to client 5.5.5.5
Sending network 101 teardown to client 1.1.1.1
Network 102 teardown complete; ID released
Network 101 teardown complete; ID released
3.3.3.3 acknowledged
2.2.2.2 acknowledged
Sending network 103 teardown to client 2.2.2.2
Sending network 103 teardown to client 3.3.3.3
[ERROR] [members/nullnet-server/src/nullnet_grpc_impl.rs:859] Service is not registered
Network 103 teardown complete; ID released
test tests::teardown_must_not_fire_for_an_unallocated_net_id ... ok
Received backend trigger for 'A' (port 5555) from 1.1.1.1 (container: <none>)
[trigger] triggers map for 'A': {5555: "B"}; first_dep for port 5555: Some("B")
[trigger] dispatching net_chain_setup for 'A' port 5555 (1 hop(s))
2.2.2.2 acknowledged
1.1.1.1 acknowledged
[trigger] net_chain_setup completed for 'A' port 5555
Trigger chain 'A' (1.1.1.1) port 5555 idle past the debounce; releasing its hold
Sending network 101 teardown to client 1.1.1.1
Sending network 101 teardown to client 2.2.2.2
Network 101 teardown complete; ID released
test tests::trigger_atomic_backend_idle_during_setup_is_preserved ... ok
Received backend trigger for 'A' (port 5555) from 1.1.1.1 (container: <none>)
[trigger] triggers map for 'A': {5555: "B"}; first_dep for port 5555: Some("B")
[trigger] dispatching net_chain_setup for 'A' port 5555 (1 hop(s))
2.2.2.2 acknowledged
1.1.1.1 acknowledged
Sending network 101 teardown to client 1.1.1.1
Sending network 101 teardown to client 2.2.2.2
[trigger] net_chain_setup completed for 'A' port 5555
Network 101 teardown complete; ID released
test tests::trigger_atomic_backend_owner_removed_during_setup_unwinds ... ok
Received backend trigger for 'A' (port 5555) from 1.1.1.1 (container: <none>)
[trigger] triggers map for 'A': {5555: "B"}; first_dep for port 5555: Some("B")
Received backend trigger for 'A' (port 5555) from 1.1.1.1 (container: <none>)
[trigger] triggers map for 'A': {5555: "B"}; first_dep for port 5555: Some("B")
[trigger] dispatching net_chain_setup for 'A' port 5555 (1 hop(s))
2.2.2.2 acknowledged
1.1.1.1 acknowledged
[trigger] net_chain_setup completed for 'A' port 5555
Trigger chain 'A' (1.1.1.1) port 5555 idle past the debounce; releasing its hold
Sending network 101 teardown to client 1.1.1.1
Sending network 101 teardown to client 2.2.2.2
Network 101 teardown complete; ID released
test tests::trigger_atomic_concurrent_backend_claims_release_once ... ok
test tests::trigger_carries_the_containers_that_own_it ... ok
Received backend trigger for 'A' (port 5555) from 1.1.1.1 (container: <none>)
[trigger] triggers map for 'A': {5555: "B"}; first_dep for port 5555: Some("B")
[trigger] dispatching net_chain_setup for 'A' port 5555 (1 hop(s))
2.2.2.2 acknowledged
1.1.1.1 acknowledged
[trigger] net_chain_setup completed for 'A' port 5555
Trigger chain 'A' (1.1.1.1) port 5555 idle past the debounce; releasing its hold
Sending network 101 teardown to client 1.1.1.1
Sending network 101 teardown to client 2.2.2.2
Network 101 teardown complete; ID released
test tests::trigger_chain_is_released_once_its_connections_close ... ok
test tests::trigger_lists_every_colocated_replica ... ok
Received proxy request for 'A'
1.1.1.1 acknowledged
5.5.5.5 acknowledged
2.2.2.2 acknowledged
1.1.1.1 acknowledged
Received backend trigger for 'A' (port 5555) from 1.1.1.1 (container: <none>)
[trigger] triggers map for 'A': {5555: "C"}; first_dep for port 5555: Some("C")
[trigger] dispatching net_chain_setup for 'A' port 5555 (1 hop(s))
3.3.3.3 acknowledged
1.1.1.1 acknowledged
[trigger] net_chain_setup completed for 'A' port 5555
Received backend trigger for 'D' (port 5555) from 4.4.4.4 (container: <none>)
[trigger] triggers map for 'D': {5555: "C"}; first_dep for port 5555: Some("C")
[trigger] dispatching net_chain_setup for 'D' port 5555 (1 hop(s))
3.3.3.3 acknowledged
4.4.4.4 acknowledged
[trigger] net_chain_setup completed for 'D' port 5555
--- start.dot ---
digraph G {
	bgcolor=grey10;
	node [color=white, fontcolor=white];
	edge [color=white, fontcolor=white, fontsize=9, labelangle=180, labeldistance=0.8];

	"A" [label=<A<BR/><FONT POINT-SIZE="9">1 active / 0 paused / 1 total</FONT>>] [style=solid, color=green];
	"10.0.0.1 (via 5.5.5.5)" -> "A" [label="VXLAN 101 [0ms]"];

	"B" [label=<B<BR/><FONT POINT-SIZE="9">1 active / 0 paused / 1 total</FONT>>] [style=dashed, color=green];
	"A" -> "B" [label="VXLAN 102 [0ms]"];

	"C" [label=<C<BR/><FONT POINT-SIZE="9">1 active / 0 paused / 1 total</FONT>>] [style=dashed, color=green];
	"A" -> "C" [label="VXLAN 103 [0ms]"];
	"D" -> "C" [label="VXLAN 104 [0ms]"];

	"D" [label=<D<BR/><FONT POINT-SIZE="9">1 active / 0 paused / 1 total</FONT>>] [style=solid, color=green];
}

Sending network 103 teardown to client 1.1.1.1
Sending network 103 teardown to client 3.3.3.3
--- after_add_A_trigger.dot ---
digraph G {
	bgcolor=grey10;
	node [color=white, fontcolor=white];
	edge [color=white, fontcolor=white, fontsize=9, labelangle=180, labeldistance=0.8];

	"A" [label=<A<BR/><FONT POINT-SIZE="9">1 active / 0 paused / 1 total</FONT>>] [style=solid, color=green];
	"10.0.0.1 (via 5.5.5.5)" -> "A" [label="VXLAN 101 [0ms]"];

	"B" [label=<B<BR/><FONT POINT-SIZE="9">1 active / 0 paused / 1 total</FONT>>] [style=dashed, color=green];
	"A" -> "B" [label="VXLAN 102 [0ms]"];

	"C" [label=<C<BR/><FONT POINT-SIZE="9">1 active / 0 paused / 1 total</FONT>>] [style=dashed, color=green];
	"D" -> "C" [label="VXLAN 104 [0ms]"];

	"D" [label=<D<BR/><FONT POINT-SIZE="9">1 active / 0 paused / 1 total</FONT>>] [style=solid, color=green];
}

Network 103 teardown complete; ID released
test tests::triggers_changed_add_A_trigger ... ok
Received proxy request for 'A'
1.1.1.1 acknowledged
5.5.5.5 acknowledged
2.2.2.2 acknowledged
1.1.1.1 acknowledged
Received backend trigger for 'A' (port 5555) from 1.1.1.1 (container: <none>)
[trigger] triggers map for 'A': {5555: "C"}; first_dep for port 5555: Some("C")
[trigger] dispatching net_chain_setup for 'A' port 5555 (1 hop(s))
3.3.3.3 acknowledged
1.1.1.1 acknowledged
[trigger] net_chain_setup completed for 'A' port 5555
Received backend trigger for 'D' (port 5555) from 4.4.4.4 (container: <none>)
[trigger] triggers map for 'D': {5555: "C"}; first_dep for port 5555: Some("C")
[trigger] dispatching net_chain_setup for 'D' port 5555 (1 hop(s))
3.3.3.3 acknowledged
4.4.4.4 acknowledged
[trigger] net_chain_setup completed for 'D' port 5555
--- start.dot ---
digraph G {
	bgcolor=grey10;
	node [color=white, fontcolor=white];
	edge [color=white, fontcolor=white, fontsize=9, labelangle=180, labeldistance=0.8];

	"A" [label=<A<BR/><FONT POINT-SIZE="9">1 active / 0 paused / 1 total</FONT>>] [style=solid, color=green];
	"10.0.0.1 (via 5.5.5.5)" -> "A" [label="VXLAN 101 [0ms]"];

	"B" [label=<B<BR/><FONT POINT-SIZE="9">1 active / 0 paused / 1 total</FONT>>] [style=dashed, color=green];
	"A" -> "B" [label="VXLAN 102 [0ms]"];

	"C" [label=<C<BR/><FONT POINT-SIZE="9">1 active / 0 paused / 1 total</FONT>>] [style=dashed, color=green];
	"A" -> "C" [label="VXLAN 103 [0ms]"];
	"D" -> "C" [label="VXLAN 104 [0ms]"];

	"D" [label=<D<BR/><FONT POINT-SIZE="9">1 active / 0 paused / 1 total</FONT>>] [style=solid, color=green];
}

Sending network 104 teardown to client 4.4.4.4
Sending network 104 teardown to client 3.3.3.3
--- after_drop_D_trigger.dot ---
digraph G {
	bgcolor=grey10;
	node [color=white, fontcolor=white];
	edge [color=white, fontcolor=white, fontsize=9, labelangle=180, labeldistance=0.8];

	"A" [label=<A<BR/><FONT POINT-SIZE="9">1 active / 0 paused / 1 total</FONT>>] [style=solid, color=green];
	"10.0.0.1 (via 5.5.5.5)" -> "A" [label="VXLAN 101 [0ms]"];

	"B" [label=<B<BR/><FONT POINT-SIZE="9">1 active / 0 paused / 1 total</FONT>>] [style=dashed, color=green];
	"A" -> "B" [label="VXLAN 102 [0ms]"];

	"C" [label=<C<BR/><FONT POINT-SIZE="9">1 active / 0 paused / 1 total</FONT>>] [style=dashed, color=green];
	"A" -> "C" [label="VXLAN 103 [0ms]"];

	"D" [label=<D<BR/><FONT POINT-SIZE="9">0 active / 0 paused / 1 total</FONT>>] [style=solid, color=green];
}

Network 104 teardown complete; ID released
test tests::triggers_changed_drop_D_trigger ... ok
Received proxy request for 'A'
1.1.1.1 acknowledged
5.5.5.5 acknowledged
2.2.2.2 acknowledged
1.1.1.1 acknowledged
Received backend trigger for 'A' (port 5555) from 1.1.1.1 (container: <none>)
[trigger] triggers map for 'A': {5555: "C"}; first_dep for port 5555: Some("C")
[trigger] dispatching net_chain_setup for 'A' port 5555 (1 hop(s))
3.3.3.3 acknowledged
1.1.1.1 acknowledged
[trigger] net_chain_setup completed for 'A' port 5555
Received backend trigger for 'D' (port 5555) from 4.4.4.4 (container: <none>)
[trigger] triggers map for 'D': {5555: "C"}; first_dep for port 5555: Some("C")
[trigger] dispatching net_chain_setup for 'D' port 5555 (1 hop(s))
3.3.3.3 acknowledged
4.4.4.4 acknowledged
[trigger] net_chain_setup completed for 'D' port 5555
--- start.dot ---
digraph G {
	bgcolor=grey10;
	node [color=white, fontcolor=white];
	edge [color=white, fontcolor=white, fontsize=9, labelangle=180, labeldistance=0.8];

	"A" [label=<A<BR/><FONT POINT-SIZE="9">1 active / 0 paused / 1 total</FONT>>] [style=solid, color=green];
	"10.0.0.1 (via 5.5.5.5)" -> "A" [label="VXLAN 101 [0ms]"];

	"B" [label=<B<BR/><FONT POINT-SIZE="9">1 active / 0 paused / 1 total</FONT>>] [style=dashed, color=green];
	"A" -> "B" [label="VXLAN 102 [0ms]"];

	"C" [label=<C<BR/><FONT POINT-SIZE="9">1 active / 0 paused / 1 total</FONT>>] [style=dashed, color=green];
	"A" -> "C" [label="VXLAN 103 [0ms]"];
	"D" -> "C" [label="VXLAN 104 [0ms]"];

	"D" [label=<D<BR/><FONT POINT-SIZE="9">1 active / 0 paused / 1 total</FONT>>] [style=solid, color=green];
}

Sending network 103 teardown to client 1.1.1.1
Sending network 103 teardown to client 3.3.3.3
--- after_remove_A_trigger.dot ---
digraph G {
	bgcolor=grey10;
	node [color=white, fontcolor=white];
	edge [color=white, fontcolor=white, fontsize=9, labelangle=180, labeldistance=0.8];

	"A" [label=<A<BR/><FONT POINT-SIZE="9">1 active / 0 paused / 1 total</FONT>>] [style=solid, color=green];
	"10.0.0.1 (via 5.5.5.5)" -> "A" [label="VXLAN 101 [0ms]"];

	"B" [label=<B<BR/><FONT POINT-SIZE="9">1 active / 0 paused / 1 total</FONT>>] [style=dashed, color=green];
	"A" -> "B" [label="VXLAN 102 [0ms]"];

	"C" [label=<C<BR/><FONT POINT-SIZE="9">1 active / 0 paused / 1 total</FONT>>] [style=dashed, color=green];
	"D" -> "C" [label="VXLAN 104 [0ms]"];

	"D" [label=<D<BR/><FONT POINT-SIZE="9">1 active / 0 paused / 1 total</FONT>>] [style=solid, color=green];
}

Network 103 teardown complete; ID released
test tests::triggers_changed_remove_A_trigger ... ok
Received proxy request for 'A'
1.1.1.1 acknowledged
5.5.5.5 acknowledged
2.2.2.2 acknowledged
1.1.1.1 acknowledged
Received backend trigger for 'A' (port 5555) from 1.1.1.1 (container: <none>)
[trigger] triggers map for 'A': {5555: "C"}; first_dep for port 5555: Some("C")
[trigger] dispatching net_chain_setup for 'A' port 5555 (1 hop(s))
3.3.3.3 acknowledged
1.1.1.1 acknowledged
[trigger] net_chain_setup completed for 'A' port 5555
Received backend trigger for 'D' (port 5555) from 4.4.4.4 (container: <none>)
[trigger] triggers map for 'D': {5555: "C"}; first_dep for port 5555: Some("C")
[trigger] dispatching net_chain_setup for 'D' port 5555 (1 hop(s))
3.3.3.3 acknowledged
4.4.4.4 acknowledged
[trigger] net_chain_setup completed for 'D' port 5555
--- start.dot ---
digraph G {
	bgcolor=grey10;
	node [color=white, fontcolor=white];
	edge [color=white, fontcolor=white, fontsize=9, labelangle=180, labeldistance=0.8];

	"A" [label=<A<BR/><FONT POINT-SIZE="9">1 active / 0 paused / 1 total</FONT>>] [style=solid, color=green];
	"10.0.0.1 (via 5.5.5.5)" -> "A" [label="VXLAN 101 [0ms]"];

	"B" [label=<B<BR/><FONT POINT-SIZE="9">1 active / 0 paused / 1 total</FONT>>] [style=dashed, color=green];
	"A" -> "B" [label="VXLAN 102 [0ms]"];

	"C" [label=<C<BR/><FONT POINT-SIZE="9">1 active / 0 paused / 1 total</FONT>>] [style=dashed, color=green];
	"A" -> "C" [label="VXLAN 103 [0ms]"];
	"D" -> "C" [label="VXLAN 104 [0ms]"];

	"D" [label=<D<BR/><FONT POINT-SIZE="9">1 active / 0 paused / 1 total</FONT>>] [style=solid, color=green];
}

Sending network 103 teardown to client 1.1.1.1
Sending network 103 teardown to client 3.3.3.3
--- after_swap_A_trigger.dot ---
digraph G {
	bgcolor=grey10;
	node [color=white, fontcolor=white];
	edge [color=white, fontcolor=white, fontsize=9, labelangle=180, labeldistance=0.8];

	"A" [label=<A<BR/><FONT POINT-SIZE="9">1 active / 0 paused / 1 total</FONT>>] [style=solid, color=green];
	"10.0.0.1 (via 5.5.5.5)" -> "A" [label="VXLAN 101 [0ms]"];

	"B" [label=<B<BR/><FONT POINT-SIZE="9">1 active / 0 paused / 1 total</FONT>>] [style=dashed, color=green];
	"A" -> "B" [label="VXLAN 102 [0ms]"];

	"C" [label=<C<BR/><FONT POINT-SIZE="9">1 active / 0 paused / 1 total</FONT>>] [style=dashed, color=green];
	"D" -> "C" [label="VXLAN 104 [0ms]"];

	"D" [label=<D<BR/><FONT POINT-SIZE="9">1 active / 0 paused / 1 total</FONT>>] [style=solid, color=green];
}

Network 103 teardown complete; ID released
test tests::triggers_changed_swap_A_trigger ... ok
Received proxy request for 'A'
1.1.1.1 acknowledged
5.5.5.5 acknowledged
3.3.3.3 acknowledged
1.1.1.1 acknowledged
4.4.4.4 acknowledged
3.3.3.3 acknowledged
Received proxy request for 'B'
2.2.2.2 acknowledged
5.5.5.5 acknowledged
4.4.4.4 acknowledged
2.2.2.2 acknowledged
Received proxy request for 'A'
1.1.1.1 acknowledged
6.6.6.6 acknowledged
--- start.dot ---
digraph G {
	bgcolor=grey10;
	node [color=white, fontcolor=white];
	edge [color=white, fontcolor=white, fontsize=9, labelangle=180, labeldistance=0.8];

	"A" [label=<A<BR/><FONT POINT-SIZE="9">1 active / 0 paused / 1 total</FONT>>] [style=solid, color=green];
	"10.0.0.1 (via 5.5.5.5)" -> "A" [label="VXLAN 101 [0ms]"];
	"10.0.0.2 (via 6.6.6.6)" -> "A" [label="VXLAN 106 [0ms]"];

	"B" [label=<B<BR/><FONT POINT-SIZE="9">1 active / 0 paused / 1 total</FONT>>] [style=solid, color=green];
	"10.0.0.1 (via 5.5.5.5)" -> "B" [label="VXLAN 104 [0ms]"];

	"C" [label=<C<BR/><FONT POINT-SIZE="9">1 active / 0 paused / 1 total</FONT>>] [style=dashed, color=green];
	"A" -> "C" [label="VXLAN 102 [0ms]"];

	"D" [label=<D<BR/><FONT POINT-SIZE="9">1 active / 0 paused / 1 total</FONT>>] [style=dashed, color=green];
	"B" -> "D" [label="VXLAN 105 [0ms]"];
	"C" -> "D" [label="VXLAN 103 [0ms]"];
}

--- after_config_remove_timeout_A.dot ---
digraph G {
	bgcolor=grey10;
	node [color=white, fontcolor=white];
	edge [color=white, fontcolor=white, fontsize=9, labelangle=180, labeldistance=0.8];

	"A" [label=<A<BR/><FONT POINT-SIZE="9">1 active / 0 paused / 1 total</FONT>>] [style=solid, color=green];
	"10.0.0.1 (via 5.5.5.5)" -> "A" [label="VXLAN 101 [0ms]"];
	"10.0.0.2 (via 6.6.6.6)" -> "A" [label="VXLAN 106 [0ms]"];

	"B" [label=<B<BR/><FONT POINT-SIZE="9">1 active / 0 paused / 1 total</FONT>>] [style=solid, color=green];
	"10.0.0.1 (via 5.5.5.5)" -> "B" [label="VXLAN 104 [0ms]"];

	"C" [label=<C<BR/><FONT POINT-SIZE="9">1 active / 0 paused / 1 total</FONT>>] [style=dashed, color=green];
	"A" -> "C" [label="VXLAN 102 [0ms]"];

	"D" [label=<D<BR/><FONT POINT-SIZE="9">1 active / 0 paused / 1 total</FONT>>] [style=dashed, color=green];
	"B" -> "D" [label="VXLAN 105 [0ms]"];
	"C" -> "D" [label="VXLAN 103 [0ms]"];
}

test tests::proxy_timeout_config_remove_timeout_A ... ok
Received proxy request for 'A'
1.1.1.1 acknowledged
5.5.5.5 acknowledged
3.3.3.3 acknowledged
1.1.1.1 acknowledged
4.4.4.4 acknowledged
3.3.3.3 acknowledged
Received proxy request for 'B'
2.2.2.2 acknowledged
5.5.5.5 acknowledged
4.4.4.4 acknowledged
2.2.2.2 acknowledged
Received proxy request for 'A'
1.1.1.1 acknowledged
6.6.6.6 acknowledged
--- start.dot ---
digraph G {
	bgcolor=grey10;
	node [color=white, fontcolor=white];
	edge [color=white, fontcolor=white, fontsize=9, labelangle=180, labeldistance=0.8];

	"A" [label=<A<BR/><FONT POINT-SIZE="9">1 active / 0 paused / 1 total</FONT>>] [style=solid, color=green];
	"10.0.0.1 (via 5.5.5.5)" -> "A" [label="VXLAN 101 [0ms]"];
	"10.0.0.2 (via 6.6.6.6)" -> "A" [label="VXLAN 106 [0ms]"];

	"B" [label=<B<BR/><FONT POINT-SIZE="9">1 active / 0 paused / 1 total</FONT>>] [style=solid, color=green];
	"10.0.0.1 (via 5.5.5.5)" -> "B" [label="VXLAN 104 [0ms]"];

	"C" [label=<C<BR/><FONT POINT-SIZE="9">1 active / 0 paused / 1 total</FONT>>] [style=dashed, color=green];
	"A" -> "C" [label="VXLAN 102 [0ms]"];

	"D" [label=<D<BR/><FONT POINT-SIZE="9">1 active / 0 paused / 1 total</FONT>>] [style=dashed, color=green];
	"B" -> "D" [label="VXLAN 105 [0ms]"];
	"C" -> "D" [label="VXLAN 103 [0ms]"];
}

Proxy client '10.0.0.1 (via 5.5.5.5)' timed out on service 'B'
Sending network 105 teardown to client 2.2.2.2
Sending network 105 teardown to client 4.4.4.4
Sending network 104 teardown to client 5.5.5.5
Sending network 104 teardown to client 2.2.2.2
--- after_config_tighten_B.dot ---
digraph G {
	bgcolor=grey10;
	node [color=white, fontcolor=white];
	edge [color=white, fontcolor=white, fontsize=9, labelangle=180, labeldistance=0.8];

	"A" [label=<A<BR/><FONT POINT-SIZE="9">1 active / 0 paused / 1 total</FONT>>] [style=solid, color=green];
	"10.0.0.1 (via 5.5.5.5)" -> "A" [label="VXLAN 101 [0ms]"];
	"10.0.0.2 (via 6.6.6.6)" -> "A" [label="VXLAN 106 [0ms]"];

	"B" [label=<B<BR/><FONT POINT-SIZE="9">0 active / 0 paused / 1 total</FONT>>] [style=solid, color=green];

	"C" [label=<C<BR/><FONT POINT-SIZE="9">1 active / 0 paused / 1 total</FONT>>] [style=dashed, color=green];
	"A" -> "C" [label="VXLAN 102 [0ms]"];

	"D" [label=<D<BR/><FONT POINT-SIZE="9">1 active / 0 paused / 1 total</FONT>>] [style=dashed, color=green];
	"C" -> "D" [label="VXLAN 103 [0ms]"];
}

test tests::proxy_timeout_config_tighten_B ... ok
Proxy client '10.0.0.2 (via 6.6.6.6)' timed out on service 'A'
Sending network 106 teardown to client 6.6.6.6
Sending network 106 teardown to client 1.1.1.1
Proxy client '10.0.0.1 (via 5.5.5.5)' timed out on service 'A'
Sending network 102 teardown to client 1.1.1.1
Sending network 102 teardown to client 3.3.3.3
Sending network 103 teardown to client 3.3.3.3
Sending network 103 teardown to client 4.4.4.4
Sending network 101 teardown to client 5.5.5.5
Sending network 101 teardown to client 1.1.1.1
test tests::unmatched_close_does_not_underflow ... ok
Received proxy request for 'A'
'10.0.0.1' ---> 'A' is already set up
Received proxy request for 'A'
'10.0.0.2' ---> 'A' is already set up
test timeout::tests::stale_expiry_candidates_preserve_renewed_connections_and_grace ... ok
Proxy client '10.0.0.1 (via 5.5.5.5)' timed out on service 'B'
Sending network 105 teardown to client 2.2.2.2
Sending network 105 teardown to client 4.4.4.4
Sending network 104 teardown to client 5.5.5.5
Sending network 104 teardown to client 2.2.2.2
--- after_timeout_A_then_B.dot ---
digraph G {
	bgcolor=grey10;
	node [color=white, fontcolor=white];
	edge [color=white, fontcolor=white, fontsize=9, labelangle=180, labeldistance=0.8];

	"A" [label=<A<BR/><FONT POINT-SIZE="9">0 active / 0 paused / 1 total</FONT>>] [style=solid, color=green];

	"B" [label=<B<BR/><FONT POINT-SIZE="9">0 active / 0 paused / 1 total</FONT>>] [style=solid, color=green];

	"C" [label=<C<BR/><FONT POINT-SIZE="9">0 active / 0 paused / 1 total</FONT>>] [style=dashed, color=green];

	"D" [label=<D<BR/><FONT POINT-SIZE="9">0 active / 0 paused / 1 total</FONT>>] [style=dashed, color=green];
}

Network 105 teardown complete; ID released
Network 104 teardown complete; ID released
test tests::proxy_timeout_A_then_B ... ok
Proxy client '10.0.0.1 (via 5.5.5.5)' timed out on service 'B'
Sending network 105 teardown to client 2.2.2.2
Sending network 105 teardown to client 4.4.4.4
Sending network 104 teardown to client 5.5.5.5
Sending network 104 teardown to client 2.2.2.2
Proxy client '10.0.0.1 (via 5.5.5.5)' timed out on service 'A'
Sending network 101 teardown to client 5.5.5.5
Sending network 101 teardown to client 1.1.1.1
Proxy client '10.0.0.2 (via 6.6.6.6)' timed out on service 'A'
Sending network 102 teardown to client 1.1.1.1
Sending network 102 teardown to client 3.3.3.3
Sending network 103 teardown to client 3.3.3.3
Sending network 103 teardown to client 4.4.4.4
Sending network 106 teardown to client 6.6.6.6
Sending network 106 teardown to client 1.1.1.1
--- after_timeout_all.dot ---
digraph G {
	bgcolor=grey10;
	node [color=white, fontcolor=white];
	edge [color=white, fontcolor=white, fontsize=9, labelangle=180, labeldistance=0.8];

	"A" [label=<A<BR/><FONT POINT-SIZE="9">0 active / 0 paused / 1 total</FONT>>] [style=solid, color=green];

	"B" [label=<B<BR/><FONT POINT-SIZE="9">0 active / 0 paused / 1 total</FONT>>] [style=solid, color=green];

	"C" [label=<C<BR/><FONT POINT-SIZE="9">0 active / 0 paused / 1 total</FONT>>] [style=dashed, color=green];

	"D" [label=<D<BR/><FONT POINT-SIZE="9">0 active / 0 paused / 1 total</FONT>>] [style=dashed, color=green];
}

Network 105 teardown complete; ID released
Network 104 teardown complete; ID released
Network 101 teardown complete; ID released
Network 102 teardown complete; ID released
Network 103 teardown complete; ID released
Network 106 teardown complete; ID released
test tests::proxy_timeout_all_at_once ... ok
Network 101 teardown was not acked by 10.0.0.1 within 30s; keeping the id reserved
Network 101 teardown complete; ID released
test orchestrator::teardown_ack_tests::a_late_teardown_ack_keeps_the_id_reserved_until_completion ... ok
Sending network 103 teardown to client 2.2.2.2
Sending network 103 teardown to client 3.3.3.3
Sending network 101 teardown to client 5.5.5.5
Sending network 101 teardown to client 1.1.1.1
[ERROR] [members/nullnet-server/src/nullnet_grpc_impl.rs:2103] NET chain setup failed
Network 101 teardown complete; ID released
Sending network 103 teardown to client 2.2.2.2
Sending network 103 teardown to client 3.3.3.3
Sending network 101 teardown to client 5.5.5.5
Sending network 101 teardown to client 1.1.1.1
[ERROR] [members/nullnet-server/src/nullnet_grpc_impl.rs:2103] NET chain setup failed
Network 101 teardown complete; ID released
test tests::a_failed_edge_rollback_keeps_a_concurrent_holder has been running for over 60 seconds
Sending network 105 teardown to client 2.2.2.2
Sending network 105 teardown to client 3.3.3.3
Network 103 teardown was not acked by 3.3.3.3 within 30s; keeping the id reserved
Sending network 104 teardown to client 5.5.5.5
Sending network 104 teardown to client 1.1.1.1
Sending network 102 teardown to client 1.1.1.1
Sending network 102 teardown to client 2.2.2.2
[ERROR] [members/nullnet-server/src/nullnet_grpc_impl.rs:2103] NET chain setup failed
Network 104 teardown complete; ID released
Network 102 teardown complete; ID released
test tests::a_failed_edge_rollback_keeps_a_concurrent_holder ... ok
test tests::an_abandoned_reservation_is_not_reused_by_the_next_chain has been running for over 60 seconds
Sending network 105 teardown to client 2.2.2.2
Sending network 105 teardown to client 3.3.3.3
Network 103 teardown was not acked by 3.3.3.3 within 30s; keeping the id reserved
Sending network 104 teardown to client 5.5.5.5
Sending network 104 teardown to client 1.1.1.1
Sending network 102 teardown to client 1.1.1.1
Sending network 102 teardown to client 2.2.2.2
[ERROR] [members/nullnet-server/src/nullnet_grpc_impl.rs:2103] NET chain setup failed
Network 104 teardown complete; ID released
Network 102 teardown complete; ID released
test tests::an_abandoned_reservation_is_not_reused_by_the_next_chain ... ok

test result: ok. 273 passed; 0 failed; 0 ignored; 0 measured; 0 filtered out; finished in 60.87s

PASS_PACKAGE nullnet-server
    Finished `dev` profile [unoptimized + debuginfo] target(s) in 0.30s
    Finished `dev` profile [unoptimized + debuginfo] target(s) in 0.24s
    Finished `test` profile [unoptimized + debuginfo] target(s) in 0.18s
     Running unittests src/main.rs (target/debug/deps/nullnet_proxy-07c441bfc20f8052)

running 38 tests
test hsts::tests::removes_backend_policy_on_http_or_when_disabled ... ok
test hsts::tests::replaces_backend_policy_on_https_success_redirect_and_error ... ok
test routes::tests::unknown_host_falls_back ... ok
test tests::forwarded_headers_are_set_from_ingress_connection ... ok
test tests::forwarded_headers_overwrite_client_supplied_values ... ok
test tests::forwarded_host_absent_when_ingress_host_unknown ... ok
test tests::forwarded_proto_is_http_when_not_tls ... ok
test tests::redirect_includes_non_default_https_port ... ok
test routes::tests::no_catch_all_yields_not_found ... ok
test routes::tests::longest_prefix_wins ... ok
test routes::tests::redirect_target_resolves ... ok
test routes::tests::preserving_redirect_carries_suffix_and_flags ... ok
test routes::tests::strip_prefix_on_catch_all_keeps_leading_slash ... ok
test routes::tests::strip_prefix_on_exact_match_forwards_root ... ok
test tests::redirect_preserves_path_and_query ... ok
test tests::redirect_strips_port_and_targets_443 ... ok
test tests::redirect_target_absolute_url_used_verbatim_by_default ... ok
test routes::tests::strip_prefix_removes_matched_prefix_from_forward_path ... ok
test tests::redirect_target_preserve_path_and_query_together ... ok
test tests::redirect_target_preserve_path_no_op_on_exact_match ... ok
test tests::redirect_target_preserve_query_merges_with_configured_query ... ok
test tests::redirect_target_preserve_query_appends_request_query ... ok
test tests::redirect_target_preserve_query_absent_when_request_has_none ... ok
test tests::redirect_target_relative_path_uses_request_host_and_scheme ... ok
test tests::redirect_with_missing_host_yields_empty_authority ... ok
test tests::redirect_target_preserve_path_appends_matched_suffix ... ok
test tests::rewrite_uri_path_without_query ... ok
test tests::rewrite_uri_path_preserves_query_string ... ok
test tls::tests::name_matches_exact_and_case_insensitive ... ok
test tls::tests::name_matches_wildcard_single_label_only ... ok
test tls::tests::store_get_resolves_wildcard ... ok
test tls::tests::accepts_valid_exact_cert ... ok
[ERROR] [members/nullnet-proxy/src/tls.rs:61] certificate is not yet valid
test tls::tests::rejects_not_yet_valid_cert ... ok
[ERROR] [members/nullnet-proxy/src/tls.rs:58] certificate has expired
test tls::tests::rejects_expired_cert ... ok
[ERROR] [members/nullnet-proxy/src/tls.rs:67] certificate does not cover domain 'color.com'
test tls::tests::wildcard_cert_covers_subdomain_but_not_apex ... ok
[ERROR] [members/nullnet-proxy/src/tls.rs:67] certificate does not cover domain 'other.com'
test tls::tests::rejects_domain_mismatch ... ok
[ERROR] [members/nullnet-proxy/src/tls.rs:67] certificate does not cover domain 'bad.com'
test tls::tests::from_bundle_splits_valid_and_invalid ... ok
[ERROR] [members/nullnet-proxy/src/tls.rs:49] private key does not match certificate
test tls::tests::rejects_key_mismatch ... ok

test result: ok. 38 passed; 0 failed; 0 ignored; 0 measured; 0 filtered out; finished in 0.13s

PASS_PACKAGE nullnet-proxy

added 162 packages in 1s

> ui@0.0.0 test
> node --test tests/*.test.mjs

TAP version 13
# (node:239789) ExperimentalWarning: The MockTimers API is an experimental feature and might change at any time
# (Use `node --trace-warnings ...` to show where the warning was created)
# Subtest: slow requests complete before another poll starts
ok 1 - slow requests complete before another poll starts
  ---
  duration_ms: 2.474802
  ...
# Subtest: stopping cancels an in-flight request and prevents another poll
ok 2 - stopping cancels an in-flight request and prevents another poll
  ---
  duration_ms: 0.650999
  ...
# Subtest: stopping cancels a scheduled poll
ok 3 - stopping cancels a scheduled poll
  ---
  duration_ms: 0.213786
  ...
# Subtest: without an interval the request runs once
ok 4 - without an interval the request runs once
  ---
  duration_ms: 0.323309
  ...
# Subtest: manual refresh cancels the old request and remains awaitable
ok 5 - manual refresh cancels the old request and remains awaitable
  ---
  duration_ms: 0.53368
  ...
# Subtest: an empty historical range retains configured services without live edges
ok 6 - an empty historical range retains configured services without live edges
  ---
  duration_ms: 1.524459
  ...
# Subtest: historical sessions add removed services without dropping idle current services
ok 7 - historical sessions add removed services without dropping idle current services
  ---
  duration_ms: 0.297743
  ...
1..7
# tests 7
# suites 0
# pass 7
# fail 0
# cancelled 0
# skipped 0
# todo 0
# duration_ms 521.356051

> ui@0.0.0 build
> tsc -b && vite build

vite v8.2.1 building client environment for production...
[2Ktransforming...✓ 74 modules transformed.
rendering chunks...
computing gzip size...
dist/index.html                   0.45 kB │ gzip:   0.28 kB
dist/assets/index-FdUoys2O.css   20.61 kB │ gzip:   4.62 kB
dist/assets/index-C0inM0Ic.js   398.31 kB │ gzip: 117.99 kB

✓ built in 184ms
    Finished `dev` profile [unoptimized + debuginfo] target(s) in 0.08s
     Running `target/debug/xtask build`
   Compiling nullnet-ebpf v0.1.0 (/root/nullnet-layer1-20261008/fresh/ebpf)
    Finished `dev` profile [optimized] target(s) in 0.43s
   Compiling nullnet-client v0.1.0 (/root/nullnet-layer1-20261008/fresh/members/nullnet-client)
    Finished `dev` profile [unoptimized + debuginfo] target(s) in 5.29s
    17: 0000000000000000  2376 FUNC    GLOBAL DEFAULT    4 nullnet_event_route
    23: 0000000000000948  1768 FUNC    GLOBAL DEFAULT    4 nullnet_event_uevent
    Finished `dev` profile [unoptimized + debuginfo] target(s) in 0.08s
     Running `target/debug/xtask lint`
    Checking nullnet-client v0.1.0 (/root/nullnet-layer1-20261008/fresh/members/nullnet-client)
    Finished `dev` profile [unoptimized + debuginfo] target(s) in 1.19s
    Checking nullnet-ebpf v0.1.0 (/root/nullnet-layer1-20261008/fresh/ebpf)
    Finished `dev` profile [optimized] target(s) in 0.17s
   Compiling nullnet-client v0.1.0 (/root/nullnet-layer1-20261008/fresh/members/nullnet-client)
    Finished `test` profile [unoptimized + debuginfo] target(s) in 3.64s
     Running unittests src/main.rs (target/debug/deps/nullnet_client-8b61ead9a50fc4b3)

running 112 tests
test commands::egress::purge_tests::empty_output_yields_nothing ... ok
test commands::egress::purge_tests::cross_host_forwarding_rules_preserve_existing_scope ... ok
test commands::dnat::tests::scoped_by_source_like_the_rule ... ok
test commands::egress::purge_tests::local_forwarding_excludes_internal_traffic_and_unsolicited_replies ... ok
test commands::egress::purge_tests::local_cleanup_is_scoped_to_tagged_edge_and_preserves_other_rules ... ok
test commands::egress::purge_tests::snat_rules_scoped_to_overlay_bridges ... ok
test commands::egress::tests::public_addresses_are_external ... ok
test commands::egress::tests::private_and_special_ranges_are_internal ... ok
test commands::egress::purge_tests::net_ids_come_from_our_table_range_only ... ok
test commands::egress::purge_tests::steerable_matches_what_install_steer_accepts ... ok
test commands::endpoint_io::tests::batched_cleanup_removes_owned_tcp_udp_flows_and_preserves_foreign_flows ... ignored, requires root, conntrack and an isolated root network namespace
test commands::dnat::tests::unspecified_source_stays_unscoped ... ok
test commands::vxlan::endpoint_packet_tests::cross_host_fresh_endpoint_packet_proof ... ignored, requires coordinated execution on both lab hosts
test commands::vxlan::endpoint_packet_tests::fresh_endpoints_deliver_packets_and_release_owned_resources ... ignored, requires root and an isolated root network namespace
test commands::native_xfrm::tests::both_hosts_derive_the_same_directional_identity ... ok
test commands::native_netlink::tests::attributes_preserve_alignment_and_nested_flags ... ok
test commands::vxlan::tests::veth_mac_is_locally_administered_and_side_scoped ... ok
test commands::vxlan::tests::veth_mac_matches_vxlan_setup_shs_printf_derivation ... ok
test commands::netlink::ownership_tests::startup_preserves_docker_and_unrelated_veths ... ok
test commands::vxlan_recovery::tests::recovery_removes_legacy_and_retiring_endpoints_but_preserves_docker_links ... ignored, requires root and an isolated root network namespace
test commands::xfrm_tests::empty_output_yields_nothing ... ok
test commands::xfrm_tests::orphan_namespace_cleanup_is_scoped_to_nullnet_names ... ok
test commands::endpoint_io::tests::flow_cleanup_matches_both_tuples_and_preserves_zone_and_identity ... ok
test commands::xfrm_tests::states_scoped_to_our_spi_range ... ok
test commands::xfrm_tests::policies_carry_their_selector_and_direction ... ok
test conntrack::tests::busy_foreign_owner_does_not_prevent_snapshot_drift_repair ... ok
test conntrack::tests::a_dnat_flush_does_not_report_a_trigger_chain_idle ... ok
test conntrack::tests::concurrent_flows_to_one_destination_finish_it_only_once ... ok
test conntrack::tests::conntrack_line_parses_the_original_tuple_not_the_reply ... ok
test commands::vxlan_cleanup::tests::cancelled_setup_releases_its_scheduling_hint ... ok
test conntrack::tests::conntrack_line_parses_udp_and_skips_other_protocols ... ok
test conntrack::tests::concurrent_flows_to_one_host_do_not_collapse ... ok
test conntrack::tests::empty_dump_during_suppression_is_not_idle ... ok
test conntrack::tests::duplicate_insert_is_idempotent ... ok
test conntrack::tests::live_destroy_event_parses_to_the_real_tuple ... ignored, needs root, network, and up to ~30s of conntrack timeout
test conntrack::tests::live_dump_flows_sees_a_real_connection ... ignored, needs root and network
test conntrack::tests::new_flow_clears_suppression ... ok
test conntrack::tests::owners_are_independent ... ok
test conntrack::tests::one_destination_finishes_while_the_owner_stays_active ... ok
test conntrack::tests::reconcile_on_an_untracked_owner_reports_nothing ... ok
test conntrack::tests::reconcile_from_a_dump_restores_the_exact_flow_set ... ok
test conntrack::tests::snapshot_cannot_erase_a_new_flow_or_revive_a_destroyed_one ... ok
test conntrack::tests::reconcile_to_empty_reports_idle ... ok
test conntrack::tests::snapshot_preserves_reopened_tuple_and_policy_flush_suppression ... ok
test conntrack::tests::suppressed_owner_never_reports_idle ... ok
test conntrack::tests::reconcile_repairs_destinations_in_both_directions ... ok
test conntrack::tests::suppression_expires_and_idle_is_reported_again ... ok
test control_channel::failure_tests::failed_kernel_teardown_is_not_acknowledged ... ignored, requires root, nnreview0 dummy interface, and the lab TLS server
test conntrack::tests::unknown_flow_destroy_is_ignored ... ok
test container_report_tests::reports_pause_state_for_standalone_and_swarm ... ok
test conntrack::tests::trigger_ports_on_one_container_are_independent ... ok
test crypto::tests::open_vlan_id_rejects_short_datagrams ... ok
test crypto::tests::seal_plain_then_open_round_trips_vlan_id_and_frame_untransformed ... ok
test crypto::tests::nonce_randomizes_ciphertext ... ok
test crypto::tests::truncated_data_fails_without_panicking ... ok
test crypto::tests::round_trip ... ok
test host_mappings::edit_tests::a_failed_read_writes_nothing ... ok
test control_channel::lifecycle::tests::orders_one_tunnel_without_blocking_another_and_releases_state ... ok
test crypto::tests::wrong_key_fails ... ok
test crypto::tests::seal_then_open_round_trips_vlan_id_and_plaintext ... ok
test host_mappings::tests::leaves_unmarked_content_untouched ... ok
test host_mappings::edit_tests::reports_no_change_and_leaves_the_file_alone ... ok
test host_mappings::tests::strips_only_marked_lines ... ok
test host_mappings::edit_tests::writes_in_place_and_reports_the_change ... ok
test nfqueue::cache::tests::container_index_extracts_name_and_sandbox_prefix ... ok
test nfqueue::cache::tests::container_index_handles_multiple_lines ... ok
test nfqueue::cache::tests::container_index_skips_empty_name ... ok
test nfqueue::cache::tests::container_index_skips_malformed_lines ... ok
test host_mappings::tests::slow_publication_does_not_block_unrelated_tunnels ... ok
test nfqueue::cache::tests::network_endpoints_parses_basic ... ok
test nfqueue::cache::tests::network_endpoints_skips_blanks_and_empty_fields ... ok
test host_mappings::tests::teardown_waits_for_publication_and_prevents_late_republication ... ok
test nfqueue::cache::tests::container_index_skips_short_sandbox ... ok
test nfqueue::cache::tests::docker_refresh_preserves_overlay_liveness_addresses ... ok
test nfqueue::cache::tests::rebuild_tracks_the_new_address_without_retaining_the_old_one ... ok
test nfqueue::cache::tests::resolve_direct_match_wins ... ok
test nfqueue::cache::tests::resolve_direct_match_wins_even_when_name_looks_like_gateway ... ok
test nfqueue::cache::tests::resolve_gateway_ingress_sbox_skipped ... ok
test nfqueue::cache::tests::replace_and_get_round_trip ... ok
test nfqueue::cache::tests::resolve_gateway_unknown_sandbox_skipped ... ok
test nfqueue::cache::tests::resolve_lb_endpoint_skipped ... ok
test nfqueue::cache::tests::resolve_unknown_name_skipped ... ok
test nfqueue::cache::tests::resolve_gateway_prefix_with_sandbox_match ... ok
test nfqueue::cache::tests::strip_cidr_garbage_returns_none ... ok
test nfqueue::cache::tests::same_host_teardown_keeps_the_other_endpoint_and_docker_address ... ok
test nfqueue::cache::tests::strip_cidr_with_mask ... ok
test nfqueue::cache::tests::strip_cidr_without_mask ... ok
test nfqueue::listener::tests::container_less_owner_matches_anything ... ok
test nfqueue::listener::tests::every_replica_of_the_declaring_service_owns_it ... ok
test nfqueue::listener::tests::foreign_container_on_a_watched_port_is_not_attributed ... ok
test nfqueue::listener::tests::scoped_owner_wins_over_legacy_catch_all ... ok
test nfqueue::listener::tests::two_services_can_share_a_port ... ok
test nfqueue::listener::tests::unwatched_port_is_a_miss ... ok
test nfqueue::parse::tests::extracts_tcp ... ok
test triggers::tests::atomic_claim_elects_one_sender_and_preserves_active ... ok
test nfqueue::parse::tests::extracts_udp ... ok
test nfqueue::parse::tests::rejects_unknown_protocol ... ok
test nfqueue::parse::tests::rejects_non_ipv4 ... ok
test nfqueue::parse::tests::rejects_too_short ... ok
test triggers::tests::distinct_containers_are_independent ... ok
test triggers::tests::concurrent_pending_share_notify ... ok
test triggers::tests::enabled_notified_wakes_on_subsequent_mark_active ... ok
test triggers::tests::forget_pending_drops_pending_entry ... ok
test triggers::tests::old_failure_cannot_forget_replacement ... ok
test triggers::tests::forget_pending_keeps_an_active_entry ... ok
test triggers::tests::installed_trigger_waits_for_both_endpoints ... ok
test triggers::tests::peek_returns_unspecified_when_absent ... ok
test triggers::tests::prepared_steering_survives_rpc_failure_and_is_cleaned_before_activation ... ok
test triggers::tests::remove_by_vxlan_returns_container_port_and_ip ... ok
test triggers::tests::pending_then_active_wakes_waiter ... ok
test commands::vxlan::tests::command_wait_yields_and_preserves_output_and_status ... ok
test triggers::tests::state_recheck_catches_mark_active_that_fired_before_enable ... ok

test result: ok. 105 passed; 0 failed; 7 ignored; 0 measured; 0 filtered out; finished in 0.06s

DONE_PHASE1_CI
