
added 162 packages, and audited 163 packages in 2s

44 packages are looking for funding
  run `npm fund` for details

12 high severity vulnerabilities

To address issues that do not require attention, run:
  npm audit fix

To address all issues (including breaking changes), run:
  npm audit fix --force

Run `npm audit` for details.
   Compiling proc-macro2 v1.0.107
   Compiling libc v0.2.189
   Compiling unicode-ident v1.0.24
   Compiling quote v1.0.47
   Compiling bytes v1.12.1
   Compiling pin-project-lite v0.2.17
   Compiling hashbrown v0.17.1
   Compiling equivalent v1.0.2
   Compiling futures-core v0.3.34
   Compiling find-msvc-tools v0.1.11
   Compiling shlex v2.0.1
   Compiling once_cell v1.21.4
   Compiling itoa v1.0.18
   Compiling anyhow v1.0.104
   Compiling dunce v1.0.5
   Compiling pkg-config v0.3.34
   Compiling fs_extra v1.3.0
   Compiling either v1.17.0
   Compiling http v1.5.0
   Compiling itertools v0.14.0
   Compiling tracing-core v0.1.36
   Compiling memchr v2.8.3
   Compiling futures-sink v0.3.34
   Compiling slab v0.4.12
   Compiling syn v2.0.119
   Compiling syn v3.0.3
   Compiling indexmap v2.14.0
   Compiling jobserver v0.1.35
   Compiling socket2 v0.6.5
   Compiling cc v1.4.3
   Compiling mio v1.2.2
   Compiling http-body v1.1.0
   Compiling bitflags v2.13.1
   Compiling aws-lc-rs v1.18.0
   Compiling log v0.4.33
   Compiling httparse v1.10.1
   Compiling prettyplease v0.2.37
   Compiling futures-task v0.3.34
   Compiling pulldown-cmark v0.13.4
   Compiling zeroize v1.9.0
   Compiling tower-service v0.3.3
   Compiling getrandom v0.4.3
   Compiling rustix v1.1.4
   Compiling futures-util v0.3.34
   Compiling linux-raw-sys v0.12.1
   Compiling cfg-if v1.0.4
   Compiling cmake v0.1.58
   Compiling unicase v2.9.0
   Compiling atomic-waker v1.1.2
   Compiling fnv v1.0.7
   Compiling regex-syntax v0.8.11
   Compiling try-lock v0.2.5
   Compiling foldhash v0.1.5
   Compiling want v0.3.1
   Compiling hashbrown v0.15.5
   Compiling aws-lc-sys v0.44.0
   Compiling rustls-pki-types v1.15.1
   Compiling regex-automata v0.4.18
   Compiling futures-channel v0.3.34
   Compiling rustls v0.23.43
   Compiling tower-layer v0.3.3
   Compiling fixedbitset v0.5.7
   Compiling tokio-macros v2.7.2
   Compiling untrusted v0.9.0
   Compiling sync_wrapper v1.0.2
   Compiling smallvec v1.15.2
   Compiling httpdate v1.0.3
   Compiling fastrand v2.5.0
   Compiling serde_core v1.0.229
   Compiling petgraph v0.8.3
   Compiling pulldown-cmark-to-cmark v22.0.1
   Compiling tokio v1.53.1
   Compiling tempfile v3.27.0
   Compiling http-body-util v0.1.5
   Compiling multimap v0.10.1
   Compiling tracing-attributes v0.1.31
   Compiling prost-derive v0.14.4
   Compiling regex v1.13.1
   Compiling mime v0.3.17
   Compiling heck v0.5.0
   Compiling subtle v2.6.1
   Compiling axum-core v0.5.6
   Compiling pin-project-internal v1.1.13
   Compiling tracing v0.1.44
   Compiling tonic-build v0.14.6
   Compiling percent-encoding v2.3.2
   Compiling matchit v0.8.4
   Compiling pin-project v1.1.13
   Compiling prost v0.14.4
   Compiling async-trait v0.1.92
   Compiling prost-types v0.14.4
   Compiling base64 v0.22.1
   Compiling prost-build v0.14.4
   Compiling tokio-util v0.7.19
   Compiling tokio-stream v0.1.19
   Compiling tonic-prost-build v0.14.6
   Compiling nullnet-grpc-lib v0.1.0 (/root/nullnet-layer1-20261008/committed/members/nullnet-grpc-lib)
   Compiling h2 v0.4.19
   Compiling tower v0.5.3
   Compiling axum v0.8.9
   Compiling hyper v1.11.0
   Compiling hyper-util v0.1.20
   Compiling hyper-timeout v0.5.2
   Compiling rustls-webpki v0.103.14
   Compiling tokio-rustls v0.26.4
   Compiling tonic v0.14.6
   Compiling tonic-prost v0.14.6
    Finished `dev` profile [unoptimized + debuginfo] target(s) in 16.78s
   Compiling libc v0.2.189
    Checking bytes v1.12.1
    Checking pin-project-lite v0.2.17
    Checking futures-core v0.3.34
    Checking once_cell v1.21.4
    Checking itoa v1.0.18
    Checking slab v0.4.12
    Checking hashbrown v0.17.1
    Checking equivalent v1.0.2
    Checking futures-sink v0.3.34
    Checking futures-task v0.3.34
    Checking tracing-core v0.1.36
    Checking zeroize v1.9.0
    Checking tower-service v0.3.3
    Checking futures-util v0.3.34
    Checking fnv v1.0.7
    Checking try-lock v0.2.5
   Compiling memchr v2.8.3
    Checking atomic-waker v1.1.2
    Checking tracing v0.1.44
    Checking http v1.5.0
    Checking want v0.3.1
    Checking indexmap v2.14.0
    Checking rustls-pki-types v1.15.1
   Compiling jobserver v0.1.35
    Checking mio v1.2.2
    Checking socket2 v0.6.5
   Compiling getrandom v0.4.3
    Checking http-body v1.1.0
   Compiling cc v1.4.3
   Compiling pulldown-cmark v0.13.4
    Checking httparse v1.10.1
    Checking tokio v1.53.1
    Checking futures-channel v0.3.34
    Checking tower-layer v0.3.3
    Checking smallvec v1.15.2
    Checking untrusted v0.9.0
    Checking httpdate v1.0.3
    Checking sync_wrapper v1.0.2
   Compiling tempfile v3.27.0
    Checking http-body-util v0.1.5
    Checking mime v0.3.17
    Checking subtle v2.6.1
   Compiling petgraph v0.8.3
   Compiling log v0.4.33
    Checking axum-core v0.5.6
    Checking serde_core v1.0.229
    Checking percent-encoding v2.3.2
    Checking matchit v0.8.4
   Compiling cmake v0.1.58
   Compiling pulldown-cmark-to-cmark v22.0.1
    Checking pin-project v1.1.13
    Checking base64 v0.22.1
    Checking prost v0.14.4
   Compiling aws-lc-sys v0.44.0
   Compiling prost-build v0.14.4
   Compiling tonic-prost-build v0.14.6
   Compiling nullnet-grpc-lib v0.1.0 (/root/nullnet-layer1-20261008/committed/members/nullnet-grpc-lib)
    Checking tokio-util v0.7.19
    Checking tokio-stream v0.1.19
    Checking h2 v0.4.19
    Checking tower v0.5.3
    Checking axum v0.8.9
    Checking hyper v1.11.0
    Checking hyper-util v0.1.20
    Checking hyper-timeout v0.5.2
   Compiling aws-lc-rs v1.18.0
   Compiling rustls v0.23.43
    Checking rustls-webpki v0.103.14
    Checking tokio-rustls v0.26.4
    Checking tonic v0.14.6
    Checking tonic-prost v0.14.6
    Finished `dev` profile [unoptimized + debuginfo] target(s) in 12.02s
   Compiling nullnet-grpc-lib v0.1.0 (/root/nullnet-layer1-20261008/committed/members/nullnet-grpc-lib)
    Finished `test` profile [unoptimized + debuginfo] target(s) in 1.12s
     Running unittests src/lib.rs (target/debug/deps/nullnet_grpc_lib-1379fb800dbcc42b)

running 2 tests
test admission_tests::clones_share_admission_and_cancellation_releases_capacity ... ok
test admission_tests::liveness_progresses_when_setup_admission_is_full ... ok

test result: ok. 2 passed; 0 failed; 0 ignored; 0 measured; 0 filtered out; finished in 0.00s

   Doc-tests nullnet_grpc_lib

running 0 tests

test result: ok. 0 passed; 0 failed; 0 ignored; 0 measured; 0 filtered out; finished in 0.00s

PASS_PACKAGE nullnet-grpc-lib
   Compiling libc v0.2.189
   Compiling cfg-if v1.0.4
   Compiling typenum v1.20.1
   Compiling syn v2.0.119
   Compiling syn v3.0.3
   Compiling futures-channel v0.3.34
   Compiling futures-task v0.3.34
   Compiling subtle v2.6.1
   Compiling futures-io v0.3.34
   Compiling autocfg v1.5.1
   Compiling libm v0.2.16
   Compiling version_check v0.9.5
   Compiling num-traits v0.2.19
   Compiling time-core v0.1.9
   Compiling num-conv v0.2.2
   Compiling powerfmt v0.2.0
   Compiling jobserver v0.1.35
   Compiling time-macros v0.2.32
   Compiling hybrid-array v0.4.14
   Compiling deranged v0.5.8
   Compiling cc v1.4.3
   Compiling mio v1.2.2
   Compiling socket2 v0.6.5
   Compiling getrandom v0.2.17
   Compiling serde_core v1.0.229
   Compiling generic-array v0.14.9
   Compiling ryu v1.0.23
   Compiling time v0.3.55
   Compiling getrandom v0.4.3
   Compiling rand_core v0.10.1
   Compiling const-oid v0.9.6
   Compiling num-integer v0.1.47
   Compiling cmake v0.1.58
   Compiling serde v1.0.229
   Compiling ipnet v2.12.1
   Compiling aws-lc-rs v1.18.0
   Compiling aws-lc-sys v0.44.0
   Compiling crypto-common v0.2.2
   Compiling rand_core v0.6.4
   Compiling block-buffer v0.12.1
   Compiling http v0.2.12
   Compiling vcpkg v0.2.15
   Compiling synstructure v0.13.2
   Compiling stable_deref_trait v1.2.1
   Compiling cpufeatures v0.3.0
   Compiling untrusted v0.7.1
   Compiling base64ct v1.8.3
   Compiling openssl-probe v0.2.1
   Compiling http-body v0.4.6
   Compiling form_urlencoded v1.2.2
   Compiling sync_wrapper v1.0.2
   Compiling either v1.17.0
   Compiling tokio-macros v2.7.2
   Compiling futures-macro v0.3.34
   Compiling serde_derive v1.0.229
   Compiling displaydoc v0.2.7
   Compiling zerovec-derive v0.11.5
   Compiling zeroize_derive v1.5.0
   Compiling tracing-attributes v0.1.31
   Compiling tokio v1.53.1
   Compiling futures-util v0.3.34
   Compiling zerofrom-derive v0.1.7
   Compiling zeroize v1.9.0
   Compiling rustls-pki-types v1.15.1
   Compiling block-buffer v0.10.4
   Compiling tracing v0.1.44
   Compiling crypto-common v0.1.6
   Compiling yoke-derive v0.8.2
   Compiling digest v0.10.7
   Compiling ring v0.17.14
   Compiling rustls v0.23.43
   Compiling vsimd v0.8.0
   Compiling zerofrom v0.1.8
   Compiling cmov v0.5.4
   Compiling outref v0.5.2
   Compiling ctutils v0.4.2
   Compiling base64-simd v0.8.0
   Compiling bytes-utils v0.1.4
   Compiling yoke v0.8.3
   Compiling zerovec v0.11.7
   Compiling pem-rfc7468 v0.7.0
   Compiling const-oid v0.10.2
   Compiling pin-utils v0.1.0
   Compiling zmij v1.0.23
   Compiling der v0.7.10
   Compiling aws-smithy-runtime-api-macros v1.1.0
   Compiling bitflags v2.13.1
   Compiling serde_json v1.0.151
   Compiling tinystr v0.8.4
   Compiling writeable v0.6.4
   Compiling litemap v0.8.3
   Compiling unicase v2.9.0
   Compiling anyhow v1.0.104
   Compiling potential_utf v0.1.6
   Compiling icu_locale_core v2.3.0
   Compiling zerotrie v0.2.5
   Compiling rustls-native-certs v0.8.4
   Compiling spki v0.7.3
   Compiling utf8_iter v1.0.4
   Compiling pkcs8 v0.10.2
   Compiling thiserror v2.0.20
   Compiling icu_normalizer_data v2.3.0
   Compiling semver v1.0.28
   Compiling icu_properties_data v2.3.0
   Compiling tokio-util v0.7.19
   Compiling aws-smithy-async v1.3.0
   Compiling rustc_version v0.4.1
   Compiling icu_provider v2.3.0
   Compiling icu_collections v2.3.0
   Compiling h2 v0.4.19
   Compiling tower v0.5.3
   Compiling aws-smithy-types v1.6.2
   Compiling itertools v0.14.0
   Compiling thiserror-impl v2.0.20
   Compiling aws-smithy-runtime-api v1.14.0
   Compiling openssl-sys v0.9.117
   Compiling prost-derive v0.14.4
   Compiling serde_urlencoded v0.7.1
   Compiling digest v0.11.3
   Compiling winnow v1.0.4
   Compiling fastrand v2.5.0
   Compiling icu_properties v2.3.0
   Compiling icu_normalizer v2.3.0
   Compiling hmac v0.12.1
   Compiling rustls v0.21.12
   Compiling ident_case v1.0.1
   Compiling strsim v0.11.1
   Compiling zerocopy v0.8.56
   Compiling darling_core v0.21.3
   Compiling signature v2.2.0
   Compiling ff v0.13.1
   Compiling openssl v0.10.81
   Compiling base16ct v0.2.0
   Compiling foreign-types-shared v0.1.1
   Compiling idna_adapter v1.2.2
   Compiling cpufeatures v0.2.17
   Compiling foreign-types v0.3.2
   Compiling idna v1.1.0
   Compiling sec1 v0.7.3
   Compiling hyper v1.11.0
   Compiling group v0.13.0
   Compiling prost v0.14.4
   Compiling pulldown-cmark v0.13.4
   Compiling hyper-util v0.1.20
   Compiling rustls-webpki v0.101.7
   Compiling sct v0.7.1
   Compiling prettyplease v0.2.37
   Compiling darling_macro v0.21.3
   Compiling hkdf v0.12.4
   Compiling aws-smithy-schema v0.2.0
   Compiling sha2 v0.11.0
   Compiling h2 v0.3.27
   Compiling axum-core v0.5.6
   Compiling crypto-bigint v0.5.5
   Compiling openssl-macros v0.1.1
   Compiling serde_path_to_error v0.1.20
   Compiling libsqlite3-sys v0.38.2
   Compiling socket2 v0.5.10
   Compiling native-tls v0.2.18
   Compiling minimal-lexical v0.2.1
   Compiling winnow v0.7.15
   Compiling same-file v1.0.6
   Compiling walkdir v2.5.0
   Compiling axum v0.8.9
   Compiling elliptic-curve v0.13.8
   Compiling tokio-rustls v0.24.1
   Compiling nom v7.1.3
   Compiling tempfile v3.27.0
   Compiling ppv-lite86 v0.2.21
   Compiling darling v0.21.3
   Compiling pulldown-cmark-to-cmark v22.0.1
   Compiling prost-types v0.14.4
   Compiling url v2.5.8
   Compiling hyper v0.14.32
   Compiling async-trait v0.1.92
   Compiling inout v0.2.2
   Compiling rustversion v1.0.23
   Compiling spin v0.9.9
   Compiling diesel_derives v2.3.9
   Compiling lazy_static v1.5.0
   Compiling prost-build v0.14.4
   Compiling rusticata-macros v4.1.0
   Compiling dsl_auto_type v0.2.0
   Compiling rand_chacha v0.3.1
   Compiling tonic-build v0.14.6
   Compiling toml_datetime v0.7.5+spec-1.1.0
   Compiling serde_spanned v1.1.1
   Compiling sha2 v0.10.9
   Compiling rfc6979 v0.4.0
   Compiling toml_parser v1.1.3+spec-1.1.0
   Compiling aws-credential-types v1.3.0
   Compiling aws-smithy-http v0.64.0
   Compiling hmac v0.13.0
   Compiling aws-types v1.5.0
   Compiling curve25519-dalek v4.1.3
   Compiling mime_guess v2.0.5
   Compiling asn1-rs-impl v0.2.0
   Compiling asn1-rs-derive v0.6.0
   Compiling pin-project-internal v1.1.13
   Compiling diesel_table_macro_syntax v0.3.0
   Compiling num-bigint v0.4.8
   Compiling hyper-rustls v0.24.2
   Compiling cpubits v0.1.1
   Compiling num-bigint-dig v0.8.6
   Compiling crc32fast v1.5.0
   Compiling cfg_aliases v0.2.2
   Compiling inotify-sys v0.1.8
   Compiling nix v0.31.3
   Compiling asn1-rs v0.7.2
   Compiling toml v0.9.12+spec-1.1.0
   Compiling pin-project v1.1.13
   Compiling ecdsa v0.16.9
   Compiling tonic-prost-build v0.14.6
   Compiling rand v0.8.7
   Compiling tokio-native-tls v0.3.1
   Compiling cipher v0.5.2
   Compiling tower-http v0.6.11
   Compiling primeorder v0.13.6
   Compiling hyper-timeout v0.5.2
   Compiling aws-smithy-observability v0.3.0
   Compiling tokio-stream v0.1.19
   Compiling universal-hash v0.6.1
   Compiling curve25519-dalek-derive v0.1.1
   Compiling num-iter v0.1.46
   Compiling pem v3.0.6
   Compiling cookie v0.18.2
   Compiling fs-err v3.3.1
   Compiling encoding_rs v0.8.35
   Compiling oid-registry v0.8.1
   Compiling downcast-rs v2.0.2
   Compiling simd-adler32 v0.3.10
   Compiling hex v0.4.3
   Compiling adler2 v2.0.1
   Compiling miniz_oxide v0.8.9
   Compiling migrations_internals v2.3.0
   Compiling aws-sigv4 v1.5.1
   Compiling polyval v0.7.3
   Compiling rust-embed-utils v8.12.0
   Compiling arc-swap v1.9.2
   Compiling hyper-tls v0.6.0
   Compiling nullnet-grpc-lib v0.1.0 (/root/nullnet-layer1-20261008/committed/members/nullnet-grpc-lib)
   Compiling ed25519 v2.2.3
   Compiling pkcs1 v0.7.5
   Compiling yasna v0.6.0
   Compiling chacha20 v0.10.1
   Compiling uuid v1.24.1
   Compiling xmlparser v0.13.6
   Compiling iana-time-zone v0.1.65
   Compiling ipnetwork v0.21.1
   Compiling chrono v0.4.45
   Compiling aws-smithy-xml v0.62.0
   Compiling maxminddb v0.27.3
   Compiling rsa v0.9.10
   Compiling rand v0.10.2
   Compiling rust-embed-impl v8.12.0
   Compiling diesel v2.3.12
   Compiling ed25519-dalek v2.2.0
   Compiling flate2 v1.1.9
   Compiling inotify v0.11.5
   Compiling reqwest v0.12.28
   Compiling ghash v0.6.0
   Compiling migrations_macros v2.3.0
   Compiling p384 v0.13.1
   Compiling p256 v0.13.2
   Compiling ctr v0.10.1
   Compiling aes v0.9.2
   Compiling der-parser v10.0.0
   Compiling simple_asn1 v0.6.4
   Compiling aead v0.6.1
   Compiling aws-smithy-json v0.63.0
   Compiling sha1 v0.11.0
   Compiling notify-types v2.1.0
   Compiling futures-executor v0.3.34
   Compiling blake2 v0.10.6
   Compiling password-hash v0.5.0
   Compiling toml_datetime v1.1.1+spec-1.1.0
   Compiling nullnet-liberror v0.1.1
   Compiling base32 v0.5.1
   Compiling regex-lite v0.1.9
   Compiling toml_writer v1.1.2+spec-1.1.0
   Compiling nullnet-server v0.1.0 (/root/nullnet-layer1-20261008/committed/members/nullnet-server)
   Compiling constant_time_eq v0.4.2
   Compiling data-encoding v2.11.1
   Compiling toml v1.1.4+spec-1.1.0
   Compiling totp-rs v6.0.0
   Compiling x509-parser v0.18.1
   Compiling nullnet-libipinfo v0.2.1
   Compiling argon2 v0.5.3
   Compiling futures v0.3.34
   Compiling notify v8.2.0
   Compiling jsonwebtoken v11.0.0
   Compiling rust-embed v8.12.0
   Compiling aes-gcm v0.11.0
   Compiling ctrlc v3.5.2
   Compiling axum-extra v0.12.6
   Compiling rpn-predicate-interpreter v0.1.0 (https://github.com/GyulyVGC/postfix-predicate-interpreter.git?branch=appguard#94bc5411)
   Compiling quick-xml v0.41.0
   Compiling base64 v0.23.1
   Compiling nullnet-liberror v0.1.1 (https://github.com/NullNet-ai/libguard.git?branch=nullnet-liberror-print#c994965b)
   Compiling diesel-async v0.9.2
   Compiling diesel_migrations v2.3.2
   Compiling rustls-webpki v0.103.14
   Compiling rcgen v0.14.9
   Compiling tokio-rustls v0.26.4
   Compiling rustls-platform-verifier v0.7.0
   Compiling hyper-rustls v0.27.9
   Compiling tonic v0.14.6
   Compiling axum-server v0.8.0
   Compiling aws-smithy-http-client v1.3.0
   Compiling instant-acme v0.8.5
   Compiling reqwest v0.13.4
   Compiling aws-smithy-runtime v1.13.1
   Compiling tonic-prost v0.14.6
   Compiling aws-runtime v1.9.1
   Compiling aws-sdk-route53 v1.119.0
    Finished `dev` profile [unoptimized + debuginfo] target(s) in 59.86s
    Checking cfg-if v1.0.4
    Checking libc v0.2.189
    Checking typenum v1.20.1
    Checking zeroize v1.9.0
    Checking futures-channel v0.3.34
    Checking futures-io v0.3.34
    Checking futures-task v0.3.34
    Checking subtle v2.6.1
    Checking tracing v0.1.44
    Checking libm v0.2.16
   Compiling time-core v0.1.9
   Compiling num-conv v0.2.2
    Checking futures-util v0.3.34
    Checking powerfmt v0.2.0
    Checking deranged v0.5.8
   Compiling time-macros v0.2.32
    Checking serde_core v1.0.229
    Checking ryu v1.0.23
    Checking const-oid v0.9.6
    Checking rand_core v0.10.1
    Checking rustls-pki-types v1.15.1
    Checking generic-array v0.14.9
    Checking num-traits v0.2.19
    Checking hybrid-array v0.4.14
    Checking ipnet v2.12.1
    Checking block-buffer v0.10.4
    Checking mio v1.2.2
    Checking socket2 v0.6.5
    Checking getrandom v0.2.17
    Checking num-integer v0.1.47
    Checking getrandom v0.4.3
    Checking rand_core v0.6.4
    Checking crypto-common v0.2.2
    Checking crypto-common v0.1.6
    Checking zerofrom v0.1.8
    Checking http v0.2.12
    Checking tokio v1.53.1
    Checking stable_deref_trait v1.2.1
    Checking time v0.3.55
    Checking digest v0.10.7
    Checking yoke v0.8.3
    Checking aws-lc-sys v0.44.0
    Checking base64ct v1.8.3
    Checking openssl-probe v0.2.1
    Checking untrusted v0.7.1
    Checking serde v1.0.229
    Checking form_urlencoded v1.2.2
    Checking sync_wrapper v1.0.2
    Checking either v1.17.0
    Checking aws-lc-rs v1.18.0
    Checking zerovec v0.11.7
    Checking http-body v0.4.6
    Checking outref v0.5.2
    Checking cmov v0.5.4
    Checking vsimd v0.8.0
    Checking bytes-utils v0.1.4
    Checking ctutils v0.4.2
    Checking pem-rfc7468 v0.7.0
    Checking block-buffer v0.12.1
    Checking pin-utils v0.1.0
    Checking cpufeatures v0.3.0
    Checking der v0.7.10
    Checking bitflags v2.13.1
    Checking base64-simd v0.8.0
    Checking zmij v1.0.23
    Checking tinystr v0.8.4
    Checking ring v0.17.14
    Checking writeable v0.6.4
    Checking litemap v0.8.3
    Checking serde_json v1.0.151
    Checking potential_utf v0.1.6
    Checking icu_locale_core v2.3.0
    Checking rustls-native-certs v0.8.4
    Checking rustls-webpki v0.103.14
    Checking zerotrie v0.2.5
    Checking utf8_iter v1.0.4
    Checking icu_collections v2.3.0
   Compiling anyhow v1.0.104
    Checking spki v0.7.3
    Checking pkcs8 v0.10.2
    Checking const-oid v0.10.2
    Checking rustls v0.23.43
    Checking thiserror v2.0.20
    Checking icu_provider v2.3.0
    Checking icu_properties_data v2.3.0
    Checking icu_normalizer_data v2.3.0
    Checking digest v0.11.3
   Compiling prost-derive v0.14.4
    Checking serde_urlencoded v0.7.1
    Checking hmac v0.12.1
   Compiling fnv v1.0.7
    Checking sct v0.7.1
    Checking icu_normalizer v2.3.0
    Checking icu_properties v2.3.0
   Compiling darling_core v0.21.3
    Checking rustls-webpki v0.101.7
    Checking signature v2.2.0
    Checking ff v0.13.1
    Checking base16ct v0.2.0
    Checking cpufeatures v0.2.17
    Checking foreign-types-shared v0.1.1
    Checking sec1 v0.7.3
    Checking foreign-types v0.3.2
    Checking group v0.13.0
    Checking rustls v0.21.12
    Checking zerocopy v0.8.56
    Checking idna_adapter v1.2.2
    Checking tokio-util v0.7.19
    Checking aws-smithy-async v1.3.0
    Checking idna v1.1.0
    Checking hkdf v0.12.4
   Compiling prost v0.14.4
    Checking sha2 v0.11.0
    Checking openssl-sys v0.9.117
    Checking h2 v0.4.19
    Checking tower v0.5.3
    Checking aws-smithy-types v1.6.2
    Checking h2 v0.3.27
    Checking axum-core v0.5.6
    Checking tokio-rustls v0.26.4
    Checking aws-smithy-runtime-api v1.14.0
    Checking rustls-platform-verifier v0.7.0
    Checking serde_path_to_error v0.1.20
    Checking crypto-bigint v0.5.5
   Compiling darling_macro v0.21.3
    Checking socket2 v0.5.10
    Checking minimal-lexical v0.2.1
   Compiling tempfile v3.27.0
    Checking nom v7.1.3
   Compiling darling v0.21.3
    Checking openssl v0.10.81
    Checking aws-smithy-schema v0.2.0
    Checking tokio-rustls v0.24.1
    Checking elliptic-curve v0.13.8
   Compiling prost-types v0.14.4
    Checking url v2.5.8
    Checking ppv-lite86 v0.2.21
   Compiling mime_guess v2.0.5
    Checking inout v0.2.2
    Checking spin v0.9.9
   Compiling winnow v1.0.4
   Compiling prost-build v0.14.4
    Checking toml_parser v1.1.3+spec-1.1.0
    Checking lazy_static v1.5.0
    Checking rusticata-macros v4.1.0
    Checking hyper v1.11.0
    Checking hyper v0.14.32
    Checking rand_chacha v0.3.1
    Checking aws-smithy-http v0.64.0
    Checking aws-credential-types v1.3.0
   Compiling dsl_auto_type v0.2.0
    Checking sha2 v0.10.9
   Compiling toml_datetime v0.7.5+spec-1.1.0
    Checking rfc6979 v0.4.0
    Checking hmac v0.13.0
    Checking serde_spanned v1.1.1
    Checking num-bigint v0.4.8
    Checking same-file v1.0.6
    Checking cpubits v0.1.1
   Compiling winnow v0.7.15
    Checking native-tls v0.2.18
   Compiling diesel_derives v2.3.9
    Checking tokio-native-tls v0.3.1
   Compiling walkdir v2.5.0
    Checking hyper-util v0.1.20
    Checking pin-project v1.1.13
    Checking asn1-rs v0.7.2
    Checking ecdsa v0.16.9
   Compiling tonic-prost-build v0.14.6
    Checking rand v0.8.7
    Checking cipher v0.5.2
    Checking tower-http v0.6.11
    Checking primeorder v0.13.6
    Checking libsqlite3-sys v0.38.2
    Checking aws-smithy-observability v0.3.0
    Checking tokio-stream v0.1.19
   Compiling toml v0.9.12+spec-1.1.0
    Checking universal-hash v0.6.1
    Checking hyper-rustls v0.27.9
    Checking axum v0.8.9
    Checking hyper-timeout v0.5.2
    Checking num-iter v0.1.46
    Checking pem v3.0.6
    Checking encoding_rs v0.8.35
    Checking fastrand v2.5.0
    Checking downcast-rs v2.0.2
    Checking adler2 v2.0.1
   Compiling mime v0.3.17
    Checking simd-adler32 v0.3.10
    Checking hex v0.4.3
    Checking aws-sigv4 v1.5.1
    Checking hyper-rustls v0.24.2
    Checking miniz_oxide v0.8.9
    Checking aws-smithy-http-client v1.3.0
   Compiling migrations_internals v2.3.0
    Checking curve25519-dalek v4.1.3
    Checking num-bigint-dig v0.8.6
    Checking polyval v0.7.3
    Checking hyper-tls v0.6.0
   Compiling nullnet-grpc-lib v0.1.0 (/root/nullnet-layer1-20261008/committed/members/nullnet-grpc-lib)
    Checking arc-swap v1.9.2
    Checking aws-smithy-runtime v1.13.1
   Compiling rust-embed-utils v8.12.0
    Checking aws-types v1.5.0
    Checking inotify-sys v0.1.8
    Checking crc32fast v1.5.0
    Checking ed25519 v2.2.3
    Checking pkcs1 v0.7.5
    Checking yasna v0.6.0
    Checking chacha20 v0.10.1
    Checking uuid v1.24.1
    Checking iana-time-zone v0.1.65
    Checking xmlparser v0.13.6
    Checking ipnetwork v0.21.1
    Checking chrono v0.4.45
    Checking maxminddb v0.27.3
    Checking rand v0.10.2
    Checking aws-smithy-xml v0.62.0
    Checking rcgen v0.14.9
    Checking rsa v0.9.10
    Checking ed25519-dalek v2.2.0
    Checking flate2 v1.1.9
    Checking inotify v0.11.5
    Checking nix v0.31.3
    Checking tonic v0.14.6
   Compiling rust-embed-impl v8.12.0
    Checking reqwest v0.12.28
    Checking ghash v0.6.0
   Compiling migrations_macros v2.3.0
    Checking cookie v0.18.2
    Checking fs-err v3.3.1
    Checking oid-registry v0.8.1
    Checking p384 v0.13.1
    Checking diesel v2.3.12
    Checking p256 v0.13.2
    Checking der-parser v10.0.0
    Checking aes v0.9.2
    Checking ctr v0.10.1
    Checking simple_asn1 v0.6.4
    Checking aws-runtime v1.9.1
    Checking aead v0.6.1
    Checking aws-smithy-json v0.63.0
    Checking sha1 v0.11.0
    Checking notify-types v2.1.0
    Checking futures-executor v0.3.34
    Checking toml_datetime v1.1.1+spec-1.1.0
    Checking password-hash v0.5.0
    Checking blake2 v0.10.6
    Checking nullnet-liberror v0.1.1
    Checking base32 v0.5.1
   Compiling nullnet-server v0.1.0 (/root/nullnet-layer1-20261008/committed/members/nullnet-server)
    Checking toml_writer v1.1.2+spec-1.1.0
    Checking constant_time_eq v0.4.2
    Checking unicase v2.9.0
    Checking data-encoding v2.11.1
    Checking regex-lite v0.1.9
    Checking totp-rs v6.0.0
    Checking toml v1.1.4+spec-1.1.0
    Checking x509-parser v0.18.1
    Checking tonic-prost v0.14.6
    Checking argon2 v0.5.3
    Checking nullnet-libipinfo v0.2.1
    Checking aws-sdk-route53 v1.119.0
    Checking notify v8.2.0
    Checking futures v0.3.34
    Checking aes-gcm v0.11.0
    Checking jsonwebtoken v11.0.0
    Checking rust-embed v8.12.0
    Checking axum-server v0.8.0
    Checking ctrlc v3.5.2
    Checking axum-extra v0.12.6
    Checking instant-acme v0.8.5
    Checking reqwest v0.13.4
    Checking rpn-predicate-interpreter v0.1.0 (https://github.com/GyulyVGC/postfix-predicate-interpreter.git?branch=appguard#94bc5411)
    Checking quick-xml v0.41.0
    Checking nullnet-liberror v0.1.1 (https://github.com/NullNet-ai/libguard.git?branch=nullnet-liberror-print#c994965b)
    Checking base64 v0.23.1
    Checking diesel_migrations v2.3.2
    Checking diesel-async v0.9.2
    Finished `dev` profile [unoptimized + debuginfo] target(s) in 22.88s
   Compiling nullnet-server v0.1.0 (/root/nullnet-layer1-20261008/committed/members/nullnet-server)
warning: unused `axum::Json` that must be used
   --> members/nullnet-server/src/http_server/observation.rs:538:9
    |
538 | /         stop_handler(
539 | |             admin(),
540 | |             Path(("mesh".into(), started.id)),
541 | |             State(state.clone()),
542 | |         )
543 | |         .await
544 | |         .unwrap();
    | |_________________^
    |
    = note: `#[warn(unused_must_use)]` (part of `#[warn(unused)]`) on by default
help: use `let _ = ...` to ignore the resulting value
    |
538 |         let _ = stop_handler(
    |         +++++++

warning: unused `axum::Json` that must be used
   --> members/nullnet-server/src/http_server/observation.rs:665:9
    |
665 | /         start_handler(admin(), Path("mesh".into()), State(state.clone()))
666 | |             .await
667 | |             .unwrap();
    | |_____________________^
    |
help: use `let _ = ...` to ignore the resulting value
    |
665 |         let _ = start_handler(admin(), Path("mesh".into()), State(state.clone()))
    |         +++++++

warning: `nullnet-server` (bin "nullnet-server" test) generated 2 warnings
    Finished `test` profile [unoptimized + debuginfo] target(s) in 22.11s
     Running unittests src/main.rs (target/debug/deps/nullnet_server-680bfec77fed8017)

running 282 tests
[ERROR] [members/nullnet-server/src/auth/jwt.rs:102] InvalidToken
test auth::jwt::tests::garbage_token_is_rejected ... ok
[ERROR] [members/nullnet-server/src/auth/jwt.rs:94] token is not an mfa-pending token
test auth::jwt::tests::mfa_pending_token_round_trip ... ok
[ERROR] [test auth::jwt::tests::access_token_round_trip ... members/nullnet-server/src/auth/jwt.rsok:
72] token is not an access token
test auth::jwt::tests::access_token_rejected_as_mfa_pending_token ... ok
test auth::jwt::tests::mfa_pending_token_rejected_as_access_token ... ok
test auth::mfa_crypto::tests::round_trip ... ok
test auth::session::tests::different_tokens_hash_differently ... ok
test auth::session::tests::tokens_are_unique ... ok
[ERROR] [members/nullnet-server/src/auth/mod.rs:45] unknown role 'nope'
test auth::session::tests::hash_is_deterministic_and_not_the_raw_value ... ok
test auth::tests::role_round_trips ... ok
test auth::tests::scope_round_trips ... ok
test auth::totp::tests::generated_secret_is_usable ... ok
test auth::totp::tests::provisioning_uri_contains_issuer_and_account ... ok
test auth::totp::tests::current_code_verifies ... ok
test cert::authority::tests::record_name_exact_and_wildcard ... ok
test auth::totp::tests::wrong_code_is_rejected ... ok
test cert::tests::optional_fields_may_be_omitted ... ok
test cert::tests::renamed_provider_tags_match ... ok
test cert::tests::serialize_round_trips_for_storage ... ok
test cert::tests::unknown_provider_is_rejected ... ok
test crypto::tests::nonce_randomizes_ciphertext ... ok
test crypto::tests::round_trip ... ok
[ERROR] [members/nullnet-server/src/crypto.rs:44] aead::Error
test crypto::tests::wrong_key_fails ... ok
test cert::tests::cloudflare_round_trip ... ok
WARNING: no users exist and ADMIN_BOOTSTRAP_USERNAME/ADMIN_BOOTSTRAP_PASSWORD are not both set — the admin UI will be inaccessible until an initial admin is created (set these env vars and restart).
test auth::bootstrap::tests::does_nothing_if_bootstrap_args_absent ... ok
test auth::bootstrap::tests::is_idempotent_once_a_user_exists ... ok
[ERROR] [members/nullnet-server/src/db/events.rs:49] injected write failure
test db::events::tests::a_failed_batch_rolls_back_every_row ... ok
test db::events::tests::delete_older_than_prunes_only_stale_rows ... ok
test db::certs::tests::dns_credentials_round_trip ... ok
test db::certs::tests::put_get_list_delete_round_trip ... ok
[ERROR] [members/nullnet-server/src/db/events.rs:49] injected persistent failure
Event persistence failed; retaining the batch and retrying: Error { message: "injected persistent failure" }
test db::events::tests::event_enqueue_does_not_wait_for_storage_and_shutdown_drains ... ok
[ERROR] [members/nullnet-server/src/db/events.rs:49] injected write failure
Event persistence failed; retaining the batch and retrying: Error { message: "injected write failure" }
test db::events::tests::insert_and_query_round_trip ... ok
test db::events::tests::pagination_cursor_walks_backwards_through_pages ... ok
[ERROR] [members/nullnet-server/src/db/events.rs:49] injected persistent failure
Event persistence failed; retaining the batch and retrying: Error { message: "injected persistent failure" }
Event persistence queue is full; dropping new events to keep routing available
test db::login_attempts::tests::clear_resets_counter ... ok
test db::login_attempts::tests::locks_out_after_threshold ... ok
test db::refresh_tokens::tests::expired_token_is_not_active ... ok
test db::refresh_tokens::tests::deleting_user_cascades_tokens ... ok
test db::refresh_tokens::tests::insert_find_revoke ... ok
test db::refresh_tokens::tests::revoke_all_for_user ... ok
test db::refresh_tokens::tests::rotate_revokes_old_and_creates_new ... ok
test db::sessions::tests::a_recycled_net_id_starts_a_new_row_beside_the_closed_one ... ok
[ERROR] [members/nullnet-server/src/db/sessions.rs:93] UNIQUE constraint failed: sessions.direction, sessions.net_id, sessions.service, sessions.peer_ip
test db::sessions::tests::a_second_open_row_for_the_same_session_is_rejected ... ok
test db::sessions::tests::active_counts_group_directions_and_exclude_other_stacks_and_closed_rows ... ok
test db::sessions::tests::blocked_filter_splits_denied_from_allowed ... ok
test db::sessions::tests::blocked_ingress_folds_into_its_burst_row ... ok
test db::sessions::tests::busiest_services_rank_only_active_rows_in_the_stack ... ok
test db::sessions::tests::clients_sharing_a_net_id_are_separate_sessions ... ok
test db::sessions::tests::close_all_open_leaves_already_closed_rows_alone ... ok
test db::sessions::tests::close_egress_edge_closes_every_destination_of_that_edge ... ok
test db::sessions::tests::open_close_and_filter_round_trip ... ok
test db::sessions::tests::open_session_lookup_does_not_scan_closed_history ... ok
test db::sessions::tests::pagination_cursor_walks_backwards_through_pages ... ok
test db::sessions::tests::policy_counts_follow_backfill_policy_changes_rollback_and_retention ... ok
test db::sessions::tests::open_ingress_keys_sees_past_a_page_of_newer_history ... ok
test db::sessions::tests::policy_counts_include_closed_rows_but_exclude_backends_and_other_stacks ... ok
test db::sessions::tests::retention_prunes_ended_rows_only ... ok
test db::sessions::tests::time_range_includes_every_intersection_and_pages_without_duplicates ... ok
test db::sessions::tests::touch_updates_open_row_and_fills_geo_once ... ok
[ERROR] [members/nullnet-server/src/db/stacks.rs:258] UNIQUE constraint failed: routes.stack, routes.host, routes.path
test db::stacks::tests::delete_cascades_services_triggers_dependencies_and_routes ... ok
[ERROR] [members/nullnet-server/src/db/stacks.rs:258] UNIQUE constraint failed: services.stack, services.name
test db::stacks::tests::failed_import_rolls_back_services_and_routes_together ... ok
test db::stacks::tests::put_routes_round_trips_and_replaces ... ok
[ERROR] [members/nullnet-server/src/db/stacks.rs:258] UNIQUE constraint failed: services.stack, services.name
test db::stacks::tests::failed_service_replace_preserves_previous_configuration ... ok
test db::stacks::tests::put_services_creates_the_stack_row_for_a_new_name ... ok
Bootstrapped initial admin account 'root'.
test auth::bootstrap::tests::creates_admin_when_bootstrap_args_set ... ok
test db::stacks::tests::put_services_replaces_the_full_list ... ok
test db::stacks::tests::put_services_round_trips_service_triggers_and_dependencies ... ok
test db::tests::open_runs_migrations_and_is_reusable ... ok
test db::user_scopes::tests::deleting_user_cascades_scopes ... ok
test db::user_scopes::tests::set_and_read_scopes ... ok
test db::users::tests::create_get_list_delete_round_trip ... ok
test http_server::certificates::tests::accepts_exact_and_wildcard ... ok
test http_server::certificates::tests::rejects_traversal_and_junk ... ok
test db::users::tests::mfa_lifecycle ... ok
test db::users::tests::partial_update_only_touches_given_fields ... ok
Loaded stack 'mesh': {"web": Unregistered(UnregisteredServiceInfo { proxy_deps: [["old"]], triggers: {8002: "old"}, timeout: Some(0), max_networks: None, protocol: Http, listen_port: None, egress_policy: None, ingress_policy: None, pausable: false }), "new": Unregistered(UnregisteredServiceInfo { proxy_deps: [], triggers: {}, timeout: None, max_networks: None, protocol: Http, listen_port: None, egress_policy: None, ingress_policy: None, pausable: false }), "old": Unregistered(UnregisteredServiceInfo { proxy_deps: [], triggers: {}, timeout: None, max_networks: None, protocol: Http, listen_port: None, egress_policy: None, ingress_policy: None, pausable: false })}
[geo] IPINFO_API_URL not set; using free db-ip.com fallback
Loaded stack 'mesh': {"new": Unregistered(UnregisteredServiceInfo { proxy_deps: [], triggers: {}, timeout: None, max_networks: None, protocol: Http, listen_port: None, egress_policy: None, ingress_policy: None, pausable: false }), "web": Unregistered(UnregisteredServiceInfo { proxy_deps: [["old"]], triggers: {8002: "old"}, timeout: Some(0), max_networks: None, protocol: Http, listen_port: None, egress_policy: None, ingress_policy: None, pausable: false }), "old": Unregistered(UnregisteredServiceInfo { proxy_deps: [], triggers: {}, timeout: None, max_networks: None, protocol: Http, listen_port: None, egress_policy: None, ingress_policy: None, pausable: false })}
[geo] IPINFO_API_URL not set; using free db-ip.com fallback
Loaded stack 'mesh': {"new": Unregistered(UnregisteredServiceInfo { proxy_deps: [], triggers: {}, timeout: None, max_networks: None, protocol: Http, listen_port: None, egress_policy: None, ingress_policy: None, pausable: false }), "old": Unregistered(UnregisteredServiceInfo { proxy_deps: [], triggers: {}, timeout: None, max_networks: None, protocol: Http, listen_port: None, egress_policy: None, ingress_policy: None, pausable: false }), "web": Unregistered(UnregisteredServiceInfo { proxy_deps: [["old"]], triggers: {8002: "old"}, timeout: Some(0), max_networks: None, protocol: Http, listen_port: None, egress_policy: None, ingress_policy: None, pausable: false })}
[geo] IPINFO_API_URL not set; using free db-ip.com fallback
Loaded stack 'mesh': {"new": Unregistered(UnregisteredServiceInfo { proxy_deps: [], triggers: {}, timeout: None, max_networks: None, protocol: Http, listen_port: None, egress_policy: None, ingress_policy: None, pausable: false }), "web": Unregistered(UnregisteredServiceInfo { proxy_deps: [["old"]], triggers: {8002: "old"}, timeout: Some(0), max_networks: None, protocol: Http, listen_port: None, egress_policy: None, ingress_policy: None, pausable: false }), "old": Unregistered(UnregisteredServiceInfo { proxy_deps: [], triggers: {}, timeout: None, max_networks: None, protocol: Http, listen_port: None, egress_policy: None, ingress_policy: None, pausable: false })}
Loaded stack 'mesh': {"web": Unregistered(UnregisteredServiceInfo { proxy_deps: [["old"]], triggers: {8003: "new", 8002: "old"}, timeout: Some(0), max_networks: None, protocol: Http, listen_port: None, egress_policy: None, ingress_policy: None, pausable: false }), "old": Unregistered(UnregisteredServiceInfo { proxy_deps: [], triggers: {8001: "web", 8003: "new"}, timeout: None, max_networks: None, protocol: Http, listen_port: None, egress_policy: None, ingress_policy: None, pausable: false }), "new": Unregistered(UnregisteredServiceInfo { proxy_deps: [], triggers: {8002: "old", 8001: "web"}, timeout: None, max_networks: None, protocol: Http, listen_port: None, egress_policy: None, ingress_policy: None, pausable: false })}
Loaded stack 'mesh': {"old": Unregistered(UnregisteredServiceInfo { proxy_deps: [], triggers: {}, timeout: None, max_networks: None, protocol: Http, listen_port: None, egress_policy: None, ingress_policy: None, pausable: false }), "new": Unregistered(UnregisteredServiceInfo { proxy_deps: [], triggers: {}, timeout: None, max_networks: None, protocol: Http, listen_port: None, egress_policy: None, ingress_policy: None, pausable: false }), "web": Unregistered(UnregisteredServiceInfo { proxy_deps: [["old"]], triggers: {8002: "old"}, timeout: Some(0), max_networks: None, protocol: Http, listen_port: None, egress_policy: None, ingress_policy: None, pausable: false })}
test http_server::observation::tests::concurrent_starts_are_serialized_and_stale_results_cannot_overwrite_edits ... ok
test http_server::observation::tests::active_observation_rejects_every_config_write_path_and_unauthorized_start ... ok
test http_server::observation::tests::conflicting_destinations_cannot_activate_and_leave_no_observation ... ok
UI TLS certificate unavailable for 'ui.example.com': no matching certificate available in the certificate store
UI TLS certificate active for 'ui.example.com'
UI TLS certificate active for 'ui.example.com'
UI TLS certificate unavailable for 'ui.example.com': invalid UI TLS certificate/key: keys may not be consistent: KeyMismatch
UI TLS certificate unavailable for 'ui.example.com': no matching certificate available in the certificate store
UI TLS certificate active for 'ui.example.com'
test http_server::tls::tests::bootstrap_renewal_failure_retention_and_recovery ... ok
test http_server::tls::tests::selection_prefers_exact_and_limits_wildcard_to_one_label ... ok
test http_server::tls::tests::validates_actual_san_and_dates_not_store_label ... ok
test net::tests::vlan_setup_client_and_server_addresses_differ ... ok
test net::tests::vxlan_setup_client_and_server_addresses_differ ... ok
'NET_TYPE' environment variable not set
test net_id_pool::tests::test_allocate_sequential_net_ids ... ok
test net_id_pool::tests::test_double_free_does_not_duplicate_net_id ... ok
test net_id_pool::tests::test_free_ignores_out_of_range_net_ids ... ok
test net_id_pool::tests::test_freed_id_is_not_immediately_reallocated ... ok
test net_id_pool::tests::test_generate_key_is_random_and_full_length ... ok
test net_id_pool::tests::test_net_ids_exhaustion ... ok
test net_id_pool::tests::test_reuse_freed_net_ids_oldest_first ... ok
test net_id_pool::tests::test_udp_port_pool_allocate_sequential ... ok
test net_id_pool::tests::test_udp_port_pool_double_free_does_not_duplicate ... ok
test net_id_pool::tests::test_udp_port_pool_exhaustion ... ok
test net_id_pool::tests::test_udp_port_pool_free_ignores_out_of_range ... ok
test net_id_pool::tests::test_udp_port_pool_reuse_freed_oldest_first ... ok
test nullnet_grpc_impl::host_pin_tests::listen_ports_are_allowed_only_on_proxy_and_keep_explicit_ports ... ok
[geo] IPINFO_API_URL not set; using free db-ip.com fallback
Loaded stack 'mesh': {"old": Unregistered(UnregisteredServiceInfo { proxy_deps: [], triggers: {}, timeout: None, max_networks: None, protocol: Http, listen_port: None, egress_policy: None, ingress_policy: None, pausable: false }), "new": Unregistered(UnregisteredServiceInfo { proxy_deps: [], triggers: {}, timeout: None, max_networks: None, protocol: Http, listen_port: None, egress_policy: None, ingress_policy: None, pausable: false }), "web": Unregistered(UnregisteredServiceInfo { proxy_deps: [["old"]], triggers: {8002: "old"}, timeout: Some(0), max_networks: None, protocol: Http, listen_port: None, egress_policy: None, ingress_policy: None, pausable: false })}
[geo] IPINFO_API_URL not set; using free db-ip.com fallback
Loaded stack 'mesh': {"old": Unregistered(UnregisteredServiceInfo { proxy_deps: [], triggers: {}, timeout: None, max_networks: None, protocol: Http, listen_port: None, egress_policy: None, ingress_policy: None, pausable: false }), "new": Unregistered(UnregisteredServiceInfo { proxy_deps: [], triggers: {}, timeout: None, max_networks: None, protocol: Http, listen_port: None, egress_policy: None, ingress_policy: None, pausable: false }), "web": Unregistered(UnregisteredServiceInfo { proxy_deps: [["old"]], triggers: {8002: "old"}, timeout: Some(0), max_networks: None, protocol: Http, listen_port: None, egress_policy: None, ingress_policy: None, pausable: false })}
[geo] IPINFO_API_URL not set; using free db-ip.com fallback
Received service report from '192.0.2.1': 1 container(s), 0 listener(s)
Loaded stack 'mesh': {"new": Unregistered(UnregisteredServiceInfo { proxy_deps: [], triggers: {}, timeout: None, max_networks: None, protocol: Http, listen_port: None, egress_policy: None, ingress_policy: None, pausable: false }), "web": Unregistered(UnregisteredServiceInfo { proxy_deps: [["old"]], triggers: {8002: "old"}, timeout: Some(0), max_networks: None, protocol: Http, listen_port: None, egress_policy: None, ingress_policy: None, pausable: false }), "old": Unregistered(UnregisteredServiceInfo { proxy_deps: [], triggers: {}, timeout: None, max_networks: None, protocol: Http, listen_port: None, egress_policy: None, ingress_policy: None, pausable: false })}
Loaded stack 'mesh': {"web": Unregistered(UnregisteredServiceInfo { proxy_deps: [["old"]], triggers: {8002: "old"}, timeout: Some(0), max_networks: None, protocol: Http, listen_port: None, egress_policy: None, ingress_policy: None, pausable: false }), "old": Unregistered(UnregisteredServiceInfo { proxy_deps: [], triggers: {}, timeout: None, max_networks: None, protocol: Http, listen_port: None, egress_policy: None, ingress_policy: None, pausable: false }), "new": Unregistered(UnregisteredServiceInfo { proxy_deps: [], triggers: {}, timeout: None, max_networks: None, protocol: Http, listen_port: None, egress_policy: None, ingress_policy: None, pausable: false })}
Loaded stack 'mesh': {"old": Unregistered(UnregisteredServiceInfo { proxy_deps: [], triggers: {8003: "new", 8001: "web"}, timeout: None, max_networks: None, protocol: Http, listen_port: None, egress_policy: None, ingress_policy: None, pausable: false }), "new": Unregistered(UnregisteredServiceInfo { proxy_deps: [], triggers: {8002: "old", 8001: "web"}, timeout: None, max_networks: None, protocol: Http, listen_port: None, egress_policy: None, ingress_policy: None, pausable: false }), "web": Unregistered(UnregisteredServiceInfo { proxy_deps: [["old"]], triggers: {8003: "new", 8002: "old"}, timeout: Some(0), max_networks: None, protocol: Http, listen_port: None, egress_policy: None, ingress_policy: None, pausable: false })}
Loaded stack 'mesh': {"web": Unregistered(UnregisteredServiceInfo { proxy_deps: [["old"]], triggers: {8002: "old", 8003: "new"}, timeout: Some(0), max_networks: None, protocol: Http, listen_port: None, egress_policy: None, ingress_policy: None, pausable: false }), "new": Unregistered(UnregisteredServiceInfo { proxy_deps: [], triggers: {8002: "old", 8001: "web"}, timeout: None, max_networks: None, protocol: Http, listen_port: None, egress_policy: None, ingress_policy: None, pausable: false }), "old": Unregistered(UnregisteredServiceInfo { proxy_deps: [], triggers: {8003: "new", 8001: "web"}, timeout: None, max_networks: None, protocol: Http, listen_port: None, egress_policy: None, ingress_policy: None, pausable: false })}
Loaded stack 'mesh': {"old": Unregistered(UnregisteredServiceInfo { proxy_deps: [], triggers: {}, timeout: None, max_networks: None, protocol: Http, listen_port: None, egress_policy: None, ingress_policy: None, pausable: false }), "new": Unregistered(UnregisteredServiceInfo { proxy_deps: [], triggers: {}, timeout: None, max_networks: None, protocol: Http, listen_port: None, egress_policy: None, ingress_policy: None, pausable: false }), "web": Unregistered(UnregisteredServiceInfo { proxy_deps: [["old"]], triggers: {8002: "old"}, timeout: Some(0), max_networks: None, protocol: Http, listen_port: None, egress_policy: None, ingress_policy: None, pausable: false })}
Resuming container 'restarted_c' on 192.0.2.1
test http_server::observation::tests::counters_seed_open_sessions_survive_retention_and_freeze_on_stop ... ok
test nullnet_grpc_impl::host_pin_tests::pausable_report_recovers_paused_container_after_restart ... ok
[http-routes] bundle built: 0 route(s)
test nullnet_grpc_impl::http_route_bundle_tests::backend_only_and_non_http_services_get_no_implicit_route ... ok
[http-routes] bundle built: 1 route(s)
[geo] IPINFO_API_URL not set; using free db-ip.com fallback
test nullnet_grpc_impl::http_route_bundle_tests::declares_no_routes_falls_back_to_implicit_host_route ... ok
[http-routes] bundle built: 2 route(s)
test nullnet_grpc_impl::http_route_bundle_tests::explicit_route_for_a_host_suppresses_its_implicit_fallback ... ok
[http-routes] bundle built: 1 route(s)
test nullnet_grpc_impl::http_route_bundle_tests::old_config_with_no_route_blocks_is_unaffected ... ok
[http-routes] bundle built: 1 route(s)
test nullnet_grpc_impl::http_route_bundle_tests::redirect_route_converts_to_wire_redirect ... ok
[geo] IPINFO_API_URL not set; using free db-ip.com fallback
Received service report from '192.0.2.1': 0 container(s), 1 listener(s)
Received service report from '192.0.2.2': 0 container(s), 1 listener(s)
test nullnet_grpc_impl::host_pin_tests::ssh_host_pins_separate_identical_listeners ... ok
[geo] IPINFO_API_URL not set; using free db-ip.com fallback
Egress edge for '<host>' (10.0.0.2) idle past the debounce; tearing down net 101
test orchestrator::egress_liveness_tests::a_built_idle_edge_is_due_and_gets_reaped ... ok
[geo] IPINFO_API_URL not set; using free db-ip.com fallback
test orchestrator::egress_liveness_tests::a_half_built_edge_does_not_drive_the_sleep_to_zero ... ok
[geo] IPINFO_API_URL not set; using free db-ip.com fallback
[egress] reclaiming a stale reservation for 'svc' (10.0.0.1), stranded 91s
[ERROR] [members/nullnet-server/src/orchestrator.rs:421] egress edge NET setup failed
test orchestrator::egress_liveness_tests::a_stale_egress_reservation_is_reclaimed_but_a_fresh_one_is_not ... ok
Loaded stack 'mesh': {"old": Unregistered(UnregisteredServiceInfo { proxy_deps: [], triggers: {8003: "new", 8001: "web"}, timeout: None, max_networks: None, protocol: Http, listen_port: None, egress_policy: None, ingress_policy: None, pausable: false }), "web": Unregistered(UnregisteredServiceInfo { proxy_deps: [["old"]], triggers: {8003: "new", 8002: "old"}, timeout: Some(0), max_networks: None, protocol: Http, listen_port: None, egress_policy: None, ingress_policy: None, pausable: false }), "new": Unregistered(UnregisteredServiceInfo { proxy_deps: [], triggers: {8002: "old", 8001: "web"}, timeout: None, max_networks: None, protocol: Http, listen_port: None, egress_policy: None, ingress_policy: None, pausable: false })}
[geo] IPINFO_API_URL not set; using free db-ip.com fallback
Loaded stack 'mesh': {"old": Unregistered(UnregisteredServiceInfo { proxy_deps: [], triggers: {}, timeout: None, max_networks: None, protocol: Http, listen_port: None, egress_policy: None, ingress_policy: None, pausable: false }), "new": Unregistered(UnregisteredServiceInfo { proxy_deps: [], triggers: {}, timeout: None, max_networks: None, protocol: Http, listen_port: None, egress_policy: None, ingress_policy: None, pausable: false }), "web": Unregistered(UnregisteredServiceInfo { proxy_deps: [["old"]], triggers: {8002: "old"}, timeout: Some(0), max_networks: None, protocol: Http, listen_port: None, egress_policy: None, ingress_policy: None, pausable: false })}
test http_server::observation::tests::lifecycle_keeps_saved_config_and_proxy_deps_and_applies_only_observed_backends ... ok
[geo] IPINFO_API_URL not set; using free db-ip.com fallback
test nullnet_grpc_impl::proxy_presence_tests::idle_proxy_presence_survives_overlapping_streams ... ok
Sending network 101 teardown to client 10.0.0.1
Sending network 101 teardown to client 10.0.0.9
[ERROR] [members/nullnet-server/src/orchestrator.rs:421] egress edge NET setup failed
[geo] IPINFO_API_URL not set; using free db-ip.com fallback
Sending network 101 teardown to client 10.0.0.1
Sending network 101 teardown to client 10.0.0.9
[egress] reaping edge for gone container Some("gone") on 10.0.0.1
test orchestrator::egress_liveness_tests::trigger_atomic_failed_egress_build_cannot_remove_replacement ... ok
test orchestrator::egress_liveness_tests::trigger_atomic_old_egress_build_cannot_promote_replacement ... ok
[geo] IPINFO_API_URL not set; using free db-ip.com fallback

thread 'orchestrator::session_history_tests::a_dead_container_closes_its_destination_rows' (54709) panicked at members/nullnet-server/src/orchestrator.rs:2447:9:
assertion `left == right` failed
  left: 0
 right: 1
note: run with `RUST_BACKTRACE=1` environment variable to display a backtrace
[geo] IPINFO_API_URL not set; using free db-ip.com fallback

thread 'orchestrator::session_history_tests::a_denied_destination_folds_into_one_already_ended_row' (54714) panicked at members/nullnet-server/src/orchestrator.rs:2345:9:
assertion `left == right` failed: one row for the whole run of denials
  left: 0
 right: 1
test orchestrator::session_history_tests::a_dead_container_closes_its_destination_rows ... FAILED

thread 'orchestrator::session_history_tests::a_destination_ends_while_the_edge_keeps_carrying_the_others' (54716) panicked at members/nullnet-server/src/orchestrator.rs:2292:9:
assertion `left == right` failed: only the still-busy destination is live
  left: 0
 right: 1
[geo] IPINFO_API_URL not set; using free db-ip.com fallback
test orchestrator::session_history_tests::a_denied_destination_folds_into_one_already_ended_row ... FAILED
test orchestrator::session_history_tests::a_destination_ends_while_the_edge_keeps_carrying_the_others ... FAILED
[geo] IPINFO_API_URL not set; using free db-ip.com fallback
test auth::password::tests::same_password_hashes_differently ... ok
[geo] IPINFO_API_URL not set; using free db-ip.com fallback

thread 'orchestrator::session_history_tests::a_node_teardown_closes_that_nodes_destination_rows' (54720) panicked at members/nullnet-server/src/orchestrator.rs:2487:9:
assertion `left == right` failed
  left: 0
 right: 1

thread 'orchestrator::session_history_tests::backend_history_close_wait_does_not_block_other_generations' (54723) panicked at members/nullnet-server/src/orchestrator.rs:2039:13:
assertion failed: futures::poll!(&mut close).is_pending()
test orchestrator::session_history_tests::backend_history_close_wait_does_not_block_other_generations ... FAILED
[geo] IPINFO_API_URL not set; using free db-ip.com fallback

thread 'orchestrator::session_history_tests::backend_history_late_open_cannot_overwrite_replacement' (54725) panicked at members/nullnet-server/src/orchestrator.rs:1992:9:
assertion failed: futures::poll!(&mut finish).is_pending()
test orchestrator::session_history_tests::backend_history_late_open_cannot_overwrite_replacement ... FAILED
[geo] IPINFO_API_URL not set; using free db-ip.com fallback
test orchestrator::session_history_tests::a_node_teardown_closes_that_nodes_destination_rows ... FAILED
[geo] IPINFO_API_URL not set; using free db-ip.com fallback

thread 'orchestrator::session_history_tests::backend_history_wait_does_not_block_liveness' (54730) panicked at members/nullnet-server/src/orchestrator.rs:1968:9:
assertion failed: futures::poll!(&mut finish).is_pending()
test orchestrator::session_history_tests::backend_history_wait_does_not_block_liveness ... FAILED
[geo] IPINFO_API_URL not set; using free db-ip.com fallback

thread 'orchestrator::session_history_tests::backend_history_tracks_independent_chains_and_generations' (54727) panicked at members/nullnet-server/src/orchestrator.rs:2079:9:
assertion `left == right` failed
  left: 0
 right: 2
[geo] IPINFO_API_URL not set; using free db-ip.com fallback

thread 'orchestrator::session_history_tests::destinations_get_one_row_each_and_close_together_on_reap' (54734) panicked at members/nullnet-server/src/orchestrator.rs:2384:9:
assertion `left == right` failed
  left: 0
 right: 2
test orchestrator::session_history_tests::backend_history_tracks_independent_chains_and_generations ... FAILED
[geo] IPINFO_API_URL not set; using free db-ip.com fallback
Sending network 101 teardown to client 10.0.0.1

thread 'orchestrator::session_history_tests::destinations_seen_during_a_reservation_are_written_at_promotion' (54736) panicked at members/nullnet-server/src/orchestrator.rs:2237:9:
assertion `left == right` failed
  left: 0
 right: 1
test orchestrator::session_history_tests::cancelled_backend_build_never_opens_history ... ok
[geo] IPINFO_API_URL not set; using free db-ip.com fallback
test orchestrator::session_history_tests::destinations_get_one_row_each_and_close_together_on_reap ... FAILED
[geo] IPINFO_API_URL not set; using free db-ip.com fallback
Sending network 101 teardown to client 10.0.0.1
Sending network 101 teardown to client 10.0.0.1
Sending network 101 teardown to client 10.0.0.2
[ERROR] [members/nullnet-server/src/orchestrator.rs:1302] channel closed
test orchestrator::session_history_tests::destinations_seen_during_a_reservation_are_written_at_promotion ... FAILED
[geo] IPINFO_API_URL not set; using free db-ip.com fallback
test orchestrator::teardown_ack_tests::a_closed_connection_releases_its_pending_teardown ... ok
[geo] IPINFO_API_URL not set; using free db-ip.com fallback
test orchestrator::teardown_ack_tests::teardown_to_absent_endpoints_frees_immediately ... ok
[geo] IPINFO_API_URL not set; using free db-ip.com fallback
test orchestrator::teardown_ack_tests::acked_teardown_returns_the_net_id ... ok
[geo] IPINFO_API_URL not set; using free db-ip.com fallback
Sending network 101 teardown to client 10.0.0.1
Sending network 101 teardown to client 10.0.0.2
test orchestrator::udp_port_pool_tests::allocations_within_one_pair_stay_distinct ... ok
[geo] IPINFO_API_URL not set; using free db-ip.com fallback
test orchestrator::teardown_ack_tests::returning_an_id_waits_for_its_old_port_record_to_be_removed ... ok
[geo] IPINFO_API_URL not set; using free db-ip.com fallback
test orchestrator::udp_port_pool_tests::different_pairs_can_reuse_the_same_port_number ... ok
[geo] IPINFO_API_URL not set; using free db-ip.com fallback
test orchestrator::udp_port_pool_tests::pair_lookup_is_order_independent ... ok
test orchestrator::udp_port_pool_tests::teardown_frees_the_port_back_to_its_own_pair_pool ... ok
test services::firewall::tests::allow_requires_all_conditions_in_a_group ... ok
test services::firewall::tests::block_matches_any_group_denies ... ok
test services::firewall::tests::dst_ip_cidr_containment ... ok
[ERROR] [members/nullnet-server/src/services/firewall.rs:159] service 'svc': 'src_ip' only applies to ingress filters
test services::firewall::tests::validate_rejects_wrong_direction_field ... ok
test services::firewall::tests::validate_uppercases_country_values ... ok
[ERROR] [members/nullnet-server/src/services/input.rs:467] Backend trigger peer must not be empty
[ERROR] [members/nullnet-server/src/services/input.rs:548] service 'source': backend peer 'a' must declare a nonzero port
[ERROR] [members/nullnet-server/src/services/input.rs:548] service 'source': backend peer 'a' must declare a nonzero port
[ERROR] [members/nullnet-server/src/services/input.rs:548] service 'source': backend peer 'a' must declare a nonzero port
[ERROR] [members/nullnet-server/src/services/input.rs:554] service 'source': backend peers 'a' and 'b' both use port 5555
test services::input::tests::declared_service_without_timeout_is_unreachable_but_keeps_triggers ... ok
test services::input::tests::backends_resolve_declared_peer_ports_and_reject_ambiguity ... ok
test services::input::tests::detect_name_conflicts_allows_distinct_names ... ok
test services::input::tests::detect_name_conflicts_flags_cross_stack_collision ... ok
test services::input::tests::detect_port_conflicts_allows_same_port_different_protocol ... ok
test services::input::tests::detect_name_conflicts_flags_dependency_placeholder ... ok
test services::input::tests::detect_port_conflicts_flags_cross_stack_collision ... ok
test services::input::tests::detect_route_conflicts_allows_same_host_different_paths ... ok
test services::input::tests::detect_route_conflicts_flags_cross_stack_collision ... ok
test services::input::tests::export_toml_is_none_for_a_stack_that_does_not_exist ... ok
[ERROR] [members/nullnet-server/src/services/input.rs:511] service 'color.com': 'listen_port' is only valid for protocol "tcp"/"udp", not "http"
test services::input::tests::http_protocol_with_listen_port_is_rejected ... ok
test services::input::tests::http_service_defaults_with_no_listen_port ... ok
Loaded stack 'bravo': {"b.svc": Unregistered(UnregisteredServiceInfo { proxy_deps: [], triggers: {}, timeout: Some(30), max_networks: None, protocol: Http, listen_port: None, egress_policy: None, ingress_policy: None, pausable: false })}
Loaded stack 'alpha': {"a.dep": Unregistered(UnregisteredServiceInfo { proxy_deps: [], triggers: {}, timeout: None, max_networks: None, protocol: Http, listen_port: None, egress_policy: None, ingress_policy: None, pausable: false }), "a.svc": Unregistered(UnregisteredServiceInfo { proxy_deps: [["a.dep"]], triggers: {}, timeout: Some(0), max_networks: None, protocol: Http, listen_port: None, egress_policy: None, ingress_policy: None, pausable: false })}
test services::input::tests::loads_each_toml_as_its_own_stack ... ok
test services::input::tests::export_toml_round_trips_through_validate_stack_toml ... ok
test services::input::tests::parses_explicit_and_implicit_services ... ok
test services::input::tests::parses_parallel_proxy_branches ... ok
[ERROR] [members/nullnet-server/src/services/input.rs:500] service 'process': pausable requires docker_container
test services::input::tests::pausable_defaults_off_and_requires_docker ... ok
[ERROR] [members/nullnet-server/src/services/input.rs:107] route 'ops.example.com /': 'preserve_path'/'preserve_query' only apply to 'redirect_to' routes
test services::input::tests::preserve_path_on_a_service_route_is_rejected ... ok
[ERROR] [members/nullnet-server/src/services/input.rs:107] route 'ops.example.com /': 'preserve_path'/'preserve_query' only apply to 'redirect_to' routes
test services::input::tests::preserve_query_on_a_service_route_is_rejected ... ok
test services::input::tests::redirect_route_defaults_status_to_301 ... ok
test services::input::tests::redirect_route_with_preserve_flags_parses ... ok
[ERROR] [members/nullnet-server/src/services/input.rs:154] route 'old.example.com /': redirect_status 200 must be one of 301/302/307/308
test services::input::tests::redirect_route_with_unsupported_status_is_rejected ... ok
test services::input::tests::route_entry_row_conversion_round_trips_both_target_kinds ... ok
test services::input::tests::route_path_defaults_to_slash ... ok
test services::input::tests::route_targeting_a_declared_http_service_parses ... ok
[ERROR] [members/nullnet-server/src/services/input.rs:133] route 'ops.example.com /': service 'backend.only' has no 'timeout', so it isn't a proxy-reachable entry point
test services::input::tests::route_targeting_non_entry_point_service_is_rejected ... ok
[ERROR] [members/nullnet-server/src/services/input.rs:125] route 'ops.example.com /': service 'redis.internal' is protocol Tcp, routes can only target http services
test services::input::tests::route_targeting_tcp_service_is_rejected ... ok
[ERROR] [members/nullnet-server/src/services/input.rs:114] route 'ops.example.com /': service 'grafana' is not declared in this stack
test services::input::tests::route_targeting_undeclared_service_is_rejected ... ok
[ERROR] [members/nullnet-server/src/services/input.rs:91] route 'ops.example.com /': 'service' and 'redirect_to' are mutually exclusive
test services::input::tests::route_with_both_service_and_redirect_is_rejected ... ok
[ERROR] [members/nullnet-server/src/services/input.rs:98] route 'ops.example.com /': exactly one of 'service'/'redirect_to' is required
test services::input::tests::route_with_neither_service_nor_redirect_is_rejected ... ok
test services::input::tests::service_row_conversion_round_trips_every_field ... ok
test services::input::tests::stack_with_no_route_blocks_parses_with_empty_routes ... ok
[ERROR] [members/nullnet-server/src/services/input.rs:146] route 'old.example.com /': 'strip_prefix' only applies to 'service' routes
test services::input::tests::strip_prefix_on_a_redirect_route_is_rejected ... ok
test services::input::tests::strip_prefix_route_parses_and_forwards_correctly ... ok
[ERROR] [members/nullnet-server/src/services/input.rs:518] service 'redis.internal': protocol "tcp"/"udp" requires 'listen_port'
test services::input::tests::tcp_protocol_without_listen_port_is_rejected ... ok
test services::input::tests::tcp_udp_services_parse_with_listen_port ... ok
[geo] IPINFO_API_URL not set; using free db-ip.com fallback
test orchestrator::teardown_ack_tests::unacked_teardown_withholds_the_net_id ... ok
[geo] IPINFO_API_URL not set; using free db-ip.com fallback
test services::input::tests::multi_group_filter_round_trips_through_toml_export_import ... ok
test sessions::persistence::tests::blocked_storage_never_blocks_lifecycle_and_preserves_reuse_order ... ok
Resuming container 'container' on 192.0.2.1
Resuming container 'container' on 192.0.2.1
Resuming container 'container' on 192.0.2.1
test sessions::persistence::tests::delayed_backend_close_cannot_close_a_replacement_generation ... ok
test auth::password::tests::round_trip ... ok
[ERROR] [members/nullnet-server/src/db/sessions.rs:55] attempt to write a readonly database
Session persistence failed; retaining ordered history for retry: Error { message: "attempt to write a readonly database" }
test services::service_info::resume_tests::failed_resume_stays_paused_and_can_retry ... ok
test services::service_info::resume_tests::resume_survives_a_dropped_waiter_and_preserves_replacement_state ... ok
test sessions::tests::ingress_history_keeps_proxy_after_session_ends ... ok
test sessions::tests::denials_from_one_peer_fold_into_a_single_ended_row ... ok
[geo] IPINFO_API_URL not set; using free db-ip.com fallback
[geo] IPINFO_API_URL not set; using free db-ip.com fallback
Session persistence queue unavailable; networking continues, history is interrupted
Received backend trigger for 'A' (port 5555) from 1.1.1.1 (container: <none>)
[trigger] triggers map for 'A': {5555: "B"}; first_dep for port 5555: Some("B")
Received backend trigger for 'A' (port 5555) from 1.1.1.1 (container: <none>)
[trigger] triggers map for 'A': {5555: "B"}; first_dep for port 5555: Some("B")
[trigger] dispatching net_chain_setup for 'A' port 5555 (1 hop(s))
2.2.2.2 acknowledged
1.1.1.1 acknowledged
[trigger] net_chain_setup completed for 'A' port 5555
Received backend trigger for 'G' (port 7777) from 7.7.7.7 (container: <none>)
[trigger] triggers map for 'G': {7777: "Ghost"}; first_dep for port 7777: Some("Ghost")
[trigger] no chain to build for 'G' port 7777
[trigger] dispatching net_chain_setup for 'A' port 5555 (1 hop(s))
2.2.2.2 acknowledged
1.1.1.1 acknowledged
[trigger] net_chain_setup completed for 'A' port 5555
test tests::a_bailed_setup_records_no_hold ... ok
[geo] IPINFO_API_URL not set; using free db-ip.com fallback
test tests::a_close_without_a_held_refcount_decrements_nothing ... ok
[geo] IPINFO_API_URL not set; using free db-ip.com fallback
Received proxy request for 'entry'
1.1.1.1 acknowledged
5.5.5.5 acknowledged
2.2.2.2 acknowledged
1.1.1.1 acknowledged
Received proxy request for 'entry'
1.1.1.1 acknowledged
5.5.5.5 acknowledged
Received proxy request for 'entry'
1.1.1.1 acknowledged
5.5.5.5 acknowledged
2.2.2.2 acknowledged
1.1.1.1 acknowledged
3.3.3.3 acknowledged
2.2.2.2 acknowledged
Sending network 103 teardown to client 2.2.2.2
Sending network 103 teardown to client 3.3.3.3
Sending network 101 teardown to client 5.5.5.5
Sending network 101 teardown to client 1.1.1.1
Sending network 102 teardown to client 1.1.1.1
Sending network 102 teardown to client 2.2.2.2
[ERROR] [members/nullnet-server/src/nullnet_grpc_impl.rs:2103] NET chain setup failed
[ERROR] [members/nullnet-server/src/db/events.rs:49] injected persistent failure
Event persistence recovered; committed 1 queued events
test db::events::tests::event_writer_retries_without_losing_events_and_reports_recovery ... ok
[geo] IPINFO_API_URL not set; using free db-ip.com fallback
Received backend trigger for 'A' (port 5555) from 1.1.1.1 (container: <none>)
[trigger] triggers map for 'A': {5555: "B"}; first_dep for port 5555: Some("B")
Event persistence recovered; committed 1 queued events
[trigger] dispatching net_chain_setup for 'A' port 5555 (1 hop(s))
2.2.2.2 acknowledged
1.1.1.1 acknowledged
[trigger] net_chain_setup completed for 'A' port 5555
Received backend trigger for 'D' (port 5555) from 4.4.4.4 (container: <none>)
[trigger] triggers map for 'D': {5555: "B"}; first_dep for port 5555: Some("B")
[trigger] dispatching net_chain_setup for 'D' port 5555 (1 hop(s))
2.2.2.2 acknowledged
4.4.4.4 acknowledged
[trigger] net_chain_setup completed for 'D' port 5555
Trigger chain 'A' (1.1.1.1) port 5555 idle past the debounce; releasing its hold
Sending network 101 teardown to client 1.1.1.1
Sending network 101 teardown to client 2.2.2.2
test tests::a_replica_lost_mid_setup_does_not_strand_its_tunnel ... ok
[geo] IPINFO_API_URL not set; using free db-ip.com fallback
test db::events::tests::unavailable_event_storage_does_not_block_producers ... ok
[geo] IPINFO_API_URL not set; using free db-ip.com fallback
Received proxy request for 'entry'
1.1.1.1 acknowledged
5.5.5.5 acknowledged
2.2.2.2 acknowledged
1.1.1.1 acknowledged
test sessions::persistence::tests::overflow_is_bounded_and_cannot_leave_stale_rows_for_reused_ids ... ok
[geo] IPINFO_API_URL not set; using free db-ip.com fallback
Received proxy request for 'entry'
1.1.1.1 acknowledged
5.5.5.5 acknowledged
2.2.2.2 acknowledged
1.1.1.1 acknowledged
Sending network 102 teardown to client 1.1.1.1
Sending network 102 teardown to client 2.2.2.2
Sending network 101 teardown to client 5.5.5.5
Sending network 101 teardown to client 1.1.1.1
3.3.3.3 acknowledged
2.2.2.2 acknowledged
Sending network 103 teardown to client 2.2.2.2
Sending network 103 teardown to client 3.3.3.3
[ERROR] [members/nullnet-server/src/nullnet_grpc_impl.rs:859] Service is not registered
Received proxy request for 'A'
1.1.1.1 acknowledged
5.5.5.5 acknowledged
2.2.2.2 acknowledged
1.1.1.1 acknowledged
Received proxy request for 'entry'
1.1.1.1 acknowledged
5.5.5.5 acknowledged
test tests::a_second_reap_pass_releases_nothing_more ... ok
[geo] IPINFO_API_URL not set; using free db-ip.com fallback
Received backend trigger for 'A' (port 5555) from 1.1.1.1 (container: <none>)
[trigger] triggers map for 'A': {5555: "B"}; first_dep for port 5555: Some("B")
[trigger] dispatching net_chain_setup for 'A' port 5555 (1 hop(s))
2.2.2.2 acknowledged
1.1.1.1 acknowledged
[trigger] net_chain_setup completed for 'A' port 5555
test tests::an_edge_torn_down_mid_setup_is_not_stranded ... ok
[geo] IPINFO_API_URL not set; using free db-ip.com fallback
Received backend trigger for 'A' (port 5555) from 1.1.1.1 (container: <none>)
[trigger] triggers map for 'A': {5555: "B"}; first_dep for port 5555: Some("B")
[trigger] dispatching net_chain_setup for 'A' port 5555 (1 hop(s))
2.2.2.2 acknowledged
1.1.1.1 acknowledged
[trigger] net_chain_setup completed for 'A' port 5555
Received backend trigger for 'D' (port 5555) from 5.5.5.5 (container: <none>)
[trigger] triggers map for 'D': {5555: "B"}; first_dep for port 5555: Some("B")
[trigger] dispatching net_chain_setup for 'D' port 5555 (1 hop(s))
4.4.4.4 acknowledged
5.5.5.5 acknowledged
[trigger] net_chain_setup completed for 'D' port 5555
Received backend trigger for 'E' (port 5555) from 6.6.6.6 (container: <none>)
[trigger] triggers map for 'E': {5555: "B"}; first_dep for port 5555: Some("B")
[trigger] dispatching net_chain_setup for 'E' port 5555 (1 hop(s))
2.2.2.2 acknowledged
6.6.6.6 acknowledged
[trigger] net_chain_setup completed for 'E' port 5555
--- start.dot ---
digraph G {
	bgcolor=grey10;
	node [color=white, fontcolor=white];
	edge [color=white, fontcolor=white, fontsize=9, labelangle=180, labeldistance=0.8];

	"A" [label=<A<BR/><FONT POINT-SIZE="9">1 active / 0 paused / 1 total</FONT>>] [style=solid, color=green];

	"B" [label=<B<BR/><FONT POINT-SIZE="9">3 active / 0 paused / 3 total</FONT>>] [style=dashed, color=green];
	"A" -> "B" [label="VXLAN 101 [0ms]"];
	"D" -> "B" [label="VXLAN 102 [0ms]"];
	"E" -> "B" [label="VXLAN 103 [0ms]"];

	"D" [label=<D<BR/><FONT POINT-SIZE="9">1 active / 0 paused / 1 total</FONT>>] [style=solid, color=green];

	"E" [label=<E<BR/><FONT POINT-SIZE="9">1 active / 0 paused / 1 total</FONT>>] [style=solid, color=green];
}

Sending network 102 teardown to client 5.5.5.5
--- after_disconnect_standalone_dep.dot ---
digraph G {
	bgcolor=grey10;
	node [color=white, fontcolor=white];
	edge [color=white, fontcolor=white, fontsize=9, labelangle=180, labeldistance=0.8];

	"A" [label=<A<BR/><FONT POINT-SIZE="9">1 active / 0 paused / 1 total</FONT>>] [style=solid, color=green];

	"B" [label=<B<BR/><FONT POINT-SIZE="9">2 active / 0 paused / 2 total</FONT>>] [style=dashed, color=green];
	"A" -> "B" [label="VXLAN 101 [0ms]"];
	"E" -> "B" [label="VXLAN 103 [0ms]"];

	"D" [label=<D<BR/><FONT POINT-SIZE="9">0 active / 0 paused / 1 total</FONT>>] [style=solid, color=green];

	"E" [label=<E<BR/><FONT POINT-SIZE="9">1 active / 0 paused / 1 total</FONT>>] [style=solid, color=green];
}

test sessions::persistence::tests::failed_storage_retries_without_blocking_networking ... ok
[geo] IPINFO_API_URL not set; using free db-ip.com fallback
Received backend trigger for 'A' (port 5555) from 1.1.1.1 (container: <none>)
[trigger] triggers map for 'A': {5555: "B"}; first_dep for port 5555: Some("B")
[trigger] dispatching net_chain_setup for 'A' port 5555 (1 hop(s))
2.2.2.2 acknowledged
1.1.1.1 acknowledged
[trigger] net_chain_setup completed for 'A' port 5555
Received backend trigger for 'D' (port 5555) from 5.5.5.5 (container: <none>)
[trigger] triggers map for 'D': {5555: "B"}; first_dep for port 5555: Some("B")
[trigger] dispatching net_chain_setup for 'D' port 5555 (1 hop(s))
4.4.4.4 acknowledged
5.5.5.5 acknowledged
[trigger] net_chain_setup completed for 'D' port 5555
Received backend trigger for 'E' (port 5555) from 6.6.6.6 (container: <none>)
[trigger] triggers map for 'E': {5555: "B"}; first_dep for port 5555: Some("B")
[trigger] dispatching net_chain_setup for 'E' port 5555 (1 hop(s))
2.2.2.2 acknowledged
6.6.6.6 acknowledged
[trigger] net_chain_setup completed for 'E' port 5555
--- start.dot ---
digraph G {
	bgcolor=grey10;
	node [color=white, fontcolor=white];
	edge [color=white, fontcolor=white, fontsize=9, labelangle=180, labeldistance=0.8];

	"A" [label=<A<BR/><FONT POINT-SIZE="9">1 active / 0 paused / 1 total</FONT>>] [style=solid, color=green];

	"B" [label=<B<BR/><FONT POINT-SIZE="9">3 active / 0 paused / 3 total</FONT>>] [style=dashed, color=green];
	"A" -> "B" [label="VXLAN 101 [0ms]"];
	"D" -> "B" [label="VXLAN 102 [0ms]"];
	"E" -> "B" [label="VXLAN 103 [0ms]"];

	"D" [label=<D<BR/><FONT POINT-SIZE="9">1 active / 0 paused / 1 total</FONT>>] [style=solid, color=green];

	"E" [label=<E<BR/><FONT POINT-SIZE="9">1 active / 0 paused / 1 total</FONT>>] [style=solid, color=green];
}

Sending network 101 teardown to client 1.1.1.1
Sending network 103 teardown to client 6.6.6.6
--- after_disconnect_swarm_host.dot ---
digraph G {
	bgcolor=grey10;
	node [color=white, fontcolor=white];
	edge [color=white, fontcolor=white, fontsize=9, labelangle=180, labeldistance=0.8];

	"A" [label=<A<BR/><FONT POINT-SIZE="9">0 active / 0 paused / 1 total</FONT>>] [style=solid, color=green];

	"B" [label=<B<BR/><FONT POINT-SIZE="9">1 active / 0 paused / 1 total</FONT>>] [style=dashed, color=green];
	"D" -> "B" [label="VXLAN 102 [0ms]"];

	"D" [label=<D<BR/><FONT POINT-SIZE="9">1 active / 0 paused / 1 total</FONT>>] [style=solid, color=green];

	"E" [label=<E<BR/><FONT POINT-SIZE="9">0 active / 0 paused / 1 total</FONT>>] [style=solid, color=green];
}

[ERROR] [members/nullnet-server/src/db/events.rs:49] injected persistent failure
test tests::backend_multi_replica_disconnect_standalone_dep ... ok
[geo] IPINFO_API_URL not set; using free db-ip.com fallback
Proxy client '10.0.0.1 (via 5.5.5.5)' timed out on service 'A'
Sending network 102 teardown to client 1.1.1.1
Sending network 102 teardown to client 2.2.2.2
Sending network 101 teardown to client 5.5.5.5
Sending network 101 teardown to client 1.1.1.1
Received proxy request for 'A'
test tests::an_ingress_session_opens_and_closes_a_row ... ok
[geo] IPINFO_API_URL not set; using free db-ip.com fallback
Received proxy request for 'A'
1.1.1.1 acknowledged
5.5.5.5 acknowledged
2.2.2.2 acknowledged
1.1.1.1 acknowledged
[trigger] dispatching net_chain_setup for 'A' port 5555 (1 hop(s))
3.3.3.3 acknowledged
1.1.1.1 acknowledged
[trigger] net_chain_setup completed for 'A' port 5555
[trigger] dispatching net_chain_setup for 'A' port 5555 (1 hop(s))
3.3.3.3 acknowledged
1.1.1.1 acknowledged
[trigger] net_chain_setup completed for 'A' port 5555
--- start.dot ---
digraph G {
	bgcolor=grey10;
	node [color=white, fontcolor=white];
	edge [color=white, fontcolor=white, fontsize=9, labelangle=180, labeldistance=0.8];

	"A" [label=<A<BR/><FONT POINT-SIZE="9">2 active / 0 paused / 2 total</FONT>>] [style=solid, color=green];
	"10.0.0.1 (via 5.5.5.5)" -> "A" [label="VXLAN 101 [0ms]"];

	"B" [label=<B<BR/><FONT POINT-SIZE="9">1 active / 0 paused / 1 total</FONT>>] [style=dashed, color=green];
	"A" -> "B" [label="VXLAN 102 [0ms]"];

	"C" [label=<C<BR/><FONT POINT-SIZE="9">1 active / 0 paused / 1 total</FONT>>] [style=dashed, color=green];
	"A" -> "C" [label="VXLAN 104 [0ms]"];
	"A" -> "C" [label="VXLAN 103 [0ms]"];
}

Sending network 102 teardown to client 1.1.1.1
Sending network 102 teardown to client 2.2.2.2
Sending network 101 teardown to client 5.5.5.5
Sending network 101 teardown to client 1.1.1.1
Sending network 103 teardown to client 1.1.1.1
Sending network 104 teardown to client 1.1.1.1
--- after_disconnect_backend_dep.dot ---
digraph G {
	bgcolor=grey10;
	node [color=white, fontcolor=white];
	edge [color=white, fontcolor=white, fontsize=9, labelangle=180, labeldistance=0.8];

	"A" [label=<A<BR/><FONT POINT-SIZE="9">0 active / 0 paused / 2 total</FONT>>] [style=solid, color=green];

	"B" [label=<B<BR/><FONT POINT-SIZE="9">0 active / 0 paused / 1 total</FONT>>] [style=dashed, color=green];

	"C" [label=<C>] [style=dashed, color=red];
}

1.1.1.1 acknowledged
5.5.5.5 acknowledged
2.2.2.2 acknowledged
1.1.1.1 acknowledged
[trigger] dispatching net_chain_setup for 'A' port 5555 (1 hop(s))
3.3.3.3 acknowledged
1.1.1.1 acknowledged
[trigger] net_chain_setup completed for 'A' port 5555
[trigger] dispatching net_chain_setup for 'A' port 5555 (1 hop(s))
3.3.3.3 acknowledged
1.1.1.1 acknowledged
[trigger] net_chain_setup completed for 'A' port 5555
--- start.dot ---
digraph G {
	bgcolor=grey10;
	node [color=white, fontcolor=white];
	edge [color=white, fontcolor=white, fontsize=9, labelangle=180, labeldistance=0.8];

	"A" [label=<A<BR/><FONT POINT-SIZE="9">2 active / 0 paused / 2 total</FONT>>] [style=solid, color=green];
	"10.0.0.1 (via 5.5.5.5)" -> "A" [label="VXLAN 101 [0ms]"];

	"B" [label=<B<BR/><FONT POINT-SIZE="9">1 active / 0 paused / 1 total</FONT>>] [style=dashed, color=green];
	"A" -> "B" [label="VXLAN 102 [0ms]"];

	"C" [label=<C<BR/><FONT POINT-SIZE="9">1 active / 0 paused / 1 total</FONT>>] [style=dashed, color=green];
	"A" -> "C" [label="VXLAN 103 [0ms]"];
	"A" -> "C" [label="VXLAN 104 [0ms]"];
}

Sending network 102 teardown to client 2.2.2.2
Sending network 101 teardown to client 5.5.5.5
Sending network 103 teardown to client 3.3.3.3
Sending network 104 teardown to client 3.3.3.3
--- after_disconnect_initiator.dot ---
digraph G {
	bgcolor=grey10;
	node [color=white, fontcolor=white];
	edge [color=white, fontcolor=white, fontsize=9, labelangle=180, labeldistance=0.8];

	"A" [label=<A>] [style=solid, color=red];

	"B" [label=<B<BR/><FONT POINT-SIZE="9">0 active / 0 paused / 1 total</FONT>>] [style=dashed, color=green];

	"C" [label=<C<BR/><FONT POINT-SIZE="9">0 active / 0 paused / 1 total</FONT>>] [style=dashed, color=green];
}

test tests::backend_multi_replica_disconnect_swarm_host ... ok
[geo] IPINFO_API_URL not set; using free db-ip.com fallback
Received proxy request for 'A'
1.1.1.1 acknowledged
5.5.5.5 acknowledged
2.2.2.2 acknowledged
1.1.1.1 acknowledged
[trigger] dispatching net_chain_setup for 'A' port 5555 (1 hop(s))
3.3.3.3 acknowledged
1.1.1.1 acknowledged
[trigger] net_chain_setup completed for 'A' port 5555
[trigger] dispatching net_chain_setup for 'A' port 5555 (1 hop(s))
3.3.3.3 acknowledged
1.1.1.1 acknowledged
[trigger] net_chain_setup completed for 'A' port 5555
--- start.dot ---
digraph G {
	bgcolor=grey10;
	node [color=white, fontcolor=white];
	edge [color=white, fontcolor=white, fontsize=9, labelangle=180, labeldistance=0.8];

	"A" [label=<A<BR/><FONT POINT-SIZE="9">2 active / 0 paused / 2 total</FONT>>] [style=solid, color=green];
	"10.0.0.1 (via 5.5.5.5)" -> "A" [label="VXLAN 101 [0ms]"];

	"B" [label=<B<BR/><FONT POINT-SIZE="9">1 active / 0 paused / 1 total</FONT>>] [style=dashed, color=green];
	"A" -> "B" [label="VXLAN 102 [0ms]"];

	"C" [label=<C<BR/><FONT POINT-SIZE="9">1 active / 0 paused / 1 total</FONT>>] [style=dashed, color=green];
	"A" -> "C" [label="VXLAN 104 [0ms]"];
	"A" -> "C" [label="VXLAN 103 [0ms]"];
}

Sending network 102 teardown to client 1.1.1.1
Sending network 102 teardown to client 2.2.2.2
Sending network 101 teardown to client 1.1.1.1
--- after_disconnect_proxy.dot ---
digraph G {
	bgcolor=grey10;
	node [color=white, fontcolor=white];
	edge [color=white, fontcolor=white, fontsize=9, labelangle=180, labeldistance=0.8];

	"A" [label=<A<BR/><FONT POINT-SIZE="9">2 active / 0 paused / 2 total</FONT>>] [style=solid, color=green];

	"B" [label=<B<BR/><FONT POINT-SIZE="9">0 active / 0 paused / 1 total</FONT>>] [style=dashed, color=green];

	"C" [label=<C<BR/><FONT POINT-SIZE="9">1 active / 0 paused / 1 total</FONT>>] [style=dashed, color=green];
	"A" -> "C" [label="VXLAN 104 [0ms]"];
	"A" -> "C" [label="VXLAN 103 [0ms]"];
}

test tests::backend_node_disconnected_backend_dep_host ... ok
[geo] IPINFO_API_URL not set; using free db-ip.com fallback
test tests::backend_node_disconnected_initiator_host ... ok
[geo] IPINFO_API_URL not set; using free db-ip.com fallback
Received backend trigger for 'source' (port 5555) from 1.1.1.1 (container: <none>)
[trigger] triggers map for 'source': {5555: "peer"}; first_dep for port 5555: Some("peer")
Received backend trigger for 'A' (port 5555) from 1.1.1.1 (container: <none>)
[trigger] triggers map for 'A': {5555: "B"}; first_dep for port 5555: Some("B")
[trigger] dispatching net_chain_setup for 'A' port 5555 (1 hop(s))
2.2.2.2 acknowledged
1.1.1.1 acknowledged
[trigger] net_chain_setup completed for 'A' port 5555
[trigger] dispatching net_chain_setup for 'source' port 5555 (1 hop(s))
2.2.2.2 acknowledged
1.1.1.1 acknowledged
[trigger] net_chain_setup completed for 'source' port 5555
Trigger chain 'source' (1.1.1.1) port 5555 idle past the debounce; releasing its hold
Sending network 101 teardown to client 1.1.1.1
Sending network 101 teardown to client 2.2.2.2
test tests::backend_node_disconnected_proxy_host ... ok
[geo] IPINFO_API_URL not set; using free db-ip.com fallback
Received backend trigger for 'A' (port 5555) from 1.1.1.1 (container: <none>)
[trigger] triggers map for 'A': {5555: "B"}; first_dep for port 5555: Some("B")
[trigger] dispatching net_chain_setup for 'A' port 5555 (1 hop(s))
2.2.2.2 acknowledged
1.1.1.1 acknowledged
[trigger] net_chain_setup completed for 'A' port 5555
Trigger chain 'A' (1.1.1.1) port 5555 idle past the debounce; releasing its hold
Sending network 101 teardown to client 1.1.1.1
Sending network 101 teardown to client 2.2.2.2
Received backend trigger for 'A' (port 5555) from 1.1.1.1 (container: <none>)
[trigger] triggers map for 'A': {5555: "B"}; first_dep for port 5555: Some("B")
[trigger] dispatching net_chain_setup for 'A' port 5555 (1 hop(s))
2.2.2.2 acknowledged
1.1.1.1 acknowledged
[trigger] net_chain_setup completed for 'A' port 5555
Trigger chain 'A' (1.1.1.1) port 5555 idle past the debounce; releasing its hold
Sending network 101 teardown to client 1.1.1.1
Sending network 101 teardown to client 2.2.2.2
test tests::backend_packets_are_released_only_after_both_setup_acks ... ok
[geo] IPINFO_API_URL not set; using free db-ip.com fallback
test tests::backend_peer_does_not_expand_its_dependencies ... ok
[geo] IPINFO_API_URL not set; using free db-ip.com fallback
Received backend trigger for 'A' (port 5555) from 1.1.1.1 (container: <none>)
[trigger] triggers map for 'A': {5555: "C"}; first_dep for port 5555: Some("C")
[trigger] dispatching net_chain_setup for 'A' port 5555 (1 hop(s))
3.3.3.3 acknowledged
1.1.1.1 acknowledged
[trigger] net_chain_setup completed for 'A' port 5555
--- start.dot ---
digraph G {
	bgcolor=grey10;
	node [color=white, fontcolor=white];
	edge [color=white, fontcolor=white, fontsize=9, labelangle=180, labeldistance=0.8];

	"A" [label=<A<BR/><FONT POINT-SIZE="9">1 active / 0 paused / 1 total</FONT>>] [style=solid, color=green];

	"C" [label=<C<BR/><FONT POINT-SIZE="9">1 active / 0 paused / 1 total</FONT>>] [style=dashed, color=green];
	"A" -> "C" [label="VXLAN 101 [0ms]"];

	"Z" [label=<Z<BR/><FONT POINT-SIZE="9">0 active / 0 paused / 1 total</FONT>>] [style=solid, color=green];
}

Sending network 101 teardown to client 1.1.1.1
Sending network 101 teardown to client 3.3.3.3
--- after_lose_entry_point_A.dot ---
digraph G {
	bgcolor=grey10;
	node [color=white, fontcolor=white];
	edge [color=white, fontcolor=white, fontsize=9, labelangle=180, labeldistance=0.8];

	"A" [label=<A<BR/><FONT POINT-SIZE="9">0 active / 0 paused / 1 total</FONT>>] [style=dashed, color=green];

	"C" [label=<C<BR/><FONT POINT-SIZE="9">0 active / 0 paused / 1 total</FONT>>] [style=dashed, color=green];

	"Z" [label=<Z<BR/><FONT POINT-SIZE="9">0 active / 0 paused / 1 total</FONT>>] [style=solid, color=green];
}

test tests::backend_pending_history_allows_teardown_and_replacement ... ok
Received backend trigger for 'A' (port 5555) from 1.1.1.1 (container: <none>)
[geo] IPINFO_API_URL not set; using free db-ip.com fallback
[trigger] triggers map for 'A': {5555: "B"}; first_dep for port 5555: Some("B")
[trigger] dispatching net_chain_setup for 'A' port 5555 (1 hop(s))
2.2.2.2 acknowledged
1.1.1.1 acknowledged
[trigger] net_chain_setup completed for 'A' port 5555
Trigger chain 'A' (1.1.1.1) port 5555 idle past the debounce; releasing its hold
Sending network 101 teardown to client 1.1.1.1
Sending network 101 teardown to client 2.2.2.2
Received backend trigger for 'A' (port 5555) from 1.1.1.1 (container: <none>)
[trigger] triggers map for 'A': {5555: "B"}; first_dep for port 5555: Some("B")
[trigger] dispatching net_chain_setup for 'A' port 5555 (1 hop(s))
2.2.2.2 acknowledged
1.1.1.1 acknowledged
[trigger] net_chain_setup completed for 'A' port 5555
Trigger chain 'A' (1.1.1.1) port 5555 idle past the debounce; releasing its hold
Sending network 101 teardown to client 1.1.1.1
Sending network 101 teardown to client 2.2.2.2
Received proxy request for 'A'
1.1.1.1 acknowledged
5.5.5.5 acknowledged
2.2.2.2 acknowledged
1.1.1.1 acknowledged
[trigger] dispatching net_chain_setup for 'A' port 5555 (1 hop(s))
3.3.3.3 acknowledged
1.1.1.1 acknowledged
[trigger] net_chain_setup completed for 'A' port 5555
[trigger] dispatching net_chain_setup for 'A' port 5555 (1 hop(s))
3.3.3.3 acknowledged
1.1.1.1 acknowledged
[trigger] net_chain_setup completed for 'A' port 5555
--- start.dot ---
digraph G {
	bgcolor=grey10;
	node [color=white, fontcolor=white];
	edge [color=white, fontcolor=white, fontsize=9, labelangle=180, labeldistance=0.8];

	"A" [label=<A<BR/><FONT POINT-SIZE="9">2 active / 0 paused / 2 total</FONT>>] [style=solid, color=green];
	"10.0.0.1 (via 5.5.5.5)" -> "A" [label="VXLAN 101 [0ms]"];

	"B" [label=<B<BR/><FONT POINT-SIZE="9">1 active / 0 paused / 1 total</FONT>>] [style=dashed, color=green];
	"A" -> "B" [label="VXLAN 102 [0ms]"];

	"C" [label=<C<BR/><FONT POINT-SIZE="9">1 active / 0 paused / 1 total</FONT>>] [style=dashed, color=green];
	"A" -> "C" [label="VXLAN 103 [0ms]"];
	"A" -> "C" [label="VXLAN 104 [0ms]"];
}

Sending network 102 teardown to client 1.1.1.1
Sending network 102 teardown to client 2.2.2.2
Sending network 101 teardown to client 5.5.5.5
Sending network 101 teardown to client 1.1.1.1
--- after_drop_B.dot ---
digraph G {
	bgcolor=grey10;
	node [color=white, fontcolor=white];
	edge [color=white, fontcolor=white, fontsize=9, labelangle=180, labeldistance=0.8];

	"A" [label=<A<BR/><FONT POINT-SIZE="9">2 active / 0 paused / 2 total</FONT>>] [style=solid, color=green];

	"B" [label=<B>] [style=dashed, color=red];

	"C" [label=<C<BR/><FONT POINT-SIZE="9">1 active / 0 paused / 1 total</FONT>>] [style=dashed, color=green];
	"A" -> "C" [label="VXLAN 103 [0ms]"];
	"A" -> "C" [label="VXLAN 104 [0ms]"];
}

test tests::backend_reachability_changed_lose_entry_point_A ... ok
[geo] IPINFO_API_URL not set; using free db-ip.com fallback
test tests::backend_reap_history_wait_releases_topology ... ok
[geo] IPINFO_API_URL not set; using free db-ip.com fallback
Received proxy request for 'A'
Received proxy request for 'A'
1.1.1.1 acknowledged
5.5.5.5 acknowledged
2.2.2.2 acknowledged
1.1.1.1 acknowledged
[trigger] dispatching net_chain_setup for 'A' port 5555 (1 hop(s))
3.3.3.3 acknowledged
1.1.1.1 acknowledged
[trigger] net_chain_setup completed for 'A' port 5555
[trigger] dispatching net_chain_setup for 'A' port 5555 (1 hop(s))
3.3.3.3 acknowledged
1.1.1.1 acknowledged
[trigger] net_chain_setup completed for 'A' port 5555
--- start.dot ---
digraph G {
	bgcolor=grey10;
	node [color=white, fontcolor=white];
	edge [color=white, fontcolor=white, fontsize=9, labelangle=180, labeldistance=0.8];

	"A" [label=<A<BR/><FONT POINT-SIZE="9">2 active / 0 paused / 2 total</FONT>>] [style=solid, color=green];
	"10.0.0.1 (via 5.5.5.5)" -> "A" [label="VXLAN 101 [0ms]"];

	"B" [label=<B<BR/><FONT POINT-SIZE="9">1 active / 0 paused / 1 total</FONT>>] [style=dashed, color=green];
	"A" -> "B" [label="VXLAN 102 [0ms]"];

	"C" [label=<C<BR/><FONT POINT-SIZE="9">1 active / 0 paused / 1 total</FONT>>] [style=dashed, color=green];
	"A" -> "C" [label="VXLAN 103 [0ms]"];
	"A" -> "C" [label="VXLAN 104 [0ms]"];
}

Sending network 102 teardown to client 1.1.1.1
Sending network 102 teardown to client 2.2.2.2
Sending network 101 teardown to client 5.5.5.5
Sending network 101 teardown to client 1.1.1.1
Sending network 103 teardown to client 1.1.1.1
Sending network 103 teardown to client 3.3.3.3
Sending network 104 teardown to client 1.1.1.1
Sending network 104 teardown to client 3.3.3.3
--- after_drop_C.dot ---
digraph G {
	bgcolor=grey10;
	node [color=white, fontcolor=white];
	edge [color=white, fontcolor=white, fontsize=9, labelangle=180, labeldistance=0.8];

	"A" [label=<A<BR/><FONT POINT-SIZE="9">0 active / 0 paused / 2 total</FONT>>] [style=solid, color=green];

	"B" [label=<B<BR/><FONT POINT-SIZE="9">0 active / 0 paused / 1 total</FONT>>] [style=dashed, color=green];

	"C" [label=<C>] [style=dashed, color=red];
}

1.1.1.1 acknowledged
5.5.5.5 acknowledged
2.2.2.2 acknowledged
1.1.1.1 acknowledged
[trigger] dispatching net_chain_setup for 'A' port 5555 (1 hop(s))
3.3.3.3 acknowledged
1.1.1.1 acknowledged
[trigger] net_chain_setup completed for 'A' port 5555
[trigger] dispatching net_chain_setup for 'A' port 5555 (1 hop(s))
3.3.3.3 acknowledged
1.1.1.1 acknowledged
[trigger] net_chain_setup completed for 'A' port 5555
--- start.dot ---
digraph G {
	bgcolor=grey10;
	node [color=white, fontcolor=white];
	edge [color=white, fontcolor=white, fontsize=9, labelangle=180, labeldistance=0.8];

	"A" [label=<A<BR/><FONT POINT-SIZE="9">2 active / 0 paused / 2 total</FONT>>] [style=solid, color=green];
	"10.0.0.1 (via 5.5.5.5)" -> "A" [label="VXLAN 101 [0ms]"];

	"B" [label=<B<BR/><FONT POINT-SIZE="9">1 active / 0 paused / 1 total</FONT>>] [style=dashed, color=green];
	"A" -> "B" [label="VXLAN 102 [0ms]"];

	"C" [label=<C<BR/><FONT POINT-SIZE="9">1 active / 0 paused / 1 total</FONT>>] [style=dashed, color=green];
	"A" -> "C" [label="VXLAN 104 [0ms]"];
	"A" -> "C" [label="VXLAN 103 [0ms]"];
}

Sending network 104 teardown to client 1.1.1.1
Sending network 104 teardown to client 3.3.3.3
--- after_drop_a2.dot ---
digraph G {
	bgcolor=grey10;
	node [color=white, fontcolor=white];
	edge [color=white, fontcolor=white, fontsize=9, labelangle=180, labeldistance=0.8];

	"A" [label=<A<BR/><FONT POINT-SIZE="9">1 active / 0 paused / 1 total</FONT>>] [style=solid, color=green];
	"10.0.0.1 (via 5.5.5.5)" -> "A" [label="VXLAN 101 [0ms]"];

	"B" [label=<B<BR/><FONT POINT-SIZE="9">1 active / 0 paused / 1 total</FONT>>] [style=dashed, color=green];
	"A" -> "B" [label="VXLAN 102 [0ms]"];

	"C" [label=<C<BR/><FONT POINT-SIZE="9">1 active / 0 paused / 1 total</FONT>>] [style=dashed, color=green];
	"A" -> "C" [label="VXLAN 103 [0ms]"];
}

test tests::backend_service_unregistered_drop_B ... ok
[geo] IPINFO_API_URL not set; using free db-ip.com fallback
Suspending container 'dep_c1' on 1.1.1.1
Suspending container 'plain_c1' on 1.1.1.1
[ERROR] [members/nullnet-server/src/db/events.rs:49] injected persistent failure
test tests::backend_service_unregistered_drop_C ... ok
[geo] IPINFO_API_URL not set; using free db-ip.com fallback
Received backend trigger for 'A' (port 5555) from 1.1.1.1 (container: a2)
[trigger] triggers map for 'A': {5555: "C"}; first_dep for port 5555: Some("C")
test tests::backend_service_unregistered_drop_a2 ... ok
[geo] IPINFO_API_URL not set; using free db-ip.com fallback
Received backend trigger for 'A' (port 5555) from 1.1.1.1 (container: ghost)
[ERROR] [members/nullnet-server/src/nullnet_grpc_impl.rs:1168] No initiator replica found on sender host
test tests::backend_trigger_unknown_container_errors_without_ip_fallback ... ok
[geo] IPINFO_API_URL not set; using free db-ip.com fallback
[trigger] dispatching net_chain_setup for 'A' port 5555 (1 hop(s))
3.3.3.3 acknowledged
1.1.1.1 acknowledged
[trigger] net_chain_setup completed for 'A' port 5555
Received backend trigger for 'A' (port 5555) from 1.1.1.1 (container: <none>)
[trigger] triggers map for 'A': {5555: "C"}; first_dep for port 5555: Some("C")
test tests::backend_services_follow_pause_checkbox ... ok
test tests::bare_process_service_ships_no_trigger ... ok
[geo] IPINFO_API_URL not set; using free db-ip.com fallback
[trigger] dispatching net_chain_setup for 'A' port 5555 (1 hop(s))
3.3.3.3 acknowledged
1.1.1.1 acknowledged
[trigger] net_chain_setup completed for 'A' port 5555
Received proxy request for 'entry'
Received proxy request for 'd'
Received proxy request for 'entry'
1.1.1.1 acknowledged
5.5.5.5 acknowledged
2.2.2.2 acknowledged
1.1.1.1 acknowledged
1.1.1.1 acknowledged
5.5.5.5 acknowledged
8.8.8.8 acknowledged
5.5.5.5 acknowledged
3.3.3.3 acknowledged
8.8.8.8 acknowledged
4.4.4.4 acknowledged
2.2.2.2 acknowledged
7.7.7.7 acknowledged
4.4.4.4 acknowledged
test tests::backend_trigger_disambiguates_colocated_replica_by_container ... ok
[geo] IPINFO_API_URL not set; using free db-ip.com fallback
test tests::backend_trigger_without_container_falls_back_to_ip_only ... ok
test tests::chains_sharing_a_hop_agree_on_the_replica_after_it ... ok
[geo] IPINFO_API_URL not set; using free db-ip.com fallback
[geo] IPINFO_API_URL not set; using free db-ip.com fallback
Received backend trigger for 'source' (port 5555) from 1.1.1.1 (container: <none>)
[trigger] triggers map for 'source': {5555: "peer"}; first_dep for port 5555: Some("peer")
[trigger] dispatching net_chain_setup for 'source' port 5555 (1 hop(s))
2.2.2.2 acknowledged
1.1.1.1 acknowledged
[trigger] net_chain_setup completed for 'source' port 5555
Sending network 101 teardown to client 1.1.1.1
Sending network 101 teardown to client 2.2.2.2
Received backend trigger for 'source' (port 6666) from 1.1.1.1 (container: <none>)
[trigger] triggers map for 'source': {6666: "peer"}; first_dep for port 6666: Some("peer")
[trigger] dispatching net_chain_setup for 'source' port 6666 (1 hop(s))
2.2.2.2 acknowledged
1.1.1.1 acknowledged
[trigger] net_chain_setup completed for 'source' port 6666
Trigger chain 'source' (1.1.1.1) port 6666 idle past the debounce; releasing its hold
Sending network 101 teardown to client 1.1.1.1
Sending network 101 teardown to client 2.2.2.2
Received proxy request for 'A'
1.1.1.1 acknowledged
5.5.5.5 acknowledged
2.2.2.2 acknowledged
1.1.1.1 acknowledged
3.3.3.3 acknowledged
1.1.1.1 acknowledged
1.1.1.1 acknowledged
2.2.2.2 acknowledged
3.3.3.3 acknowledged
2.2.2.2 acknowledged
4.4.4.4 acknowledged
2.2.2.2 acknowledged
2.2.2.2 acknowledged
3.3.3.3 acknowledged
2.2.2.2 acknowledged
4.4.4.4 acknowledged
Received proxy request for 'A'
'10.0.0.1' ---> 'A' is already set up
Received proxy request for 'A'
'10.0.0.1' ---> 'A' is already set up
Received proxy request for 'A'
'10.0.0.1' ---> 'A' is already set up
Received proxy request for 'A'
'10.0.0.1' ---> 'A' is already set up
Received proxy request for 'A'
'10.0.0.1' ---> 'A' is already set up
Received proxy request for 'A'
1.1.1.1 acknowledged
5.5.5.5 acknowledged
2.2.2.2 acknowledged
1.1.1.1 acknowledged
test tests::changing_backend_peer_port_releases_and_rebuilds_the_session ... ok
[geo] IPINFO_API_URL not set; using free db-ip.com fallback
Received proxy request for 'A'
1.1.1.1 acknowledged
5.5.5.5 acknowledged
2.2.2.2 acknowledged
1.1.1.1 acknowledged
3.3.3.3 acknowledged
2.2.2.2 acknowledged
Received proxy request for 'D'
4.4.4.4 acknowledged
5.5.5.5 acknowledged
3.3.3.3 acknowledged
4.4.4.4 acknowledged
Received proxy request for 'A'
1.1.1.1 acknowledged
6.6.6.6 acknowledged
--- start.dot ---
digraph G {
	bgcolor=grey10;
	node [color=white, fontcolor=white];
	edge [color=white, fontcolor=white, fontsize=9, labelangle=180, labeldistance=0.8];

	"A" [label=<A<BR/><FONT POINT-SIZE="9">1 active / 0 paused / 1 total</FONT>>] [style=solid, color=green];
	"10.0.0.1 (via 5.5.5.5)" -> "A" [label="VXLAN 101 [0ms]"];
	"10.0.0.2 (via 6.6.6.6)" -> "A" [label="VXLAN 106 [0ms]"];

	"B" [label=<B<BR/><FONT POINT-SIZE="9">1 active / 0 paused / 1 total</FONT>>] [style=dashed, color=green];
	"A" -> "B" [label="VXLAN 102 [0ms]"];

	"C" [label=<C<BR/><FONT POINT-SIZE="9">1 active / 0 paused / 1 total</FONT>>] [style=dashed, color=green];
	"B" -> "C" [label="VXLAN 103 [0ms]"];
	"D" -> "C" [label="VXLAN 105 [0ms]"];

	"D" [label=<D<BR/><FONT POINT-SIZE="9">1 active / 0 paused / 1 total</FONT>>] [style=solid, color=green];
	"10.0.0.1 (via 5.5.5.5)" -> "D" [label="VXLAN 104 [0ms]"];
}

Sending network 102 teardown to client 1.1.1.1
Sending network 102 teardown to client 2.2.2.2
Sending network 103 teardown to client 2.2.2.2
Sending network 103 teardown to client 3.3.3.3
Sending network 106 teardown to client 6.6.6.6
Sending network 106 teardown to client 1.1.1.1
Sending network 101 teardown to client 5.5.5.5
Sending network 101 teardown to client 1.1.1.1
--- after_add_E_to_A.dot ---
digraph G {
	bgcolor=grey10;
	node [color=white, fontcolor=white];
	edge [color=white, fontcolor=white, fontsize=9, labelangle=180, labeldistance=0.8];

	"A" [label=<A<BR/><FONT POINT-SIZE="9">0 active / 0 paused / 1 total</FONT>>] [style=solid, color=green];

	"B" [label=<B<BR/><FONT POINT-SIZE="9">0 active / 0 paused / 1 total</FONT>>] [style=dashed, color=green];

	"C" [label=<C<BR/><FONT POINT-SIZE="9">1 active / 0 paused / 1 total</FONT>>] [style=dashed, color=green];
	"D" -> "C" [label="VXLAN 105 [0ms]"];

	"D" [label=<D<BR/><FONT POINT-SIZE="9">1 active / 0 paused / 1 total</FONT>>] [style=solid, color=green];
	"10.0.0.1 (via 5.5.5.5)" -> "D" [label="VXLAN 104 [0ms]"];

	"E" [label=<E>] [style=dashed, color=red];
}

test tests::dep_changed_add_E_to_A ... ok
[geo] IPINFO_API_URL not set; using free db-ip.com fallback
Received proxy request for 'A'
1.1.1.1 acknowledged
5.5.5.5 acknowledged
2.2.2.2 acknowledged
1.1.1.1 acknowledged
3.3.3.3 acknowledged
2.2.2.2 acknowledged
Received proxy request for 'D'
4.4.4.4 acknowledged
5.5.5.5 acknowledged
3.3.3.3 acknowledged
4.4.4.4 acknowledged
Received proxy request for 'A'
1.1.1.1 acknowledged
6.6.6.6 acknowledged
--- start.dot ---
digraph G {
	bgcolor=grey10;
	node [color=white, fontcolor=white];
	edge [color=white, fontcolor=white, fontsize=9, labelangle=180, labeldistance=0.8];

	"A" [label=<A<BR/><FONT POINT-SIZE="9">1 active / 0 paused / 1 total</FONT>>] [style=solid, color=green];
	"10.0.0.1 (via 5.5.5.5)" -> "A" [label="VXLAN 101 [0ms]"];
	"10.0.0.2 (via 6.6.6.6)" -> "A" [label="VXLAN 106 [0ms]"];

	"B" [label=<B<BR/><FONT POINT-SIZE="9">1 active / 0 paused / 1 total</FONT>>] [style=dashed, color=green];
	"A" -> "B" [label="VXLAN 102 [0ms]"];

	"C" [label=<C<BR/><FONT POINT-SIZE="9">1 active / 0 paused / 1 total</FONT>>] [style=dashed, color=green];
	"B" -> "C" [label="VXLAN 103 [0ms]"];
	"D" -> "C" [label="VXLAN 105 [0ms]"];

	"D" [label=<D<BR/><FONT POINT-SIZE="9">1 active / 0 paused / 1 total</FONT>>] [style=solid, color=green];
	"10.0.0.1 (via 5.5.5.5)" -> "D" [label="VXLAN 104 [0ms]"];
}

Sending network 102 teardown to client 1.1.1.1
Sending network 102 teardown to client 2.2.2.2
Sending network 103 teardown to client 2.2.2.2
Sending network 103 teardown to client 3.3.3.3
Sending network 101 teardown to client 5.5.5.5
Sending network 101 teardown to client 1.1.1.1
Sending network 106 teardown to client 6.6.6.6
Sending network 106 teardown to client 1.1.1.1
--- after_drop_C_from_A.dot ---
digraph G {
	bgcolor=grey10;
	node [color=white, fontcolor=white];
	edge [color=white, fontcolor=white, fontsize=9, labelangle=180, labeldistance=0.8];

	"A" [label=<A<BR/><FONT POINT-SIZE="9">0 active / 0 paused / 1 total</FONT>>] [style=solid, color=green];

	"B" [label=<B<BR/><FONT POINT-SIZE="9">0 active / 0 paused / 1 total</FONT>>] [style=dashed, color=green];

	"C" [label=<C<BR/><FONT POINT-SIZE="9">1 active / 0 paused / 1 total</FONT>>] [style=dashed, color=green];
	"D" -> "C" [label="VXLAN 105 [0ms]"];

	"D" [label=<D<BR/><FONT POINT-SIZE="9">1 active / 0 paused / 1 total</FONT>>] [style=solid, color=green];
	"10.0.0.1 (via 5.5.5.5)" -> "D" [label="VXLAN 104 [0ms]"];
}

test tests::dep_changed_drop_C_from_A ... ok
[geo] IPINFO_API_URL not set; using free db-ip.com fallback
Received proxy request for 'A'
1.1.1.1 acknowledged
5.5.5.5 acknowledged
2.2.2.2 acknowledged
1.1.1.1 acknowledged
3.3.3.3 acknowledged
2.2.2.2 acknowledged
Received proxy request for 'D'
4.4.4.4 acknowledged
5.5.5.5 acknowledged
3.3.3.3 acknowledged
4.4.4.4 acknowledged
Received proxy request for 'A'
1.1.1.1 acknowledged
6.6.6.6 acknowledged
--- start.dot ---
digraph G {
	bgcolor=grey10;
	node [color=white, fontcolor=white];
	edge [color=white, fontcolor=white, fontsize=9, labelangle=180, labeldistance=0.8];

	"A" [label=<A<BR/><FONT POINT-SIZE="9">1 active / 0 paused / 1 total</FONT>>] [style=solid, color=green];
	"10.0.0.1 (via 5.5.5.5)" -> "A" [label="VXLAN 101 [0ms]"];
	"10.0.0.2 (via 6.6.6.6)" -> "A" [label="VXLAN 106 [0ms]"];

	"B" [label=<B<BR/><FONT POINT-SIZE="9">1 active / 0 paused / 1 total</FONT>>] [style=dashed, color=green];
	"A" -> "B" [label="VXLAN 102 [0ms]"];

	"C" [label=<C<BR/><FONT POINT-SIZE="9">1 active / 0 paused / 1 total</FONT>>] [style=dashed, color=green];
	"B" -> "C" [label="VXLAN 103 [0ms]"];
	"D" -> "C" [label="VXLAN 105 [0ms]"];

	"D" [label=<D<BR/><FONT POINT-SIZE="9">1 active / 0 paused / 1 total</FONT>>] [style=solid, color=green];
	"10.0.0.1 (via 5.5.5.5)" -> "D" [label="VXLAN 104 [0ms]"];
}

Sending network 105 teardown to client 4.4.4.4
Sending network 105 teardown to client 3.3.3.3
Sending network 104 teardown to client 5.5.5.5
Sending network 104 teardown to client 4.4.4.4
--- after_drop_all_from_D.dot ---
digraph G {
	bgcolor=grey10;
	node [color=white, fontcolor=white];
	edge [color=white, fontcolor=white, fontsize=9, labelangle=180, labeldistance=0.8];

	"A" [label=<A<BR/><FONT POINT-SIZE="9">1 active / 0 paused / 1 total</FONT>>] [style=solid, color=green];
	"10.0.0.1 (via 5.5.5.5)" -> "A" [label="VXLAN 101 [0ms]"];
	"10.0.0.2 (via 6.6.6.6)" -> "A" [label="VXLAN 106 [0ms]"];

	"B" [label=<B<BR/><FONT POINT-SIZE="9">1 active / 0 paused / 1 total</FONT>>] [style=dashed, color=green];
	"A" -> "B" [label="VXLAN 102 [0ms]"];

	"C" [label=<C<BR/><FONT POINT-SIZE="9">1 active / 0 paused / 1 total</FONT>>] [style=dashed, color=green];
	"B" -> "C" [label="VXLAN 103 [0ms]"];

	"D" [label=<D<BR/><FONT POINT-SIZE="9">0 active / 0 paused / 1 total</FONT>>] [style=solid, color=green];
}

[ERROR] [members/nullnet-server/src/db/events.rs:49] injected persistent failure
test tests::dep_changed_drop_all_from_D ... ok
[geo] IPINFO_API_URL not set; using free db-ip.com fallback
Received proxy request for 'A'
1.1.1.1 acknowledged
5.5.5.5 acknowledged
2.2.2.2 acknowledged
1.1.1.1 acknowledged
3.3.3.3 acknowledged
2.2.2.2 acknowledged
Received proxy request for 'D'
4.4.4.4 acknowledged
5.5.5.5 acknowledged
3.3.3.3 acknowledged
4.4.4.4 acknowledged
Received proxy request for 'A'
1.1.1.1 acknowledged
6.6.6.6 acknowledged
--- start.dot ---
digraph G {
	bgcolor=grey10;
	node [color=white, fontcolor=white];
	edge [color=white, fontcolor=white, fontsize=9, labelangle=180, labeldistance=0.8];

	"A" [label=<A<BR/><FONT POINT-SIZE="9">1 active / 0 paused / 1 total</FONT>>] [style=solid, color=green];
	"10.0.0.1 (via 5.5.5.5)" -> "A" [label="VXLAN 101 [0ms]"];
	"10.0.0.2 (via 6.6.6.6)" -> "A" [label="VXLAN 106 [0ms]"];

	"B" [label=<B<BR/><FONT POINT-SIZE="9">1 active / 0 paused / 1 total</FONT>>] [style=dashed, color=green];
	"A" -> "B" [label="VXLAN 102 [0ms]"];

	"C" [label=<C<BR/><FONT POINT-SIZE="9">1 active / 0 paused / 1 total</FONT>>] [style=dashed, color=green];
	"B" -> "C" [label="VXLAN 103 [0ms]"];
	"D" -> "C" [label="VXLAN 105 [0ms]"];

	"D" [label=<D<BR/><FONT POINT-SIZE="9">1 active / 0 paused / 1 total</FONT>>] [style=solid, color=green];
	"10.0.0.1 (via 5.5.5.5)" -> "D" [label="VXLAN 104 [0ms]"];
}

Sending network 102 teardown to client 1.1.1.1
Sending network 102 teardown to client 2.2.2.2
Sending network 103 teardown to client 2.2.2.2
Sending network 103 teardown to client 3.3.3.3
Sending network 101 teardown to client 5.5.5.5
Sending network 101 teardown to client 1.1.1.1
Sending network 106 teardown to client 6.6.6.6
Sending network 106 teardown to client 1.1.1.1
--- after_swap_C_for_E.dot ---
digraph G {
	bgcolor=grey10;
	node [color=white, fontcolor=white];
	edge [color=white, fontcolor=white, fontsize=9, labelangle=180, labeldistance=0.8];

	"A" [label=<A<BR/><FONT POINT-SIZE="9">0 active / 0 paused / 1 total</FONT>>] [style=solid, color=green];

	"B" [label=<B<BR/><FONT POINT-SIZE="9">0 active / 0 paused / 1 total</FONT>>] [style=dashed, color=green];

	"C" [label=<C<BR/><FONT POINT-SIZE="9">1 active / 0 paused / 1 total</FONT>>] [style=dashed, color=green];
	"D" -> "C" [label="VXLAN 105 [0ms]"];

	"D" [label=<D<BR/><FONT POINT-SIZE="9">1 active / 0 paused / 1 total</FONT>>] [style=solid, color=green];
	"10.0.0.1 (via 5.5.5.5)" -> "D" [label="VXLAN 104 [0ms]"];

	"E" [label=<E>] [style=dashed, color=red];
}

test tests::dep_changed_swap_C_for_E ... ok
[geo] IPINFO_API_URL not set; using free db-ip.com fallback
Suspending container 'svc_c1' on 1.1.1.1
test tests::docker_replica_suspended_on_registration ... ok
[geo] IPINFO_API_URL not set; using free db-ip.com fallback
Received proxy request for 'A'
1.1.1.1 acknowledged
5.5.5.5 acknowledged
3.3.3.3 acknowledged
1.1.1.1 acknowledged
4.4.4.4 acknowledged
3.3.3.3 acknowledged
Received proxy request for 'B'
2.2.2.2 acknowledged
5.5.5.5 acknowledged
4.4.4.4 acknowledged
2.2.2.2 acknowledged
Received proxy request for 'A'
1.1.1.1 acknowledged
6.6.6.6 acknowledged
--- start.dot ---
digraph G {
	bgcolor=grey10;
	node [color=white, fontcolor=white];
	edge [color=white, fontcolor=white, fontsize=9, labelangle=180, labeldistance=0.8];

	"A" [label=<A<BR/><FONT POINT-SIZE="9">1 active / 0 paused / 1 total</FONT>>] [style=solid, color=green];
	"10.0.0.1 (via 5.5.5.5)" -> "A" [label="VXLAN 101 [0ms]"];
	"10.0.0.2 (via 6.6.6.6)" -> "A" [label="VXLAN 106 [0ms]"];

	"B" [label=<B<BR/><FONT POINT-SIZE="9">1 active / 0 paused / 1 total</FONT>>] [style=solid, color=green];
	"10.0.0.1 (via 5.5.5.5)" -> "B" [label="VXLAN 104 [0ms]"];

	"C" [label=<C<BR/><FONT POINT-SIZE="9">1 active / 0 paused / 1 total</FONT>>] [style=dashed, color=green];
	"A" -> "C" [label="VXLAN 102 [0ms]"];

	"D" [label=<D<BR/><FONT POINT-SIZE="9">1 active / 0 paused / 1 total</FONT>>] [style=dashed, color=green];
	"B" -> "D" [label="VXLAN 105 [0ms]"];
	"C" -> "D" [label="VXLAN 103 [0ms]"];
}

Received proxy request for 'A'
1.1.1.1 acknowledged
5.5.5.5 acknowledged
Received proxy request for 'A'
1.1.1.1 acknowledged
5.5.5.5 acknowledged
Received proxy request for 'A'
1.1.1.1 acknowledged
5.5.5.5 acknowledged
Received proxy request for 'A'
1.1.1.1 acknowledged
5.5.5.5 acknowledged
Received proxy request for 'A'
1.1.1.1 acknowledged
5.5.5.5 acknowledged
Received proxy request for 'A'
1.1.1.1 acknowledged
5.5.5.5 acknowledged
Received proxy request for 'A'
1.1.1.1 acknowledged
5.5.5.5 acknowledged
Received proxy request for 'A'
1.1.1.1 acknowledged
5.5.5.5 acknowledged
Received proxy request for 'A'
1.1.1.1 acknowledged
5.5.5.5 acknowledged
Received proxy request for 'A'
1.1.1.1 acknowledged
5.5.5.5 acknowledged
Received proxy request for 'A'
1.1.1.1 acknowledged
5.5.5.5 acknowledged
Received proxy request for 'A'
1.1.1.1 acknowledged
5.5.5.5 acknowledged
Received proxy request for 'A'
1.1.1.1 acknowledged
5.5.5.5 acknowledged
Received proxy request for 'A'
1.1.1.1 acknowledged
5.5.5.5 acknowledged
Received proxy request for 'A'
1.1.1.1 acknowledged
5.5.5.5 acknowledged
Received proxy request for 'A'
1.1.1.1 acknowledged
5.5.5.5 acknowledged
Received proxy request for 'A'
1.1.1.1 acknowledged
5.5.5.5 acknowledged
Received proxy request for 'A'
1.1.1.1 acknowledged
5.5.5.5 acknowledged
Received proxy request for 'A'
1.1.1.1 acknowledged
5.5.5.5 acknowledged
Received proxy request for 'A'
1.1.1.1 acknowledged
5.5.5.5 acknowledged
Received proxy request for 'A'
1.1.1.1 acknowledged
5.5.5.5 acknowledged
Received proxy request for 'A'
1.1.1.1 acknowledged
5.5.5.5 acknowledged
Received proxy request for 'A'
1.1.1.1 acknowledged
5.5.5.5 acknowledged
Received proxy request for 'A'
1.1.1.1 acknowledged
5.5.5.5 acknowledged
Received proxy request for 'A'
1.1.1.1 acknowledged
5.5.5.5 acknowledged
Received proxy request for 'A'
1.1.1.1 acknowledged
5.5.5.5 acknowledged
Received proxy request for 'A'
1.1.1.1 acknowledged
5.5.5.5 acknowledged
Received proxy request for 'A'
1.1.1.1 acknowledged
5.5.5.5 acknowledged
Received proxy request for 'A'
1.1.1.1 acknowledged
5.5.5.5 acknowledged
Received proxy request for 'A'
1.1.1.1 acknowledged
5.5.5.5 acknowledged
Received proxy request for 'A'
1.1.1.1 acknowledged
5.5.5.5 acknowledged
Received proxy request for 'A'
1.1.1.1 acknowledged
5.5.5.5 acknowledged
Received proxy request for 'A'
1.1.1.1 acknowledged
5.5.5.5 acknowledged
Received proxy request for 'A'
1.1.1.1 acknowledged
5.5.5.5 acknowledged
Received proxy request for 'A'
1.1.1.1 acknowledged
5.5.5.5 acknowledged
Received proxy request for 'A'
1.1.1.1 acknowledged
5.5.5.5 acknowledged
Received proxy request for 'A'
1.1.1.1 acknowledged
5.5.5.5 acknowledged
Received proxy request for 'A'
1.1.1.1 acknowledged
5.5.5.5 acknowledged
Received proxy request for 'A'
1.1.1.1 acknowledged
5.5.5.5 acknowledged
Received proxy request for 'A'
1.1.1.1 acknowledged
5.5.5.5 acknowledged
Received proxy request for 'A'
1.1.1.1 acknowledged
5.5.5.5 acknowledged
Received proxy request for 'A'
1.1.1.1 acknowledged
5.5.5.5 acknowledged
Received proxy request for 'A'
1.1.1.1 acknowledged
5.5.5.5 acknowledged
Received proxy request for 'A'
1.1.1.1 acknowledged
5.5.5.5 acknowledged
Received proxy request for 'A'
1.1.1.1 acknowledged
5.5.5.5 acknowledged
Received proxy request for 'A'
1.1.1.1 acknowledged
5.5.5.5 acknowledged
Received proxy request for 'A'
1.1.1.1 acknowledged
5.5.5.5 acknowledged
Received proxy request for 'A'
1.1.1.1 acknowledged
5.5.5.5 acknowledged
Received proxy request for 'A'
1.1.1.1 acknowledged
5.5.5.5 acknowledged
Received proxy request for 'A'
1.1.1.1 acknowledged
5.5.5.5 acknowledged
Received proxy request for 'A'
1.1.1.1 acknowledged
5.5.5.5 acknowledged
Received proxy request for 'A'
1.1.1.1 acknowledged
5.5.5.5 acknowledged
Received proxy request for 'A'
1.1.1.1 acknowledged
5.5.5.5 acknowledged
Received proxy request for 'A'
1.1.1.1 acknowledged
5.5.5.5 acknowledged
Received proxy request for 'A'
1.1.1.1 acknowledged
5.5.5.5 acknowledged
Received proxy request for 'A'
1.1.1.1 acknowledged
5.5.5.5 acknowledged
Received proxy request for 'A'
1.1.1.1 acknowledged
5.5.5.5 acknowledged
Received proxy request for 'A'
1.1.1.1 acknowledged
5.5.5.5 acknowledged
Received proxy request for 'A'
1.1.1.1 acknowledged
5.5.5.5 acknowledged
Received proxy request for 'A'
1.1.1.1 acknowledged
5.5.5.5 acknowledged
Received proxy request for 'A'
1.1.1.1 acknowledged
5.5.5.5 acknowledged
Received proxy request for 'A'
1.1.1.1 acknowledged
5.5.5.5 acknowledged
Received proxy request for 'A'
1.1.1.1 acknowledged
5.5.5.5 acknowledged
Received proxy request for 'A'
1.1.1.1 acknowledged
5.5.5.5 acknowledged
Received proxy request for 'A'
1.1.1.1 acknowledged
5.5.5.5 acknowledged
Received proxy request for 'A'
1.1.1.1 acknowledged
5.5.5.5 acknowledged
Received proxy request for 'A'
1.1.1.1 acknowledged
5.5.5.5 acknowledged
Received proxy request for 'A'
1.1.1.1 acknowledged
5.5.5.5 acknowledged
Received proxy request for 'A'
1.1.1.1 acknowledged
5.5.5.5 acknowledged
Received proxy request for 'A'
1.1.1.1 acknowledged
5.5.5.5 acknowledged
Received proxy request for 'A'
1.1.1.1 acknowledged
5.5.5.5 acknowledged
Received proxy request for 'A'
1.1.1.1 acknowledged
5.5.5.5 acknowledged
Received proxy request for 'A'
1.1.1.1 acknowledged
5.5.5.5 acknowledged
Received proxy request for 'A'
1.1.1.1 acknowledged
5.5.5.5 acknowledged
Received proxy request for 'A'
1.1.1.1 acknowledged
5.5.5.5 acknowledged
Received proxy request for 'A'
1.1.1.1 acknowledged
5.5.5.5 acknowledged
Received proxy request for 'A'
1.1.1.1 acknowledged
5.5.5.5 acknowledged
Received proxy request for 'A'
1.1.1.1 acknowledged
5.5.5.5 acknowledged
Received proxy request for 'A'
1.1.1.1 acknowledged
5.5.5.5 acknowledged
Received proxy request for 'A'
1.1.1.1 acknowledged
5.5.5.5 acknowledged
Received proxy request for 'A'
1.1.1.1 acknowledged
5.5.5.5 acknowledged
Received proxy request for 'A'
1.1.1.1 acknowledged
5.5.5.5 acknowledged
Received proxy request for 'A'
1.1.1.1 acknowledged
5.5.5.5 acknowledged
Received proxy request for 'A'
1.1.1.1 acknowledged
5.5.5.5 acknowledged
Received proxy request for 'A'
1.1.1.1 acknowledged
5.5.5.5 acknowledged
Received proxy request for 'A'
1.1.1.1 acknowledged
5.5.5.5 acknowledged
Received proxy request for 'A'
1.1.1.1 acknowledged
5.5.5.5 acknowledged
Received proxy request for 'A'
1.1.1.1 acknowledged
5.5.5.5 acknowledged
Received proxy request for 'A'
1.1.1.1 acknowledged
5.5.5.5 acknowledged
Received proxy request for 'A'
1.1.1.1 acknowledged
5.5.5.5 acknowledged
Received proxy request for 'A'
1.1.1.1 acknowledged
5.5.5.5 acknowledged
Received proxy request for 'A'
1.1.1.1 acknowledged
5.5.5.5 acknowledged
Received proxy request for 'A'
1.1.1.1 acknowledged
5.5.5.5 acknowledged
Received proxy request for 'A'
1.1.1.1 acknowledged
5.5.5.5 acknowledged
Received proxy request for 'A'
1.1.1.1 acknowledged
5.5.5.5 acknowledged
Received proxy request for 'A'
1.1.1.1 acknowledged
5.5.5.5 acknowledged
Received proxy request for 'A'
1.1.1.1 acknowledged
5.5.5.5 acknowledged
Received proxy request for 'A'
1.1.1.1 acknowledged
5.5.5.5 acknowledged
Received proxy request for 'A'
1.1.1.1 acknowledged
5.5.5.5 acknowledged
Received proxy request for 'A'
1.1.1.1 acknowledged
5.5.5.5 acknowledged
Received proxy request for 'A'
1.1.1.1 acknowledged
5.5.5.5 acknowledged
Received proxy request for 'A'
1.1.1.1 acknowledged
5.5.5.5 acknowledged
Received proxy request for 'A'
1.1.1.1 acknowledged
5.5.5.5 acknowledged
Received proxy request for 'A'
1.1.1.1 acknowledged
5.5.5.5 acknowledged
Received proxy request for 'A'
1.1.1.1 acknowledged
5.5.5.5 acknowledged
Received proxy request for 'A'
1.1.1.1 acknowledged
5.5.5.5 acknowledged
Received proxy request for 'A'
1.1.1.1 acknowledged
5.5.5.5 acknowledged
Received proxy request for 'A'
1.1.1.1 acknowledged
5.5.5.5 acknowledged
Received proxy request for 'A'
1.1.1.1 acknowledged
5.5.5.5 acknowledged
Received proxy request for 'A'
1.1.1.1 acknowledged
5.5.5.5 acknowledged
Received proxy request for 'A'
1.1.1.1 acknowledged
5.5.5.5 acknowledged
Received proxy request for 'A'
1.1.1.1 acknowledged
5.5.5.5 acknowledged
Received proxy request for 'A'
1.1.1.1 acknowledged
5.5.5.5 acknowledged
Received proxy request for 'A'
1.1.1.1 acknowledged
5.5.5.5 acknowledged
Received proxy request for 'A'
1.1.1.1 acknowledged
5.5.5.5 acknowledged
Received proxy request for 'A'
1.1.1.1 acknowledged
5.5.5.5 acknowledged
Received proxy request for 'A'
1.1.1.1 acknowledged
5.5.5.5 acknowledged
Received proxy request for 'A'
1.1.1.1 acknowledged
5.5.5.5 acknowledged
Received proxy request for 'A'
1.1.1.1 acknowledged
5.5.5.5 acknowledged
Received proxy request for 'A'
1.1.1.1 acknowledged
5.5.5.5 acknowledged
Received proxy request for 'A'
1.1.1.1 acknowledged
5.5.5.5 acknowledged
Received proxy request for 'A'
1.1.1.1 acknowledged
5.5.5.5 acknowledged
Received proxy request for 'A'
1.1.1.1 acknowledged
5.5.5.5 acknowledged
Received proxy request for 'A'
1.1.1.1 acknowledged
5.5.5.5 acknowledged
Received proxy request for 'A'
1.1.1.1 acknowledged
5.5.5.5 acknowledged
Received proxy request for 'A'
1.1.1.1 acknowledged
5.5.5.5 acknowledged
Received proxy request for 'A'
1.1.1.1 acknowledged
5.5.5.5 acknowledged
Received proxy request for 'A'
1.1.1.1 acknowledged
5.5.5.5 acknowledged
Proxy client '10.0.0.1 (via 5.5.5.5)' timed out on service 'A'
Sending network 104 teardown to client 2.2.2.2
Sending network 104 teardown to client 1.1.1.1
Sending network 105 teardown to client 2.2.2.2
Sending network 105 teardown to client 3.3.3.3
Sending network 102 teardown to client 1.1.1.1
Sending network 102 teardown to client 2.2.2.2
Sending network 106 teardown to client 2.2.2.2
Sending network 106 teardown to client 4.4.4.4
Sending network 108 teardown to client 4.4.4.4
Sending network 108 teardown to client 2.2.2.2
Sending network 103 teardown to client 1.1.1.1
Sending network 103 teardown to client 3.3.3.3
Sending network 107 teardown to client 3.3.3.3
Sending network 107 teardown to client 2.2.2.2
Sending network 101 teardown to client 5.5.5.5
Sending network 101 teardown to client 1.1.1.1
test tests::concurrent_requests_same_client_tear_down_cleanly ... ok
[geo] IPINFO_API_URL not set; using free db-ip.com fallback
test tests::autonomous_trigger_chain_is_never_reaped_on_idle ... ok
[geo] IPINFO_API_URL not set; using free db-ip.com fallback
Received proxy request for 'A'
2.2.2.2 acknowledged
1.1.1.1 acknowledged
1.1.1.1 acknowledged
5.5.5.5 acknowledged
Received proxy request for 'A'
1.1.1.1 acknowledged
5.5.5.5 acknowledged
Received proxy request for 'A'
1.1.1.1 acknowledged
5.5.5.5 acknowledged
Received proxy request for 'A'
1.1.1.1 acknowledged
5.5.5.5 acknowledged
Received proxy request for 'A'
1.1.1.1 acknowledged
5.5.5.5 acknowledged
Received proxy request for 'A'
1.1.1.1 acknowledged
5.5.5.5 acknowledged
Received proxy request for 'A'
1.1.1.1 acknowledged
5.5.5.5 acknowledged
Received proxy request for 'A'
1.1.1.1 acknowledged
5.5.5.5 acknowledged
Received proxy request for 'A'
1.1.1.1 acknowledged
5.5.5.5 acknowledged
Received proxy request for 'A'
1.1.1.1 acknowledged
5.5.5.5 acknowledged
Received proxy request for 'A'
Received proxy request for 'A'
Received proxy request for 'A'
Received proxy request for 'A'
Received proxy request for 'A'
Received proxy request for 'A'
Received proxy request for 'A'
Received proxy request for 'A'
Received proxy request for 'A'
Received proxy request for 'A'
Received proxy request for 'A'
Received proxy request for 'A'
Received proxy request for 'A'
Received proxy request for 'A'
Received proxy request for 'A'
Received proxy request for 'A'
Received proxy request for 'A'
Received proxy request for 'A'
Received proxy request for 'A'
Received proxy request for 'A'
Received proxy request for 'A'
Received proxy request for 'A'
Received proxy request for 'A'
Received proxy request for 'A'
Received proxy request for 'A'
Received proxy request for 'A'
Received proxy request for 'A'
Received proxy request for 'A'
Received proxy request for 'A'
Received proxy request for 'A'
Received proxy request for 'A'
Received proxy request for 'A'
Received proxy request for 'A'
Received proxy request for 'A'
Received proxy request for 'A'
Received proxy request for 'A'
Received proxy request for 'A'
Received proxy request for 'A'
Received proxy request for 'A'
Received proxy request for 'A'
Received proxy request for 'A'
Received proxy request for 'A'
Received proxy request for 'A'
Received proxy request for 'A'
Received proxy request for 'A'
Received proxy request for 'A'
Received proxy request for 'A'
Received proxy request for 'A'
Received proxy request for 'A'
Received proxy request for 'A'
Received proxy request for 'A'
Received proxy request for 'A'
Received proxy request for 'A'
Received proxy request for 'A'
Received proxy request for 'A'
Received proxy request for 'A'
Received proxy request for 'A'
Received proxy request for 'A'
Received proxy request for 'A'
Received proxy request for 'A'
Received proxy request for 'A'
Received proxy request for 'A'
Received proxy request for 'A'
Received proxy request for 'A'
Received proxy request for 'A'
Received proxy request for 'A'
Received proxy request for 'A'
Received proxy request for 'A'
Received proxy request for 'A'
Received proxy request for 'A'
Received proxy request for 'A'
Received proxy request for 'A'
Received proxy request for 'A'
Received proxy request for 'A'
Received proxy request for 'A'
Received proxy request for 'A'
Received proxy request for 'A'
Received proxy request for 'A'
Received proxy request for 'A'
Received proxy request for 'A'
Received proxy request for 'A'
Received proxy request for 'A'
Received proxy request for 'A'
Received proxy request for 'A'
Received proxy request for 'A'
Received proxy request for 'A'
Received proxy request for 'A'
Received proxy request for 'A'
Received proxy request for 'A'
Received proxy request for 'A'
Received proxy request for 'A'
Received proxy request for 'A'
Received proxy request for 'A'
Received proxy request for 'A'
Received proxy request for 'A'
Received proxy request for 'A'
Received proxy request for 'A'
Received proxy request for 'A'
Received proxy request for 'A'
Received proxy request for 'A'
Received proxy request for 'A'
Received proxy request for 'A'
Received proxy request for 'A'
Received proxy request for 'A'
Received proxy request for 'A'
Received proxy request for 'A'
Received proxy request for 'A'
Received proxy request for 'A'
Received proxy request for 'A'
Received proxy request for 'A'
Received proxy request for 'A'
Received proxy request for 'A'
Received proxy request for 'A'
Received proxy request for 'A'
Received proxy request for 'A'
Received proxy request for 'A'
Received proxy request for 'A'
Received proxy request for 'A'
Received proxy request for 'A'
Received proxy request for 'A'
Received proxy request for 'A'
Received proxy request for 'A'
Received proxy request for 'A'
Received proxy request for 'A'
Received proxy request for 'A'
Received proxy request for 'A'
Received proxy request for 'A'
Received proxy request for 'A'
Received proxy request for 'A'
Received proxy request for 'A'
Received proxy request for 'A'
Received proxy request for 'A'
Received proxy request for 'A'
Received proxy request for 'A'
Received proxy request for 'A'
Received proxy request for 'A'
Received proxy request for 'A'
Received proxy request for 'A'
Received proxy request for 'A'
Received proxy request for 'A'
Received proxy request for 'A'
Received proxy request for 'A'
Received proxy request for 'A'
Received proxy request for 'A'
Received proxy request for 'A'
Received proxy request for 'A'
Received proxy request for 'A'
Received proxy request for 'A'
Received proxy request for 'A'
Received proxy request for 'A'
Received proxy request for 'A'
Received proxy request for 'A'
Received proxy request for 'A'
Received proxy request for 'A'
Received proxy request for 'A'
Received proxy request for 'A'
Received proxy request for 'A'
Received proxy request for 'A'
Received proxy request for 'A'
Received proxy request for 'A'
Received proxy request for 'A'
Received proxy request for 'A'
Received proxy request for 'A'
Received proxy request for 'A'
Received proxy request for 'A'
Received proxy request for 'A'
Received proxy request for 'A'
Received proxy request for 'A'
Received proxy request for 'A'
Received proxy request for 'A'
Received proxy request for 'A'
Received proxy request for 'A'
Received proxy request for 'A'
Received proxy request for 'A'
Received proxy request for 'A'
Received proxy request for 'A'
Received proxy request for 'A'
Received proxy request for 'A'
Received proxy request for 'A'
Received proxy request for 'A'
Received proxy request for 'A'
Received proxy request for 'A'
Received proxy request for 'A'
Received proxy request for 'A'
Received proxy request for 'A'
Received proxy request for 'A'
Received proxy request for 'A'
Received proxy request for 'A'
Received proxy request for 'A'
Received proxy request for 'A'
Received proxy request for 'A'
1.1.1.1 acknowledged
5.5.5.5 acknowledged
2.2.2.2 acknowledged
1.1.1.1 acknowledged
--- after_proxy1_client.dot ---
digraph G {
	bgcolor=grey10;
	node [color=white, fontcolor=white];
	edge [color=white, fontcolor=white, fontsize=9, labelangle=180, labeldistance=0.8];

	"A" [label=<A<BR/><FONT POINT-SIZE="9">1 active / 0 paused / 1 total</FONT>>] [style=solid, color=green];
	"10.0.0.1 (via 5.5.5.5)" -> "A" [label="VXLAN 101 [0ms]"];

	"B" [label=<B<BR/><FONT POINT-SIZE="9">1 active / 0 paused / 1 total</FONT>>] [style=dashed, color=green];
	"A" -> "B" [label="VXLAN 102 [0ms]"];
}

Received proxy request for 'A'
1.1.1.1 acknowledged
6.6.6.6 acknowledged
--- after_proxy2_bypasses.dot ---
digraph G {
	bgcolor=grey10;
	node [color=white, fontcolor=white];
	edge [color=white, fontcolor=white, fontsize=9, labelangle=180, labeldistance=0.8];

	"A" [label=<A<BR/><FONT POINT-SIZE="9">1 active / 0 paused / 1 total</FONT>>] [style=solid, color=green];
	"10.0.0.1 (via 5.5.5.5)" -> "A" [label="VXLAN 101 [0ms]"];
	"10.0.0.2 (via 6.6.6.6)" -> "A" [label="VXLAN 103 [0ms]"];

	"B" [label=<B<BR/><FONT POINT-SIZE="9">1 active / 0 paused / 1 total</FONT>>] [style=dashed, color=green];
	"A" -> "B" [label="VXLAN 102 [0ms]"];
}

test tests::max_networks_balances_shared_networks_under_concurrent_requests ... ok
[geo] IPINFO_API_URL not set; using free db-ip.com fallback
test tests::max_networks_different_proxy_bypasses ... ok
[geo] IPINFO_API_URL not set; using free db-ip.com fallback
Received proxy request for 'A'
Received proxy request for 'A'
1.1.1.1 acknowledged
5.5.5.5 acknowledged
2.2.2.2 acknowledged
1.1.1.1 acknowledged
Received proxy request for 'A'
--- before_proxy_disconnect.dot ---
digraph G {
	bgcolor=grey10;
	node [color=white, fontcolor=white];
	edge [color=white, fontcolor=white, fontsize=9, labelangle=180, labeldistance=0.8];

	"A" [label=<A<BR/><FONT POINT-SIZE="9">1 active / 0 paused / 1 total</FONT>>] [style=solid, color=green];
	"10.0.0.1 (via 5.5.5.5)" -> "A" [label="VXLAN 101 [0ms]"];
	"10.0.0.2 (via 5.5.5.5)" -> "A" [label="VXLAN 101 [0ms]"];

	"B" [label=<B<BR/><FONT POINT-SIZE="9">1 active / 0 paused / 1 total</FONT>>] [style=dashed, color=green];
	"A" -> "B" [label="VXLAN 102 [0ms]"];
}

Sending network 102 teardown to client 1.1.1.1
Sending network 102 teardown to client 2.2.2.2
Sending network 101 teardown to client 1.1.1.1
--- after_proxy_disconnect.dot ---
digraph G {
	bgcolor=grey10;
	node [color=white, fontcolor=white];
	edge [color=white, fontcolor=white, fontsize=9, labelangle=180, labeldistance=0.8];

	"A" [label=<A<BR/><FONT POINT-SIZE="9">0 active / 0 paused / 1 total</FONT>>] [style=solid, color=green];

	"B" [label=<B<BR/><FONT POINT-SIZE="9">0 active / 0 paused / 1 total</FONT>>] [style=dashed, color=green];
}

1.1.1.1 acknowledged
5.5.5.5 acknowledged
2.2.2.2 acknowledged
1.1.1.1 acknowledged
--- after_first_client.dot ---
digraph G {
	bgcolor=grey10;
	node [color=white, fontcolor=white];
	edge [color=white, fontcolor=white, fontsize=9, labelangle=180, labeldistance=0.8];

	"A" [label=<A<BR/><FONT POINT-SIZE="9">1 active / 0 paused / 1 total</FONT>>] [style=solid, color=green];
	"10.0.0.1 (via 5.5.5.5)" -> "A" [label="VXLAN 101 [0ms]"];

	"B" [label=<B<BR/><FONT POINT-SIZE="9">1 active / 0 paused / 1 total</FONT>>] [style=dashed, color=green];
	"A" -> "B" [label="VXLAN 102 [0ms]"];
}

test tests::max_networks_proxy_disconnect ... ok
[geo] IPINFO_API_URL not set; using free db-ip.com fallback
Received proxy request for 'A'
1.1.1.1 acknowledged
5.5.5.5 acknowledged
2.2.2.2 acknowledged
1.1.1.1 acknowledged
Received proxy request for 'C'
3.3.3.3 acknowledged
5.5.5.5 acknowledged
4.4.4.4 acknowledged
3.3.3.3 acknowledged
Received proxy request for 'A'
1.1.1.1 acknowledged
7.7.7.7 acknowledged
2.2.2.2 acknowledged
1.1.1.1 acknowledged
Received proxy request for 'D'
6.6.6.6 acknowledged
5.5.5.5 acknowledged
2.2.2.2 acknowledged
6.6.6.6 acknowledged
Received proxy request for 'C'
3.3.3.3 acknowledged
7.7.7.7 acknowledged
--- start.dot ---
digraph G {
	bgcolor=grey10;
	node [color=white, fontcolor=white];
	edge [color=white, fontcolor=white, fontsize=9, labelangle=180, labeldistance=0.8];

	"A" [label=<A<BR/><FONT POINT-SIZE="9">2 active / 0 paused / 2 total</FONT>>] [style=solid, color=green];
	"10.0.0.1 (via 5.5.5.5)" -> "A" [label="VXLAN 101 [0ms]"];
	"10.0.0.4 (via 7.7.7.7)" -> "A" [label="VXLAN 105 [0ms]"];

	"B" [label=<B<BR/><FONT POINT-SIZE="9">3 active / 0 paused / 3 total</FONT>>] [style=dashed, color=green];
	"A" -> "B" [label="VXLAN 102 [0ms]"];
	"A" -> "B" [label="VXLAN 106 [0ms]"];
	"C" -> "B" [label="VXLAN 104 [0ms]"];
	"D" -> "B" [label="VXLAN 108 [0ms]"];

	"C" [label=<C<BR/><FONT POINT-SIZE="9">1 active / 0 paused / 1 total</FONT>>] [style=solid, color=green];
	"10.0.0.2 (via 5.5.5.5)" -> "C" [label="VXLAN 103 [0ms]"];
	"10.0.0.5 (via 7.7.7.7)" -> "C" [label="VXLAN 109 [0ms]"];

	"D" [label=<D<BR/><FONT POINT-SIZE="9">1 active / 0 paused / 1 total</FONT>>] [style=solid, color=green];
	"10.0.0.3 (via 5.5.5.5)" -> "D" [label="VXLAN 107 [0ms]"];
}

Sending network 104 teardown to client 3.3.3.3
Sending network 109 teardown to client 7.7.7.7
Sending network 109 teardown to client 3.3.3.3
Sending network 103 teardown to client 5.5.5.5
Sending network 103 teardown to client 3.3.3.3
--- after_b_different_ip_disconnect.dot ---
digraph G {
	bgcolor=grey10;
	node [color=white, fontcolor=white];
	edge [color=white, fontcolor=white, fontsize=9, labelangle=180, labeldistance=0.8];

	"A" [label=<A<BR/><FONT POINT-SIZE="9">2 active / 0 paused / 2 total</FONT>>] [style=solid, color=green];
	"10.0.0.1 (via 5.5.5.5)" -> "A" [label="VXLAN 101 [0ms]"];
	"10.0.0.4 (via 7.7.7.7)" -> "A" [label="VXLAN 105 [0ms]"];

	"B" [label=<B<BR/><FONT POINT-SIZE="9">2 active / 0 paused / 2 total</FONT>>] [style=dashed, color=green];
	"A" -> "B" [label="VXLAN 102 [0ms]"];
	"A" -> "B" [label="VXLAN 106 [0ms]"];
	"D" -> "B" [label="VXLAN 108 [0ms]"];

	"C" [label=<C<BR/><FONT POINT-SIZE="9">0 active / 0 paused / 1 total</FONT>>] [style=solid, color=green];

	"D" [label=<D<BR/><FONT POINT-SIZE="9">1 active / 0 paused / 1 total</FONT>>] [style=solid, color=green];
	"10.0.0.3 (via 5.5.5.5)" -> "D" [label="VXLAN 107 [0ms]"];
}

Event persistence shutdown exceeded 5s; remaining queued events may be lost
test db::events::tests::event_shutdown_is_bounded_during_persistent_failure ... ok
[geo] IPINFO_API_URL not set; using free db-ip.com fallback
Received proxy request for 'A'
1.1.1.1 acknowledged
5.5.5.5 acknowledged
2.2.2.2 acknowledged
1.1.1.1 acknowledged
Received proxy request for 'C'
3.3.3.3 acknowledged
5.5.5.5 acknowledged
4.4.4.4 acknowledged
3.3.3.3 acknowledged
Received proxy request for 'A'
1.1.1.1 acknowledged
7.7.7.7 acknowledged
2.2.2.2 acknowledged
1.1.1.1 acknowledged
Received proxy request for 'D'
6.6.6.6 acknowledged
5.5.5.5 acknowledged
2.2.2.2 acknowledged
6.6.6.6 acknowledged
Received proxy request for 'C'
3.3.3.3 acknowledged
7.7.7.7 acknowledged
--- start.dot ---
digraph G {
	bgcolor=grey10;
	node [color=white, fontcolor=white];
	edge [color=white, fontcolor=white, fontsize=9, labelangle=180, labeldistance=0.8];

	"A" [label=<A<BR/><FONT POINT-SIZE="9">2 active / 0 paused / 2 total</FONT>>] [style=solid, color=green];
	"10.0.0.1 (via 5.5.5.5)" -> "A" [label="VXLAN 101 [0ms]"];
	"10.0.0.4 (via 7.7.7.7)" -> "A" [label="VXLAN 105 [0ms]"];

	"B" [label=<B<BR/><FONT POINT-SIZE="9">3 active / 0 paused / 3 total</FONT>>] [style=dashed, color=green];
	"A" -> "B" [label="VXLAN 102 [0ms]"];
	"A" -> "B" [label="VXLAN 106 [0ms]"];
	"C" -> "B" [label="VXLAN 104 [0ms]"];
	"D" -> "B" [label="VXLAN 108 [0ms]"];

	"C" [label=<C<BR/><FONT POINT-SIZE="9">1 active / 0 paused / 1 total</FONT>>] [style=solid, color=green];
	"10.0.0.2 (via 5.5.5.5)" -> "C" [label="VXLAN 103 [0ms]"];
	"10.0.0.5 (via 7.7.7.7)" -> "C" [label="VXLAN 109 [0ms]"];

	"D" [label=<D<BR/><FONT POINT-SIZE="9">1 active / 0 paused / 1 total</FONT>>] [style=solid, color=green];
	"10.0.0.3 (via 5.5.5.5)" -> "D" [label="VXLAN 107 [0ms]"];
}

Sending network 102 teardown to client 1.1.1.1
Sending network 102 teardown to client 2.2.2.2
Sending network 101 teardown to client 5.5.5.5
Sending network 101 teardown to client 1.1.1.1
Sending network 108 teardown to client 6.6.6.6
Sending network 108 teardown to client 2.2.2.2
Sending network 107 teardown to client 5.5.5.5
Sending network 107 teardown to client 6.6.6.6
--- after_b_same_ip_disconnect.dot ---
digraph G {
	bgcolor=grey10;
	node [color=white, fontcolor=white];
	edge [color=white, fontcolor=white, fontsize=9, labelangle=180, labeldistance=0.8];

	"A" [label=<A<BR/><FONT POINT-SIZE="9">1 active / 0 paused / 2 total</FONT>>] [style=solid, color=green];
	"10.0.0.4 (via 7.7.7.7)" -> "A" [label="VXLAN 105 [0ms]"];

	"B" [label=<B<BR/><FONT POINT-SIZE="9">2 active / 0 paused / 2 total</FONT>>] [style=dashed, color=green];
	"A" -> "B" [label="VXLAN 106 [0ms]"];
	"C" -> "B" [label="VXLAN 104 [0ms]"];

	"C" [label=<C<BR/><FONT POINT-SIZE="9">1 active / 0 paused / 1 total</FONT>>] [style=solid, color=green];
	"10.0.0.2 (via 5.5.5.5)" -> "C" [label="VXLAN 103 [0ms]"];
	"10.0.0.5 (via 7.7.7.7)" -> "C" [label="VXLAN 109 [0ms]"];

	"D" [label=<D<BR/><FONT POINT-SIZE="9">0 active / 0 paused / 1 total</FONT>>] [style=solid, color=green];
}

test tests::multi_replica_b_different_ip_disconnect ... ok
[geo] IPINFO_API_URL not set; using free db-ip.com fallback
Received proxy request for 'A'
1.1.1.1 acknowledged
5.5.5.5 acknowledged
2.2.2.2 acknowledged
1.1.1.1 acknowledged
Received proxy request for 'C'
3.3.3.3 acknowledged
5.5.5.5 acknowledged
4.4.4.4 acknowledged
3.3.3.3 acknowledged
Received proxy request for 'A'
1.1.1.1 acknowledged
7.7.7.7 acknowledged
2.2.2.2 acknowledged
1.1.1.1 acknowledged
Received proxy request for 'D'
6.6.6.6 acknowledged
5.5.5.5 acknowledged
2.2.2.2 acknowledged
6.6.6.6 acknowledged
Received proxy request for 'C'
3.3.3.3 acknowledged
7.7.7.7 acknowledged
--- start.dot ---
digraph G {
	bgcolor=grey10;
	node [color=white, fontcolor=white];
	edge [color=white, fontcolor=white, fontsize=9, labelangle=180, labeldistance=0.8];

	"A" [label=<A<BR/><FONT POINT-SIZE="9">2 active / 0 paused / 2 total</FONT>>] [style=solid, color=green];
	"10.0.0.1 (via 5.5.5.5)" -> "A" [label="VXLAN 101 [0ms]"];
	"10.0.0.4 (via 7.7.7.7)" -> "A" [label="VXLAN 105 [0ms]"];

	"B" [label=<B<BR/><FONT POINT-SIZE="9">3 active / 0 paused / 3 total</FONT>>] [style=dashed, color=green];
	"A" -> "B" [label="VXLAN 102 [0ms]"];
	"A" -> "B" [label="VXLAN 106 [0ms]"];
	"C" -> "B" [label="VXLAN 104 [0ms]"];
	"D" -> "B" [label="VXLAN 108 [0ms]"];

	"C" [label=<C<BR/><FONT POINT-SIZE="9">1 active / 0 paused / 1 total</FONT>>] [style=solid, color=green];
	"10.0.0.2 (via 5.5.5.5)" -> "C" [label="VXLAN 103 [0ms]"];
	"10.0.0.5 (via 7.7.7.7)" -> "C" [label="VXLAN 109 [0ms]"];

	"D" [label=<D<BR/><FONT POINT-SIZE="9">1 active / 0 paused / 1 total</FONT>>] [style=solid, color=green];
	"10.0.0.3 (via 5.5.5.5)" -> "D" [label="VXLAN 107 [0ms]"];
}

test tests::multi_replica_b_same_ip_container_disconnect ... ok
[geo] IPINFO_API_URL not set; using free db-ip.com fallback
Received proxy request for 'A'
1.1.1.1 acknowledged
5.5.5.5 acknowledged
2.2.2.2 acknowledged
1.1.1.1 acknowledged
Received proxy request for 'C'
3.3.3.3 acknowledged
5.5.5.5 acknowledged
4.4.4.4 acknowledged
3.3.3.3 acknowledged
Received proxy request for 'A'
1.1.1.1 acknowledged
7.7.7.7 acknowledged
2.2.2.2 acknowledged
1.1.1.1 acknowledged
Received proxy request for 'D'
6.6.6.6 acknowledged
5.5.5.5 acknowledged
2.2.2.2 acknowledged
6.6.6.6 acknowledged
Received proxy request for 'C'
3.3.3.3 acknowledged
7.7.7.7 acknowledged
--- start.dot ---
digraph G {
	bgcolor=grey10;
	node [color=white, fontcolor=white];
	edge [color=white, fontcolor=white, fontsize=9, labelangle=180, labeldistance=0.8];

	"A" [label=<A<BR/><FONT POINT-SIZE="9">2 active / 0 paused / 2 total</FONT>>] [style=solid, color=green];
	"10.0.0.1 (via 5.5.5.5)" -> "A" [label="VXLAN 101 [0ms]"];
	"10.0.0.4 (via 7.7.7.7)" -> "A" [label="VXLAN 105 [0ms]"];

	"B" [label=<B<BR/><FONT POINT-SIZE="9">3 active / 0 paused / 3 total</FONT>>] [style=dashed, color=green];
	"A" -> "B" [label="VXLAN 102 [0ms]"];
	"A" -> "B" [label="VXLAN 106 [0ms]"];
	"C" -> "B" [label="VXLAN 104 [0ms]"];
	"D" -> "B" [label="VXLAN 108 [0ms]"];

	"C" [label=<C<BR/><FONT POINT-SIZE="9">1 active / 0 paused / 1 total</FONT>>] [style=solid, color=green];
	"10.0.0.2 (via 5.5.5.5)" -> "C" [label="VXLAN 103 [0ms]"];
	"10.0.0.5 (via 7.7.7.7)" -> "C" [label="VXLAN 109 [0ms]"];

	"D" [label=<D<BR/><FONT POINT-SIZE="9">1 active / 0 paused / 1 total</FONT>>] [style=solid, color=green];
	"10.0.0.3 (via 5.5.5.5)" -> "D" [label="VXLAN 107 [0ms]"];
}

Sending network 102 teardown to client 1.1.1.1
Sending network 102 teardown to client 2.2.2.2
Sending network 101 teardown to client 5.5.5.5
Sending network 101 teardown to client 1.1.1.1
--- after_first_step_disconnect.dot ---
digraph G {
	bgcolor=grey10;
	node [color=white, fontcolor=white];
	edge [color=white, fontcolor=white, fontsize=9, labelangle=180, labeldistance=0.8];

	"A" [label=<A<BR/><FONT POINT-SIZE="9">1 active / 0 paused / 1 total</FONT>>] [style=solid, color=green];
	"10.0.0.4 (via 7.7.7.7)" -> "A" [label="VXLAN 105 [0ms]"];

	"B" [label=<B<BR/><FONT POINT-SIZE="9">3 active / 0 paused / 3 total</FONT>>] [style=dashed, color=green];
	"A" -> "B" [label="VXLAN 106 [0ms]"];
	"C" -> "B" [label="VXLAN 104 [0ms]"];
	"D" -> "B" [label="VXLAN 108 [0ms]"];

	"C" [label=<C<BR/><FONT POINT-SIZE="9">1 active / 0 paused / 1 total</FONT>>] [style=solid, color=green];
	"10.0.0.2 (via 5.5.5.5)" -> "C" [label="VXLAN 103 [0ms]"];
	"10.0.0.5 (via 7.7.7.7)" -> "C" [label="VXLAN 109 [0ms]"];

	"D" [label=<D<BR/><FONT POINT-SIZE="9">1 active / 0 paused / 1 total</FONT>>] [style=solid, color=green];
	"10.0.0.3 (via 5.5.5.5)" -> "D" [label="VXLAN 107 [0ms]"];
}

test tests::multi_replica_comprehensive_register ... ok
[geo] IPINFO_API_URL not set; using free db-ip.com fallback
Received proxy request for 'A'
1.1.1.1 acknowledged
5.5.5.5 acknowledged
2.2.2.2 acknowledged
1.1.1.1 acknowledged
Received proxy request for 'C'
3.3.3.3 acknowledged
5.5.5.5 acknowledged
4.4.4.4 acknowledged
3.3.3.3 acknowledged
Sending network 102 teardown to client 1.1.1.1
Sending network 101 teardown to client 5.5.5.5
Sending network 101 teardown to client 1.1.1.1
--- after_partial_disconnect.dot ---
digraph G {
	bgcolor=grey10;
	node [color=white, fontcolor=white];
	edge [color=white, fontcolor=white, fontsize=9, labelangle=180, labeldistance=0.8];

	"A" [label=<A<BR/><FONT POINT-SIZE="9">0 active / 0 paused / 2 total</FONT>>] [style=solid, color=green];

	"B" [label=<B<BR/><FONT POINT-SIZE="9">1 active / 0 paused / 1 total</FONT>>] [style=dashed, color=green];
	"C" -> "B" [label="VXLAN 104 [0ms]"];

	"C" [label=<C<BR/><FONT POINT-SIZE="9">1 active / 0 paused / 1 total</FONT>>] [style=solid, color=green];
	"10.0.0.2 (via 5.5.5.5)" -> "C" [label="VXLAN 103 [0ms]"];

	"D" [label=<D<BR/><FONT POINT-SIZE="9">0 active / 0 paused / 1 total</FONT>>] [style=solid, color=green];
}

Sending network 104 teardown to client 3.3.3.3
Sending network 103 teardown to client 5.5.5.5
Sending network 103 teardown to client 3.3.3.3
--- after_full_disconnect.dot ---
digraph G {
	bgcolor=grey10;
	node [color=white, fontcolor=white];
	edge [color=white, fontcolor=white, fontsize=9, labelangle=180, labeldistance=0.8];

	"A" [label=<A<BR/><FONT POINT-SIZE="9">0 active / 0 paused / 2 total</FONT>>] [style=solid, color=green];

	"B" [label=<B>] [style=dashed, color=red];

	"C" [label=<C<BR/><FONT POINT-SIZE="9">0 active / 0 paused / 1 total</FONT>>] [style=solid, color=green];

	"D" [label=<D<BR/><FONT POINT-SIZE="9">0 active / 0 paused / 1 total</FONT>>] [style=solid, color=green];
}

test tests::multi_replica_first_step_container_disconnect ... ok
[geo] IPINFO_API_URL not set; using free db-ip.com fallback
Received proxy request for 'A'
1.1.1.1 acknowledged
5.5.5.5 acknowledged
2.2.2.2 acknowledged
1.1.1.1 acknowledged
Received proxy request for 'C'
3.3.3.3 acknowledged
5.5.5.5 acknowledged
4.4.4.4 acknowledged
3.3.3.3 acknowledged
test tests::multi_replica_full_disconnect ... ok
[geo] IPINFO_API_URL not set; using free db-ip.com fallback
Received proxy request for 'A'
1.1.1.1 acknowledged
5.5.5.5 acknowledged
2.2.2.2 acknowledged
1.1.1.1 acknowledged
Received proxy request for 'C'
3.3.3.3 acknowledged
5.5.5.5 acknowledged
4.4.4.4 acknowledged
3.3.3.3 acknowledged
Sending network 102 teardown to client 1.1.1.1
Sending network 101 teardown to client 5.5.5.5
Sending network 101 teardown to client 1.1.1.1
--- after_partial_disconnect.dot ---
digraph G {
	bgcolor=grey10;
	node [color=white, fontcolor=white];
	edge [color=white, fontcolor=white, fontsize=9, labelangle=180, labeldistance=0.8];

	"A" [label=<A<BR/><FONT POINT-SIZE="9">0 active / 0 paused / 2 total</FONT>>] [style=solid, color=green];

	"B" [label=<B<BR/><FONT POINT-SIZE="9">1 active / 0 paused / 1 total</FONT>>] [style=dashed, color=green];
	"C" -> "B" [label="VXLAN 104 [0ms]"];

	"C" [label=<C<BR/><FONT POINT-SIZE="9">1 active / 0 paused / 1 total</FONT>>] [style=solid, color=green];
	"10.0.0.2 (via 5.5.5.5)" -> "C" [label="VXLAN 103 [0ms]"];

	"D" [label=<D<BR/><FONT POINT-SIZE="9">0 active / 0 paused / 1 total</FONT>>] [style=solid, color=green];
}

Received proxy request for 'A'
test tests::multi_replica_partial_disconnect ... ok
[geo] IPINFO_API_URL not set; using free db-ip.com fallback
test tests::multi_replica_register ... ok
[geo] IPINFO_API_URL not set; using free db-ip.com fallback
test tests::multi_replica_single_container_removed ... ok
[geo] IPINFO_API_URL not set; using free db-ip.com fallback
Received proxy request for 'A'
Proxy client '10.0.0.59 (via 5.5.5.5)' timed out on service 'A'
Sending network 163 teardown to client 5.5.5.5
Sending network 163 teardown to client 1.1.1.1
Proxy client '10.0.0.98 (via 5.5.5.5)' timed out on service 'A'
Sending network 202 teardown to client 5.5.5.5
Sending network 202 teardown to client 1.1.1.1
Proxy client '10.0.0.103 (via 5.5.5.5)' timed out on service 'A'
Sending network 207 teardown to client 5.5.5.5
Sending network 207 teardown to client 1.1.1.1
Proxy client '10.0.0.37 (via 5.5.5.5)' timed out on service 'A'
Sending network 141 teardown to client 5.5.5.5
Sending network 141 teardown to client 1.1.1.1
Proxy client '10.0.0.80 (via 5.5.5.5)' timed out on service 'A'
Sending network 184 teardown to client 5.5.5.5
Sending network 184 teardown to client 1.1.1.1
Proxy client '10.0.0.9 (via 5.5.5.5)' timed out on service 'A'
Sending network 113 teardown to client 5.5.5.5
Sending network 113 teardown to client 1.1.1.1
Proxy client '10.0.0.121 (via 5.5.5.5)' timed out on service 'A'
Sending network 225 teardown to client 5.5.5.5
Sending network 225 teardown to client 1.1.1.1
Proxy client '10.0.0.125 (via 5.5.5.5)' timed out on service 'A'
Sending network 229 teardown to client 5.5.5.5
Sending network 229 teardown to client 1.1.1.1
Proxy client '10.0.0.46 (via 5.5.5.5)' timed out on service 'A'
Sending network 150 teardown to client 5.5.5.5
Sending network 150 teardown to client 1.1.1.1
Proxy client '10.0.0.66 (via 5.5.5.5)' timed out on service 'A'
Sending network 170 teardown to client 5.5.5.5
Sending network 170 teardown to client 1.1.1.1
Proxy client '10.0.0.112 (via 5.5.5.5)' timed out on service 'A'
Sending network 216 teardown to client 5.5.5.5
Sending network 216 teardown to client 1.1.1.1
Proxy client '10.0.0.39 (via 5.5.5.5)' timed out on service 'A'
Sending network 143 teardown to client 5.5.5.5
Sending network 143 teardown to client 1.1.1.1
Proxy client '10.0.0.92 (via 5.5.5.5)' timed out on service 'A'
Sending network 196 teardown to client 5.5.5.5
Sending network 196 teardown to client 1.1.1.1
Proxy client '10.0.0.21 (via 5.5.5.5)' timed out on service 'A'
Sending network 125 teardown to client 5.5.5.5
Sending network 125 teardown to client 1.1.1.1
Proxy client '10.0.0.14 (via 5.5.5.5)' timed out on service 'A'
Sending network 118 teardown to client 5.5.5.5
Sending network 118 teardown to client 1.1.1.1
Proxy client '10.0.0.62 (via 5.5.5.5)' timed out on service 'A'
Sending network 166 teardown to client 5.5.5.5
Sending network 166 teardown to client 1.1.1.1
Proxy client '10.0.0.101 (via 5.5.5.5)' timed out on service 'A'
Sending network 205 teardown to client 5.5.5.5
Sending network 205 teardown to client 1.1.1.1
Proxy client '10.0.0.117 (via 5.5.5.5)' timed out on service 'A'
Sending network 221 teardown to client 5.5.5.5
Sending network 221 teardown to client 1.1.1.1
Proxy client '10.0.0.129 (via 5.5.5.5)' timed out on service 'A'
Sending network 233 teardown to client 5.5.5.5
Sending network 233 teardown to client 1.1.1.1
Proxy client '10.0.0.16 (via 5.5.5.5)' timed out on service 'A'
Sending network 120 teardown to client 5.5.5.5
Sending network 120 teardown to client 1.1.1.1
Proxy client '10.0.0.99 (via 5.5.5.5)' timed out on service 'A'
Sending network 203 teardown to client 5.5.5.5
Sending network 203 teardown to client 1.1.1.1
Proxy client '10.0.0.64 (via 5.5.5.5)' timed out on service 'A'
Sending network 168 teardown to client 5.5.5.5
Sending network 168 teardown to client 1.1.1.1
Proxy client '10.0.0.67 (via 5.5.5.5)' timed out on service 'A'
Sending network 171 teardown to client 5.5.5.5
Sending network 171 teardown to client 1.1.1.1
Proxy client '10.0.0.91 (via 5.5.5.5)' timed out on service 'A'
Sending network 195 teardown to client 5.5.5.5
Sending network 195 teardown to client 1.1.1.1
Proxy client '10.0.0.56 (via 5.5.5.5)' timed out on service 'A'
Sending network 160 teardown to client 5.5.5.5
Sending network 160 teardown to client 1.1.1.1
Proxy client '10.0.0.84 (via 5.5.5.5)' timed out on service 'A'
Sending network 188 teardown to client 5.5.5.5
Sending network 188 teardown to client 1.1.1.1
Proxy client '10.0.0.44 (via 5.5.5.5)' timed out on service 'A'
Sending network 148 teardown to client 5.5.5.5
Sending network 148 teardown to client 1.1.1.1
Proxy client '10.0.0.50 (via 5.5.5.5)' timed out on service 'A'
Sending network 154 teardown to client 5.5.5.5
Sending network 154 teardown to client 1.1.1.1
Proxy client '10.0.0.71 (via 5.5.5.5)' timed out on service 'A'
Sending network 175 teardown to client 5.5.5.5
Sending network 175 teardown to client 1.1.1.1
Proxy client '10.0.0.90 (via 5.5.5.5)' timed out on service 'A'
Sending network 194 teardown to client 5.5.5.5
Sending network 194 teardown to client 1.1.1.1
Proxy client '10.0.0.53 (via 5.5.5.5)' timed out on service 'A'
Sending network 157 teardown to client 5.5.5.5
Sending network 157 teardown to client 1.1.1.1
Proxy client '10.0.0.68 (via 5.5.5.5)' timed out on service 'A'
Sending network 172 teardown to client 5.5.5.5
Sending network 172 teardown to client 1.1.1.1
Proxy client '10.0.0.88 (via 5.5.5.5)' timed out on service 'A'
Sending network 192 teardown to client 5.5.5.5
Sending network 192 teardown to client 1.1.1.1
Proxy client '10.0.0.124 (via 5.5.5.5)' timed out on service 'A'
Sending network 228 teardown to client 5.5.5.5
Sending network 228 teardown to client 1.1.1.1
Proxy client '10.0.0.82 (via 5.5.5.5)' timed out on service 'A'
Sending network 186 teardown to client 5.5.5.5
Sending network 186 teardown to client 1.1.1.1
Proxy client '10.0.0.96 (via 5.5.5.5)' timed out on service 'A'
Sending network 200 teardown to client 5.5.5.5
Sending network 200 teardown to client 1.1.1.1
Proxy client '10.0.0.27 (via 5.5.5.5)' timed out on service 'A'
Sending network 131 teardown to client 5.5.5.5
Sending network 131 teardown to client 1.1.1.1
Proxy client '10.0.0.33 (via 5.5.5.5)' timed out on service 'A'
Sending network 137 teardown to client 5.5.5.5
Sending network 137 teardown to client 1.1.1.1
Proxy client '10.0.0.77 (via 5.5.5.5)' timed out on service 'A'
Sending network 181 teardown to client 5.5.5.5
Sending network 181 teardown to client 1.1.1.1
Proxy client '10.0.0.87 (via 5.5.5.5)' timed out on service 'A'
Sending network 191 teardown to client 5.5.5.5
Sending network 191 teardown to client 1.1.1.1
Proxy client '10.0.0.35 (via 5.5.5.5)' timed out on service 'A'
Sending network 139 teardown to client 5.5.5.5
Sending network 139 teardown to client 1.1.1.1
Proxy client '10.0.0.120 (via 5.5.5.5)' timed out on service 'A'
Sending network 224 teardown to client 5.5.5.5
Sending network 224 teardown to client 1.1.1.1
Proxy client '10.0.0.20 (via 5.5.5.5)' timed out on service 'A'
Sending network 124 teardown to client 5.5.5.5
Sending network 124 teardown to client 1.1.1.1
Proxy client '10.0.0.48 (via 5.5.5.5)' timed out on service 'A'
Sending network 152 teardown to client 5.5.5.5
Sending network 152 teardown to client 1.1.1.1
Proxy client '10.0.0.85 (via 5.5.5.5)' timed out on service 'A'
Sending network 189 teardown to client 5.5.5.5
Sending network 189 teardown to client 1.1.1.1
Proxy client '10.0.0.100 (via 5.5.5.5)' timed out on service 'A'
Sending network 204 teardown to client 5.5.5.5
Sending network 204 teardown to client 1.1.1.1
Proxy client '10.0.0.49 (via 5.5.5.5)' timed out on service 'A'
Sending network 153 teardown to client 5.5.5.5
Sending network 153 teardown to client 1.1.1.1
Proxy client '10.0.0.102 (via 5.5.5.5)' timed out on service 'A'
Sending network 206 teardown to client 5.5.5.5
Sending network 206 teardown to client 1.1.1.1
Proxy client '10.0.0.25 (via 5.5.5.5)' timed out on service 'A'
Sending network 129 teardown to client 5.5.5.5
Sending network 129 teardown to client 1.1.1.1
Proxy client '10.0.0.118 (via 5.5.5.5)' timed out on service 'A'
Sending network 222 teardown to client 5.5.5.5
Sending network 222 teardown to client 1.1.1.1
Proxy client '10.0.0.128 (via 5.5.5.5)' timed out on service 'A'
Sending network 232 teardown to client 5.5.5.5
Sending network 232 teardown to client 1.1.1.1
Proxy client '10.0.0.130 (via 5.5.5.5)' timed out on service 'A'
Sending network 234 teardown to client 5.5.5.5
Sending network 234 teardown to client 1.1.1.1
Proxy client '10.0.0.29 (via 5.5.5.5)' timed out on service 'A'
Sending network 133 teardown to client 5.5.5.5
Sending network 133 teardown to client 1.1.1.1
Proxy client '10.0.0.22 (via 5.5.5.5)' timed out on service 'A'
Sending network 126 teardown to client 5.5.5.5
Sending network 126 teardown to client 1.1.1.1
Proxy client '10.0.0.40 (via 5.5.5.5)' timed out on service 'A'
Sending network 144 teardown to client 5.5.5.5
Sending network 144 teardown to client 1.1.1.1
Proxy client '10.0.0.58 (via 5.5.5.5)' timed out on service 'A'
Sending network 162 teardown to client 5.5.5.5
Sending network 162 teardown to client 1.1.1.1
Proxy client '10.0.0.1 (via 5.5.5.5)' timed out on service 'A'
Sending network 101 teardown to client 5.5.5.5
Sending network 101 teardown to client 1.1.1.1
Proxy client '10.0.0.28 (via 5.5.5.5)' timed out on service 'A'
Sending network 132 teardown to client 5.5.5.5
Sending network 132 teardown to client 1.1.1.1
Proxy client '10.0.0.24 (via 5.5.5.5)' timed out on service 'A'
Sending network 128 teardown to client 5.5.5.5
Sending network 128 teardown to client 1.1.1.1
Proxy client '10.0.0.32 (via 5.5.5.5)' timed out on service 'A'
Sending network 136 teardown to client 5.5.5.5
Sending network 136 teardown to client 1.1.1.1
Proxy client '10.0.0.110 (via 5.5.5.5)' timed out on service 'A'
Sending network 214 teardown to client 5.5.5.5
Sending network 214 teardown to client 1.1.1.1
Proxy client '10.0.0.79 (via 5.5.5.5)' timed out on service 'A'
Sending network 183 teardown to client 5.5.5.5
Sending network 183 teardown to client 1.1.1.1
Proxy client '10.0.0.17 (via 5.5.5.5)' timed out on service 'A'
Sending network 121 teardown to client 5.5.5.5
Sending network 121 teardown to client 1.1.1.1
Proxy client '10.0.0.34 (via 5.5.5.5)' timed out on service 'A'
Sending network 138 teardown to client 5.5.5.5
Sending network 138 teardown to client 1.1.1.1
Proxy client '10.0.0.89 (via 5.5.5.5)' timed out on service 'A'
Sending network 193 teardown to client 5.5.5.5
Sending network 193 teardown to client 1.1.1.1
Proxy client '10.0.0.95 (via 5.5.5.5)' timed out on service 'A'
Sending network 199 teardown to client 5.5.5.5
Sending network 199 teardown to client 1.1.1.1
Proxy client '10.0.0.7 (via 5.5.5.5)' timed out on service 'A'
Sending network 111 teardown to client 5.5.5.5
Sending network 111 teardown to client 1.1.1.1
Proxy client '10.0.0.119 (via 5.5.5.5)' timed out on service 'A'
Sending network 223 teardown to client 5.5.5.5
Sending network 223 teardown to client 1.1.1.1
Proxy client '10.0.0.126 (via 5.5.5.5)' timed out on service 'A'
Sending network 230 teardown to client 5.5.5.5
Sending network 230 teardown to client 1.1.1.1
Proxy client '10.0.0.51 (via 5.5.5.5)' timed out on service 'A'
Sending network 155 teardown to client 5.5.5.5
Sending network 155 teardown to client 1.1.1.1
Proxy client '10.0.0.54 (via 5.5.5.5)' timed out on service 'A'
Sending network 158 teardown to client 5.5.5.5
Sending network 158 teardown to client 1.1.1.1
Proxy client '10.0.0.70 (via 5.5.5.5)' timed out on service 'A'
Sending network 174 teardown to client 5.5.5.5
Sending network 174 teardown to client 1.1.1.1
Proxy client '10.0.0.36 (via 5.5.5.5)' timed out on service 'A'
Sending network 140 teardown to client 5.5.5.5
Sending network 140 teardown to client 1.1.1.1
Proxy client '10.0.0.109 (via 5.5.5.5)' timed out on service 'A'
Sending network 213 teardown to client 5.5.5.5
Sending network 213 teardown to client 1.1.1.1
Proxy client '10.0.0.72 (via 5.5.5.5)' timed out on service 'A'
Sending network 176 teardown to client 5.5.5.5
Sending network 176 teardown to client 1.1.1.1
Proxy client '10.0.0.3 (via 5.5.5.5)' timed out on service 'A'
Sending network 107 teardown to client 5.5.5.5
Sending network 107 teardown to client 1.1.1.1
Proxy client '10.0.0.4 (via 5.5.5.5)' timed out on service 'A'
Sending network 108 teardown to client 5.5.5.5
Sending network 108 teardown to client 1.1.1.1
Proxy client '10.0.0.31 (via 5.5.5.5)' timed out on service 'A'
Sending network 135 teardown to client 5.5.5.5
Sending network 135 teardown to client 1.1.1.1
Proxy client '10.0.0.52 (via 5.5.5.5)' timed out on service 'A'
Sending network 156 teardown to client 5.5.5.5
Sending network 156 teardown to client 1.1.1.1
Proxy client '10.0.0.12 (via 5.5.5.5)' timed out on service 'A'
Sending network 116 teardown to client 5.5.5.5
Sending network 116 teardown to client 1.1.1.1
Proxy client '10.0.0.114 (via 5.5.5.5)' timed out on service 'A'
Sending network 218 teardown to client 5.5.5.5
Sending network 218 teardown to client 1.1.1.1
Proxy client '10.0.0.113 (via 5.5.5.5)' timed out on service 'A'
Sending network 217 teardown to client 5.5.5.5
Sending network 217 teardown to client 1.1.1.1
Proxy client '10.0.0.10 (via 5.5.5.5)' timed out on service 'A'
Sending network 114 teardown to client 5.5.5.5
Sending network 114 teardown to client 1.1.1.1
Proxy client '10.0.0.11 (via 5.5.5.5)' timed out on service 'A'
Sending network 115 teardown to client 5.5.5.5
Sending network 115 teardown to client 1.1.1.1
Proxy client '10.0.0.61 (via 5.5.5.5)' timed out on service 'A'
Sending network 165 teardown to client 5.5.5.5
Sending network 165 teardown to client 1.1.1.1
Proxy client '10.0.0.116 (via 5.5.5.5)' timed out on service 'A'
Sending network 220 teardown to client 5.5.5.5
Sending network 220 teardown to client 1.1.1.1
Proxy client '10.0.0.19 (via 5.5.5.5)' timed out on service 'A'
Sending network 123 teardown to client 5.5.5.5
Sending network 123 teardown to client 1.1.1.1
Proxy client '10.0.0.13 (via 5.5.5.5)' timed out on service 'A'
Sending network 117 teardown to client 5.5.5.5
Sending network 117 teardown to client 1.1.1.1
Proxy client '10.0.0.83 (via 5.5.5.5)' timed out on service 'A'
Sending network 187 teardown to client 5.5.5.5
Sending network 187 teardown to client 1.1.1.1
Proxy client '10.0.0.42 (via 5.5.5.5)' timed out on service 'A'
Sending network 146 teardown to client 5.5.5.5
Sending network 146 teardown to client 1.1.1.1
Proxy client '10.0.0.43 (via 5.5.5.5)' timed out on service 'A'
Sending network 147 teardown to client 5.5.5.5
Sending network 147 teardown to client 1.1.1.1
Proxy client '10.0.0.57 (via 5.5.5.5)' timed out on service 'A'
Sending network 161 teardown to client 5.5.5.5
Sending network 161 teardown to client 1.1.1.1
Proxy client '10.0.0.73 (via 5.5.5.5)' timed out on service 'A'
Sending network 177 teardown to client 5.5.5.5
Sending network 177 teardown to client 1.1.1.1
Proxy client '10.0.0.81 (via 5.5.5.5)' timed out on service 'A'
Sending network 185 teardown to client 5.5.5.5
Sending network 185 teardown to client 1.1.1.1
Proxy client '10.0.0.45 (via 5.5.5.5)' timed out on service 'A'
Sending network 149 teardown to client 5.5.5.5
Sending network 149 teardown to client 1.1.1.1
Proxy client '10.0.0.106 (via 5.5.5.5)' timed out on service 'A'
Sending network 210 teardown to client 5.5.5.5
Sending network 210 teardown to client 1.1.1.1
Proxy client '10.0.0.47 (via 5.5.5.5)' timed out on service 'A'
Sending network 151 teardown to client 5.5.5.5
Sending network 151 teardown to client 1.1.1.1
Proxy client '10.0.0.97 (via 5.5.5.5)' timed out on service 'A'
Sending network 201 teardown to client 5.5.5.5
Sending network 201 teardown to client 1.1.1.1
Proxy client '10.0.0.115 (via 5.5.5.5)' timed out on service 'A'
Sending network 219 teardown to client 5.5.5.5
Sending network 219 teardown to client 1.1.1.1
Proxy client '10.0.0.69 (via 5.5.5.5)' timed out on service 'A'
Sending network 173 teardown to client 5.5.5.5
Sending network 173 teardown to client 1.1.1.1
Proxy client '10.0.0.127 (via 5.5.5.5)' timed out on service 'A'
Sending network 231 teardown to client 5.5.5.5
Sending network 231 teardown to client 1.1.1.1
Proxy client '10.0.0.78 (via 5.5.5.5)' timed out on service 'A'
Sending network 182 teardown to client 5.5.5.5
Sending network 182 teardown to client 1.1.1.1
Proxy client '10.0.0.94 (via 5.5.5.5)' timed out on service 'A'
Sending network 198 teardown to client 5.5.5.5
Sending network 198 teardown to client 1.1.1.1
Proxy client '10.0.0.26 (via 5.5.5.5)' timed out on service 'A'
Sending network 130 teardown to client 5.5.5.5
Sending network 130 teardown to client 1.1.1.1
Proxy client '10.0.0.111 (via 5.5.5.5)' timed out on service 'A'
Sending network 215 teardown to client 5.5.5.5
Sending network 215 teardown to client 1.1.1.1
Proxy client '10.0.0.105 (via 5.5.5.5)' timed out on service 'A'
Sending network 209 teardown to client 5.5.5.5
Sending network 209 teardown to client 1.1.1.1
Proxy client '10.0.0.41 (via 5.5.5.5)' timed out on service 'A'
Sending network 145 teardown to client 5.5.5.5
Sending network 145 teardown to client 1.1.1.1
Proxy client '10.0.0.23 (via 5.5.5.5)' timed out on service 'A'
Sending network 127 teardown to client 5.5.5.5
Sending network 127 teardown to client 1.1.1.1
Proxy client '10.0.0.30 (via 5.5.5.5)' timed out on service 'A'
Sending network 134 teardown to client 5.5.5.5
Sending network 134 teardown to client 1.1.1.1
Proxy client '10.0.0.6 (via 5.5.5.5)' timed out on service 'A'
Sending network 110 teardown to client 5.5.5.5
Sending network 110 teardown to client 1.1.1.1
Proxy client '10.0.0.18 (via 5.5.5.5)' timed out on service 'A'
Sending network 122 teardown to client 5.5.5.5
Sending network 122 teardown to client 1.1.1.1
Proxy client '10.0.0.65 (via 5.5.5.5)' timed out on service 'A'
Sending network 169 teardown to client 5.5.5.5
Sending network 169 teardown to client 1.1.1.1
Proxy client '10.0.0.55 (via 5.5.5.5)' timed out on service 'A'
Sending network 159 teardown to client 5.5.5.5
Sending network 159 teardown to client 1.1.1.1
Proxy client '10.0.0.15 (via 5.5.5.5)' timed out on service 'A'
Sending network 119 teardown to client 5.5.5.5
Sending network 119 teardown to client 1.1.1.1
Proxy client '10.0.0.2 (via 6.6.6.6)' timed out on service 'A'
Sending network 106 teardown to client 6.6.6.6
Sending network 106 teardown to client 1.1.1.1
Proxy client '10.0.0.108 (via 5.5.5.5)' timed out on service 'A'
Sending network 212 teardown to client 5.5.5.5
Sending network 212 teardown to client 1.1.1.1
Proxy client '10.0.0.60 (via 5.5.5.5)' timed out on service 'A'
Sending network 164 teardown to client 5.5.5.5
Sending network 164 teardown to client 1.1.1.1
Proxy client '10.0.0.86 (via 5.5.5.5)' timed out on service 'A'
Sending network 190 teardown to client 5.5.5.5
Sending network 190 teardown to client 1.1.1.1
Proxy client '10.0.0.8 (via 5.5.5.5)' timed out on service 'A'
Sending network 112 teardown to client 5.5.5.5
Sending network 112 teardown to client 1.1.1.1
Proxy client '10.0.0.104 (via 5.5.5.5)' timed out on service 'A'
Sending network 208 teardown to client 5.5.5.5
Sending network 208 teardown to client 1.1.1.1
Proxy client '10.0.0.76 (via 5.5.5.5)' timed out on service 'A'
Sending network 180 teardown to client 5.5.5.5
Sending network 180 teardown to client 1.1.1.1
Proxy client '10.0.0.75 (via 5.5.5.5)' timed out on service 'A'
Sending network 179 teardown to client 5.5.5.5
Sending network 179 teardown to client 1.1.1.1
Proxy client '10.0.0.93 (via 5.5.5.5)' timed out on service 'A'
Sending network 197 teardown to client 5.5.5.5
Sending network 197 teardown to client 1.1.1.1
Proxy client '10.0.0.63 (via 5.5.5.5)' timed out on service 'A'
Sending network 167 teardown to client 5.5.5.5
Sending network 167 teardown to client 1.1.1.1
Proxy client '10.0.0.74 (via 5.5.5.5)' timed out on service 'A'
Sending network 178 teardown to client 5.5.5.5
Sending network 178 teardown to client 1.1.1.1
Proxy client '10.0.0.5 (via 5.5.5.5)' timed out on service 'A'
Sending network 109 teardown to client 5.5.5.5
Sending network 109 teardown to client 1.1.1.1
Proxy client '10.0.0.122 (via 5.5.5.5)' timed out on service 'A'
Sending network 226 teardown to client 5.5.5.5
Sending network 226 teardown to client 1.1.1.1
Proxy client '10.0.0.107 (via 5.5.5.5)' timed out on service 'A'
Sending network 211 teardown to client 5.5.5.5
Sending network 211 teardown to client 1.1.1.1
Proxy client '10.0.0.38 (via 5.5.5.5)' timed out on service 'A'
Sending network 142 teardown to client 5.5.5.5
Sending network 142 teardown to client 1.1.1.1
Proxy client '10.0.0.123 (via 5.5.5.5)' timed out on service 'A'
Sending network 102 teardown to client 1.1.1.1
Sending network 102 teardown to client 3.3.3.3
Sending network 103 teardown to client 3.3.3.3
Sending network 103 teardown to client 4.4.4.4
Sending network 227 teardown to client 5.5.5.5
Sending network 227 teardown to client 1.1.1.1
1.1.1.1 acknowledged
5.5.5.5 acknowledged
2.2.2.2 acknowledged
1.1.1.1 acknowledged
test tests::mass_expiry_allows_reads_between_client_teardowns ... ok
[geo] IPINFO_API_URL not set; using free db-ip.com fallback
test tests::multi_replica_via_services_list ... ok
[geo] IPINFO_API_URL not set; using free db-ip.com fallback
Received proxy request for 'A'
1.1.1.1 acknowledged
5.5.5.5 acknowledged
2.2.2.2 acknowledged
1.1.1.1 acknowledged
3.3.3.3 acknowledged
2.2.2.2 acknowledged
Received proxy request for 'B'
1.1.1.1 acknowledged
5.5.5.5 acknowledged
3.3.3.3 acknowledged
1.1.1.1 acknowledged
Received proxy request for 'A'
1.1.1.1 acknowledged
6.6.6.6 acknowledged
--- start.dot ---
digraph G {
	bgcolor=grey10;
	node [color=white, fontcolor=white];
	edge [color=white, fontcolor=white, fontsize=9, labelangle=180, labeldistance=0.8];

	"A" [label=<A<BR/><FONT POINT-SIZE="9">1 active / 0 paused / 1 total</FONT>>] [style=solid, color=green];
	"10.0.0.1 (via 5.5.5.5)" -> "A" [label="VXLAN 101 [0ms]"];
	"10.0.0.2 (via 6.6.6.6)" -> "A" [label="VXLAN 106 [0ms]"];

	"B" [label=<B<BR/><FONT POINT-SIZE="9">1 active / 0 paused / 1 total</FONT>>] [style=solid, color=green];
	"10.0.0.1 (via 5.5.5.5)" -> "B" [label="VXLAN 104 [0ms]"];

	"C" [label=<C<BR/><FONT POINT-SIZE="9">1 active / 0 paused / 1 total</FONT>>] [style=dashed, color=green];
	"A" -> "C" [label="VXLAN 102 [0ms]"];

	"D" [label=<D<BR/><FONT POINT-SIZE="9">1 active / 0 paused / 1 total</FONT>>] [style=dashed, color=green];
	"B" -> "D" [label="VXLAN 105 [0ms]"];
	"C" -> "D" [label="VXLAN 103 [0ms]"];
}

Sending network 102 teardown to client 2.2.2.2
Sending network 103 teardown to client 2.2.2.2
Sending network 103 teardown to client 3.3.3.3
Sending network 106 teardown to client 6.6.6.6
Sending network 101 teardown to client 5.5.5.5
Sending network 105 teardown to client 3.3.3.3
Sending network 104 teardown to client 5.5.5.5
--- after_disconnect_A_B.dot ---
digraph G {
	bgcolor=grey10;
	node [color=white, fontcolor=white];
	edge [color=white, fontcolor=white, fontsize=9, labelangle=180, labeldistance=0.8];

	"A" [label=<A>] [style=solid, color=red];

	"B" [label=<B>] [style=solid, color=red];

	"C" [label=<C<BR/><FONT POINT-SIZE="9">0 active / 0 paused / 1 total</FONT>>] [style=dashed, color=green];

	"D" [label=<D<BR/><FONT POINT-SIZE="9">0 active / 0 paused / 1 total</FONT>>] [style=dashed, color=green];
}

Proxy client '10.0.0.1 (via 5.5.5.5)' timed out on service 'A'
test tests::multi_replica_sticky_session ... ok
[geo] IPINFO_API_URL not set; using free db-ip.com fallback
Received proxy request for 'A'
test tests::node_disconnected_A_B ... ok
[geo] IPINFO_API_URL not set; using free db-ip.com fallback
1.1.1.1 acknowledged
5.5.5.5 acknowledged
2.2.2.2 acknowledged
1.1.1.1 acknowledged
3.3.3.3 acknowledged
2.2.2.2 acknowledged
Received proxy request for 'B'
1.1.1.1 acknowledged
5.5.5.5 acknowledged
3.3.3.3 acknowledged
1.1.1.1 acknowledged
Received proxy request for 'A'
1.1.1.1 acknowledged
6.6.6.6 acknowledged
--- start.dot ---
digraph G {
	bgcolor=grey10;
	node [color=white, fontcolor=white];
	edge [color=white, fontcolor=white, fontsize=9, labelangle=180, labeldistance=0.8];

	"A" [label=<A<BR/><FONT POINT-SIZE="9">1 active / 0 paused / 1 total</FONT>>] [style=solid, color=green];
	"10.0.0.1 (via 5.5.5.5)" -> "A" [label="VXLAN 101 [0ms]"];
	"10.0.0.2 (via 6.6.6.6)" -> "A" [label="VXLAN 106 [0ms]"];

	"B" [label=<B<BR/><FONT POINT-SIZE="9">1 active / 0 paused / 1 total</FONT>>] [style=solid, color=green];
	"10.0.0.1 (via 5.5.5.5)" -> "B" [label="VXLAN 104 [0ms]"];

	"C" [label=<C<BR/><FONT POINT-SIZE="9">1 active / 0 paused / 1 total</FONT>>] [style=dashed, color=green];
	"A" -> "C" [label="VXLAN 102 [0ms]"];

	"D" [label=<D<BR/><FONT POINT-SIZE="9">1 active / 0 paused / 1 total</FONT>>] [style=dashed, color=green];
	"B" -> "D" [label="VXLAN 105 [0ms]"];
	"C" -> "D" [label="VXLAN 103 [0ms]"];
}

Sending network 102 teardown to client 1.1.1.1
Sending network 103 teardown to client 3.3.3.3
Sending network 101 teardown to client 5.5.5.5
Sending network 101 teardown to client 1.1.1.1
Sending network 106 teardown to client 6.6.6.6
Sending network 106 teardown to client 1.1.1.1
--- after_disconnect_C.dot ---
digraph G {
	bgcolor=grey10;
	node [color=white, fontcolor=white];
	edge [color=white, fontcolor=white, fontsize=9, labelangle=180, labeldistance=0.8];

	"A" [label=<A<BR/><FONT POINT-SIZE="9">0 active / 0 paused / 1 total</FONT>>] [style=solid, color=green];

	"B" [label=<B<BR/><FONT POINT-SIZE="9">1 active / 0 paused / 1 total</FONT>>] [style=solid, color=green];
	"10.0.0.1 (via 5.5.5.5)" -> "B" [label="VXLAN 104 [0ms]"];

	"C" [label=<C>] [style=dashed, color=red];

	"D" [label=<D<BR/><FONT POINT-SIZE="9">1 active / 0 paused / 1 total</FONT>>] [style=dashed, color=green];
	"B" -> "D" [label="VXLAN 105 [0ms]"];
}

Received proxy request for 'A'
1.1.1.1 acknowledged
5.5.5.5 acknowledged
2.2.2.2 acknowledged
1.1.1.1 acknowledged
3.3.3.3 acknowledged
2.2.2.2 acknowledged
Received proxy request for 'B'
1.1.1.1 acknowledged
5.5.5.5 acknowledged
3.3.3.3 acknowledged
1.1.1.1 acknowledged
Received proxy request for 'A'
1.1.1.1 acknowledged
6.6.6.6 acknowledged
--- start.dot ---
digraph G {
	bgcolor=grey10;
	node [color=white, fontcolor=white];
	edge [color=white, fontcolor=white, fontsize=9, labelangle=180, labeldistance=0.8];

	"A" [label=<A<BR/><FONT POINT-SIZE="9">1 active / 0 paused / 1 total</FONT>>] [style=solid, color=green];
	"10.0.0.1 (via 5.5.5.5)" -> "A" [label="VXLAN 101 [0ms]"];
	"10.0.0.2 (via 6.6.6.6)" -> "A" [label="VXLAN 106 [0ms]"];

	"B" [label=<B<BR/><FONT POINT-SIZE="9">1 active / 0 paused / 1 total</FONT>>] [style=solid, color=green];
	"10.0.0.1 (via 5.5.5.5)" -> "B" [label="VXLAN 104 [0ms]"];

	"C" [label=<C<BR/><FONT POINT-SIZE="9">1 active / 0 paused / 1 total</FONT>>] [style=dashed, color=green];
	"A" -> "C" [label="VXLAN 102 [0ms]"];

	"D" [label=<D<BR/><FONT POINT-SIZE="9">1 active / 0 paused / 1 total</FONT>>] [style=dashed, color=green];
	"B" -> "D" [label="VXLAN 105 [0ms]"];
	"C" -> "D" [label="VXLAN 103 [0ms]"];
}

Sending network 102 teardown to client 1.1.1.1
Sending network 102 teardown to client 2.2.2.2
Sending network 103 teardown to client 2.2.2.2
Sending network 106 teardown to client 6.6.6.6
Sending network 106 teardown to client 1.1.1.1
Sending network 101 teardown to client 5.5.5.5
Sending network 101 teardown to client 1.1.1.1
Sending network 105 teardown to client 1.1.1.1
Sending network 104 teardown to client 5.5.5.5
Sending network 104 teardown to client 1.1.1.1
--- after_disconnect_D.dot ---
digraph G {
	bgcolor=grey10;
	node [color=white, fontcolor=white];
	edge [color=white, fontcolor=white, fontsize=9, labelangle=180, labeldistance=0.8];

	"A" [label=<A<BR/><FONT POINT-SIZE="9">0 active / 0 paused / 1 total</FONT>>] [style=solid, color=green];

	"B" [label=<B<BR/><FONT POINT-SIZE="9">0 active / 0 paused / 1 total</FONT>>] [style=solid, color=green];

	"C" [label=<C<BR/><FONT POINT-SIZE="9">0 active / 0 paused / 1 total</FONT>>] [style=dashed, color=green];

	"D" [label=<D>] [style=dashed, color=red];
}

test tests::node_disconnected_C ... ok
[geo] IPINFO_API_URL not set; using free db-ip.com fallback
test tests::node_disconnected_D ... ok
test tests::node_hosting_no_trigger_service_gets_nothing ... ok
[geo] IPINFO_API_URL not set; using free db-ip.com fallback
Received proxy request for 'A'
Received proxy request for 'A'
1.1.1.1 acknowledged
5.5.5.5 acknowledged
2.2.2.2 acknowledged
1.1.1.1 acknowledged
3.3.3.3 acknowledged
2.2.2.2 acknowledged
Received proxy request for 'B'
1.1.1.1 acknowledged
5.5.5.5 acknowledged
3.3.3.3 acknowledged
1.1.1.1 acknowledged
Received proxy request for 'A'
1.1.1.1 acknowledged
6.6.6.6 acknowledged
--- start.dot ---
digraph G {
	bgcolor=grey10;
	node [color=white, fontcolor=white];
	edge [color=white, fontcolor=white, fontsize=9, labelangle=180, labeldistance=0.8];

	"A" [label=<A<BR/><FONT POINT-SIZE="9">1 active / 0 paused / 1 total</FONT>>] [style=solid, color=green];
	"10.0.0.1 (via 5.5.5.5)" -> "A" [label="VXLAN 101 [0ms]"];
	"10.0.0.2 (via 6.6.6.6)" -> "A" [label="VXLAN 106 [0ms]"];

	"B" [label=<B<BR/><FONT POINT-SIZE="9">1 active / 0 paused / 1 total</FONT>>] [style=solid, color=green];
	"10.0.0.1 (via 5.5.5.5)" -> "B" [label="VXLAN 104 [0ms]"];

	"C" [label=<C<BR/><FONT POINT-SIZE="9">1 active / 0 paused / 1 total</FONT>>] [style=dashed, color=green];
	"A" -> "C" [label="VXLAN 102 [0ms]"];

	"D" [label=<D<BR/><FONT POINT-SIZE="9">1 active / 0 paused / 1 total</FONT>>] [style=dashed, color=green];
	"B" -> "D" [label="VXLAN 105 [0ms]"];
	"C" -> "D" [label="VXLAN 103 [0ms]"];
}

Sending network 101 teardown to client 1.1.1.1
Sending network 105 teardown to client 1.1.1.1
Sending network 105 teardown to client 3.3.3.3
Sending network 104 teardown to client 1.1.1.1
--- after_disconnect_proxy1.dot ---
digraph G {
	bgcolor=grey10;
	node [color=white, fontcolor=white];
	edge [color=white, fontcolor=white, fontsize=9, labelangle=180, labeldistance=0.8];

	"A" [label=<A<BR/><FONT POINT-SIZE="9">1 active / 0 paused / 1 total</FONT>>] [style=solid, color=green];
	"10.0.0.2 (via 6.6.6.6)" -> "A" [label="VXLAN 106 [0ms]"];

	"B" [label=<B<BR/><FONT POINT-SIZE="9">0 active / 0 paused / 1 total</FONT>>] [style=solid, color=green];

	"C" [label=<C<BR/><FONT POINT-SIZE="9">1 active / 0 paused / 1 total</FONT>>] [style=dashed, color=green];
	"A" -> "C" [label="VXLAN 102 [0ms]"];

	"D" [label=<D<BR/><FONT POINT-SIZE="9">1 active / 0 paused / 1 total</FONT>>] [style=dashed, color=green];
	"C" -> "D" [label="VXLAN 103 [0ms]"];
}

1.1.1.1 acknowledged
5.5.5.5 acknowledged
3.3.3.3 acknowledged
1.1.1.1 acknowledged
4.4.4.4 acknowledged
3.3.3.3 acknowledged
Received proxy request for 'B'
2.2.2.2 acknowledged
5.5.5.5 acknowledged
4.4.4.4 acknowledged
2.2.2.2 acknowledged
Received proxy request for 'A'
1.1.1.1 acknowledged
6.6.6.6 acknowledged
--- start.dot ---
digraph G {
	bgcolor=grey10;
	node [color=white, fontcolor=white];
	edge [color=white, fontcolor=white, fontsize=9, labelangle=180, labeldistance=0.8];

	"A" [label=<A<BR/><FONT POINT-SIZE="9">1 active / 0 paused / 1 total</FONT>>] [style=solid, color=green];
	"10.0.0.1 (via 5.5.5.5)" -> "A" [label="VXLAN 101 [0ms]"];
	"10.0.0.2 (via 6.6.6.6)" -> "A" [label="VXLAN 106 [0ms]"];

	"B" [label=<B<BR/><FONT POINT-SIZE="9">1 active / 0 paused / 1 total</FONT>>] [style=solid, color=green];
	"10.0.0.1 (via 5.5.5.5)" -> "B" [label="VXLAN 104 [0ms]"];

	"C" [label=<C<BR/><FONT POINT-SIZE="9">1 active / 0 paused / 1 total</FONT>>] [style=dashed, color=green];
	"A" -> "C" [label="VXLAN 102 [0ms]"];

	"D" [label=<D<BR/><FONT POINT-SIZE="9">1 active / 0 paused / 1 total</FONT>>] [style=dashed, color=green];
	"B" -> "D" [label="VXLAN 105 [0ms]"];
	"C" -> "D" [label="VXLAN 103 [0ms]"];
}

Received proxy request for 'A'
'10.0.0.1' ---> 'A' is already set up
test tests::node_disconnected_proxy1 ... ok
[geo] IPINFO_API_URL not set; using free db-ip.com fallback
Suspending container 'source_c' on 1.1.1.1
Suspending container 'dep_c' on 1.1.1.1
Received backend trigger for 'source' (port 80) from 1.1.1.1 (container: source_c)
[trigger] triggers map for 'source': {80: "dep"}; first_dep for port 80: Some("dep")
Resuming container 'source_c' on 1.1.1.1
[trigger] dispatching net_chain_setup for 'source' port 80 (1 hop(s))
Resuming container 'dep_c' on 1.1.1.1
1.1.1.1 acknowledged
1.1.1.1 acknowledged
[trigger] net_chain_setup completed for 'source' port 80
test tests::pausable_backend_source_resumes_and_stays_running_while_held ... ok
[geo] IPINFO_API_URL not set; using free db-ip.com fallback
Suspending container 'svc_c1' on 1.1.1.1
Resuming container 'svc_c1' on 1.1.1.1
test tests::pausable_defaults_off_and_live_toggle_resumes ... ok
[geo] IPINFO_API_URL not set; using free db-ip.com fallback
Suspending container 'shared' on 1.1.1.1
Suspending container 'shared' on 1.1.1.1
Resuming container 'shared' on 1.1.1.1
Resuming container 'shared' on 1.1.1.1
test tests::pausable_shared_container_does_not_pause_during_alias_resume ... ok
[geo] IPINFO_API_URL not set; using free db-ip.com fallback
test tests::pausable_shared_container_requires_all_declarations_to_opt_in ... ok
[geo] IPINFO_API_URL not set; using free db-ip.com fallback
Suspending container 'svc_c1' on 1.1.1.1
Suspending container 'svc_c1' on 1.1.1.1
test tests::pausable_survives_last_replica_disappearing ... ok
[geo] IPINFO_API_URL not set; using free db-ip.com fallback
Suspending container 'svc_c1' on 1.1.1.1
Resuming container 'svc_c1' on 1.1.1.1
test tests::pausable_unacknowledged_policy_resume_does_not_lock_services ... ok
[geo] IPINFO_API_URL not set; using free db-ip.com fallback
Suspending container 'dep_c' on 1.1.1.1
Suspending container 'source_c' on 1.1.1.1
Received backend trigger for 'source' (port 80) from 1.1.1.1 (container: source_c)
[trigger] triggers map for 'source': {80: "dep"}; first_dep for port 80: Some("dep")
Resuming container 'source_c' on 1.1.1.1
[trigger] dispatching net_chain_setup for 'source' port 80 (1 hop(s))
Resuming container 'dep_c' on 1.1.1.1
1.1.1.1 acknowledged
1.1.1.1 acknowledged
[trigger] net_chain_setup completed for 'source' port 80
test tests::pausable_unacknowledged_trigger_resume_does_not_lock_services ... ok
[geo] IPINFO_API_URL not set; using free db-ip.com fallback
Proxy client '10.0.0.2 (via 5.5.5.5)' timed out on service 'A'
Sending network 102 teardown to client 1.1.1.1
Sending network 102 teardown to client 2.2.2.2
Sending network 101 teardown to client 5.5.5.5
Sending network 101 teardown to client 1.1.1.1
Received proxy request for 'A'
test tests::clients_sharing_a_net_id_each_close_their_own_row ... ok
[geo] IPINFO_API_URL not set; using free db-ip.com fallback
Received proxy request for 'A'
1.1.1.1 acknowledged
5.5.5.5 acknowledged
2.2.2.2 acknowledged
1.1.1.1 acknowledged
4.4.4.4 acknowledged
1.1.1.1 acknowledged
3.3.3.3 acknowledged
2.2.2.2 acknowledged
Sending network 102 teardown to client 1.1.1.1
Sending network 102 teardown to client 2.2.2.2
Sending network 104 teardown to client 2.2.2.2
Sending network 104 teardown to client 3.3.3.3
Sending network 103 teardown to client 1.1.1.1
Sending network 103 teardown to client 4.4.4.4
Sending network 101 teardown to client 5.5.5.5
Sending network 101 teardown to client 1.1.1.1
1.1.1.1 acknowledged
5.5.5.5 acknowledged
2.2.2.2 acknowledged
1.1.1.1 acknowledged
4.4.4.4 acknowledged
1.1.1.1 acknowledged
3.3.3.3 acknowledged
2.2.2.2 acknowledged
Received proxy request for 'A'
--- after_reuse.dot ---
digraph G {
	bgcolor=grey10;
	node [color=white, fontcolor=white];
	edge [color=white, fontcolor=white, fontsize=9, labelangle=180, labeldistance=0.8];

	"A" [label=<A<BR/><FONT POINT-SIZE="9">1 active / 0 paused / 1 total</FONT>>] [style=solid, color=green];
	"10.0.0.1 (via 5.5.5.5)" -> "A" [label="VXLAN 101 [0ms]"];
	"10.0.0.2 (via 5.5.5.5)" -> "A" [label="VXLAN 101 [0ms]"];

	"B" [label=<B<BR/><FONT POINT-SIZE="9">1 active / 0 paused / 1 total</FONT>>] [style=dashed, color=green];
	"A" -> "B" [label="VXLAN 102 [0ms]"];
}

test tests::proxy_branches_remove_A_tears_down_both ... ok
[geo] IPINFO_API_URL not set; using free db-ip.com fallback
test tests::proxy_branches_setup_fans_out ... ok
[geo] IPINFO_API_URL not set; using free db-ip.com fallback
Suspending container 'svc_c1' on 1.1.1.1
Received proxy request for 'svc'
Received proxy request for 'A'
Resuming container 'svc_c1' on 1.1.1.1
1.1.1.1 acknowledged
5.5.5.5 acknowledged
1.1.1.1 acknowledged
5.5.5.5 acknowledged
3.3.3.3 acknowledged
1.1.1.1 acknowledged
4.4.4.4 acknowledged
3.3.3.3 acknowledged
Received proxy request for 'B'
2.2.2.2 acknowledged
5.5.5.5 acknowledged
4.4.4.4 acknowledged
2.2.2.2 acknowledged
Received proxy request for 'A'
1.1.1.1 acknowledged
6.6.6.6 acknowledged
--- start.dot ---
digraph G {
	bgcolor=grey10;
	node [color=white, fontcolor=white];
	edge [color=white, fontcolor=white, fontsize=9, labelangle=180, labeldistance=0.8];

	"A" [label=<A<BR/><FONT POINT-SIZE="9">1 active / 0 paused / 1 total</FONT>>] [style=solid, color=green];
	"10.0.0.1 (via 5.5.5.5)" -> "A" [label="VXLAN 101 [0ms]"];
	"10.0.0.2 (via 6.6.6.6)" -> "A" [label="VXLAN 106 [0ms]"];

	"B" [label=<B<BR/><FONT POINT-SIZE="9">1 active / 0 paused / 1 total</FONT>>] [style=solid, color=green];
	"10.0.0.1 (via 5.5.5.5)" -> "B" [label="VXLAN 104 [0ms]"];

	"C" [label=<C<BR/><FONT POINT-SIZE="9">1 active / 0 paused / 1 total</FONT>>] [style=dashed, color=green];
	"A" -> "C" [label="VXLAN 102 [0ms]"];

	"D" [label=<D<BR/><FONT POINT-SIZE="9">1 active / 0 paused / 1 total</FONT>>] [style=dashed, color=green];
	"B" -> "D" [label="VXLAN 105 [0ms]"];
	"C" -> "D" [label="VXLAN 103 [0ms]"];
}

Proxy client '10.0.0.2 (via 6.6.6.6)' timed out on service 'A'
Sending network 106 teardown to client 6.6.6.6
Sending network 106 teardown to client 1.1.1.1
Proxy client '10.0.0.1 (via 5.5.5.5)' timed out on service 'A'
--- after_first_timeout.dot ---
digraph G {
	bgcolor=grey10;
	node [color=white, fontcolor=white];
	edge [color=white, fontcolor=white, fontsize=9, labelangle=180, labeldistance=0.8];

	"A" [label=<A<BR/><FONT POINT-SIZE="9">1 active / 0 paused / 1 total</FONT>>] [style=solid, color=green];
	"10.0.0.2 (via 5.5.5.5)" -> "A" [label="VXLAN 101 [0ms]"];

	"B" [label=<B<BR/><FONT POINT-SIZE="9">1 active / 0 paused / 1 total</FONT>>] [style=dashed, color=green];
	"A" -> "B" [label="VXLAN 102 [0ms]"];
}

test tests::proxy_request_resumes_suspended_replica ... ok
[geo] IPINFO_API_URL not set; using free db-ip.com fallback
Received proxy request for 'A'
1.1.1.1 acknowledged
5.5.5.5 acknowledged
3.3.3.3 acknowledged
1.1.1.1 acknowledged
4.4.4.4 acknowledged
3.3.3.3 acknowledged
Received proxy request for 'B'
2.2.2.2 acknowledged
5.5.5.5 acknowledged
4.4.4.4 acknowledged
2.2.2.2 acknowledged
Received proxy request for 'A'
1.1.1.1 acknowledged
6.6.6.6 acknowledged
--- start.dot ---
digraph G {
	bgcolor=grey10;
	node [color=white, fontcolor=white];
	edge [color=white, fontcolor=white, fontsize=9, labelangle=180, labeldistance=0.8];

	"A" [label=<A<BR/><FONT POINT-SIZE="9">1 active / 0 paused / 1 total</FONT>>] [style=solid, color=green];
	"10.0.0.1 (via 5.5.5.5)" -> "A" [label="VXLAN 101 [0ms]"];
	"10.0.0.2 (via 6.6.6.6)" -> "A" [label="VXLAN 106 [0ms]"];

	"B" [label=<B<BR/><FONT POINT-SIZE="9">1 active / 0 paused / 1 total</FONT>>] [style=solid, color=green];
	"10.0.0.1 (via 5.5.5.5)" -> "B" [label="VXLAN 104 [0ms]"];

	"C" [label=<C<BR/><FONT POINT-SIZE="9">1 active / 0 paused / 1 total</FONT>>] [style=dashed, color=green];
	"A" -> "C" [label="VXLAN 102 [0ms]"];

	"D" [label=<D<BR/><FONT POINT-SIZE="9">1 active / 0 paused / 1 total</FONT>>] [style=dashed, color=green];
	"B" -> "D" [label="VXLAN 105 [0ms]"];
	"C" -> "D" [label="VXLAN 103 [0ms]"];
}

Proxy client '10.0.0.2 (via 6.6.6.6)' timed out on service 'A'
Sending network 106 teardown to client 6.6.6.6
Sending network 106 teardown to client 1.1.1.1
Proxy client '10.0.0.1 (via 5.5.5.5)' timed out on service 'A'
Sending network 102 teardown to client 1.1.1.1
Sending network 102 teardown to client 3.3.3.3
Sending network 103 teardown to client 3.3.3.3
Sending network 103 teardown to client 4.4.4.4
Sending network 101 teardown to client 5.5.5.5
Sending network 101 teardown to client 1.1.1.1
--- after_timeout_A.dot ---
digraph G {
	bgcolor=grey10;
	node [color=white, fontcolor=white];
	edge [color=white, fontcolor=white, fontsize=9, labelangle=180, labeldistance=0.8];

	"A" [label=<A<BR/><FONT POINT-SIZE="9">0 active / 0 paused / 1 total</FONT>>] [style=solid, color=green];

	"B" [label=<B<BR/><FONT POINT-SIZE="9">1 active / 0 paused / 1 total</FONT>>] [style=solid, color=green];
	"10.0.0.1 (via 5.5.5.5)" -> "B" [label="VXLAN 104 [0ms]"];

	"C" [label=<C<BR/><FONT POINT-SIZE="9">0 active / 0 paused / 1 total</FONT>>] [style=dashed, color=green];

	"D" [label=<D<BR/><FONT POINT-SIZE="9">1 active / 0 paused / 1 total</FONT>>] [style=dashed, color=green];
	"B" -> "D" [label="VXLAN 105 [0ms]"];
}

test tests::proxy_timeout_A ... ok
[geo] IPINFO_API_URL not set; using free db-ip.com fallback
Received proxy request for 'A'
Proxy client '10.0.0.1 (via 5.5.5.5)' timed out on service 'A'
Sending network 102 teardown to client 1.1.1.1
Sending network 102 teardown to client 3.3.3.3
Sending network 103 teardown to client 3.3.3.3
Sending network 103 teardown to client 4.4.4.4
Sending network 101 teardown to client 5.5.5.5
Sending network 101 teardown to client 1.1.1.1
test tests::open_connection_pins_client_past_timeout ... ok
1.1.1.1 acknowledged
5.5.5.5 acknowledged
3.3.3.3 acknowledged
1.1.1.1 acknowledged
4.4.4.4 acknowledged
3.3.3.3 acknowledged
[geo] IPINFO_API_URL not set; using free db-ip.com fallback
Received proxy request for 'B'
2.2.2.2 acknowledged
5.5.5.5 acknowledged
4.4.4.4 acknowledged
2.2.2.2 acknowledged
Received proxy request for 'A'
1.1.1.1 acknowledged
6.6.6.6 acknowledged
--- start.dot ---
digraph G {
	bgcolor=grey10;
	node [color=white, fontcolor=white];
	edge [color=white, fontcolor=white, fontsize=9, labelangle=180, labeldistance=0.8];

	"A" [label=<A<BR/><FONT POINT-SIZE="9">1 active / 0 paused / 1 total</FONT>>] [style=solid, color=green];
	"10.0.0.1 (via 5.5.5.5)" -> "A" [label="VXLAN 101 [0ms]"];
	"10.0.0.2 (via 6.6.6.6)" -> "A" [label="VXLAN 106 [0ms]"];

	"B" [label=<B<BR/><FONT POINT-SIZE="9">1 active / 0 paused / 1 total</FONT>>] [style=solid, color=green];
	"10.0.0.1 (via 5.5.5.5)" -> "B" [label="VXLAN 104 [0ms]"];

	"C" [label=<C<BR/><FONT POINT-SIZE="9">1 active / 0 paused / 1 total</FONT>>] [style=dashed, color=green];
	"A" -> "C" [label="VXLAN 102 [0ms]"];

	"D" [label=<D<BR/><FONT POINT-SIZE="9">1 active / 0 paused / 1 total</FONT>>] [style=dashed, color=green];
	"B" -> "D" [label="VXLAN 105 [0ms]"];
	"C" -> "D" [label="VXLAN 103 [0ms]"];
}

Received proxy request for 'A'
1.1.1.1 acknowledged
5.5.5.5 acknowledged
3.3.3.3 acknowledged
1.1.1.1 acknowledged
4.4.4.4 acknowledged
3.3.3.3 acknowledged
Received proxy request for 'B'
2.2.2.2 acknowledged
5.5.5.5 acknowledged
4.4.4.4 acknowledged
2.2.2.2 acknowledged
Received proxy request for 'A'
1.1.1.1 acknowledged
6.6.6.6 acknowledged
--- start.dot ---
digraph G {
	bgcolor=grey10;
	node [color=white, fontcolor=white];
	edge [color=white, fontcolor=white, fontsize=9, labelangle=180, labeldistance=0.8];

	"A" [label=<A<BR/><FONT POINT-SIZE="9">1 active / 0 paused / 1 total</FONT>>] [style=solid, color=green];
	"10.0.0.1 (via 5.5.5.5)" -> "A" [label="VXLAN 101 [0ms]"];
	"10.0.0.2 (via 6.6.6.6)" -> "A" [label="VXLAN 106 [0ms]"];

	"B" [label=<B<BR/><FONT POINT-SIZE="9">1 active / 0 paused / 1 total</FONT>>] [style=solid, color=green];
	"10.0.0.1 (via 5.5.5.5)" -> "B" [label="VXLAN 104 [0ms]"];

	"C" [label=<C<BR/><FONT POINT-SIZE="9">1 active / 0 paused / 1 total</FONT>>] [style=dashed, color=green];
	"A" -> "C" [label="VXLAN 102 [0ms]"];

	"D" [label=<D<BR/><FONT POINT-SIZE="9">1 active / 0 paused / 1 total</FONT>>] [style=dashed, color=green];
	"B" -> "D" [label="VXLAN 105 [0ms]"];
	"C" -> "D" [label="VXLAN 103 [0ms]"];
}

Proxy client '10.0.0.2 (via 6.6.6.6)' timed out on service 'A'
Sending network 106 teardown to client 6.6.6.6
Sending network 106 teardown to client 1.1.1.1
Proxy client '10.0.0.1 (via 5.5.5.5)' timed out on service 'A'
Sending network 102 teardown to client 1.1.1.1
Sending network 102 teardown to client 3.3.3.3
Sending network 103 teardown to client 3.3.3.3
Sending network 103 teardown to client 4.4.4.4
Sending network 101 teardown to client 5.5.5.5
Sending network 101 teardown to client 1.1.1.1
--- after_timeout_A.dot ---
digraph G {
	bgcolor=grey10;
	node [color=white, fontcolor=white];
	edge [color=white, fontcolor=white, fontsize=9, labelangle=180, labeldistance=0.8];

	"A" [label=<A<BR/><FONT POINT-SIZE="9">0 active / 0 paused / 1 total</FONT>>] [style=solid, color=green];

	"B" [label=<B<BR/><FONT POINT-SIZE="9">1 active / 0 paused / 1 total</FONT>>] [style=solid, color=green];
	"10.0.0.1 (via 5.5.5.5)" -> "B" [label="VXLAN 104 [0ms]"];

	"C" [label=<C<BR/><FONT POINT-SIZE="9">0 active / 0 paused / 1 total</FONT>>] [style=dashed, color=green];

	"D" [label=<D<BR/><FONT POINT-SIZE="9">1 active / 0 paused / 1 total</FONT>>] [style=dashed, color=green];
	"B" -> "D" [label="VXLAN 105 [0ms]"];
}

Proxy client '10.0.0.2 (via 5.5.5.5)' timed out on service 'A'
Sending network 102 teardown to client 1.1.1.1
Sending network 102 teardown to client 2.2.2.2
Sending network 101 teardown to client 5.5.5.5
Sending network 101 teardown to client 1.1.1.1
--- after_second_timeout.dot ---
digraph G {
	bgcolor=grey10;
	node [color=white, fontcolor=white];
	edge [color=white, fontcolor=white, fontsize=9, labelangle=180, labeldistance=0.8];

	"A" [label=<A<BR/><FONT POINT-SIZE="9">0 active / 0 paused / 1 total</FONT>>] [style=solid, color=green];

	"B" [label=<B<BR/><FONT POINT-SIZE="9">0 active / 0 paused / 1 total</FONT>>] [style=dashed, color=green];
}

test tests::max_networks_reuse_lifecycle ... ok
[geo] IPINFO_API_URL not set; using free db-ip.com fallback
Received proxy request for 'A'
1.1.1.1 acknowledged
5.5.5.5 acknowledged
3.3.3.3 acknowledged
1.1.1.1 acknowledged
4.4.4.4 acknowledged
3.3.3.3 acknowledged
Received proxy request for 'B'
2.2.2.2 acknowledged
5.5.5.5 acknowledged
4.4.4.4 acknowledged
2.2.2.2 acknowledged
Received proxy request for 'A'
1.1.1.1 acknowledged
6.6.6.6 acknowledged
--- start.dot ---
digraph G {
	bgcolor=grey10;
	node [color=white, fontcolor=white];
	edge [color=white, fontcolor=white, fontsize=9, labelangle=180, labeldistance=0.8];

	"A" [label=<A<BR/><FONT POINT-SIZE="9">1 active / 0 paused / 1 total</FONT>>] [style=solid, color=green];
	"10.0.0.1 (via 5.5.5.5)" -> "A" [label="VXLAN 101 [0ms]"];
	"10.0.0.2 (via 6.6.6.6)" -> "A" [label="VXLAN 106 [0ms]"];

	"B" [label=<B<BR/><FONT POINT-SIZE="9">1 active / 0 paused / 1 total</FONT>>] [style=solid, color=green];
	"10.0.0.1 (via 5.5.5.5)" -> "B" [label="VXLAN 104 [0ms]"];

	"C" [label=<C<BR/><FONT POINT-SIZE="9">1 active / 0 paused / 1 total</FONT>>] [style=dashed, color=green];
	"A" -> "C" [label="VXLAN 102 [0ms]"];

	"D" [label=<D<BR/><FONT POINT-SIZE="9">1 active / 0 paused / 1 total</FONT>>] [style=dashed, color=green];
	"B" -> "D" [label="VXLAN 105 [0ms]"];
	"C" -> "D" [label="VXLAN 103 [0ms]"];
}

--- after_config_remove_timeout_A.dot ---
digraph G {
	bgcolor=grey10;
	node [color=white, fontcolor=white];
	edge [color=white, fontcolor=white, fontsize=9, labelangle=180, labeldistance=0.8];

	"A" [label=<A<BR/><FONT POINT-SIZE="9">1 active / 0 paused / 1 total</FONT>>] [style=solid, color=green];
	"10.0.0.1 (via 5.5.5.5)" -> "A" [label="VXLAN 101 [0ms]"];
	"10.0.0.2 (via 6.6.6.6)" -> "A" [label="VXLAN 106 [0ms]"];

	"B" [label=<B<BR/><FONT POINT-SIZE="9">1 active / 0 paused / 1 total</FONT>>] [style=solid, color=green];
	"10.0.0.1 (via 5.5.5.5)" -> "B" [label="VXLAN 104 [0ms]"];

	"C" [label=<C<BR/><FONT POINT-SIZE="9">1 active / 0 paused / 1 total</FONT>>] [style=dashed, color=green];
	"A" -> "C" [label="VXLAN 102 [0ms]"];

	"D" [label=<D<BR/><FONT POINT-SIZE="9">1 active / 0 paused / 1 total</FONT>>] [style=dashed, color=green];
	"B" -> "D" [label="VXLAN 105 [0ms]"];
	"C" -> "D" [label="VXLAN 103 [0ms]"];
}

test tests::proxy_timeout_config_remove_timeout_A ... ok
[geo] IPINFO_API_URL not set; using free db-ip.com fallback
Received proxy request for 'A'
1.1.1.1 acknowledged
6.6.6.6 acknowledged
2.2.2.2 acknowledged
1.1.1.1 acknowledged
3.3.3.3 acknowledged
2.2.2.2 acknowledged
Received proxy request for 'D'
4.4.4.4 acknowledged
6.6.6.6 acknowledged
5.5.5.5 acknowledged
4.4.4.4 acknowledged
Received proxy request for 'B'
2.2.2.2 acknowledged
7.7.7.7 acknowledged
--- start.dot ---
digraph G {
	bgcolor=grey10;
	node [color=white, fontcolor=white];
	edge [color=white, fontcolor=white, fontsize=9, labelangle=180, labeldistance=0.8];

	"A" [label=<A<BR/><FONT POINT-SIZE="9">1 active / 0 paused / 1 total</FONT>>] [style=solid, color=green];
	"10.0.0.1 (via 6.6.6.6)" -> "A" [label="VXLAN 101 [0ms]"];

	"B" [label=<B<BR/><FONT POINT-SIZE="9">1 active / 0 paused / 1 total</FONT>>] [style=solid, color=green];
	"10.0.0.2 (via 7.7.7.7)" -> "B" [label="VXLAN 106 [0ms]"];
	"A" -> "B" [label="VXLAN 102 [0ms]"];

	"C" [label=<C<BR/><FONT POINT-SIZE="9">1 active / 0 paused / 1 total</FONT>>] [style=dashed, color=green];
	"B" -> "C" [label="VXLAN 103 [0ms]"];

	"D" [label=<D<BR/><FONT POINT-SIZE="9">1 active / 0 paused / 1 total</FONT>>] [style=solid, color=green];
	"10.0.0.1 (via 6.6.6.6)" -> "D" [label="VXLAN 104 [0ms]"];

	"E" [label=<E<BR/><FONT POINT-SIZE="9">1 active / 0 paused / 1 total</FONT>>] [style=dashed, color=green];
	"D" -> "E" [label="VXLAN 105 [0ms]"];
}

Sending network 106 teardown to client 7.7.7.7
Sending network 106 teardown to client 2.2.2.2
--- after_unreachable_B.dot ---
digraph G {
	bgcolor=grey10;
	node [color=white, fontcolor=white];
	edge [color=white, fontcolor=white, fontsize=9, labelangle=180, labeldistance=0.8];

	"A" [label=<A<BR/><FONT POINT-SIZE="9">1 active / 0 paused / 1 total</FONT>>] [style=solid, color=green];
	"10.0.0.1 (via 6.6.6.6)" -> "A" [label="VXLAN 101 [0ms]"];

	"B" [label=<B<BR/><FONT POINT-SIZE="9">1 active / 0 paused / 1 total</FONT>>] [style=dashed, color=green];
	"A" -> "B" [label="VXLAN 102 [0ms]"];

	"C" [label=<C<BR/><FONT POINT-SIZE="9">1 active / 0 paused / 1 total</FONT>>] [style=dashed, color=green];
	"B" -> "C" [label="VXLAN 103 [0ms]"];

	"D" [label=<D<BR/><FONT POINT-SIZE="9">1 active / 0 paused / 1 total</FONT>>] [style=solid, color=green];
	"10.0.0.1 (via 6.6.6.6)" -> "D" [label="VXLAN 104 [0ms]"];

	"E" [label=<E<BR/><FONT POINT-SIZE="9">1 active / 0 paused / 1 total</FONT>>] [style=dashed, color=green];
	"D" -> "E" [label="VXLAN 105 [0ms]"];
}

Proxy client '10.0.0.1 (via 5.5.5.5)' timed out on service 'B'
Sending network 105 teardown to client 2.2.2.2
Sending network 105 teardown to client 4.4.4.4
Sending network 104 teardown to client 5.5.5.5
Sending network 104 teardown to client 2.2.2.2
--- after_config_tighten_B.dot ---
digraph G {
	bgcolor=grey10;
	node [color=white, fontcolor=white];
	edge [color=white, fontcolor=white, fontsize=9, labelangle=180, labeldistance=0.8];

	"A" [label=<A<BR/><FONT POINT-SIZE="9">1 active / 0 paused / 1 total</FONT>>] [style=solid, color=green];
	"10.0.0.1 (via 5.5.5.5)" -> "A" [label="VXLAN 101 [0ms]"];
	"10.0.0.2 (via 6.6.6.6)" -> "A" [label="VXLAN 106 [0ms]"];

	"B" [label=<B<BR/><FONT POINT-SIZE="9">0 active / 0 paused / 1 total</FONT>>] [style=solid, color=green];

	"C" [label=<C<BR/><FONT POINT-SIZE="9">1 active / 0 paused / 1 total</FONT>>] [style=dashed, color=green];
	"A" -> "C" [label="VXLAN 102 [0ms]"];

	"D" [label=<D<BR/><FONT POINT-SIZE="9">1 active / 0 paused / 1 total</FONT>>] [style=dashed, color=green];
	"C" -> "D" [label="VXLAN 103 [0ms]"];
}

test tests::reachability_changed_unreachable_B ... ok
[geo] IPINFO_API_URL not set; using free db-ip.com fallback
test tests::proxy_timeout_config_tighten_B ... ok
[geo] IPINFO_API_URL not set; using free db-ip.com fallback
Received proxy request for 'A'
Received proxy request for 'A'
1.1.1.1 acknowledged
6.6.6.6 acknowledged
2.2.2.2 acknowledged
1.1.1.1 acknowledged
3.3.3.3 acknowledged
2.2.2.2 acknowledged
Received proxy request for 'D'
4.4.4.4 acknowledged
6.6.6.6 acknowledged
5.5.5.5 acknowledged
4.4.4.4 acknowledged
Received proxy request for 'B'
2.2.2.2 acknowledged
7.7.7.7 acknowledged
1.1.1.1 acknowledged
5.5.5.5 acknowledged
3.3.3.3 acknowledged
1.1.1.1 acknowledged
--- start.dot ---
digraph G {
	bgcolor=grey10;
	node [color=white, fontcolor=white];
	edge [color=white, fontcolor=white, fontsize=9, labelangle=180, labeldistance=0.8];

	"A" [label=<A<BR/><FONT POINT-SIZE="9">1 active / 0 paused / 1 total</FONT>>] [style=solid, color=green];
	"10.0.0.1 (via 6.6.6.6)" -> "A" [label="VXLAN 101 [0ms]"];

	"B" [label=<B<BR/><FONT POINT-SIZE="9">1 active / 0 paused / 1 total</FONT>>] [style=solid, color=green];
	"10.0.0.2 (via 7.7.7.7)" -> "B" [label="VXLAN 106 [0ms]"];
	"A" -> "B" [label="VXLAN 102 [0ms]"];

	"C" [label=<C<BR/><FONT POINT-SIZE="9">1 active / 0 paused / 1 total</FONT>>] [style=dashed, color=green];
	"B" -> "C" [label="VXLAN 103 [0ms]"];

	"D" [label=<D<BR/><FONT POINT-SIZE="9">1 active / 0 paused / 1 total</FONT>>] [style=solid, color=green];
	"10.0.0.1 (via 6.6.6.6)" -> "D" [label="VXLAN 104 [0ms]"];

	"E" [label=<E<BR/><FONT POINT-SIZE="9">1 active / 0 paused / 1 total</FONT>>] [style=dashed, color=green];
	"D" -> "E" [label="VXLAN 105 [0ms]"];
}

4.4.4.4 acknowledged
3.3.3.3 acknowledged
Received proxy request for 'B'
2.2.2.2 acknowledged
5.5.5.5 acknowledged
4.4.4.4 acknowledged
2.2.2.2 acknowledged
Received proxy request for 'A'
Sending network 105 teardown to client 4.4.4.4
Sending network 105 teardown to client 5.5.5.5
Sending network 104 teardown to client 6.6.6.6
1.1.1.1 acknowledged
6.6.6.6 acknowledged
Sending network 104 teardown to client 4.4.4.4
--- after_unreachable_D.dot ---
digraph G {
	bgcolor=grey10;
	node [color=white, fontcolor=white];
	edge [color=white, fontcolor=white, fontsize=9, labelangle=180, labeldistance=0.8];

	"A" [label=<A<BR/><FONT POINT-SIZE="9">1 active / 0 paused / 1 total</FONT>>] [style=solid, color=green];
	"10.0.0.1 (via 6.6.6.6)" -> "A" [label="VXLAN 101 [0ms]"];

	"B" [label=<B<BR/><FONT POINT-SIZE="9">1 active / 0 paused / 1 total</FONT>>] [style=solid, color=green];
	"10.0.0.2 (via 7.7.7.7)" -> "B" [label="VXLAN 106 [0ms]"];
	"A" -> "B" [label="VXLAN 102 [0ms]"];

	"C" [label=<C<BR/><FONT POINT-SIZE="9">1 active / 0 paused / 1 total</FONT>>] [style=dashed, color=green];
	"B" -> "C" [label="VXLAN 103 [0ms]"];
}

--- start.dot ---
digraph G {
	bgcolor=grey10;
	node [color=white, fontcolor=white];
	edge [color=white, fontcolor=white, fontsize=9, labelangle=180, labeldistance=0.8];

	"A" [label=<A<BR/><FONT POINT-SIZE="9">1 active / 0 paused / 1 total</FONT>>] [style=solid, color=green];
	"10.0.0.1 (via 5.5.5.5)" -> "A" [label="VXLAN 101 [0ms]"];
	"10.0.0.2 (via 6.6.6.6)" -> "A" [label="VXLAN 106 [0ms]"];

	"B" [label=<B<BR/><FONT POINT-SIZE="9">1 active / 0 paused / 1 total</FONT>>] [style=solid, color=green];
	"10.0.0.1 (via 5.5.5.5)" -> "B" [label="VXLAN 104 [0ms]"];

	"C" [label=<C<BR/><FONT POINT-SIZE="9">1 active / 0 paused / 1 total</FONT>>] [style=dashed, color=green];
	"A" -> "C" [label="VXLAN 102 [0ms]"];

	"D" [label=<D<BR/><FONT POINT-SIZE="9">1 active / 0 paused / 1 total</FONT>>] [style=dashed, color=green];
	"B" -> "D" [label="VXLAN 105 [0ms]"];
	"C" -> "D" [label="VXLAN 103 [0ms]"];
}

Sending network 102 teardown to client 1.1.1.1
Sending network 102 teardown to client 3.3.3.3
Sending network 103 teardown to client 3.3.3.3
Sending network 103 teardown to client 4.4.4.4
Sending network 101 teardown to client 5.5.5.5
Sending network 101 teardown to client 1.1.1.1
Sending network 106 teardown to client 6.6.6.6
Sending network 106 teardown to client 1.1.1.1
--- after_remove_A.dot ---
digraph G {
	bgcolor=grey10;
	node [color=white, fontcolor=white];
	edge [color=white, fontcolor=white, fontsize=9, labelangle=180, labeldistance=0.8];

	"B" [label=<B<BR/><FONT POINT-SIZE="9">1 active / 0 paused / 1 total</FONT>>] [style=solid, color=green];
	"10.0.0.1 (via 5.5.5.5)" -> "B" [label="VXLAN 104 [0ms]"];

	"D" [label=<D<BR/><FONT POINT-SIZE="9">1 active / 0 paused / 1 total</FONT>>] [style=dashed, color=green];
	"B" -> "D" [label="VXLAN 105 [0ms]"];
}

test tests::reachability_changed_unreachable_D ... ok
[geo] IPINFO_API_URL not set; using free db-ip.com fallback
test tests::service_removed_remove_A ... ok
[geo] IPINFO_API_URL not set; using free db-ip.com fallback
Received proxy request for 'A'
Received proxy request for 'A'
1.1.1.1 acknowledged
5.5.5.5 acknowledged
2.2.2.2 acknowledged
1.1.1.1 acknowledged
3.3.3.3 acknowledged
2.2.2.2 acknowledged
Received proxy request for 'B'
1.1.1.1 acknowledged
5.5.5.5 acknowledged
3.3.3.3 acknowledged
1.1.1.1 acknowledged
Received proxy request for 'A'
1.1.1.1 acknowledged
6.6.6.6 acknowledged
--- start.dot ---
digraph G {
	bgcolor=grey10;
	node [color=white, fontcolor=white];
	edge [color=white, fontcolor=white, fontsize=9, labelangle=180, labeldistance=0.8];

	"A" [label=<A<BR/><FONT POINT-SIZE="9">1 active / 0 paused / 1 total</FONT>>] [style=solid, color=green];
	"10.0.0.1 (via 5.5.5.5)" -> "A" [label="VXLAN 101 [0ms]"];
	"10.0.0.2 (via 6.6.6.6)" -> "A" [label="VXLAN 106 [0ms]"];

	"B" [label=<B<BR/><FONT POINT-SIZE="9">1 active / 0 paused / 1 total</FONT>>] [style=solid, color=green];
	"10.0.0.1 (via 5.5.5.5)" -> "B" [label="VXLAN 104 [0ms]"];

	"C" [label=<C<BR/><FONT POINT-SIZE="9">1 active / 0 paused / 1 total</FONT>>] [style=dashed, color=green];
	"A" -> "C" [label="VXLAN 102 [0ms]"];

	"D" [label=<D<BR/><FONT POINT-SIZE="9">1 active / 0 paused / 1 total</FONT>>] [style=dashed, color=green];
	"B" -> "D" [label="VXLAN 105 [0ms]"];
	"C" -> "D" [label="VXLAN 103 [0ms]"];
}

1.1.1.1 acknowledged
5.5.5.5 acknowledged
3.3.3.3 acknowledged
1.1.1.1 acknowledged
4.4.4.4 acknowledged
3.3.3.3 acknowledged
Sending network 102 teardown to client 1.1.1.1
Sending network 102 teardown to client 2.2.2.2
Received proxy request for 'B'
Sending network 103 teardown to client 2.2.2.2
Sending network 103 teardown to client 3.3.3.3
Sending network 106 teardown to client 6.6.6.6
Sending network 106 teardown to client 1.1.1.1
Sending network 101 teardown to client 5.5.5.5
Sending network 101 teardown to client 1.1.1.1
--- after_drop_A.dot ---
digraph G {
	bgcolor=grey10;
	node [color=white, fontcolor=white];
	edge [color=white, fontcolor=white, fontsize=9, labelangle=180, labeldistance=0.8];

	"A" [label=<A>] [style=solid, color=red];

	"B" [label=<B<BR/><FONT POINT-SIZE="9">1 active / 0 paused / 1 total</FONT>>] [style=solid, color=green];
	"10.0.0.1 (via 5.5.5.5)" -> "B" [label="VXLAN 104 [0ms]"];

	"C" [label=<C<BR/><FONT POINT-SIZE="9">0 active / 0 paused / 1 total</FONT>>] [style=dashed, color=green];

	"D" [label=<D<BR/><FONT POINT-SIZE="9">1 active / 0 paused / 1 total</FONT>>] [style=dashed, color=green];
	"B" -> "D" [label="VXLAN 105 [0ms]"];
}

2.2.2.2 acknowledged
5.5.5.5 acknowledged
4.4.4.4 acknowledged
2.2.2.2 acknowledged
Received proxy request for 'A'
1.1.1.1 acknowledged
6.6.6.6 acknowledged
--- start.dot ---
digraph G {
	bgcolor=grey10;
	node [color=white, fontcolor=white];
	edge [color=white, fontcolor=white, fontsize=9, labelangle=180, labeldistance=0.8];

	"A" [label=<A<BR/><FONT POINT-SIZE="9">1 active / 0 paused / 1 total</FONT>>] [style=solid, color=green];
	"10.0.0.1 (via 5.5.5.5)" -> "A" [label="VXLAN 101 [0ms]"];
	"10.0.0.2 (via 6.6.6.6)" -> "A" [label="VXLAN 106 [0ms]"];

	"B" [label=<B<BR/><FONT POINT-SIZE="9">1 active / 0 paused / 1 total</FONT>>] [style=solid, color=green];
	"10.0.0.1 (via 5.5.5.5)" -> "B" [label="VXLAN 104 [0ms]"];

	"C" [label=<C<BR/><FONT POINT-SIZE="9">1 active / 0 paused / 1 total</FONT>>] [style=dashed, color=green];
	"A" -> "C" [label="VXLAN 102 [0ms]"];

	"D" [label=<D<BR/><FONT POINT-SIZE="9">1 active / 0 paused / 1 total</FONT>>] [style=dashed, color=green];
	"B" -> "D" [label="VXLAN 105 [0ms]"];
	"C" -> "D" [label="VXLAN 103 [0ms]"];
}

Sending network 105 teardown to client 2.2.2.2
Sending network 105 teardown to client 4.4.4.4
Sending network 104 teardown to client 5.5.5.5
Sending network 104 teardown to client 2.2.2.2
--- after_remove_B.dot ---
digraph G {
	bgcolor=grey10;
	node [color=white, fontcolor=white];
	edge [color=white, fontcolor=white, fontsize=9, labelangle=180, labeldistance=0.8];

	"A" [label=<A<BR/><FONT POINT-SIZE="9">1 active / 0 paused / 1 total</FONT>>] [style=solid, color=green];
	"10.0.0.1 (via 5.5.5.5)" -> "A" [label="VXLAN 101 [0ms]"];
	"10.0.0.2 (via 6.6.6.6)" -> "A" [label="VXLAN 106 [0ms]"];

	"C" [label=<C<BR/><FONT POINT-SIZE="9">1 active / 0 paused / 1 total</FONT>>] [style=dashed, color=green];
	"A" -> "C" [label="VXLAN 102 [0ms]"];

	"D" [label=<D<BR/><FONT POINT-SIZE="9">1 active / 0 paused / 1 total</FONT>>] [style=dashed, color=green];
	"C" -> "D" [label="VXLAN 103 [0ms]"];
}

test tests::service_removed_remove_B ... ok
test tests::service_unregistered_drop_A ... ok
[geo] IPINFO_API_URL not set; using free db-ip.com fallback
[geo] IPINFO_API_URL not set; using free db-ip.com fallback
Received proxy request for 'A'
Received proxy request for 'A'
1.1.1.1 acknowledged
5.5.5.5 acknowledged
2.2.2.2 acknowledged
1.1.1.1 acknowledged
3.3.3.3 acknowledged
2.2.2.2 acknowledged
1.1.1.1 acknowledged
5.5.5.5 acknowledged
2.2.2.2 acknowledged
1.1.1.1 acknowledged
3.3.3.3 acknowledged
2.2.2.2 acknowledged
Received proxy request for 'B'
Received proxy request for 'B'
1.1.1.1 acknowledged
5.5.5.5 acknowledged
3.3.3.3 acknowledged
1.1.1.1 acknowledged
1.1.1.1 acknowledged
5.5.5.5 acknowledged
3.3.3.3 acknowledged
1.1.1.1 acknowledged
Received proxy request for 'A'
Received proxy request for 'A'
1.1.1.1 acknowledged
6.6.6.6 acknowledged
1.1.1.1 acknowledged
6.6.6.6 acknowledged
--- start.dot ---
digraph G {
	bgcolor=grey10;
	node [color=white, fontcolor=white];
	edge [color=white, fontcolor=white, fontsize=9, labelangle=180, labeldistance=0.8];

	"A" [label=<A<BR/><FONT POINT-SIZE="9">1 active / 0 paused / 1 total</FONT>>] [style=solid, color=green];
	"10.0.0.1 (via 5.5.5.5)" -> "A" [label="VXLAN 101 [0ms]"];
	"10.0.0.2 (via 6.6.6.6)" -> "A" [label="VXLAN 106 [0ms]"];

	"B" [label=<B<BR/><FONT POINT-SIZE="9">1 active / 0 paused / 1 total</FONT>>] [style=solid, color=green];
	"10.0.0.1 (via 5.5.5.5)" -> "B" [label="VXLAN 104 [0ms]"];

	"C" [label=<C<BR/><FONT POINT-SIZE="9">1 active / 0 paused / 1 total</FONT>>] [style=dashed, color=green];
	"A" -> "C" [label="VXLAN 102 [0ms]"];

	"D" [label=<D<BR/><FONT POINT-SIZE="9">1 active / 0 paused / 1 total</FONT>>] [style=dashed, color=green];
	"B" -> "D" [label="VXLAN 105 [0ms]"];
	"C" -> "D" [label="VXLAN 103 [0ms]"];
}

--- start.dot ---
digraph G {
	bgcolor=grey10;
	node [color=white, fontcolor=white];
	edge [color=white, fontcolor=white, fontsize=9, labelangle=180, labeldistance=0.8];

	"A" [label=<A<BR/><FONT POINT-SIZE="9">1 active / 0 paused / 1 total</FONT>>] [style=solid, color=green];
	"10.0.0.1 (via 5.5.5.5)" -> "A" [label="VXLAN 101 [0ms]"];
	"10.0.0.2 (via 6.6.6.6)" -> "A" [label="VXLAN 106 [0ms]"];

	"B" [label=<B<BR/><FONT POINT-SIZE="9">1 active / 0 paused / 1 total</FONT>>] [style=solid, color=green];
	"10.0.0.1 (via 5.5.5.5)" -> "B" [label="VXLAN 104 [0ms]"];

	"C" [label=<C<BR/><FONT POINT-SIZE="9">1 active / 0 paused / 1 total</FONT>>] [style=dashed, color=green];
	"A" -> "C" [label="VXLAN 102 [0ms]"];

	"D" [label=<D<BR/><FONT POINT-SIZE="9">1 active / 0 paused / 1 total</FONT>>] [style=dashed, color=green];
	"B" -> "D" [label="VXLAN 105 [0ms]"];
	"C" -> "D" [label="VXLAN 103 [0ms]"];
}

Sending network 105 teardown to client 1.1.1.1
Sending network 105 teardown to client 3.3.3.3
Sending network 102 teardown to client 1.1.1.1
Sending network 102 teardown to client 2.2.2.2
Sending network 104 teardown to client 5.5.5.5
Sending network 104 teardown to client 1.1.1.1
Sending network 103 teardown to client 2.2.2.2
Sending network 103 teardown to client 3.3.3.3
Sending network 106 teardown to client 6.6.6.6
Sending network 106 teardown to client 1.1.1.1
Sending network 101 teardown to client 5.5.5.5
Sending network 101 teardown to client 1.1.1.1
--- after_drop_B.dot ---
digraph G {
	bgcolor=grey10;
	node [color=white, fontcolor=white];
	edge [color=white, fontcolor=white, fontsize=9, labelangle=180, labeldistance=0.8];

	"A" [label=<A<BR/><FONT POINT-SIZE="9">1 active / 0 paused / 1 total</FONT>>] [style=solid, color=green];
	"10.0.0.1 (via 5.5.5.5)" -> "A" [label="VXLAN 101 [0ms]"];
	"10.0.0.2 (via 6.6.6.6)" -> "A" [label="VXLAN 106 [0ms]"];

	"B" [label=<B>] [style=solid, color=red];

	"C" [label=<C<BR/><FONT POINT-SIZE="9">1 active / 0 paused / 1 total</FONT>>] [style=dashed, color=green];
	"A" -> "C" [label="VXLAN 102 [0ms]"];

	"D" [label=<D<BR/><FONT POINT-SIZE="9">1 active / 0 paused / 1 total</FONT>>] [style=dashed, color=green];
	"C" -> "D" [label="VXLAN 103 [0ms]"];
}

--- after_drop_C.dot ---
digraph G {
	bgcolor=grey10;
	node [color=white, fontcolor=white];
	edge [color=white, fontcolor=white, fontsize=9, labelangle=180, labeldistance=0.8];

	"A" [label=<A<BR/><FONT POINT-SIZE="9">0 active / 0 paused / 1 total</FONT>>] [style=solid, color=green];

	"B" [label=<B<BR/><FONT POINT-SIZE="9">1 active / 0 paused / 1 total</FONT>>] [style=solid, color=green];
	"10.0.0.1 (via 5.5.5.5)" -> "B" [label="VXLAN 104 [0ms]"];

	"C" [label=<C>] [style=dashed, color=red];

	"D" [label=<D<BR/><FONT POINT-SIZE="9">1 active / 0 paused / 1 total</FONT>>] [style=dashed, color=green];
	"B" -> "D" [label="VXLAN 105 [0ms]"];
}

test tests::service_unregistered_drop_B ... ok
test tests::service_unregistered_drop_C ... ok
[geo] IPINFO_API_URL not set; using free db-ip.com fallback
[geo] IPINFO_API_URL not set; using free db-ip.com fallback
Received proxy request for 'A'
Received proxy request for 'A'
1.1.1.1 acknowledged
6.6.6.6 acknowledged
1.1.1.1 acknowledged
5.5.5.5 acknowledged
2.2.2.2 acknowledged
1.1.1.1 acknowledged
2.2.2.2 acknowledged
1.1.1.1 acknowledged
3.3.3.3 acknowledged
2.2.2.2 acknowledged
3.3.3.3 acknowledged
2.2.2.2 acknowledged
Received proxy request for 'B'
Sending network 103 teardown to client 2.2.2.2
Sending network 103 teardown to client 3.3.3.3
Received proxy request for 'A'
1.1.1.1 acknowledged
5.5.5.5 acknowledged
Evicting stale proxy session '10.0.0.1 (via 6.6.6.6)' on service 'A': dependency chain incomplete
3.3.3.3 acknowledged
1.1.1.1 acknowledged
Sending network 102 teardown to client 1.1.1.1
Sending network 102 teardown to client 2.2.2.2
Sending network 101 teardown to client 6.6.6.6
Sending network 101 teardown to client 1.1.1.1
Received proxy request for 'A'
1.1.1.1 acknowledged
6.6.6.6 acknowledged
1.1.1.1 acknowledged
6.6.6.6 acknowledged
2.2.2.2 acknowledged
1.1.1.1 acknowledged
--- start.dot ---
digraph G {
	bgcolor=grey10;
	node [color=white, fontcolor=white];
	edge [color=white, fontcolor=white, fontsize=9, labelangle=180, labeldistance=0.8];

	"A" [label=<A<BR/><FONT POINT-SIZE="9">1 active / 0 paused / 1 total</FONT>>] [style=solid, color=green];
	"10.0.0.1 (via 5.5.5.5)" -> "A" [label="VXLAN 101 [0ms]"];
	"10.0.0.2 (via 6.6.6.6)" -> "A" [label="VXLAN 106 [0ms]"];

	"B" [label=<B<BR/><FONT POINT-SIZE="9">1 active / 0 paused / 1 total</FONT>>] [style=solid, color=green];
	"10.0.0.1 (via 5.5.5.5)" -> "B" [label="VXLAN 104 [0ms]"];

	"C" [label=<C<BR/><FONT POINT-SIZE="9">1 active / 0 paused / 1 total</FONT>>] [style=dashed, color=green];
	"A" -> "C" [label="VXLAN 102 [0ms]"];

	"D" [label=<D<BR/><FONT POINT-SIZE="9">1 active / 0 paused / 1 total</FONT>>] [style=dashed, color=green];
	"B" -> "D" [label="VXLAN 105 [0ms]"];
	"C" -> "D" [label="VXLAN 103 [0ms]"];
}

3.3.3.3 acknowledged
2.2.2.2 acknowledged
Sending network 105 teardown to client 1.1.1.1
Sending network 105 teardown to client 3.3.3.3
Sending network 104 teardown to client 5.5.5.5
Sending network 104 teardown to client 1.1.1.1
Sending network 102 teardown to client 1.1.1.1
Sending network 102 teardown to client 2.2.2.2
Sending network 103 teardown to client 2.2.2.2
Sending network 103 teardown to client 3.3.3.3
Sending network 101 teardown to client 5.5.5.5
Sending network 101 teardown to client 1.1.1.1
Sending network 106 teardown to client 6.6.6.6
Sending network 106 teardown to client 1.1.1.1
--- after_drop_D.dot ---
digraph G {
	bgcolor=grey10;
	node [color=white, fontcolor=white];
	edge [color=white, fontcolor=white, fontsize=9, labelangle=180, labeldistance=0.8];

	"A" [label=<A<BR/><FONT POINT-SIZE="9">0 active / 0 paused / 1 total</FONT>>] [style=solid, color=green];

	"B" [label=<B<BR/><FONT POINT-SIZE="9">0 active / 0 paused / 1 total</FONT>>] [style=solid, color=green];

	"C" [label=<C<BR/><FONT POINT-SIZE="9">0 active / 0 paused / 1 total</FONT>>] [style=dashed, color=green];

	"D" [label=<D>] [style=dashed, color=red];
}

test tests::service_unregistered_drop_D ... ok
test tests::stale_session_broken_chain_is_evicted_and_rebuilt ... ok
[geo] IPINFO_API_URL not set; using free db-ip.com fallback
[geo] IPINFO_API_URL not set; using free db-ip.com fallback
Received proxy request for 'A'
1.1.1.1 acknowledged
6.6.6.6 acknowledged
2.2.2.2 acknowledged
1.1.1.1 acknowledged
3.3.3.3 acknowledged
2.2.2.2 acknowledged
Received proxy request for 'A'
'10.0.0.1' ---> 'A' is already set up
Received proxy request for 'A'
'10.0.0.1' ---> 'A' is already set up
Received proxy request for 'entry'
1.1.1.1 acknowledged
5.5.5.5 acknowledged
2.2.2.2 acknowledged
1.1.1.1 acknowledged
Sending network 102 teardown to client 1.1.1.1
Sending network 102 teardown to client 2.2.2.2
Sending network 101 teardown to client 5.5.5.5
Sending network 101 teardown to client 1.1.1.1
3.3.3.3 acknowledged
2.2.2.2 acknowledged
Sending network 103 teardown to client 2.2.2.2
Sending network 103 teardown to client 3.3.3.3
[ERROR] [members/nullnet-server/src/nullnet_grpc_impl.rs:859] Service is not registered
test tests::multi_replica_least_clients ... ok
[geo] IPINFO_API_URL not set; using free db-ip.com fallback
Received backend trigger for 'A' (port 5555) from 1.1.1.1 (container: <none>)
[trigger] triggers map for 'A': {5555: "B"}; first_dep for port 5555: Some("B")
[trigger] dispatching net_chain_setup for 'A' port 5555 (1 hop(s))
2.2.2.2 acknowledged
1.1.1.1 acknowledged
[trigger] net_chain_setup completed for 'A' port 5555
Trigger chain 'A' (1.1.1.1) port 5555 idle past the debounce; releasing its hold
Sending network 101 teardown to client 1.1.1.1
Sending network 101 teardown to client 2.2.2.2
test tests::stale_session_intact_chain_is_reused ... ok
[geo] IPINFO_API_URL not set; using free db-ip.com fallback
test tests::teardown_must_not_fire_for_an_unallocated_net_id ... ok
[geo] IPINFO_API_URL not set; using free db-ip.com fallback
Received backend trigger for 'A' (port 5555) from 1.1.1.1 (container: <none>)
[trigger] triggers map for 'A': {5555: "B"}; first_dep for port 5555: Some("B")
Received backend trigger for 'A' (port 5555) from 1.1.1.1 (container: <none>)
[trigger] triggers map for 'A': {5555: "B"}; first_dep for port 5555: Some("B")
Received backend trigger for 'A' (port 5555) from 1.1.1.1 (container: <none>)
[trigger] triggers map for 'A': {5555: "B"}; first_dep for port 5555: Some("B")
[trigger] dispatching net_chain_setup for 'A' port 5555 (1 hop(s))
2.2.2.2 acknowledged
1.1.1.1 acknowledged
Sending network 101 teardown to client 1.1.1.1
Sending network 101 teardown to client 2.2.2.2
[trigger] net_chain_setup completed for 'A' port 5555
[trigger] dispatching net_chain_setup for 'A' port 5555 (1 hop(s))
2.2.2.2 acknowledged
1.1.1.1 acknowledged
[trigger] net_chain_setup completed for 'A' port 5555
Trigger chain 'A' (1.1.1.1) port 5555 idle past the debounce; releasing its hold
Sending network 101 teardown to client 1.1.1.1
Sending network 101 teardown to client 2.2.2.2
test tests::trigger_atomic_backend_idle_during_setup_is_preserved ... ok
test tests::trigger_carries_the_containers_that_own_it ... ok
[geo] IPINFO_API_URL not set; using free db-ip.com fallback
Received backend trigger for 'A' (port 5555) from 1.1.1.1 (container: <none>)
[trigger] triggers map for 'A': {5555: "B"}; first_dep for port 5555: Some("B")
[trigger] dispatching net_chain_setup for 'A' port 5555 (1 hop(s))
2.2.2.2 acknowledged
1.1.1.1 acknowledged
[trigger] net_chain_setup completed for 'A' port 5555
Trigger chain 'A' (1.1.1.1) port 5555 idle past the debounce; releasing its hold
Sending network 101 teardown to client 1.1.1.1
Sending network 101 teardown to client 2.2.2.2
test tests::trigger_atomic_backend_owner_removed_during_setup_unwinds ... ok
test tests::trigger_lists_every_colocated_replica ... ok
[geo] IPINFO_API_URL not set; using free db-ip.com fallback
test tests::trigger_atomic_concurrent_backend_claims_release_once ... ok
[geo] IPINFO_API_URL not set; using free db-ip.com fallback
Received proxy request for 'A'
Received proxy request for 'A'
1.1.1.1 acknowledged
5.5.5.5 acknowledged
2.2.2.2 acknowledged
1.1.1.1 acknowledged
Received backend trigger for 'A' (port 5555) from 1.1.1.1 (container: <none>)
[trigger] triggers map for 'A': {5555: "C"}; first_dep for port 5555: Some("C")
[trigger] dispatching net_chain_setup for 'A' port 5555 (1 hop(s))
3.3.3.3 acknowledged
1.1.1.1 acknowledged
[trigger] net_chain_setup completed for 'A' port 5555
Received backend trigger for 'D' (port 5555) from 4.4.4.4 (container: <none>)
[trigger] triggers map for 'D': {5555: "C"}; first_dep for port 5555: Some("C")
[trigger] dispatching net_chain_setup for 'D' port 5555 (1 hop(s))
3.3.3.3 acknowledged
4.4.4.4 acknowledged
[trigger] net_chain_setup completed for 'D' port 5555
--- start.dot ---
digraph G {
	bgcolor=grey10;
	node [color=white, fontcolor=white];
	edge [color=white, fontcolor=white, fontsize=9, labelangle=180, labeldistance=0.8];

	"A" [label=<A<BR/><FONT POINT-SIZE="9">1 active / 0 paused / 1 total</FONT>>] [style=solid, color=green];
	"10.0.0.1 (via 5.5.5.5)" -> "A" [label="VXLAN 101 [0ms]"];

	"B" [label=<B<BR/><FONT POINT-SIZE="9">1 active / 0 paused / 1 total</FONT>>] [style=dashed, color=green];
	"A" -> "B" [label="VXLAN 102 [0ms]"];

	"C" [label=<C<BR/><FONT POINT-SIZE="9">1 active / 0 paused / 1 total</FONT>>] [style=dashed, color=green];
	"A" -> "C" [label="VXLAN 103 [0ms]"];
	"D" -> "C" [label="VXLAN 104 [0ms]"];

	"D" [label=<D<BR/><FONT POINT-SIZE="9">1 active / 0 paused / 1 total</FONT>>] [style=solid, color=green];
}

Sending network 103 teardown to client 1.1.1.1
Sending network 103 teardown to client 3.3.3.3
--- after_add_A_trigger.dot ---
digraph G {
	bgcolor=grey10;
	node [color=white, fontcolor=white];
	edge [color=white, fontcolor=white, fontsize=9, labelangle=180, labeldistance=0.8];

	"A" [label=<A<BR/><FONT POINT-SIZE="9">1 active / 0 paused / 1 total</FONT>>] [style=solid, color=green];
	"10.0.0.1 (via 5.5.5.5)" -> "A" [label="VXLAN 101 [0ms]"];

	"B" [label=<B<BR/><FONT POINT-SIZE="9">1 active / 0 paused / 1 total</FONT>>] [style=dashed, color=green];
	"A" -> "B" [label="VXLAN 102 [0ms]"];

	"C" [label=<C<BR/><FONT POINT-SIZE="9">1 active / 0 paused / 1 total</FONT>>] [style=dashed, color=green];
	"D" -> "C" [label="VXLAN 104 [0ms]"];

	"D" [label=<D<BR/><FONT POINT-SIZE="9">1 active / 0 paused / 1 total</FONT>>] [style=solid, color=green];
}

1.1.1.1 acknowledged
5.5.5.5 acknowledged
2.2.2.2 acknowledged
1.1.1.1 acknowledged
Received backend trigger for 'A' (port 5555) from 1.1.1.1 (container: <none>)
[trigger] triggers map for 'A': {5555: "C"}; first_dep for port 5555: Some("C")
[trigger] dispatching net_chain_setup for 'A' port 5555 (1 hop(s))
3.3.3.3 acknowledged
1.1.1.1 acknowledged
[trigger] net_chain_setup completed for 'A' port 5555
Received backend trigger for 'D' (port 5555) from 4.4.4.4 (container: <none>)
[trigger] triggers map for 'D': {5555: "C"}; first_dep for port 5555: Some("C")
[trigger] dispatching net_chain_setup for 'D' port 5555 (1 hop(s))
3.3.3.3 acknowledged
4.4.4.4 acknowledged
[trigger] net_chain_setup completed for 'D' port 5555
--- start.dot ---
digraph G {
	bgcolor=grey10;
	node [color=white, fontcolor=white];
	edge [color=white, fontcolor=white, fontsize=9, labelangle=180, labeldistance=0.8];

	"A" [label=<A<BR/><FONT POINT-SIZE="9">1 active / 0 paused / 1 total</FONT>>] [style=solid, color=green];
	"10.0.0.1 (via 5.5.5.5)" -> "A" [label="VXLAN 101 [0ms]"];

	"B" [label=<B<BR/><FONT POINT-SIZE="9">1 active / 0 paused / 1 total</FONT>>] [style=dashed, color=green];
	"A" -> "B" [label="VXLAN 102 [0ms]"];

	"C" [label=<C<BR/><FONT POINT-SIZE="9">1 active / 0 paused / 1 total</FONT>>] [style=dashed, color=green];
	"A" -> "C" [label="VXLAN 103 [0ms]"];
	"D" -> "C" [label="VXLAN 104 [0ms]"];

	"D" [label=<D<BR/><FONT POINT-SIZE="9">1 active / 0 paused / 1 total</FONT>>] [style=solid, color=green];
}

Sending network 104 teardown to client 4.4.4.4
Sending network 104 teardown to client 3.3.3.3
--- after_drop_D_trigger.dot ---
digraph G {
	bgcolor=grey10;
	node [color=white, fontcolor=white];
	edge [color=white, fontcolor=white, fontsize=9, labelangle=180, labeldistance=0.8];

	"A" [label=<A<BR/><FONT POINT-SIZE="9">1 active / 0 paused / 1 total</FONT>>] [style=solid, color=green];
	"10.0.0.1 (via 5.5.5.5)" -> "A" [label="VXLAN 101 [0ms]"];

	"B" [label=<B<BR/><FONT POINT-SIZE="9">1 active / 0 paused / 1 total</FONT>>] [style=dashed, color=green];
	"A" -> "B" [label="VXLAN 102 [0ms]"];

	"C" [label=<C<BR/><FONT POINT-SIZE="9">1 active / 0 paused / 1 total</FONT>>] [style=dashed, color=green];
	"A" -> "C" [label="VXLAN 103 [0ms]"];

	"D" [label=<D<BR/><FONT POINT-SIZE="9">0 active / 0 paused / 1 total</FONT>>] [style=solid, color=green];
}

test tests::trigger_chain_is_released_once_its_connections_close ... ok
[geo] IPINFO_API_URL not set; using free db-ip.com fallback
Received proxy request for 'A'
1.1.1.1 acknowledged
5.5.5.5 acknowledged
2.2.2.2 acknowledged
1.1.1.1 acknowledged
Received backend trigger for 'A' (port 5555) from 1.1.1.1 (container: <none>)
[trigger] triggers map for 'A': {5555: "C"}; first_dep for port 5555: Some("C")
[trigger] dispatching net_chain_setup for 'A' port 5555 (1 hop(s))
3.3.3.3 acknowledged
1.1.1.1 acknowledged
[trigger] net_chain_setup completed for 'A' port 5555
Received backend trigger for 'D' (port 5555) from 4.4.4.4 (container: <none>)
[trigger] triggers map for 'D': {5555: "C"}; first_dep for port 5555: Some("C")
[trigger] dispatching net_chain_setup for 'D' port 5555 (1 hop(s))
3.3.3.3 acknowledged
4.4.4.4 acknowledged
[trigger] net_chain_setup completed for 'D' port 5555
--- start.dot ---
digraph G {
	bgcolor=grey10;
	node [color=white, fontcolor=white];
	edge [color=white, fontcolor=white, fontsize=9, labelangle=180, labeldistance=0.8];

	"A" [label=<A<BR/><FONT POINT-SIZE="9">1 active / 0 paused / 1 total</FONT>>] [style=solid, color=green];
	"10.0.0.1 (via 5.5.5.5)" -> "A" [label="VXLAN 101 [0ms]"];

	"B" [label=<B<BR/><FONT POINT-SIZE="9">1 active / 0 paused / 1 total</FONT>>] [style=dashed, color=green];
	"A" -> "B" [label="VXLAN 102 [0ms]"];

	"C" [label=<C<BR/><FONT POINT-SIZE="9">1 active / 0 paused / 1 total</FONT>>] [style=dashed, color=green];
	"A" -> "C" [label="VXLAN 103 [0ms]"];
	"D" -> "C" [label="VXLAN 104 [0ms]"];

	"D" [label=<D<BR/><FONT POINT-SIZE="9">1 active / 0 paused / 1 total</FONT>>] [style=solid, color=green];
}

Sending network 103 teardown to client 1.1.1.1
Sending network 103 teardown to client 3.3.3.3
--- after_remove_A_trigger.dot ---
digraph G {
	bgcolor=grey10;
	node [color=white, fontcolor=white];
	edge [color=white, fontcolor=white, fontsize=9, labelangle=180, labeldistance=0.8];

	"A" [label=<A<BR/><FONT POINT-SIZE="9">1 active / 0 paused / 1 total</FONT>>] [style=solid, color=green];
	"10.0.0.1 (via 5.5.5.5)" -> "A" [label="VXLAN 101 [0ms]"];

	"B" [label=<B<BR/><FONT POINT-SIZE="9">1 active / 0 paused / 1 total</FONT>>] [style=dashed, color=green];
	"A" -> "B" [label="VXLAN 102 [0ms]"];

	"C" [label=<C<BR/><FONT POINT-SIZE="9">1 active / 0 paused / 1 total</FONT>>] [style=dashed, color=green];
	"D" -> "C" [label="VXLAN 104 [0ms]"];

	"D" [label=<D<BR/><FONT POINT-SIZE="9">1 active / 0 paused / 1 total</FONT>>] [style=solid, color=green];
}

test tests::triggers_changed_add_A_trigger ... ok
[geo] IPINFO_API_URL not set; using free db-ip.com fallback
Received proxy request for 'A'
test tests::triggers_changed_drop_D_trigger ... ok
[geo] IPINFO_API_URL not set; using free db-ip.com fallback
Received proxy request for 'A'
1.1.1.1 acknowledged
5.5.5.5 acknowledged
2.2.2.2 acknowledged
1.1.1.1 acknowledged
Received backend trigger for 'A' (port 5555) from 1.1.1.1 (container: <none>)
[trigger] triggers map for 'A': {5555: "C"}; first_dep for port 5555: Some("C")
[trigger] dispatching net_chain_setup for 'A' port 5555 (1 hop(s))
3.3.3.3 acknowledged
1.1.1.1 acknowledged
[trigger] net_chain_setup completed for 'A' port 5555
Received backend trigger for 'D' (port 5555) from 4.4.4.4 (container: <none>)
[trigger] triggers map for 'D': {5555: "C"}; first_dep for port 5555: Some("C")
[trigger] dispatching net_chain_setup for 'D' port 5555 (1 hop(s))
3.3.3.3 acknowledged
4.4.4.4 acknowledged
[trigger] net_chain_setup completed for 'D' port 5555
--- start.dot ---
digraph G {
	bgcolor=grey10;
	node [color=white, fontcolor=white];
	edge [color=white, fontcolor=white, fontsize=9, labelangle=180, labeldistance=0.8];

	"A" [label=<A<BR/><FONT POINT-SIZE="9">1 active / 0 paused / 1 total</FONT>>] [style=solid, color=green];
	"10.0.0.1 (via 5.5.5.5)" -> "A" [label="VXLAN 101 [0ms]"];

	"B" [label=<B<BR/><FONT POINT-SIZE="9">1 active / 0 paused / 1 total</FONT>>] [style=dashed, color=green];
	"A" -> "B" [label="VXLAN 102 [0ms]"];

	"C" [label=<C<BR/><FONT POINT-SIZE="9">1 active / 0 paused / 1 total</FONT>>] [style=dashed, color=green];
	"A" -> "C" [label="VXLAN 103 [0ms]"];
	"D" -> "C" [label="VXLAN 104 [0ms]"];

	"D" [label=<D<BR/><FONT POINT-SIZE="9">1 active / 0 paused / 1 total</FONT>>] [style=solid, color=green];
}

Sending network 103 teardown to client 1.1.1.1
Sending network 103 teardown to client 3.3.3.3
--- after_swap_A_trigger.dot ---
digraph G {
	bgcolor=grey10;
	node [color=white, fontcolor=white];
	edge [color=white, fontcolor=white, fontsize=9, labelangle=180, labeldistance=0.8];

	"A" [label=<A<BR/><FONT POINT-SIZE="9">1 active / 0 paused / 1 total</FONT>>] [style=solid, color=green];
	"10.0.0.1 (via 5.5.5.5)" -> "A" [label="VXLAN 101 [0ms]"];

	"B" [label=<B<BR/><FONT POINT-SIZE="9">1 active / 0 paused / 1 total</FONT>>] [style=dashed, color=green];
	"A" -> "B" [label="VXLAN 102 [0ms]"];

	"C" [label=<C<BR/><FONT POINT-SIZE="9">1 active / 0 paused / 1 total</FONT>>] [style=dashed, color=green];
	"D" -> "C" [label="VXLAN 104 [0ms]"];

	"D" [label=<D<BR/><FONT POINT-SIZE="9">1 active / 0 paused / 1 total</FONT>>] [style=solid, color=green];
}

1.1.1.1 acknowledged
5.5.5.5 acknowledged
3.3.3.3 acknowledged
1.1.1.1 acknowledged
4.4.4.4 acknowledged
3.3.3.3 acknowledged
Received proxy request for 'B'
2.2.2.2 acknowledged
5.5.5.5 acknowledged
4.4.4.4 acknowledged
2.2.2.2 acknowledged
Received proxy request for 'A'
1.1.1.1 acknowledged
6.6.6.6 acknowledged
--- start.dot ---
digraph G {
	bgcolor=grey10;
	node [color=white, fontcolor=white];
	edge [color=white, fontcolor=white, fontsize=9, labelangle=180, labeldistance=0.8];

	"A" [label=<A<BR/><FONT POINT-SIZE="9">1 active / 0 paused / 1 total</FONT>>] [style=solid, color=green];
	"10.0.0.1 (via 5.5.5.5)" -> "A" [label="VXLAN 101 [0ms]"];
	"10.0.0.2 (via 6.6.6.6)" -> "A" [label="VXLAN 106 [0ms]"];

	"B" [label=<B<BR/><FONT POINT-SIZE="9">1 active / 0 paused / 1 total</FONT>>] [style=solid, color=green];
	"10.0.0.1 (via 5.5.5.5)" -> "B" [label="VXLAN 104 [0ms]"];

	"C" [label=<C<BR/><FONT POINT-SIZE="9">1 active / 0 paused / 1 total</FONT>>] [style=dashed, color=green];
	"A" -> "C" [label="VXLAN 102 [0ms]"];

	"D" [label=<D<BR/><FONT POINT-SIZE="9">1 active / 0 paused / 1 total</FONT>>] [style=dashed, color=green];
	"B" -> "D" [label="VXLAN 105 [0ms]"];
	"C" -> "D" [label="VXLAN 103 [0ms]"];
}

test tests::triggers_changed_remove_A_trigger ... ok
[geo] IPINFO_API_URL not set; using free db-ip.com fallback
Received proxy request for 'A'
1.1.1.1 acknowledged
5.5.5.5 acknowledged
3.3.3.3 acknowledged
1.1.1.1 acknowledged
4.4.4.4 acknowledged
3.3.3.3 acknowledged
Received proxy request for 'B'
2.2.2.2 acknowledged
5.5.5.5 acknowledged
4.4.4.4 acknowledged
2.2.2.2 acknowledged
Received proxy request for 'A'
1.1.1.1 acknowledged
6.6.6.6 acknowledged
--- start.dot ---
digraph G {
	bgcolor=grey10;
	node [color=white, fontcolor=white];
	edge [color=white, fontcolor=white, fontsize=9, labelangle=180, labeldistance=0.8];

	"A" [label=<A<BR/><FONT POINT-SIZE="9">1 active / 0 paused / 1 total</FONT>>] [style=solid, color=green];
	"10.0.0.1 (via 5.5.5.5)" -> "A" [label="VXLAN 101 [0ms]"];
	"10.0.0.2 (via 6.6.6.6)" -> "A" [label="VXLAN 106 [0ms]"];

	"B" [label=<B<BR/><FONT POINT-SIZE="9">1 active / 0 paused / 1 total</FONT>>] [style=solid, color=green];
	"10.0.0.1 (via 5.5.5.5)" -> "B" [label="VXLAN 104 [0ms]"];

	"C" [label=<C<BR/><FONT POINT-SIZE="9">1 active / 0 paused / 1 total</FONT>>] [style=dashed, color=green];
	"A" -> "C" [label="VXLAN 102 [0ms]"];

	"D" [label=<D<BR/><FONT POINT-SIZE="9">1 active / 0 paused / 1 total</FONT>>] [style=dashed, color=green];
	"B" -> "D" [label="VXLAN 105 [0ms]"];
	"C" -> "D" [label="VXLAN 103 [0ms]"];
}

test tests::triggers_changed_swap_A_trigger ... ok
Proxy client '10.0.0.2 (via 6.6.6.6)' timed out on service 'A'
Sending network 106 teardown to client 6.6.6.6
Sending network 106 teardown to client 1.1.1.1
Proxy client '10.0.0.1 (via 5.5.5.5)' timed out on service 'A'
Sending network 102 teardown to client 1.1.1.1
Sending network 102 teardown to client 3.3.3.3
Sending network 103 teardown to client 3.3.3.3
Sending network 103 teardown to client 4.4.4.4
Sending network 101 teardown to client 5.5.5.5
Sending network 101 teardown to client 1.1.1.1
test tests::unmatched_close_does_not_underflow ... ok
Received proxy request for 'A'
'10.0.0.1' ---> 'A' is already set up
Received proxy request for 'A'
'10.0.0.2' ---> 'A' is already set up
test timeout::tests::stale_expiry_candidates_preserve_renewed_connections_and_grace ... ok
Proxy client '10.0.0.1 (via 5.5.5.5)' timed out on service 'B'
Sending network 105 teardown to client 2.2.2.2
Sending network 105 teardown to client 4.4.4.4
Sending network 104 teardown to client 5.5.5.5
Sending network 104 teardown to client 2.2.2.2
--- after_timeout_A_then_B.dot ---
digraph G {
	bgcolor=grey10;
	node [color=white, fontcolor=white];
	edge [color=white, fontcolor=white, fontsize=9, labelangle=180, labeldistance=0.8];

	"A" [label=<A<BR/><FONT POINT-SIZE="9">0 active / 0 paused / 1 total</FONT>>] [style=solid, color=green];

	"B" [label=<B<BR/><FONT POINT-SIZE="9">0 active / 0 paused / 1 total</FONT>>] [style=solid, color=green];

	"C" [label=<C<BR/><FONT POINT-SIZE="9">0 active / 0 paused / 1 total</FONT>>] [style=dashed, color=green];

	"D" [label=<D<BR/><FONT POINT-SIZE="9">0 active / 0 paused / 1 total</FONT>>] [style=dashed, color=green];
}

test tests::proxy_timeout_A_then_B ... ok
Proxy client '10.0.0.1 (via 5.5.5.5)' timed out on service 'B'
Sending network 105 teardown to client 2.2.2.2
Sending network 105 teardown to client 4.4.4.4
Sending network 104 teardown to client 5.5.5.5
Sending network 104 teardown to client 2.2.2.2
Proxy client '10.0.0.2 (via 6.6.6.6)' timed out on service 'A'
Sending network 106 teardown to client 6.6.6.6
Sending network 106 teardown to client 1.1.1.1
Proxy client '10.0.0.1 (via 5.5.5.5)' timed out on service 'A'
Sending network 102 teardown to client 1.1.1.1
Sending network 102 teardown to client 3.3.3.3
Sending network 103 teardown to client 3.3.3.3
Sending network 103 teardown to client 4.4.4.4
Sending network 101 teardown to client 5.5.5.5
Sending network 101 teardown to client 1.1.1.1
--- after_timeout_all.dot ---
digraph G {
	bgcolor=grey10;
	node [color=white, fontcolor=white];
	edge [color=white, fontcolor=white, fontsize=9, labelangle=180, labeldistance=0.8];

	"A" [label=<A<BR/><FONT POINT-SIZE="9">0 active / 0 paused / 1 total</FONT>>] [style=solid, color=green];

	"B" [label=<B<BR/><FONT POINT-SIZE="9">0 active / 0 paused / 1 total</FONT>>] [style=solid, color=green];

	"C" [label=<C<BR/><FONT POINT-SIZE="9">0 active / 0 paused / 1 total</FONT>>] [style=dashed, color=green];

	"D" [label=<D<BR/><FONT POINT-SIZE="9">0 active / 0 paused / 1 total</FONT>>] [style=dashed, color=green];
}

test tests::proxy_timeout_all_at_once ... ok
Network 101 teardown was not acked by 10.0.0.1 within 30s; keeping the id reserved
test orchestrator::teardown_ack_tests::a_late_teardown_ack_keeps_the_id_reserved_until_completion ... ok
Sending network 103 teardown to client 2.2.2.2
Sending network 103 teardown to client 3.3.3.3
Sending network 101 teardown to client 5.5.5.5
Sending network 101 teardown to client 1.1.1.1
[ERROR] [members/nullnet-server/src/nullnet_grpc_impl.rs:2103] NET chain setup failed
Sending network 103 teardown to client 2.2.2.2
Sending network 103 teardown to client 3.3.3.3
Sending network 101 teardown to client 5.5.5.5
Sending network 101 teardown to client 1.1.1.1
[ERROR] [members/nullnet-server/src/nullnet_grpc_impl.rs:2103] NET chain setup failed
test tests::a_failed_edge_rollback_keeps_a_concurrent_holder has been running for over 60 seconds
Sending network 105 teardown to client 2.2.2.2
Sending network 105 teardown to client 3.3.3.3
Network 103 teardown was not acked by 3.3.3.3 within 30s; keeping the id reserved
Sending network 104 teardown to client 5.5.5.5
Sending network 104 teardown to client 1.1.1.1
Sending network 102 teardown to client 1.1.1.1
Sending network 102 teardown to client 2.2.2.2
[ERROR] [members/nullnet-server/src/nullnet_grpc_impl.rs:2103] NET chain setup failed
test tests::an_abandoned_reservation_is_not_reused_by_the_next_chain has been running for over 60 seconds
test tests::a_failed_edge_rollback_keeps_a_concurrent_holder ... ok
Sending network 105 teardown to client 2.2.2.2
Sending network 105 teardown to client 3.3.3.3
Network 103 teardown was not acked by 3.3.3.3 within 30s; keeping the id reserved
Sending network 104 teardown to client 5.5.5.5
Sending network 104 teardown to client 1.1.1.1
Sending network 102 teardown to client 1.1.1.1
Sending network 102 teardown to client 2.2.2.2
[ERROR] [members/nullnet-server/src/nullnet_grpc_impl.rs:2103] NET chain setup failed
test tests::an_abandoned_reservation_is_not_reused_by_the_next_chain ... ok

failures:

failures:
    orchestrator::session_history_tests::a_dead_container_closes_its_destination_rows
    orchestrator::session_history_tests::a_denied_destination_folds_into_one_already_ended_row
    orchestrator::session_history_tests::a_destination_ends_while_the_edge_keeps_carrying_the_others
    orchestrator::session_history_tests::a_node_teardown_closes_that_nodes_destination_rows
    orchestrator::session_history_tests::backend_history_close_wait_does_not_block_other_generations
    orchestrator::session_history_tests::backend_history_late_open_cannot_overwrite_replacement
    orchestrator::session_history_tests::backend_history_tracks_independent_chains_and_generations
    orchestrator::session_history_tests::backend_history_wait_does_not_block_liveness
    orchestrator::session_history_tests::destinations_get_one_row_each_and_close_together_on_reap
    orchestrator::session_history_tests::destinations_seen_during_a_reservation_are_written_at_promotion

test result: FAILED. 272 passed; 10 failed; 0 ignored; 0 measured; 0 filtered out; finished in 61.20s

error: test failed, to rerun pass `-p nullnet-server --bin nullnet-server`
