# tracer: function_graph
#
# CPU  DURATION                  FUNCTION CALLS
# |     |   |                     |   |   |   |
 2)               |  synchronize_net() {
 2) + 55.825 us   |    synchronize_rcu_expedited();
 2) + 57.939 us   |  }
 2)               |  vxlan_sock_release [vxlan]() {
 2)               |    synchronize_net() {
 2) + 20.840 us   |      synchronize_rcu_expedited();
 2) + 21.340 us   |    }
 2)               |    udp_tunnel_sock_release [udp_tunnel]() {
 2) * 18437.10 us |      synchronize_rcu();
 2) * 18451.92 us |    }
 2) * 18494.06 us |  }
 2)               |  vxlan_sock_release [vxlan]() {
 2)               |    synchronize_net() {
 2) + 64.080 us   |      synchronize_rcu_expedited();
 2) + 65.923 us   |    }
 2)               |    udp_tunnel_sock_release [udp_tunnel]() {
 2) * 23167.11 us |      synchronize_rcu();
 2) * 23182.82 us |    }
 2) * 23491.46 us |  }
 2)               |  vxlan_sock_release [vxlan]() {
 2)               |    synchronize_net() {
 2) + 65.924 us   |      synchronize_rcu_expedited();
 2) + 67.878 us   |    }
 2)               |    udp_tunnel_sock_release [udp_tunnel]() {
 2) * 43598.12 us |      synchronize_rcu();
 2) * 43612.18 us |    }
 2) * 43797.39 us |  }
 2)               |  vxlan_sock_release [vxlan]() {
 2)               |    synchronize_net() {
 2) + 70.682 us   |      synchronize_rcu_expedited();
 2) + 72.587 us   |    }
 2)               |    udp_tunnel_sock_release [udp_tunnel]() {
 2) * 23753.82 us |      synchronize_rcu();
 2) * 23765.27 us |    }
 2) * 23971.49 us |  }
 2)               |  vxlan_sock_release [vxlan]() {
 2)               |    synchronize_net() {
 2) + 44.142 us   |      synchronize_rcu_expedited();
 2) + 46.467 us   |    }
 2)               |    udp_tunnel_sock_release [udp_tunnel]() {
 2) * 23790.28 us |      synchronize_rcu();
 2) * 23808.31 us |    }
 2) * 23982.69 us |  }
 2)               |  vxlan_sock_release [vxlan]() {
 2)               |    synchronize_net() {
 2) + 45.616 us   |      synchronize_rcu_expedited();
 2) + 47.639 us   |    }
 2)               |    udp_tunnel_sock_release [udp_tunnel]() {
 2) * 19765.90 us |      synchronize_rcu();
 2) * 19782.11 us |    }
 2) * 19954.21 us |  }
 2)               |  vxlan_sock_release [vxlan]() {
 2)               |    synchronize_net() {
 2) + 63.158 us   |      synchronize_rcu_expedited();
 2) + 65.032 us   |    }
 2)               |    udp_tunnel_sock_release [udp_tunnel]() {
 2) * 23827.78 us |      synchronize_rcu();
 2) * 23848.79 us |    }
 2) * 23992.54 us |  }
 2)               |  vxlan_sock_release [vxlan]() {
 2)               |    synchronize_net() {
 2) + 33.302 us   |      synchronize_rcu_expedited();
 2) + 35.206 us   |    }
 2)               |    udp_tunnel_sock_release [udp_tunnel]() {
 2) * 19653.84 us |      synchronize_rcu();
 3) * 23841.99 us |      } /* synchronize_rcu */
 3) * 23854.71 us |    } /* udp_tunnel_sock_release [udp_tunnel] */
 3) * 24024.34 us |  } /* vxlan_sock_release [vxlan] */
 3)               |  vxlan_sock_release [vxlan]() {
 3)               |    synchronize_net() {
 3) + 68.418 us   |      synchronize_rcu_expedited();
 3) + 70.382 us   |    }
 3)               |    udp_tunnel_sock_release [udp_tunnel]() {
 3) * 19724.44 us |      synchronize_rcu();
 3) * 19735.62 us |    }
 3) * 19936.55 us |  }
 3)               |  vxlan_sock_release [vxlan]() {
 3)               |    synchronize_net() {
 3) + 59.852 us   |      synchronize_rcu_expedited();
 3) + 62.467 us   |    }
 3)               |    udp_tunnel_sock_release [udp_tunnel]() {
 3) * 15764.69 us |      synchronize_rcu();
 3) * 15775.55 us |    }
 3) * 15974.90 us |  }
 3)               |  vxlan_sock_release [vxlan]() {
 3)               |    synchronize_net() {
 3) + 44.724 us   |      synchronize_rcu_expedited();
 3) + 46.657 us   |    }
 3)               |    udp_tunnel_sock_release [udp_tunnel]() {
 3) * 11918.11 us |      synchronize_rcu();
 3) * 11928.82 us |    }
 3) * 12068.55 us |  }
 3)               |  vxlan_sock_release [vxlan]() {
 3)               |    synchronize_net() {
 3) + 43.542 us   |      synchronize_rcu_expedited();
 3) + 45.405 us   |    }
 3)               |    udp_tunnel_sock_release [udp_tunnel]() {
 3) * 15835.06 us |      synchronize_rcu();
 3) * 15845.95 us |    }
 3) * 16000.98 us |  }
 3)               |  vxlan_sock_release [vxlan]() {
 3)               |    synchronize_net() {
 3) + 85.711 us   |      synchronize_rcu_expedited();
 3) + 88.716 us   |    }
 3)               |    udp_tunnel_sock_release [udp_tunnel]() {
 3) * 15802.74 us |      synchronize_rcu();
 2) * 19665.37 us |    }
 2) * 19869.46 us |  }
 2)               |  vxlan_sock_release [vxlan]() {
 2)               |    synchronize_net() {
 2) + 43.732 us   |      synchronize_rcu_expedited();
 2) + 46.067 us   |    }
 2)               |    udp_tunnel_sock_release [udp_tunnel]() {
 2) * 19749.23 us |      synchronize_rcu();
 2) * 19760.24 us |    }
 2) * 19917.48 us |  }
 2)               |  vxlan_sock_release [vxlan]() {
 2)               |    synchronize_net() {
 2) + 45.065 us   |      synchronize_rcu_expedited();
 2) + 46.878 us   |    }
 2)               |    udp_tunnel_sock_release [udp_tunnel]() {
 2) * 15865.95 us |      synchronize_rcu();
 2) * 15876.87 us |    }
 2) * 16041.36 us |  }
 2)               |  vxlan_sock_release [vxlan]() {
 2)               |    synchronize_net() {
 2) + 51.447 us   |      synchronize_rcu_expedited();
 2) + 53.320 us   |    }
 2)               |    udp_tunnel_sock_release [udp_tunnel]() {
 2) * 15785.91 us |      synchronize_rcu();
 2) * 15797.47 us |    }
 2) * 15968.23 us |  }
 2)               |  vxlan_sock_release [vxlan]() {
 2)               |    synchronize_net() {
 2) + 33.773 us   |      synchronize_rcu_expedited();
 2) + 35.687 us   |    }
 2)               |    udp_tunnel_sock_release [udp_tunnel]() {
 2) * 15868.51 us |      synchronize_rcu();
 2) * 15879.24 us |    }
 2) * 15986.36 us |  }
 2)               |  vxlan_sock_release [vxlan]() {
 2)               |    synchronize_net() {
 2) + 43.160 us   |      synchronize_rcu_expedited();
 2) + 45.085 us   |    }
 2)               |    udp_tunnel_sock_release [udp_tunnel]() {
 2) * 23801.05 us |      synchronize_rcu();
 2) * 23812.46 us |    }
 2) * 23964.23 us |  }
 2)               |  vxlan_sock_release [vxlan]() {
 2)               |    synchronize_net() {
 2) + 32.842 us   |      synchronize_rcu_expedited();
 2) + 34.775 us   |    }
 2)               |    udp_tunnel_sock_release [udp_tunnel]() {
 2) * 19851.77 us |      synchronize_rcu();
 2) * 19869.57 us |    }
 2) * 20016.05 us |  }
 2)               |  vxlan_sock_release [vxlan]() {
 2)               |    synchronize_net() {
 2) + 42.369 us   |      synchronize_rcu_expedited();
 2) + 44.233 us   |    }
 2)               |    udp_tunnel_sock_release [udp_tunnel]() {
 2) * 15759.43 us |      synchronize_rcu();
 2) * 15766.71 us |    }
 2) * 15919.89 us |  }
 2)               |  vxlan_sock_release [vxlan]() {
 2)               |    synchronize_net() {
 2) + 66.465 us   |      synchronize_rcu_expedited();
 2) + 67.837 us   |    }
 2)               |    udp_tunnel_sock_release [udp_tunnel]() {
 2) * 15857.41 us |      synchronize_rcu();
 2) * 15867.63 us |    }
 2) * 16029.08 us |  }
 2)               |  vxlan_sock_release [vxlan]() {
 2)               |    synchronize_net() {
 2) + 69.661 us   |      synchronize_rcu_expedited();
 2) + 71.665 us   |    }
 2)               |    udp_tunnel_sock_release [udp_tunnel]() {
 2) * 15777.99 us |      synchronize_rcu();
 2) * 15788.58 us |    }
 2) * 15973.87 us |  }
 2)               |  vxlan_sock_release [vxlan]() {
 2)               |    synchronize_net() {
 2) + 75.181 us   |      synchronize_rcu_expedited();
 2) + 77.725 us   |    }
 2)               |    udp_tunnel_sock_release [udp_tunnel]() {
 2) * 23849.41 us |      synchronize_rcu();
 2) * 23860.05 us |    }
 2) * 24054.93 us |  }
 2)               |  vxlan_sock_release [vxlan]() {
 2)               |    synchronize_net() {
 2) + 62.827 us   |      synchronize_rcu_expedited();
 2) + 64.691 us   |    }
 2)               |    udp_tunnel_sock_release [udp_tunnel]() {
 2) * 11823.02 us |      synchronize_rcu();
 3) * 15814.05 us |    }
 3) * 15992.58 us |  }
 3)               |  vxlan_sock_release [vxlan]() {
 3)               |    synchronize_net() {
 3) + 52.659 us   |      synchronize_rcu_expedited();
 3) + 54.522 us   |    }
 3)               |    udp_tunnel_sock_release [udp_tunnel]() {
 3) * 19699.54 us |      synchronize_rcu();
 3) * 19710.23 us |    }
 3) * 19883.70 us |  }
 3)               |  vxlan_sock_release [vxlan]() {
 3)               |    synchronize_net() {
 3) + 61.967 us   |      synchronize_rcu_expedited();
 3) + 63.920 us   |    }
 3)               |    udp_tunnel_sock_release [udp_tunnel]() {
 3) * 15792.78 us |      synchronize_rcu();
 3) * 15803.35 us |    }
 3) * 15986.06 us |  }
 3)               |  vxlan_sock_release [vxlan]() {
 3)               |    synchronize_net() {
 3) + 65.894 us   |      synchronize_rcu_expedited();
 3) + 68.158 us   |    }
 3)               |    udp_tunnel_sock_release [udp_tunnel]() {
 3) * 27781.98 us |      synchronize_rcu();
 3) * 27792.58 us |    }
 3) * 27978.69 us |  }
 3)               |  vxlan_sock_release [vxlan]() {
 3)               |    synchronize_net() {
 3) + 72.967 us   |      synchronize_rcu_expedited();
 3) + 74.891 us   |    }
 3)               |    udp_tunnel_sock_release [udp_tunnel]() {
 3)               |      synchronize_rcu() {
 2) * 11834.33 us |    }
 2) * 12026.32 us |  }
 2)               |  vxlan_sock_release [vxlan]() {
 2)               |    synchronize_net() {
 2) + 60.443 us   |      synchronize_rcu_expedited();
 2) + 62.637 us   |    }
 2)               |    udp_tunnel_sock_release [udp_tunnel]() {
 2) * 27769.31 us |      synchronize_rcu();
 2) * 27780.31 us |    }
 2) * 27958.11 us |  }
 2)               |  vxlan_sock_release [vxlan]() {
 2)               |    synchronize_net() {
 2) + 66.305 us   |      synchronize_rcu_expedited();
 2) + 68.228 us   |    }
 2)               |    udp_tunnel_sock_release [udp_tunnel]() {
 2) * 15726.05 us |      synchronize_rcu();
 2) * 15733.31 us |    }
 2) * 15920.83 us |  }
 2)               |  vxlan_sock_release [vxlan]() {
 2)               |    synchronize_net() {
 2) + 36.759 us   |      synchronize_rcu_expedited();
 2) + 38.693 us   |    }
 2)               |    udp_tunnel_sock_release [udp_tunnel]() {
 2) * 19857.31 us |      synchronize_rcu();
 2) * 19872.25 us |    }
 2) * 20010.03 us |  }
 2)               |  vxlan_sock_release [vxlan]() {
 2)               |    synchronize_net() {
 2) + 37.581 us   |      synchronize_rcu_expedited();
 2) + 39.665 us   |    }
 2)               |    udp_tunnel_sock_release [udp_tunnel]() {
 2) * 15813.54 us |      synchronize_rcu();
 2) * 15824.92 us |    }
 2) * 15990.46 us |  }
 2)               |  vxlan_sock_release [vxlan]() {
 2)               |    synchronize_net() {
 2) + 88.887 us   |      synchronize_rcu_expedited();
 2) + 92.343 us   |    }
 2)               |    udp_tunnel_sock_release [udp_tunnel]() {
 2) * 23755.00 us |      synchronize_rcu();
 2) * 23770.14 us |    }
 2) * 23951.73 us |  }
 2)               |  vxlan_sock_release [vxlan]() {
 2)               |    synchronize_net() {
 2) ! 199.374 us  |      synchronize_rcu_expedited();
 2) ! 203.922 us  |    }
 2)               |    udp_tunnel_sock_release [udp_tunnel]() {
 2) * 19790.76 us |      synchronize_rcu();
 0) * 15682.26 us |      } /* synchronize_rcu */
 0) * 15690.53 us |    } /* udp_tunnel_sock_release [udp_tunnel] */
 0) * 16002.71 us |  } /* vxlan_sock_release [vxlan] */
 0)               |  vxlan_sock_release [vxlan]() {
 0)               |    synchronize_net() {
 0) ! 709.491 us  |      synchronize_rcu_expedited();
 0) ! 710.783 us  |    }
 0)               |    udp_tunnel_sock_release [udp_tunnel]() {
 0) * 19180.23 us |      synchronize_rcu();
 0) * 19197.20 us |    }
 0) * 20000.45 us |  }
 0)               |  vxlan_sock_release [vxlan]() {
 0)               |    synchronize_net() {
 0) ! 172.734 us  |      synchronize_rcu_expedited();
 0) ! 176.120 us  |    }
 0)               |    udp_tunnel_sock_release [udp_tunnel]() {
 0) * 35675.66 us |      synchronize_rcu();
 0) * 35687.80 us |    }
 0) * 35971.00 us |  }
 0)               |  vxlan_sock_release [vxlan]() {
 0)               |    synchronize_net() {
 0) ! 180.208 us  |      synchronize_rcu_expedited();
 0) ! 183.664 us  |    }
 0)               |    udp_tunnel_sock_release [udp_tunnel]() {
 0) * 19658.31 us |      synchronize_rcu();
 0) * 19670.11 us |    }
 0) * 19979.29 us |  }
 0)               |  vxlan_sock_release [vxlan]() {
 0)               |    synchronize_net() {
 0) ! 174.838 us  |      synchronize_rcu_expedited();
 0) ! 178.174 us  |    }
 0)               |    udp_tunnel_sock_release [udp_tunnel]() {
 0) * 15643.10 us |      synchronize_rcu();
 0) * 15656.15 us |    }
 0) * 15983.25 us |  }
 0)               |  vxlan_sock_release [vxlan]() {
 0)               |    synchronize_net() {
 0) ! 139.752 us  |      synchronize_rcu_expedited();
 0) ! 141.896 us  |    }
 0)               |    udp_tunnel_sock_release [udp_tunnel]() {
 0) * 23689.97 us |      synchronize_rcu();
 0) * 23703.08 us |    }
 0) * 23978.82 us |  }
 0)               |  vxlan_sock_release [vxlan]() {
 0)               |    synchronize_net() {
 0) ! 193.623 us  |      synchronize_rcu_expedited();
 0) ! 197.040 us  |    }
 0)               |    udp_tunnel_sock_release [udp_tunnel]() {
 0) * 27620.57 us |      synchronize_rcu();
 0) * 27631.80 us |    }
 0) * 27951.99 us |  }
 0)               |  vxlan_sock_release [vxlan]() {
 0)               |    synchronize_net() {
 0) + 95.328 us   |      synchronize_rcu_expedited();
 0) + 97.893 us   |    }
 0)               |    udp_tunnel_sock_release [udp_tunnel]() {
 0) * 15767.70 us |      synchronize_rcu();
 2) * 19802.71 us |    }
 2) * 20027.48 us |  }
 2)               |  vxlan_sock_release [vxlan]() {
 2)               |    synchronize_net() {
 2) + 50.845 us   |      synchronize_rcu_expedited();
 2) + 52.619 us   |    }
 2)               |    udp_tunnel_sock_release [udp_tunnel]() {
 2) * 15780.21 us |      synchronize_rcu();
 2) * 15791.65 us |    }
 2) * 15966.94 us |  }
 2)               |  vxlan_sock_release [vxlan]() {
 2)               |    synchronize_net() {
 2) + 39.805 us   |      synchronize_rcu_expedited();
 2) + 41.699 us   |    }
 2)               |    udp_tunnel_sock_release [udp_tunnel]() {
 2) * 15805.40 us |      synchronize_rcu();
 2) * 15816.74 us |    }
 2) * 15979.36 us |  }
 2)               |  vxlan_sock_release [vxlan]() {
 2)               |    synchronize_net() {
 2) + 71.985 us   |      synchronize_rcu_expedited();
 2) + 73.849 us   |    }
 2)               |    udp_tunnel_sock_release [udp_tunnel]() {
 2) * 15672.47 us |      synchronize_rcu();
 2) * 15676.65 us |    }
 2) * 15873.98 us |  }
 2)               |  vxlan_sock_release [vxlan]() {
 2)               |    synchronize_net() {
 2) + 23.063 us   |      synchronize_rcu_expedited();
 2) + 23.585 us   |    }
 2)               |    udp_tunnel_sock_release [udp_tunnel]() {
 2) * 15952.85 us |      synchronize_rcu();
 2) * 15968.50 us |    }
 2) * 16076.90 us |  }
 2)               |  vxlan_sock_release [vxlan]() {
 2)               |    synchronize_net() {
 2) + 79.429 us   |      synchronize_rcu_expedited();
 2) + 81.473 us   |    }
 2)               |    udp_tunnel_sock_release [udp_tunnel]() {
 2) * 15725.12 us |      synchronize_rcu();
 2) * 15733.86 us |    }
 2) * 15941.05 us |  }
 2)               |  vxlan_sock_release [vxlan]() {
 2)               |    synchronize_net() {
 2) + 51.938 us   |      synchronize_rcu_expedited();
 2) + 53.951 us   |    }
 2)               |    udp_tunnel_sock_release [udp_tunnel]() {
 2) * 23829.45 us |      synchronize_rcu();
 2) * 23843.28 us |    }
 2) * 24023.68 us |  }
 2)               |  vxlan_sock_release [vxlan]() {
 2)               |    synchronize_net() {
 2) + 50.454 us   |      synchronize_rcu_expedited();
 2) + 52.238 us   |    }
 2)               |    udp_tunnel_sock_release [udp_tunnel]() {
 2) * 15766.69 us |      synchronize_rcu();
 0) * 15780.56 us |    }
 0) * 15970.85 us |  }
 0)               |  vxlan_sock_release [vxlan]() {
 0)               |    synchronize_net() {
 0) + 62.427 us   |      synchronize_rcu_expedited();
 0) + 64.851 us   |    }
 0)               |    udp_tunnel_sock_release [udp_tunnel]() {
 0) * 27745.45 us |      synchronize_rcu();
 0) * 27756.67 us |    }
 0) * 27953.99 us |  }
 0)               |  vxlan_sock_release [vxlan]() {
 0)               |    synchronize_net() {
 0) + 59.130 us   |      synchronize_rcu_expedited();
 0) + 61.034 us   |    }
 0)               |    udp_tunnel_sock_release [udp_tunnel]() {
 0) * 15721.52 us |      synchronize_rcu();
 0) * 15725.66 us |    }
 0) * 15914.33 us |  }
 0)               |  vxlan_sock_release [vxlan]() {
 0)               |    synchronize_net() {
 0) + 67.516 us   |      synchronize_rcu_expedited();
 0) + 69.921 us   |    }
 0)               |    udp_tunnel_sock_release [udp_tunnel]() {
 0) * 19796.06 us |      synchronize_rcu();
 0) * 19799.35 us |    }
 0) * 19985.54 us |  }
 0)               |  vxlan_sock_release [vxlan]() {
 0)               |    synchronize_net() {
 0) + 27.301 us   |      synchronize_rcu_expedited();
 0) + 28.223 us   |    }
 0)               |    udp_tunnel_sock_release [udp_tunnel]() {
 0) * 19867.86 us |      synchronize_rcu();
 0) * 19871.41 us |    }
 0) * 19991.51 us |  }
 0)               |  vxlan_sock_release [vxlan]() {
 0)               |    synchronize_net() {
 0) + 27.291 us   |      synchronize_rcu_expedited();
 0) + 28.193 us   |    }
 0)               |    udp_tunnel_sock_release [udp_tunnel]() {
 0) * 19868.40 us |      synchronize_rcu();
 0) * 19872.16 us |    }
 0) * 19990.65 us |  }
 0)               |  vxlan_sock_release [vxlan]() {
 0)               |    synchronize_net() {
 0) + 26.790 us   |      synchronize_rcu_expedited();
 0) + 27.812 us   |    }
 0)               |    udp_tunnel_sock_release [udp_tunnel]() {
 0) * 19917.87 us |      synchronize_rcu();
 0) * 19921.39 us |    }
 0) * 19989.07 us |  }
 0)               |  vxlan_sock_release [vxlan]() {
 0)               |    synchronize_net() {
 0) + 26.680 us   |      synchronize_rcu_expedited();
 0) + 27.732 us   |    }
 0)               |    udp_tunnel_sock_release [udp_tunnel]() {
 0) * 15911.67 us |      synchronize_rcu();
 0) * 15923.39 us |    }
 0) * 16150.00 us |  }
 0)               |  vxlan_sock_release [vxlan]() {
 0)               |    synchronize_net() {
 0) + 44.193 us   |      synchronize_rcu_expedited();
 0) + 46.227 us   |    }
 0)               |    udp_tunnel_sock_release [udp_tunnel]() {
 0) * 23900.51 us |      synchronize_rcu();
 2) * 15774.52 us |    }
 2) * 15939.01 us |  }
 2)               |  vxlan_sock_release [vxlan]() {
 2)               |    synchronize_net() {
 2) + 42.039 us   |      synchronize_rcu_expedited();
 2) + 43.071 us   |    }
 2)               |    udp_tunnel_sock_release [udp_tunnel]() {
 2) * 15731.88 us |      synchronize_rcu();
 2) * 15735.90 us |    }
 2) * 15874.38 us |  }
 2)               |  vxlan_sock_release [vxlan]() {
 2)               |    synchronize_net() {
 2) + 25.337 us   |      synchronize_rcu_expedited();
 2) + 26.430 us   |    }
 2)               |    udp_tunnel_sock_release [udp_tunnel]() {
 2) * 15853.63 us |      synchronize_rcu();
 2) * 15857.89 us |    }
 2) * 15980.83 us |  }
 2)               |  vxlan_sock_release [vxlan]() {
 2)               |    synchronize_net() {
 2) + 29.285 us   |      synchronize_rcu_expedited();
 2) + 30.277 us   |    }
 2)               |    udp_tunnel_sock_release [udp_tunnel]() {
 2) * 15854.25 us |      synchronize_rcu();
 2) * 15857.95 us |    }
 2) * 15986.21 us |  }
 2)               |  vxlan_sock_release [vxlan]() {
 2)               |    synchronize_net() {
 2) + 29.415 us   |      synchronize_rcu_expedited();
 2) + 30.417 us   |    }
 2)               |    udp_tunnel_sock_release [udp_tunnel]() {
 2) * 23876.85 us |      synchronize_rcu();
 2) * 23880.82 us |    }
 2) * 23989.92 us |  }
 2)               |  vxlan_sock_release [vxlan]() {
 2)               |    synchronize_net() {
 2) + 71.765 us   |      synchronize_rcu_expedited();
 2) + 72.747 us   |    }
 2)               |    udp_tunnel_sock_release [udp_tunnel]() {
 2) * 15820.21 us |      synchronize_rcu();
 2) * 15823.96 us |    }
 2) * 15988.73 us |  }
 2)               |  vxlan_sock_release [vxlan]() {
 2)               |    synchronize_net() {
 2) + 24.045 us   |      synchronize_rcu_expedited();
 2) + 24.997 us   |    }
 2)               |    udp_tunnel_sock_release [udp_tunnel]() {
 2) * 15966.32 us |      synchronize_rcu();
 2) * 15977.09 us |    }
 2) * 16081.92 us |  }
 2)               |  vxlan_sock_release [vxlan]() {
 2)               |    synchronize_net() {
 2) + 50.805 us   |      synchronize_rcu_expedited();
 2) + 53.691 us   |    }
 2)               |    udp_tunnel_sock_release [udp_tunnel]() {
 2) * 15871.75 us |      synchronize_rcu();
 2) * 15882.62 us |    }
 2) * 16051.38 us |  }
 2)               |  vxlan_sock_release [vxlan]() {
 2)               |    synchronize_net() {
 2) + 59.862 us   |      synchronize_rcu_expedited();
 2) + 61.866 us   |    }
 2)               |    udp_tunnel_sock_release [udp_tunnel]() {
 2) * 23743.97 us |      synchronize_rcu();
 2) * 23758.19 us |    }
 2) * 23963.92 us |  }
 2)               |  vxlan_sock_release [vxlan]() {
 2)               |    synchronize_net() {
 2) + 45.515 us   |      synchronize_rcu_expedited();
 2) + 47.018 us   |    }
 2)               |    udp_tunnel_sock_release [udp_tunnel]() {
 2) * 15694.96 us |      synchronize_rcu();
 2) * 15702.28 us |    }
 2) * 15888.54 us |  }
 2)               |  vxlan_sock_release [vxlan]() {
 2)               |    synchronize_net() {
 2) ! 121.929 us  |      synchronize_rcu_expedited();
 2) ! 124.443 us  |    }
 2)               |    udp_tunnel_sock_release [udp_tunnel]() {
 2) * 27780.34 us |      synchronize_rcu();
 2) * 27796.61 us |    }
 2) * 28039.78 us |  }
 2)               |  vxlan_sock_release [vxlan]() {
 2)               |    synchronize_net() {
 2) + 74.931 us   |      synchronize_rcu_expedited();
 2) + 77.486 us   |    }
 2)               |    udp_tunnel_sock_release [udp_tunnel]() {
 2) * 27772.20 us |      synchronize_rcu();
 2) * 27788.84 us |    }
 2) * 28000.88 us |  }
 2)               |  vxlan_sock_release [vxlan]() {
 2)               |    synchronize_net() {
 2) ! 174.637 us  |      synchronize_rcu_expedited();
 2) ! 178.074 us  |    }
 2)               |    udp_tunnel_sock_release [udp_tunnel]() {
 2) * 15589.96 us |      synchronize_rcu();
 2) * 15602.21 us |    }
 2) * 15936.13 us |  }
 2)               |  vxlan_sock_release [vxlan]() {
 2)               |    synchronize_net() {
 2) ! 171.061 us  |      synchronize_rcu_expedited();
 2) ! 174.457 us  |    }
 2)               |    udp_tunnel_sock_release [udp_tunnel]() {
 2) * 15657.52 us |      synchronize_rcu();
 2) * 15669.40 us |    }
 2) * 15977.40 us |  }
 2)               |  vxlan_sock_release [vxlan]() {
 2)               |    synchronize_net() {
 2) ! 164.088 us  |      synchronize_rcu_expedited();
 2) ! 167.344 us  |    }
 2)               |    udp_tunnel_sock_release [udp_tunnel]() {
 2) * 27703.11 us |      synchronize_rcu();
 2) * 27714.40 us |    }
 2) * 27953.95 us |  }
 2)               |  vxlan_sock_release [vxlan]() {
 2)               |    synchronize_net() {
 2) ! 205.996 us  |      synchronize_rcu_expedited();
 2) ! 209.192 us  |    }
 2)               |    udp_tunnel_sock_release [udp_tunnel]() {
 2) * 23654.31 us |      synchronize_rcu();
 2) * 23669.65 us |    }
 2) * 23990.99 us |  }
 2)               |  vxlan_sock_release [vxlan]() {
 2)               |    synchronize_net() {
 2) ! 191.579 us  |      synchronize_rcu_expedited();
 2) ! 195.015 us  |    }
 2)               |    udp_tunnel_sock_release [udp_tunnel]() {
 2) * 15609.13 us |      synchronize_rcu();
 2) * 15620.76 us |    }
 2) * 15968.22 us |  }
 2)               |  vxlan_sock_release [vxlan]() {
 2)               |    synchronize_net() {
 2) ! 202.219 us  |      synchronize_rcu_expedited();
 2) ! 205.576 us  |    }
 2)               |    udp_tunnel_sock_release [udp_tunnel]() {
 2) * 15630.05 us |      synchronize_rcu();
 2) * 15641.31 us |    }
 2) * 15979.80 us |  }
 2)               |  vxlan_sock_release [vxlan]() {
 2)               |    synchronize_net() {
 2) ! 206.447 us  |      synchronize_rcu_expedited();
 2) ! 209.633 us  |    }
 2)               |    udp_tunnel_sock_release [udp_tunnel]() {
 2) * 19689.49 us |      synchronize_rcu();
 2) * 19700.61 us |    }
 2) * 19986.17 us |  }
 2)               |  vxlan_sock_release [vxlan]() {
 2)               |    synchronize_net() {
 2) * 28155.11 us |      synchronize_rcu_expedited();
 2) * 28158.44 us |    }
 2)               |    udp_tunnel_sock_release [udp_tunnel]() {
 2) * 15686.02 us |      synchronize_rcu();
 2) * 15699.77 us |    }
 2) * 44001.83 us |  }
 2)               |  vxlan_sock_release [vxlan]() {
 2)               |    synchronize_net() {
 2) + 53.420 us   |      synchronize_rcu_expedited();
 2) + 55.264 us   |    }
 2)               |    udp_tunnel_sock_release [udp_tunnel]() {
 2) * 15759.63 us |      synchronize_rcu();
 2) * 15770.27 us |    }
 2) * 15971.67 us |  }
 2)               |  vxlan_sock_release [vxlan]() {
 2)               |    synchronize_net() {
 2) + 62.528 us   |      synchronize_rcu_expedited();
 2) + 64.381 us   |    }
 2)               |    udp_tunnel_sock_release [udp_tunnel]() {
 2) * 15932.75 us |      synchronize_rcu();
 2) * 15944.40 us |    }
 2) * 16125.44 us |  }
 2)               |  vxlan_sock_release [vxlan]() {
 2)               |    synchronize_net() {
 2) ! 176.861 us  |      synchronize_rcu_expedited();
 2) ! 180.037 us  |    }
 2)               |    udp_tunnel_sock_release [udp_tunnel]() {
 2) * 15563.38 us |      synchronize_rcu();
 2) * 15575.11 us |    }
 2) * 15833.57 us |  }
 2)               |  vxlan_sock_release [vxlan]() {
 2)               |    synchronize_net() {
 2) ! 181.561 us  |      synchronize_rcu_expedited();
 2) ! 185.768 us  |    }
 2)               |    udp_tunnel_sock_release [udp_tunnel]() {
 2) * 15684.55 us |      synchronize_rcu();
 2) * 15704.90 us |    }
 2) * 16000.09 us |  }
 2)               |  vxlan_sock_release [vxlan]() {
 2)               |    synchronize_net() {
 2) ! 171.902 us  |      synchronize_rcu_expedited();
 2) ! 174.999 us  |    }
 2)               |    udp_tunnel_sock_release [udp_tunnel]() {
 2) * 31665.78 us |      synchronize_rcu();
 2) * 31674.08 us |    }
 2) * 31919.60 us |  }
 2)               |  vxlan_sock_release [vxlan]() {
 2)               |    synchronize_net() {
 2) ! 121.097 us  |      synchronize_rcu_expedited();
 2) ! 123.211 us  |    }
 2)               |    udp_tunnel_sock_release [udp_tunnel]() {
 2) * 19898.58 us |      synchronize_rcu();
 2) * 19911.96 us |    }
 2) * 20152.95 us |  }
 2)               |  vxlan_sock_release [vxlan]() {
 2)               |    synchronize_net() {
 2) ! 174.648 us  |      synchronize_rcu_expedited();
 2) ! 177.974 us  |    }
 2)               |    udp_tunnel_sock_release [udp_tunnel]() {
 2) * 15517.45 us |      synchronize_rcu();
 2) * 15529.42 us |    }
 2) * 15840.30 us |  }
 2)               |  vxlan_sock_release [vxlan]() {
 2)               |    synchronize_net() {
 2) ! 173.095 us  |      synchronize_rcu_expedited();
 2) ! 176.281 us  |    }
 2)               |    udp_tunnel_sock_release [udp_tunnel]() {
 2) * 19665.96 us |      synchronize_rcu();
 2) * 19680.25 us |    }
 2) * 19987.39 us |  }
 2)               |  vxlan_sock_release [vxlan]() {
 2)               |    synchronize_net() {
 2) ! 125.556 us  |      synchronize_rcu_expedited();
 2) ! 127.640 us  |    }
 2)               |    udp_tunnel_sock_release [udp_tunnel]() {
 2) * 15853.30 us |      synchronize_rcu();
 2) * 15867.00 us |    }
 2) * 16103.21 us |  }
 2)               |  vxlan_sock_release [vxlan]() {
 2)               |    synchronize_net() {
 2) ! 174.176 us  |      synchronize_rcu_expedited();
 2) ! 177.372 us  |    }
 2)               |    udp_tunnel_sock_release [udp_tunnel]() {
 2) * 27681.29 us |      synchronize_rcu();
 2) * 27692.38 us |    }
 2) * 27981.53 us |  }
 2)               |  vxlan_sock_release [vxlan]() {
 2)               |    synchronize_net() {
 2) ! 177.012 us  |      synchronize_rcu_expedited();
 2) ! 180.889 us  |    }
 2)               |    udp_tunnel_sock_release [udp_tunnel]() {
 2) * 15645.98 us |      synchronize_rcu();
 2) * 15657.59 us |    }
 2) * 15974.01 us |  }
 2)               |  vxlan_sock_release [vxlan]() {
 2)               |    synchronize_net() {
 2) ! 177.142 us  |      synchronize_rcu_expedited();
 2) ! 180.378 us  |    }
 2)               |    udp_tunnel_sock_release [udp_tunnel]() {
 2) * 19667.42 us |      synchronize_rcu();
 2) * 19687.49 us |    }
 2) * 20001.96 us |  }
 2)               |  vxlan_sock_release [vxlan]() {
 2)               |    synchronize_net() {
 2) ! 178.665 us  |      synchronize_rcu_expedited();
 2) ! 181.911 us  |    }
 2)               |    udp_tunnel_sock_release [udp_tunnel]() {
 2) * 15545.52 us |      synchronize_rcu();
 2) * 15556.92 us |    }
 2) * 15826.23 us |  }
 2)               |  vxlan_sock_release [vxlan]() {
 2)               |    synchronize_net() {
 2) ! 182.572 us  |      synchronize_rcu_expedited();
 2) ! 187.221 us  |    }
 2)               |    udp_tunnel_sock_release [udp_tunnel]() {
 2) * 27899.78 us |      synchronize_rcu();
 2) * 27911.53 us |    }
 2) * 28209.97 us |  }
 2)               |  vxlan_sock_release [vxlan]() {
 2)               |    synchronize_net() {
 2) ! 197.120 us  |      synchronize_rcu_expedited();
 2) ! 201.287 us  |    }
 2)               |    udp_tunnel_sock_release [udp_tunnel]() {
 2) * 19358.84 us |      synchronize_rcu();
 2) * 19366.76 us |    }
 2) * 19721.04 us |  }
 2)               |  vxlan_sock_release [vxlan]() {
 2)               |    synchronize_net() {
 2) ! 119.464 us  |      synchronize_rcu_expedited();
 2) ! 121.578 us  |    }
 2)               |    udp_tunnel_sock_release [udp_tunnel]() {
 2) * 15901.29 us |      synchronize_rcu();
 2) * 15919.56 us |    }
 2) * 16143.62 us |  }
 2)               |  vxlan_sock_release [vxlan]() {
 2)               |    synchronize_net() {
 2) ! 122.500 us  |      synchronize_rcu_expedited();
 2) ! 125.436 us  |    }
 2)               |    udp_tunnel_sock_release [udp_tunnel]() {
 2) * 15549.35 us |      synchronize_rcu();
 2) * 15560.86 us |    }
 2) * 15817.01 us |  }
 2)               |  vxlan_sock_release [vxlan]() {
 2)               |    synchronize_net() {
 2) ! 124.013 us  |      synchronize_rcu_expedited();
 2) ! 126.938 us  |    }
 2)               |    udp_tunnel_sock_release [udp_tunnel]() {
 2) * 23699.96 us |      synchronize_rcu();
 2) * 23717.81 us |    }
 2) * 23971.36 us |  }
 2)               |  vxlan_sock_release [vxlan]() {
 2)               |    synchronize_net() {
 2) + 78.076 us   |      synchronize_rcu_expedited();
 2) + 80.181 us   |    }
 2)               |    udp_tunnel_sock_release [udp_tunnel]() {
 2) * 16066.40 us |      synchronize_rcu();
 2) * 16078.10 us |    }
 2) * 16341.71 us |  }
 2)               |  vxlan_sock_release [vxlan]() {
 2)               |    synchronize_net() {
 2) ! 179.968 us  |      synchronize_rcu_expedited();
 2) ! 183.825 us  |    }
 2)               |    udp_tunnel_sock_release [udp_tunnel]() {
 2) * 15327.82 us |      synchronize_rcu();
 2) * 15346.80 us |    }
 2) * 15666.89 us |  }
 2)               |  vxlan_sock_release [vxlan]() {
 2)               |    synchronize_net() {
 2) ! 175.649 us  |      synchronize_rcu_expedited();
 2) ! 179.036 us  |    }
 2)               |    udp_tunnel_sock_release [udp_tunnel]() {
 2) * 15610.47 us |      synchronize_rcu();
 2) * 15618.34 us |    }
 2) * 15926.81 us |  }
 2)               |  vxlan_sock_release [vxlan]() {
 2)               |    synchronize_net() {
 2) + 49.954 us   |      synchronize_rcu_expedited();
 2) + 51.487 us   |    }
 2)               |    udp_tunnel_sock_release [udp_tunnel]() {
 2) * 15828.74 us |      synchronize_rcu();
 2) * 15839.56 us |    }
 2) * 16000.25 us |  }
 2)               |  vxlan_sock_release [vxlan]() {
 2)               |    synchronize_net() {
 2) ! 193.833 us  |      synchronize_rcu_expedited();
 2) ! 199.374 us  |    }
 2)               |    udp_tunnel_sock_release [udp_tunnel]() {
 2) * 15685.05 us |      synchronize_rcu();
 2) * 15698.26 us |    }
 2) * 15980.62 us |  }
 2)               |  vxlan_sock_release [vxlan]() {
 2)               |    synchronize_net() {
 2) ! 195.947 us  |      synchronize_rcu_expedited();
 2) ! 200.146 us  |    }
 2)               |    udp_tunnel_sock_release [udp_tunnel]() {
 2) * 15673.10 us |      synchronize_rcu();
 2) * 15685.02 us |    }
 2) * 16004.27 us |  }
 2)               |  vxlan_sock_release [vxlan]() {
 2)               |    synchronize_net() {
 2) + 63.739 us   |      synchronize_rcu_expedited();
 2) + 65.613 us   |    }
 2)               |    udp_tunnel_sock_release [udp_tunnel]() {
 2) * 31775.37 us |      synchronize_rcu();
 2) * 31790.35 us |    }
 2) * 31976.32 us |  }
 2)               |  vxlan_sock_release [vxlan]() {
 2)               |    synchronize_net() {
 2) ! 177.192 us  |      synchronize_rcu_expedited();
 2) ! 180.458 us  |    }
 2)               |    udp_tunnel_sock_release [udp_tunnel]() {
 2) * 15644.44 us |      synchronize_rcu();
 2) * 15656.60 us |    }
 2) * 15975.60 us |  }
 2)               |  vxlan_sock_release [vxlan]() {
 2)               |    synchronize_net() {
 2) ! 122.169 us  |      synchronize_rcu_expedited();
 2) ! 124.213 us  |    }
 2)               |    udp_tunnel_sock_release [udp_tunnel]() {
 2) * 15716.39 us |      synchronize_rcu();
 2) * 15723.59 us |    }
 2) * 15956.24 us |  }
 2)               |  vxlan_sock_release [vxlan]() {
 2)               |    synchronize_net() {
 2) ! 123.171 us  |      synchronize_rcu_expedited();
 2) ! 125.245 us  |    }
 2)               |    udp_tunnel_sock_release [udp_tunnel]() {
 2) * 15927.85 us |      synchronize_rcu();
 2) * 15938.76 us |    }
 2) * 16129.36 us |  }
 2)               |  vxlan_sock_release [vxlan]() {
 2)               |    synchronize_net() {
 2) ! 176.201 us  |      synchronize_rcu_expedited();
 2) ! 179.547 us  |    }
 2)               |    udp_tunnel_sock_release [udp_tunnel]() {
 2) * 15561.60 us |      synchronize_rcu();
 2) * 15575.14 us |    }
 2) * 15869.93 us |  }
 2)               |  vxlan_sock_release [vxlan]() {
 2)               |    synchronize_net() {
 2) ! 176.210 us  |      synchronize_rcu_expedited();
 2) ! 179.517 us  |    }
 2)               |    udp_tunnel_sock_release [udp_tunnel]() {
 2) * 15753.74 us |      synchronize_rcu();
 2) * 15764.90 us |    }
 2) * 16058.27 us |  }
 2)               |  vxlan_sock_release [vxlan]() {
 2)               |    synchronize_net() {
 2) ! 178.385 us  |      synchronize_rcu_expedited();
 2) ! 181.721 us  |    }
 2)               |    udp_tunnel_sock_release [udp_tunnel]() {
 2) * 15604.93 us |      synchronize_rcu();
 2) * 15616.22 us |    }
 2) * 15889.19 us |  }
 2)               |  vxlan_sock_release [vxlan]() {
 2)               |    synchronize_net() {
 2) ! 106.400 us  |      synchronize_rcu_expedited();
 2) ! 108.894 us  |    }
 2)               |    udp_tunnel_sock_release [udp_tunnel]() {
 2) * 19726.35 us |      synchronize_rcu();
 2) * 19737.58 us |    }
 2) * 19970.68 us |  }
 2)               |  vxlan_sock_release [vxlan]() {
 2)               |    synchronize_net() {
 2) ! 178.285 us  |      synchronize_rcu_expedited();
 2) ! 181.611 us  |    }
 2)               |    udp_tunnel_sock_release [udp_tunnel]() {
 2) * 19757.40 us |      synchronize_rcu();
 2) * 19764.25 us |    }
 2) * 20057.33 us |  }
 2)               |  vxlan_sock_release [vxlan]() {
 2)               |    synchronize_net() {
 2) + 58.830 us   |      synchronize_rcu_expedited();
 2) + 59.872 us   |    }
 2)               |    udp_tunnel_sock_release [udp_tunnel]() {
 2) * 15755.69 us |      synchronize_rcu();
 2) * 15766.19 us |    }
 2) * 15924.86 us |  }
 2)               |  vxlan_sock_release [vxlan]() {
 2)               |    synchronize_net() {
 2) + 69.801 us   |      synchronize_rcu_expedited();
 2) + 71.183 us   |    }
 2)               |    udp_tunnel_sock_release [udp_tunnel]() {
 2) * 15794.96 us |      synchronize_rcu();
 2) * 15805.48 us |    }
 2) * 15986.07 us |  }
 2)               |  vxlan_sock_release [vxlan]() {
 2)               |    synchronize_net() {
 2) + 62.968 us   |      synchronize_rcu_expedited();
 2) + 65.633 us   |    }
 2)               |    udp_tunnel_sock_release [udp_tunnel]() {
 2) * 24191.38 us |      synchronize_rcu();
 2) * 24202.90 us |    }
 2) * 24396.02 us |  }
 2)               |  vxlan_sock_release [vxlan]() {
 2)               |    synchronize_net() {
 2) + 98.144 us   |      synchronize_rcu_expedited();
 2) ! 100.588 us  |    }
 2)               |    udp_tunnel_sock_release [udp_tunnel]() {
 2) * 19351.84 us |      synchronize_rcu();
 2) * 19367.72 us |    }
 2) * 19603.18 us |  }
 2)               |  vxlan_sock_release [vxlan]() {
 2)               |    synchronize_net() {
 2) ! 169.738 us  |      synchronize_rcu_expedited();
 2) ! 174.427 us  |    }
 2)               |    udp_tunnel_sock_release [udp_tunnel]() {
 2) * 16039.78 us |      synchronize_rcu();
 2) * 16051.25 us |    }
 2) * 16352.43 us |  }
 2)               |  vxlan_sock_release [vxlan]() {
 2)               |    synchronize_net() {
 2) + 72.806 us   |      synchronize_rcu_expedited();
 2) + 75.592 us   |    }
 2)               |    udp_tunnel_sock_release [udp_tunnel]() {
 2) * 15336.78 us |      synchronize_rcu();
 2) * 15347.15 us |    }
 2) * 15558.04 us |  }
 2)               |  vxlan_sock_release [vxlan]() {
 2)               |    synchronize_net() {
 2) ! 211.306 us  |      synchronize_rcu_expedited();
 2) ! 215.614 us  |    }
 2)               |    udp_tunnel_sock_release [udp_tunnel]() {
 2) * 15629.48 us |      synchronize_rcu();
 2) * 15647.24 us |    }
 2) * 15999.39 us |  }
 2)               |  vxlan_sock_release [vxlan]() {
 2)               |    synchronize_net() {
 2) ! 190.447 us  |      synchronize_rcu_expedited();
 2) ! 194.274 us  |    }
 2)               |    udp_tunnel_sock_release [udp_tunnel]() {
 2) * 23627.20 us |      synchronize_rcu();
 2) * 23642.73 us |    }
 2) * 23966.44 us |  }
 2)               |  vxlan_sock_release [vxlan]() {
 2)               |    synchronize_net() {
 2) ! 175.319 us  |      synchronize_rcu_expedited();
 2) ! 178.665 us  |    }
 2)               |    udp_tunnel_sock_release [udp_tunnel]() {
 2) * 15659.07 us |      synchronize_rcu();
 2) * 15675.01 us |    }
 2) * 15993.20 us |  }
 2)               |  vxlan_sock_release [vxlan]() {
 2)               |    synchronize_net() {
 2) + 87.274 us   |      synchronize_rcu_expedited();
 2) + 89.538 us   |    }
 2)               |    udp_tunnel_sock_release [udp_tunnel]() {
 2) * 19693.89 us |      synchronize_rcu();
 2) * 19705.22 us |    }
 2) * 19933.37 us |  }
 2)               |  vxlan_sock_release [vxlan]() {
 2)               |    synchronize_net() {
 2) ! 122.700 us  |      synchronize_rcu_expedited();
 2) ! 124.814 us  |    }
 2)               |    udp_tunnel_sock_release [udp_tunnel]() {
 2) * 19742.06 us |      synchronize_rcu();
 2) * 19751.71 us |    }
 2) * 19989.26 us |  }
 2)               |  vxlan_sock_release [vxlan]() {
 2)               |    synchronize_net() {
 2) ! 135.294 us  |      synchronize_rcu_expedited();
 2) ! 137.458 us  |    }
 2)               |    udp_tunnel_sock_release [udp_tunnel]() {
 2) * 19746.80 us |      synchronize_rcu();
 2) * 19757.65 us |    }
 2) * 20009.91 us |  }
 2)               |  vxlan_sock_release [vxlan]() {
 2)               |    synchronize_net() {
 2) ! 175.920 us  |      synchronize_rcu_expedited();
 2) ! 180.308 us  |    }
 2)               |    udp_tunnel_sock_release [udp_tunnel]() {
 2) * 23593.60 us |      synchronize_rcu();
 2) * 23606.39 us |    }
 2) * 23981.53 us |  }
 2)               |  vxlan_sock_release [vxlan]() {
 2)               |    synchronize_net() {
 2) ! 176.972 us  |      synchronize_rcu_expedited();
 2) ! 180.258 us  |    }
 2)               |    udp_tunnel_sock_release [udp_tunnel]() {
 2) * 15645.72 us |      synchronize_rcu();
 2) * 15656.79 us |    }
 2) * 15977.13 us |  }
 2)               |  vxlan_sock_release [vxlan]() {
 2)               |    synchronize_net() {
 2) + 79.580 us   |      synchronize_rcu_expedited();
 2) + 81.684 us   |    }
 2)               |    udp_tunnel_sock_release [udp_tunnel]() {
 2) * 15702.94 us |      synchronize_rcu();
 2) * 15710.38 us |    }
 2) * 15936.31 us |  }
 2)               |  vxlan_sock_release [vxlan]() {
 2)               |    synchronize_net() {
 2) + 52.238 us   |      synchronize_rcu_expedited();
 2) + 53.962 us   |    }
 2)               |    udp_tunnel_sock_release [udp_tunnel]() {
 2) * 15850.02 us |      synchronize_rcu();
 2) * 15867.50 us |    }
 2) * 16036.05 us |  }
 2)               |  vxlan_sock_release [vxlan]() {
 2)               |    synchronize_net() {
 2) ! 167.374 us  |      synchronize_rcu_expedited();
 2) ! 170.640 us  |    }
 2)               |    udp_tunnel_sock_release [udp_tunnel]() {
 2) * 27705.66 us |      synchronize_rcu();
 2) * 27713.40 us |    }
 2) * 27973.49 us |  }
 2)               |  vxlan_sock_release [vxlan]() {
 2)               |    synchronize_net() {
 2) + 28.383 us   |      synchronize_rcu_expedited();
 2) + 29.685 us   |    }
 2)               |    udp_tunnel_sock_release [udp_tunnel]() {
 2) * 15809.45 us |      synchronize_rcu();
 2) * 15819.49 us |    }
 2) * 15971.73 us |  }
 2)               |  vxlan_sock_release [vxlan]() {
 2)               |    synchronize_net() {
 2) + 56.255 us   |      synchronize_rcu_expedited();
 2) + 58.159 us   |    }
 2)               |    udp_tunnel_sock_release [udp_tunnel]() {
 2) * 31711.15 us |      synchronize_rcu();
 2) * 31717.83 us |    }
 2) * 31907.78 us |  }
 2)               |  vxlan_sock_release [vxlan]() {
 2)               |    synchronize_net() {
 2) + 28.875 us   |      synchronize_rcu_expedited();
 2) + 29.956 us   |    }
 2)               |    udp_tunnel_sock_release [udp_tunnel]() {
 2) * 31865.91 us |      synchronize_rcu();
 2) * 31870.22 us |    }
 2) * 32009.52 us |  }
 2)               |  vxlan_sock_release [vxlan]() {
 2)               |    synchronize_net() {
 2) + 23.735 us   |      synchronize_rcu_expedited();
 2) + 24.747 us   |    }
 2)               |    udp_tunnel_sock_release [udp_tunnel]() {
 2) * 15809.30 us |      synchronize_rcu();
 2) * 15814.35 us |    }
 2) * 15960.20 us |  }
 2)               |  vxlan_sock_release [vxlan]() {
 2)               |    synchronize_net() {
 2) + 30.387 us   |      synchronize_rcu_expedited();
 2) + 31.419 us   |    }
 2)               |    udp_tunnel_sock_release [udp_tunnel]() {
 2) * 15849.75 us |      synchronize_rcu();
 2) * 15853.40 us |    }
 2) * 15987.00 us |  }
 2)               |  vxlan_sock_release [vxlan]() {
 2)               |    synchronize_net() {
 2) + 29.135 us   |      synchronize_rcu_expedited();
 2) + 30.156 us   |    }
 2)               |    udp_tunnel_sock_release [udp_tunnel]() {
 2) * 15841.55 us |      synchronize_rcu();
 2) * 15845.30 us |    }
 2) * 15987.90 us |  }
 2)               |  vxlan_sock_release [vxlan]() {
 2)               |    synchronize_net() {
 2) + 28.994 us   |      synchronize_rcu_expedited();
 2) + 29.896 us   |    }
 2)               |    udp_tunnel_sock_release [udp_tunnel]() {
 2) * 15908.54 us |      synchronize_rcu();
 2) * 15913.57 us |    }
 2) * 15995.88 us |  }
 2)               |  vxlan_sock_release [vxlan]() {
 2)               |    synchronize_net() {
 2) + 21.170 us   |      synchronize_rcu_expedited();
 2) + 22.261 us   |    }
 2)               |    udp_tunnel_sock_release [udp_tunnel]() {
 2) * 23873.82 us |      synchronize_rcu();
 2) * 23879.90 us |    }
 2) * 23989.34 us |  }
 2)               |  vxlan_sock_release [vxlan]() {
 2)               |    synchronize_net() {
 2) + 21.831 us   |      synchronize_rcu_expedited();
 2) + 23.003 us   |    }
 2)               |    udp_tunnel_sock_release [udp_tunnel]() {
 2) * 15871.63 us |      synchronize_rcu();
 2) * 15877.17 us |    }
 2) * 15995.22 us |  }
 2)               |  vxlan_sock_release [vxlan]() {
 2)               |    synchronize_net() {
 2) + 22.122 us   |      synchronize_rcu_expedited();
 2) + 23.284 us   |    }
 2)               |    udp_tunnel_sock_release [udp_tunnel]() {
 2) * 27846.65 us |      synchronize_rcu();
 2) * 27852.17 us |    }
 2) * 27982.67 us |  }
 2)               |  vxlan_sock_release [vxlan]() {
 2)               |    synchronize_net() {
 2) + 68.849 us   |      synchronize_rcu_expedited();
 2) + 69.971 us   |    }
 2)               |    udp_tunnel_sock_release [udp_tunnel]() {
 2) * 15781.72 us |      synchronize_rcu();
 2) * 15786.40 us |    }
 2) * 15986.89 us |  }
 2)               |  vxlan_sock_release [vxlan]() {
 2)               |    synchronize_net() {
 2) + 71.173 us   |      synchronize_rcu_expedited();
 2) + 72.276 us   |    }
 2)               |    udp_tunnel_sock_release [udp_tunnel]() {
 2) * 15785.67 us |      synchronize_rcu();
 2) * 15790.36 us |    }
 2) * 15987.93 us |  }
 2)               |  vxlan_sock_release [vxlan]() {
 2)               |    synchronize_net() {
 2) + 79.629 us   |      synchronize_rcu_expedited();
 2) + 81.103 us   |    }
 2)               |    udp_tunnel_sock_release [udp_tunnel]() {
 2) * 15681.87 us |      synchronize_rcu();
 0) * 23915.60 us |    }
 0) * 24128.93 us |  }
 0)               |  vxlan_sock_release [vxlan]() {
 0)               |    synchronize_net() {
 0) + 53.541 us   |      synchronize_rcu_expedited();
 0) + 55.464 us   |    }
 0)               |    udp_tunnel_sock_release [udp_tunnel]() {
 0) * 11743.22 us |      synchronize_rcu();
 0) * 11753.85 us |    }
 0) * 11946.36 us |  }
 0)               |  vxlan_sock_release [vxlan]() {
 0)               |    synchronize_net() {
 0) + 71.935 us   |      synchronize_rcu_expedited();
 0) + 74.180 us   |    }
 0)               |    udp_tunnel_sock_release [udp_tunnel]() {
 0) * 23736.05 us |      synchronize_rcu();
 0) * 23754.34 us |    }
 0) * 23966.99 us |  }
 0)               |  vxlan_sock_release [vxlan]() {
 0)               |    synchronize_net() {
 0) + 56.156 us   |      synchronize_rcu_expedited();
 0) + 57.938 us   |    }
 0)               |    udp_tunnel_sock_release [udp_tunnel]() {
 0) * 15799.92 us |      synchronize_rcu();
 0) * 15817.31 us |    }
 0) * 16005.38 us |  }
 0)               |  vxlan_sock_release [vxlan]() {
 0)               |    synchronize_net() {
 0) + 57.297 us   |      synchronize_rcu_expedited();
 0) + 59.141 us   |    }
 0)               |    udp_tunnel_sock_release [udp_tunnel]() {
 0) * 19735.00 us |      synchronize_rcu();
 0) * 19747.09 us |    }
 0) * 19940.47 us |  }
 0)               |  vxlan_sock_release [vxlan]() {
 0)               |    synchronize_net() {
 0) + 55.945 us   |      synchronize_rcu_expedited();
 0) + 57.809 us   |    }
 0)               |    udp_tunnel_sock_release [udp_tunnel]() {
 0) * 15761.52 us |      synchronize_rcu();
 0) * 15770.38 us |    }
 0) * 15958.47 us |  }
 0)               |  vxlan_sock_release [vxlan]() {
 0)               |    synchronize_net() {
 0) + 29.014 us   |      synchronize_rcu_expedited();
 0) + 30.407 us   |    }
 0)               |    udp_tunnel_sock_release [udp_tunnel]() {
 0) * 16279.93 us |      synchronize_rcu();
 0) * 16290.11 us |    }
 0) * 16426.65 us |  }
 0)               |  vxlan_sock_release [vxlan]() {
 0)               |    synchronize_net() {
 0) + 67.376 us   |      synchronize_rcu_expedited();
 0) + 70.021 us   |    }
 0)               |    udp_tunnel_sock_release [udp_tunnel]() {
 0) * 19354.50 us |      synchronize_rcu();
 0) * 19367.16 us |    }
 0) * 19567.61 us |  }
 0)               |  vxlan_sock_release [vxlan]() {
 0)               |    synchronize_net() {
 0) ! 163.487 us  |      synchronize_rcu_expedited();
 0) ! 166.782 us  |    }
 0)               |    udp_tunnel_sock_release [udp_tunnel]() {
 0) * 19697.07 us |      synchronize_rcu();
 0) * 19711.92 us |    }
 0) * 19969.29 us |  }
 0)               |  vxlan_sock_release [vxlan]() {
 0)               |    synchronize_net() {
 0) + 94.658 us   |      synchronize_rcu_expedited();
 0) + 97.303 us   |    }
 0)               |    udp_tunnel_sock_release [udp_tunnel]() {
 0) * 19754.65 us |      synchronize_rcu();
 0) * 19769.83 us |    }
 0) * 20004.35 us |  }
 0)               |  vxlan_sock_release [vxlan]() {
 0)               |    synchronize_net() {
 0) ! 178.275 us  |      synchronize_rcu_expedited();
 0) ! 181.711 us  |    }
 0)               |    udp_tunnel_sock_release [udp_tunnel]() {
 0) * 19641.23 us |      synchronize_rcu();
 0) * 19655.23 us |    }
 0) * 19951.74 us |  }
 0)               |  vxlan_sock_release [vxlan]() {
 0)               |    synchronize_net() {
 0) ! 177.262 us  |      synchronize_rcu_expedited();
 0) ! 180.659 us  |    }
 0)               |    udp_tunnel_sock_release [udp_tunnel]() {
 0) * 19679.91 us |      synchronize_rcu();
 0) * 19697.44 us |    }
 0) * 19996.98 us |  }
 0)               |  vxlan_sock_release [vxlan]() {
 0)               |    synchronize_net() {
 0) ! 172.854 us  |      synchronize_rcu_expedited();
 0) ! 176.240 us  |    }
 0)               |    udp_tunnel_sock_release [udp_tunnel]() {
 0) * 16915.70 us |      synchronize_rcu();
 0) * 16927.50 us |    }
 0) * 17221.60 us |  }
 0)               |  vxlan_sock_release [vxlan]() {
 0)               |    synchronize_net() {
 0) ! 177.873 us  |      synchronize_rcu_expedited();
 0) ! 182.141 us  |    }
 0)               |    udp_tunnel_sock_release [udp_tunnel]() {
 0) * 22498.26 us |      synchronize_rcu();
 0) * 22510.28 us |    }
 0) * 22826.87 us |  }
 0)               |  vxlan_sock_release [vxlan]() {
 0)               |    synchronize_net() {
 0) ! 176.481 us  |      synchronize_rcu_expedited();
 0) ! 180.369 us  |    }
 0)               |    udp_tunnel_sock_release [udp_tunnel]() {
 0) * 19666.65 us |      synchronize_rcu();
 0) * 19683.07 us |    }
 0) * 19983.54 us |  }
 0)               |  vxlan_sock_release [vxlan]() {
 0)               |    synchronize_net() {
 0) ! 204.554 us  |      synchronize_rcu_expedited();
 0) ! 209.273 us  |    }
 0)               |    udp_tunnel_sock_release [udp_tunnel]() {
 0) * 23486.63 us |      synchronize_rcu();
 0) * 23497.48 us |    }
 0) * 23832.26 us |  }
 0)               |  vxlan_sock_release [vxlan]() {
 0)               |    synchronize_net() {
 0) ! 123.632 us  |      synchronize_rcu_expedited();
 0) ! 125.796 us  |    }
 0)               |    udp_tunnel_sock_release [udp_tunnel]() {
 0) * 15754.66 us |      synchronize_rcu();
 0) * 15765.30 us |    }
 0) * 16010.99 us |  }
 0)               |  vxlan_sock_release [vxlan]() {
 0)               |    synchronize_net() {
 0) ! 107.031 us  |      synchronize_rcu_expedited();
 0) ! 109.816 us  |    }
 0)               |    udp_tunnel_sock_release [udp_tunnel]() {
 0) * 19722.11 us |      synchronize_rcu();
 0) * 19733.40 us |    }
 0) * 19986.39 us |  }
 0)               |  vxlan_sock_release [vxlan]() {
 0)               |    synchronize_net() {
 0) ! 180.218 us  |      synchronize_rcu_expedited();
 0) ! 183.665 us  |    }
 0)               |    udp_tunnel_sock_release [udp_tunnel]() {
 0) * 15690.76 us |      synchronize_rcu();
 0) * 15702.00 us |    }
 0) * 15976.61 us |  }
 0)               |  vxlan_sock_release [vxlan]() {
 0)               |    synchronize_net() {
 0) ! 179.908 us  |      synchronize_rcu_expedited();
 0) ! 183.264 us  |    }
 0)               |    udp_tunnel_sock_release [udp_tunnel]() {
 0) * 19743.56 us |      synchronize_rcu();
 0) * 19754.71 us |    }
 0) * 20053.51 us |  }
 0)               |  vxlan_sock_release [vxlan]() {
 0)               |    synchronize_net() {
 0) ! 177.924 us  |      synchronize_rcu_expedited();
 0) ! 181.240 us  |    }
 0)               |    udp_tunnel_sock_release [udp_tunnel]() {
 0) * 23679.82 us |      synchronize_rcu();
 0) * 23690.98 us |    }
 0) * 23987.15 us |  }
 0)               |  vxlan_sock_release [vxlan]() {
 0)               |    synchronize_net() {
 0) ! 177.332 us  |      synchronize_rcu_expedited();
 0) ! 180.729 us  |    }
 0)               |    udp_tunnel_sock_release [udp_tunnel]() {
 0) * 19589.82 us |      synchronize_rcu();
 0) * 19600.73 us |    }
 0) * 19898.74 us |  }
 0)               |  vxlan_sock_release [vxlan]() {
 0)               |    synchronize_net() {
 0) ! 177.443 us  |      synchronize_rcu_expedited();
 0) ! 180.839 us  |    }
 0)               |    udp_tunnel_sock_release [udp_tunnel]() {
 0) * 19646.70 us |      synchronize_rcu();
 0) * 19657.69 us |    }
 0) * 19973.83 us |  }
 0)               |  vxlan_sock_release [vxlan]() {
 0)               |    synchronize_net() {
 0) ! 176.180 us  |      synchronize_rcu_expedited();
 0) ! 179.626 us  |    }
 0)               |    udp_tunnel_sock_release [udp_tunnel]() {
 0) * 19681.25 us |      synchronize_rcu();
 0) * 19688.98 us |    }
 0) * 19963.87 us |  }
 0)               |  vxlan_sock_release [vxlan]() {
 0)               |    synchronize_net() {
 0) ! 122.490 us  |      synchronize_rcu_expedited();
 0) ! 125.184 us  |    }
 0)               |    udp_tunnel_sock_release [udp_tunnel]() {
 0) * 15780.63 us |      synchronize_rcu();
 0) * 15796.70 us |    }
 0) * 16016.57 us |  }
 0)               |  vxlan_sock_release [vxlan]() {
 0)               |    synchronize_net() {
 0) ! 180.709 us  |      synchronize_rcu_expedited();
 0) ! 184.205 us  |    }
 0)               |    udp_tunnel_sock_release [udp_tunnel]() {
 0) * 27800.20 us |      synchronize_rcu();
 2) * 15704.57 us |    }
 2) * 16007.23 us |  }
 2)               |  vxlan_sock_release [vxlan]() {
 2)               |    synchronize_net() {
 2) ! 106.881 us  |      synchronize_rcu_expedited();
 2) ! 108.173 us  |    }
 2)               |    udp_tunnel_sock_release [udp_tunnel]() {
 2) * 11642.12 us |      synchronize_rcu();
 2) * 11646.88 us |    }
 2) * 11866.52 us |  }
 2)               |  vxlan_sock_release [vxlan]() {
 2)               |    synchronize_net() {
 2) + 72.866 us   |      synchronize_rcu_expedited();
 2) + 74.029 us   |    }
 2)               |    udp_tunnel_sock_release [udp_tunnel]() {
 2) * 15814.04 us |      synchronize_rcu();
 2) * 15819.01 us |    }
 2) * 15985.59 us |  }
 2)               |  vxlan_sock_release [vxlan]() {
 2)               |    synchronize_net() {
 2) + 93.064 us   |      synchronize_rcu_expedited();
 2) + 94.176 us   |    }
 2)               |    udp_tunnel_sock_release [udp_tunnel]() {
 2) * 19797.81 us |      synchronize_rcu();
 2) * 19808.30 us |    }
 2) * 20010.17 us |  }
 2)               |  vxlan_sock_release [vxlan]() {
 2)               |    synchronize_net() {
 2) + 43.511 us   |      synchronize_rcu_expedited();
 2) + 45.516 us   |    }
 2)               |    udp_tunnel_sock_release [udp_tunnel]() {
 2) * 15914.77 us |      synchronize_rcu();
 2) * 15926.23 us |    }
 2) * 16099.16 us |  }
 2)               |  vxlan_sock_release [vxlan]() {
 2)               |    synchronize_net() {
 2) + 71.625 us   |      synchronize_rcu_expedited();
 2) + 73.748 us   |    }
 2)               |    udp_tunnel_sock_release [udp_tunnel]() {
 2) * 15772.25 us |      synchronize_rcu();
 2) * 15783.96 us |    }
 2) * 15939.70 us |  }
 2)               |  vxlan_sock_release [vxlan]() {
 2)               |    synchronize_net() {
 2) + 43.492 us   |      synchronize_rcu_expedited();
 2) + 45.305 us   |    }
 2)               |    udp_tunnel_sock_release [udp_tunnel]() {
 2) * 15762.33 us |      synchronize_rcu();
 2) * 15774.19 us |    }
 2) * 15979.56 us |  }
 2)               |  vxlan_sock_release [vxlan]() {
 2)               |    synchronize_net() {
 2) + 40.626 us   |      synchronize_rcu_expedited();
 2) + 42.480 us   |    }
 2)               |    udp_tunnel_sock_release [udp_tunnel]() {
 2) * 15856.74 us |      synchronize_rcu();
 2) * 15867.32 us |    }
 2) * 16024.23 us |  }
 2)               |  vxlan_sock_release [vxlan]() {
 2)               |    synchronize_net() {
 2) + 43.441 us   |      synchronize_rcu_expedited();
 2) + 45.305 us   |    }
 2)               |    udp_tunnel_sock_release [udp_tunnel]() {
 2) * 15747.42 us |      synchronize_rcu();
 2) * 15758.00 us |    }
 2) * 15913.84 us |  }
 2)               |  vxlan_sock_release [vxlan]() {
 2)               |    synchronize_net() {
 2) + 43.010 us   |      synchronize_rcu_expedited();
 2) + 44.834 us   |    }
 2)               |    udp_tunnel_sock_release [udp_tunnel]() {
 2) * 15892.31 us |      synchronize_rcu();
 2) * 15902.98 us |    }
 2) * 16057.84 us |  }
 2)               |  vxlan_sock_release [vxlan]() {
 2)               |    synchronize_net() {
 2) + 45.094 us   |      synchronize_rcu_expedited();
 2) + 46.988 us   |    }
 2)               |    udp_tunnel_sock_release [udp_tunnel]() {
 2) * 15744.41 us |      synchronize_rcu();
 2) * 15755.08 us |    }
 2) * 15912.92 us |  }
 2)               |  vxlan_sock_release [vxlan]() {
 2)               |    synchronize_net() {
 2) + 40.836 us   |      synchronize_rcu_expedited();
 2) + 42.670 us   |    }
 2)               |    udp_tunnel_sock_release [udp_tunnel]() {
 2) * 15804.16 us |      synchronize_rcu();
 2) * 15815.55 us |    }
 2) * 15982.45 us |  }
 2)               |  vxlan_sock_release [vxlan]() {
 2)               |    synchronize_net() {
 2) + 45.997 us   |      synchronize_rcu_expedited();
 2) + 48.641 us   |    }
 2)               |    udp_tunnel_sock_release [udp_tunnel]() {
 2) * 23808.03 us |      synchronize_rcu();
 2) * 23818.73 us |    }
 2) * 23976.48 us |  }
 2)               |  vxlan_sock_release [vxlan]() {
 2)               |    synchronize_net() {
 2) + 86.031 us   |      synchronize_rcu_expedited();
 2) + 88.827 us   |    }
 2)               |    udp_tunnel_sock_release [udp_tunnel]() {
 2) * 16036.27 us |      synchronize_rcu();
 0) * 27814.25 us |    }
 0) * 28020.16 us |  }
 0)               |  vxlan_sock_release [vxlan]() {
 0)               |    synchronize_net() {
 0) + 39.574 us   |      synchronize_rcu_expedited();
 0) + 41.517 us   |    }
 0)               |    udp_tunnel_sock_release [udp_tunnel]() {
 0) * 23721.10 us |      synchronize_rcu();
 0) * 23732.00 us |    }
 0) * 23918.77 us |  }
 0)               |  vxlan_sock_release [vxlan]() {
 0)               |    synchronize_net() {
 0) + 47.269 us   |      synchronize_rcu_expedited();
 0) + 49.933 us   |    }
 0)               |    udp_tunnel_sock_release [udp_tunnel]() {
 0) * 23831.92 us |      synchronize_rcu();
 2) * 16052.92 us |    }
 2) * 16202.10 us |  }
 2)               |  vxlan_sock_release [vxlan]() {
 2)               |    synchronize_net() {
 2) ! 174.628 us  |      synchronize_rcu_expedited();
 2) ! 177.823 us  |    }
 2)               |    udp_tunnel_sock_release [udp_tunnel]() {
 2) * 15555.66 us |      synchronize_rcu();
 2) * 15568.33 us |    }
 2) * 15868.69 us |  }
 2)               |  vxlan_sock_release [vxlan]() {
 2)               |    synchronize_net() {
 2) ! 180.018 us  |      synchronize_rcu_expedited();
 2) ! 183.815 us  |    }
 2)               |    udp_tunnel_sock_release [udp_tunnel]() {
 2) * 15600.90 us |      synchronize_rcu();
 2) * 15617.34 us |    }
 2) * 15877.90 us |  }
 2)               |  vxlan_sock_release [vxlan]() {
 2)               |    synchronize_net() {
 2) ! 179.897 us  |      synchronize_rcu_expedited();
 2) ! 183.704 us  |    }
 2)               |    udp_tunnel_sock_release [udp_tunnel]() {
 2) * 15655.41 us |      synchronize_rcu();
 2) * 15673.19 us |    }
 2) * 15976.81 us |  }
 2)               |  vxlan_sock_release [vxlan]() {
 2)               |    synchronize_net() {
 2) ! 188.122 us  |      synchronize_rcu_expedited();
 2) ! 193.893 us  |    }
 2)               |    udp_tunnel_sock_release [udp_tunnel]() {
 2) * 15758.66 us |      synchronize_rcu();
 2) * 15771.66 us |    }
 2) * 16089.95 us |  }
 2)               |  vxlan_sock_release [vxlan]() {
 2)               |    synchronize_net() {
 2) ! 177.092 us  |      synchronize_rcu_expedited();
 2) ! 181.520 us  |    }
 2)               |    udp_tunnel_sock_release [udp_tunnel]() {
 2) * 15674.33 us |      synchronize_rcu();
 2) * 15690.71 us |    }
 2) * 15994.82 us |  }
 2)               |  vxlan_sock_release [vxlan]() {
 2)               |    synchronize_net() {
 2) ! 174.658 us  |      synchronize_rcu_expedited();
 2) ! 177.813 us  |    }
 2)               |    udp_tunnel_sock_release [udp_tunnel]() {
 2) * 15568.53 us |      synchronize_rcu();
 2) * 15576.78 us |    }
 2) * 15832.67 us |  }
 2)               |  vxlan_sock_release [vxlan]() {
 2)               |    synchronize_net() {
 2) ! 123.752 us  |      synchronize_rcu_expedited();
 2) ! 126.447 us  |    }
 2)               |    udp_tunnel_sock_release [udp_tunnel]() {
 2) * 27761.62 us |      synchronize_rcu();
 2) * 27778.63 us |    }
 2) * 28014.21 us |  }
 2)               |  vxlan_sock_release [vxlan]() {
 2)               |    synchronize_net() {
 2) ! 175.359 us  |      synchronize_rcu_expedited();
 2) ! 178.545 us  |    }
 2)               |    udp_tunnel_sock_release [udp_tunnel]() {
 2) * 15646.06 us |      synchronize_rcu();
 2) * 15663.10 us |    }
 2) * 15967.33 us |  }
 2)               |  vxlan_sock_release [vxlan]() {
 2)               |    synchronize_net() {
 2) ! 179.737 us  |      synchronize_rcu_expedited();
 2) ! 183.123 us  |    }
 2)               |    udp_tunnel_sock_release [udp_tunnel]() {
 2) * 19645.94 us |      synchronize_rcu();
 2) * 19656.97 us |    }
 2) * 19962.30 us |  }
 2)               |  vxlan_sock_release [vxlan]() {
 2)               |    synchronize_net() {
 2) ! 177.482 us  |      synchronize_rcu_expedited();
 2) ! 181.461 us  |    }
 2)               |    udp_tunnel_sock_release [udp_tunnel]() {
 2) * 15922.87 us |      synchronize_rcu();
 2) * 15930.75 us |    }
 2) * 16232.83 us |  }
 2)               |  vxlan_sock_release [vxlan]() {
 2)               |    synchronize_net() {
 2) + 54.282 us   |      synchronize_rcu_expedited();
 2) + 55.834 us   |    }
 2)               |    udp_tunnel_sock_release [udp_tunnel]() {
 2) * 27576.55 us |      synchronize_rcu();
 2) * 27591.67 us |    }
 2) * 27748.80 us |  }
 2)               |  vxlan_sock_release [vxlan]() {
 2)               |    synchronize_net() {
 2) ! 171.812 us  |      synchronize_rcu_expedited();
 2) ! 175.048 us  |    }
 2)               |    udp_tunnel_sock_release [udp_tunnel]() {
 2) * 19768.17 us |      synchronize_rcu();
 2) * 19779.41 us |    }
 2) * 20077.25 us |  }
 2)               |  vxlan_sock_release [vxlan]() {
 2)               |    synchronize_net() {
 2) ! 184.025 us  |      synchronize_rcu_expedited();
 2) ! 187.361 us  |    }
 2)               |    udp_tunnel_sock_release [udp_tunnel]() {
 2) * 19670.67 us |      synchronize_rcu();
 2) * 19685.69 us |    }
 2) * 20011.38 us |  }
 2)               |  vxlan_sock_release [vxlan]() {
 2)               |    synchronize_net() {
 2) ! 182.282 us  |      synchronize_rcu_expedited();
 2) ! 185.999 us  |    }
 2)               |    udp_tunnel_sock_release [udp_tunnel]() {
 2) * 15616.15 us |      synchronize_rcu();
 2) * 15627.40 us |    }
 2) * 15934.96 us |  }
 2)               |  vxlan_sock_release [vxlan]() {
 2)               |    synchronize_net() {
 2) + 92.393 us   |      synchronize_rcu_expedited();
 2) + 95.600 us   |    }
 2)               |    udp_tunnel_sock_release [udp_tunnel]() {
 2) * 27771.28 us |      synchronize_rcu();
 2) * 27790.42 us |    }
 2) * 28014.41 us |  }
 2)               |  vxlan_sock_release [vxlan]() {
 2)               |    synchronize_net() {
 2) ! 179.647 us  |      synchronize_rcu_expedited();
 2) ! 182.913 us  |    }
 2)               |    udp_tunnel_sock_release [udp_tunnel]() {
 2) * 15826.59 us |      synchronize_rcu();
 2) * 15834.19 us |    }
 2) * 16166.93 us |  }
 2)               |  vxlan_sock_release [vxlan]() {
 2)               |    synchronize_net() {
 2) + 56.075 us   |      synchronize_rcu_expedited();
 2) + 57.798 us   |    }
 2)               |    udp_tunnel_sock_release [udp_tunnel]() {
 2) * 15473.75 us |      synchronize_rcu();
 2) * 15490.36 us |    }
 2) * 15667.38 us |  }
 2)               |  vxlan_sock_release [vxlan]() {
 2)               |    synchronize_net() {
 2) ! 187.321 us  |      synchronize_rcu_expedited();
 2) ! 191.449 us  |    }
 2)               |    udp_tunnel_sock_release [udp_tunnel]() {
 2) * 23599.57 us |      synchronize_rcu();
 2) * 23608.14 us |    }
 2) * 23945.85 us |  }
 2)               |  vxlan_sock_release [vxlan]() {
 2)               |    synchronize_net() {
 2) ! 121.478 us  |      synchronize_rcu_expedited();
 2) ! 123.922 us  |    }
 2)               |    udp_tunnel_sock_release [udp_tunnel]() {
 2) * 15764.62 us |      synchronize_rcu();
 2) * 15780.91 us |    }
 2) * 16016.03 us |  }
 2)               |  vxlan_sock_release [vxlan]() {
 2)               |    synchronize_net() {
 2) + 95.329 us   |      synchronize_rcu_expedited();
 2) + 97.833 us   |    }
 2)               |    udp_tunnel_sock_release [udp_tunnel]() {
 2) * 23728.96 us |      synchronize_rcu();
 2) * 23739.89 us |    }
 2) * 23971.11 us |  }
 2)               |  vxlan_sock_release [vxlan]() {
 2)               |    synchronize_net() {
 2) ! 179.987 us  |      synchronize_rcu_expedited();
 2) ! 183.194 us  |    }
 2)               |    udp_tunnel_sock_release [udp_tunnel]() {
 2) * 24060.65 us |      synchronize_rcu();
 2) * 24071.69 us |    }
 2) * 24382.25 us |  }
 2)               |  vxlan_sock_release [vxlan]() {
 2)               |    synchronize_net() {
 2) ! 188.583 us  |      synchronize_rcu_expedited();
 2) ! 192.582 us  |    }
 2)               |    udp_tunnel_sock_release [udp_tunnel]() {
 2) * 15230.85 us |      synchronize_rcu();
 2) * 15242.45 us |    }
 2) * 15573.73 us |  }
 2)               |  vxlan_sock_release [vxlan]() {
 2)               |    synchronize_net() {
 2) ! 178.995 us  |      synchronize_rcu_expedited();
 2) ! 182.291 us  |    }
 2)               |    udp_tunnel_sock_release [udp_tunnel]() {
 2) * 23637.10 us |      synchronize_rcu();
 2) * 23641.51 us |    }
 2) * 23909.37 us |  }
 2)               |  vxlan_sock_release [vxlan]() {
 2)               |    synchronize_net() {
 2) + 68.438 us   |      synchronize_rcu_expedited();
 2) + 69.510 us   |    }
 2)               |    udp_tunnel_sock_release [udp_tunnel]() {
 2) * 19906.85 us |      synchronize_rcu();
 2) * 19917.32 us |    }
 2) * 20081.84 us |  }
 2)               |  vxlan_sock_release [vxlan]() {
 2)               |    synchronize_net() {
 2) ! 177.754 us  |      synchronize_rcu_expedited();
 2) ! 181.060 us  |    }
 2)               |    udp_tunnel_sock_release [udp_tunnel]() {
 2) * 15665.62 us |      synchronize_rcu();
 2) * 15680.32 us |    }
 2) * 15971.69 us |  }
 2)               |  vxlan_sock_release [vxlan]() {
 2)               |    synchronize_net() {
 2) ! 176.802 us  |      synchronize_rcu_expedited();
 2) ! 180.068 us  |    }
 2)               |    udp_tunnel_sock_release [udp_tunnel]() {
 2) * 19639.78 us |      synchronize_rcu();
 2) * 19653.18 us |    }
 2) * 19969.96 us |  }
 2)               |  vxlan_sock_release [vxlan]() {
 2)               |    synchronize_net() {
 2) ! 178.294 us  |      synchronize_rcu_expedited();
 2) ! 181.881 us  |    }
 2)               |    udp_tunnel_sock_release [udp_tunnel]() {
 2) * 15660.38 us |      synchronize_rcu();
 2) * 15673.89 us |    }
 2) * 15975.83 us |  }
 2)               |  vxlan_sock_release [vxlan]() {
 2)               |    synchronize_net() {
 2) ! 174.367 us  |      synchronize_rcu_expedited();
 2) ! 178.355 us  |    }
 2)               |    udp_tunnel_sock_release [udp_tunnel]() {
 2) * 15649.10 us |      synchronize_rcu();
 2) * 15661.84 us |    }
 2) * 15955.01 us |  }
 2)               |  vxlan_sock_release [vxlan]() {
 2)               |    synchronize_net() {
 2) * 20099.93 us |      synchronize_rcu_expedited();
 2) * 20105.93 us |    }
 2)               |    udp_tunnel_sock_release [udp_tunnel]() {
 2) * 23707.33 us |      synchronize_rcu();
 2) * 23719.28 us |    }
 2) * 43980.42 us |  }
 2)               |  vxlan_sock_release [vxlan]() {
 2)               |    synchronize_net() {
 2) + 60.985 us   |      synchronize_rcu_expedited();
 2) + 62.938 us   |    }
 2)               |    udp_tunnel_sock_release [udp_tunnel]() {
 2) * 23809.81 us |      synchronize_rcu();
 2) * 23820.47 us |    }
 2) * 24004.47 us |  }
 2)               |  vxlan_sock_release [vxlan]() {
 2)               |    synchronize_net() {
 2) + 52.960 us   |      synchronize_rcu_expedited();
 2) + 55.394 us   |    }
 2)               |    udp_tunnel_sock_release [udp_tunnel]() {
 2) * 23850.28 us |      synchronize_rcu();
 2) * 23864.09 us |    }
 2) * 24067.83 us |  }
 2)               |  vxlan_sock_release [vxlan]() {
 2)               |    synchronize_net() {
 2) + 68.238 us   |      synchronize_rcu_expedited();
 2) + 70.392 us   |    }
 2)               |    udp_tunnel_sock_release [udp_tunnel]() {
 2) * 15736.86 us |      synchronize_rcu();
 2) * 15747.65 us |    }
 2) * 15962.57 us |  }
 2)               |  vxlan_sock_release [vxlan]() {
 2)               |    synchronize_net() {
 2) + 59.422 us   |      synchronize_rcu_expedited();
 2) + 61.816 us   |    }
 2)               |    udp_tunnel_sock_release [udp_tunnel]() {
 2) * 23695.70 us |      synchronize_rcu();
 2) * 23714.37 us |    }
 2) * 23909.32 us |  }
 2)               |  vxlan_sock_release [vxlan]() {
 2)               |    synchronize_net() {
 2) + 72.576 us   |      synchronize_rcu_expedited();
 2) + 74.830 us   |    }
 2)               |    udp_tunnel_sock_release [udp_tunnel]() {
 2) * 15833.40 us |      synchronize_rcu();
 2) * 15844.10 us |    }
 2) * 16064.35 us |  }
 2)               |  vxlan_sock_release [vxlan]() {
 2)               |    synchronize_net() {
 2) + 58.109 us   |      synchronize_rcu_expedited();
 2) + 60.163 us   |    }
 2)               |    udp_tunnel_sock_release [udp_tunnel]() {
 2) * 23743.33 us |      synchronize_rcu();
 2) * 23754.00 us |    }
 2) * 23899.99 us |  }
 2)               |  vxlan_sock_release [vxlan]() {
 2)               |    synchronize_net() {
 2) + 37.651 us   |      synchronize_rcu_expedited();
 2) + 39.594 us   |    }
 2)               |    udp_tunnel_sock_release [udp_tunnel]() {
 2) * 15794.16 us |      synchronize_rcu();
 2) * 15804.80 us |    }
 2) * 15969.25 us |  }
 2)               |  vxlan_sock_release [vxlan]() {
 2)               |    synchronize_net() {
 2) + 78.036 us   |      synchronize_rcu_expedited();
 2) + 80.481 us   |    }
 2)               |    udp_tunnel_sock_release [udp_tunnel]() {
 2) * 15786.14 us |      synchronize_rcu();
 2) * 15796.71 us |    }
 2) * 15989.62 us |  }
 2)               |  vxlan_sock_release [vxlan]() {
 2)               |    synchronize_net() {
 2) + 59.722 us   |      synchronize_rcu_expedited();
 2) + 61.636 us   |    }
 2)               |    udp_tunnel_sock_release [udp_tunnel]() {
 2) * 23848.30 us |      synchronize_rcu();
 2) * 23859.30 us |    }
 2) * 23990.83 us |  }
 2)               |  vxlan_sock_release [vxlan]() {
 2)               |    synchronize_net() {
 2) + 54.763 us   |      synchronize_rcu_expedited();
 2) + 57.458 us   |    }
 2)               |    udp_tunnel_sock_release [udp_tunnel]() {
 2) * 23826.23 us |      synchronize_rcu();
 2) * 23837.61 us |    }
 2) * 24005.91 us |  }
 2)               |  vxlan_sock_release [vxlan]() {
 2)               |    synchronize_net() {
 2) + 56.125 us   |      synchronize_rcu_expedited();
 2) + 58.129 us   |    }
 2)               |    udp_tunnel_sock_release [udp_tunnel]() {
 2) * 15734.94 us |      synchronize_rcu();
 2) * 15745.39 us |    }
 2) * 15930.89 us |  }
 2)               |  vxlan_sock_release [vxlan]() {
 2)               |    synchronize_net() {
 2) + 48.040 us   |      synchronize_rcu_expedited();
 2) + 50.124 us   |    }
 2)               |    udp_tunnel_sock_release [udp_tunnel]() {
 2) * 15804.16 us |      synchronize_rcu();
 2) * 15814.87 us |    }
 2) * 15977.68 us |  }
 2)               |  vxlan_sock_release [vxlan]() {
 2)               |    synchronize_net() {
 2) + 46.968 us   |      synchronize_rcu_expedited();
 2) + 48.881 us   |    }
 2)               |    udp_tunnel_sock_release [udp_tunnel]() {
 2) * 19861.18 us |      synchronize_rcu();
 2) * 19872.12 us |    }
 2) * 20036.64 us |  }
 2)               |  vxlan_sock_release [vxlan]() {
 2)               |    synchronize_net() {
 2) + 58.209 us   |      synchronize_rcu_expedited();
 2) + 60.083 us   |    }
 2)               |    udp_tunnel_sock_release [udp_tunnel]() {
 2) * 15744.24 us |      synchronize_rcu();
 2) * 15754.87 us |    }
 2) * 15927.50 us |  }
 2)               |  vxlan_sock_release [vxlan]() {
 2)               |    synchronize_net() {
 2) + 48.411 us   |      synchronize_rcu_expedited();
 2) + 50.565 us   |    }
 2)               |    udp_tunnel_sock_release [udp_tunnel]() {
 2) * 23804.63 us |      synchronize_rcu();
 2) * 23816.40 us |    }
 2) * 23979.96 us |  }
 2)               |  vxlan_sock_release [vxlan]() {
 2)               |    synchronize_net() {
 2) + 55.193 us   |      synchronize_rcu_expedited();
 2) + 57.408 us   |    }
 2)               |    udp_tunnel_sock_release [udp_tunnel]() {
 2) * 15819.06 us |      synchronize_rcu();
 2) * 15830.62 us |    }
 2) * 16051.91 us |  }
 2)               |  vxlan_sock_release [vxlan]() {
 2)               |    synchronize_net() {
 2) + 97.853 us   |      synchronize_rcu_expedited();
 2) + 99.877 us   |    }
 2)               |    udp_tunnel_sock_release [udp_tunnel]() {
 2) * 19751.45 us |      synchronize_rcu();
 2) * 19762.42 us |    }
 2) * 19975.54 us |  }
 2)               |  vxlan_sock_release [vxlan]() {
 2)               |    synchronize_net() {
 2) + 54.953 us   |      synchronize_rcu_expedited();
 2) + 56.767 us   |    }
 2)               |    udp_tunnel_sock_release [udp_tunnel]() {
 2) * 23716.59 us |      synchronize_rcu();
 2) * 23728.91 us |    }
 2) * 23902.28 us |  }
 2)               |  vxlan_sock_release [vxlan]() {
 2)               |    synchronize_net() {
 2) + 54.903 us   |      synchronize_rcu_expedited();
 2) + 56.776 us   |    }
 2)               |    udp_tunnel_sock_release [udp_tunnel]() {
 2) * 15719.01 us |      synchronize_rcu();
 2) * 15724.40 us |    }
 2) * 15895.82 us |  }
 2)               |  vxlan_sock_release [vxlan]() {
 2)               |    synchronize_net() {
 2) + 69.029 us   |      synchronize_rcu_expedited();
 2) + 70.222 us   |    }
 2)               |    udp_tunnel_sock_release [udp_tunnel]() {
 2) * 15798.31 us |      synchronize_rcu();
 2) * 15802.44 us |    }
 2) * 15993.16 us |  }
 2)               |  vxlan_sock_release [vxlan]() {
 2)               |    synchronize_net() {
 2) + 64.231 us   |      synchronize_rcu_expedited();
 2) + 65.292 us   |    }
 2)               |    udp_tunnel_sock_release [udp_tunnel]() {
 2) * 15812.53 us |      synchronize_rcu();
 2) * 15816.16 us |    }
 2) * 15987.80 us |  }
 2)               |  vxlan_sock_release [vxlan]() {
 2)               |    synchronize_net() {
 2) + 63.970 us   |      synchronize_rcu_expedited();
 2) + 64.892 us   |    }
 2)               |    udp_tunnel_sock_release [udp_tunnel]() {
 2) * 15840.97 us |      synchronize_rcu();
 2) * 15845.05 us |    }
 2) * 15983.92 us |  }
 2)               |  vxlan_sock_release [vxlan]() {
 2)               |    synchronize_net() {
 2) + 30.978 us   |      synchronize_rcu_expedited();
 2) + 31.990 us   |    }
 2)               |    udp_tunnel_sock_release [udp_tunnel]() {
 2) * 19857.68 us |      synchronize_rcu();
 2) * 19862.54 us |    }
 2) * 19992.09 us |  }
 2)               |  vxlan_sock_release [vxlan]() {
 2)               |    synchronize_net() {
 2) + 30.226 us   |      synchronize_rcu_expedited();
 2) + 31.238 us   |    }
 2)               |    udp_tunnel_sock_release [udp_tunnel]() {
 2) * 15857.08 us |      synchronize_rcu();
 2) * 15861.14 us |    }
 2) * 15985.18 us |  }
 2)               |  vxlan_sock_release [vxlan]() {
 2)               |    synchronize_net() {
 2) + 29.435 us   |      synchronize_rcu_expedited();
 2) + 30.507 us   |    }
 2)               |    udp_tunnel_sock_release [udp_tunnel]() {
 2) * 15885.96 us |      synchronize_rcu();
 2) * 15893.55 us |    }
 2) * 16000.04 us |  }
 2)               |  vxlan_sock_release [vxlan]() {
 2)               |    synchronize_net() {
 2) + 42.369 us   |      synchronize_rcu_expedited();
 2) + 43.371 us   |    }
 2)               |    udp_tunnel_sock_release [udp_tunnel]() {
 2) * 23866.76 us |      synchronize_rcu();
 2) * 23871.17 us |    }
 2) * 23974.33 us |  }
 2)               |  vxlan_sock_release [vxlan]() {
 2)               |    synchronize_net() {
 2) + 68.328 us   |      synchronize_rcu_expedited();
 2) + 69.380 us   |    }
 2)               |    udp_tunnel_sock_release [udp_tunnel]() {
 2) * 15803.33 us |      synchronize_rcu();
 2) * 15806.77 us |    }
 2) * 15987.11 us |  }
 2)               |  vxlan_sock_release [vxlan]() {
 2)               |    synchronize_net() {
 2) + 28.924 us   |      synchronize_rcu_expedited();
 2) + 30.497 us   |    }
 2)               |    udp_tunnel_sock_release [udp_tunnel]() {
 2) * 19851.60 us |      synchronize_rcu();
 2) * 19855.73 us |    }
 2) * 19990.06 us |  }
 2)               |  vxlan_sock_release [vxlan]() {
 2)               |    synchronize_net() {
 2) + 47.629 us   |      synchronize_rcu_expedited();
 2) + 48.671 us   |    }
 2)               |    udp_tunnel_sock_release [udp_tunnel]() {
 2) * 23831.51 us |      synchronize_rcu();
 2) * 23835.28 us |    }
 2) * 23988.61 us |  }
 2)               |  vxlan_sock_release [vxlan]() {
 2)               |    synchronize_net() {
 2) + 29.586 us   |      synchronize_rcu_expedited();
 2) + 30.688 us   |    }
 2)               |    udp_tunnel_sock_release [udp_tunnel]() {
 2) * 15853.87 us |      synchronize_rcu();
 2) * 15859.56 us |    }
 2) * 15993.94 us |  }
 2)               |  vxlan_sock_release [vxlan]() {
 2)               |    synchronize_net() {
 2) + 70.001 us   |      synchronize_rcu_expedited();
 2) + 71.194 us   |    }
 2)               |    udp_tunnel_sock_release [udp_tunnel]() {
 2) * 15788.39 us |      synchronize_rcu();
 2) * 15792.01 us |    }
 2) * 15984.18 us |  }
 2)               |  vxlan_sock_release [vxlan]() {
 2)               |    synchronize_net() {
 2) + 30.347 us   |      synchronize_rcu_expedited();
 2) + 31.338 us   |    }
 2)               |    udp_tunnel_sock_release [udp_tunnel]() {
 2) * 15867.84 us |      synchronize_rcu();
 2) * 15871.68 us |    }
 2) * 15995.24 us |  }
 2)               |  vxlan_sock_release [vxlan]() {
 2)               |    synchronize_net() {
 2) + 58.269 us   |      synchronize_rcu_expedited();
 2) + 59.261 us   |    }
 2)               |    udp_tunnel_sock_release [udp_tunnel]() {
 2) * 23799.05 us |      synchronize_rcu();
 2) * 23803.51 us |    }
 2) * 23985.25 us |  }
 2)               |  vxlan_sock_release [vxlan]() {
 2)               |    synchronize_net() {
 2) + 67.697 us   |      synchronize_rcu_expedited();
 2) + 68.718 us   |    }
 2)               |    udp_tunnel_sock_release [udp_tunnel]() {
 2) * 15795.29 us |      synchronize_rcu();
 2) * 15798.46 us |    }
 2) * 15989.29 us |  }
 2)               |  vxlan_sock_release [vxlan]() {
 2)               |    synchronize_net() {
 2) + 21.741 us   |      synchronize_rcu_expedited();
 2) + 22.863 us   |    }
 2)               |    udp_tunnel_sock_release [udp_tunnel]() {
 2) * 15862.41 us |      synchronize_rcu();
 2) * 15865.56 us |    }
 2) * 15985.49 us |  }
 2)               |  vxlan_sock_release [vxlan]() {
 2)               |    synchronize_net() {
 2) + 25.989 us   |      synchronize_rcu_expedited();
 2) + 26.971 us   |    }
 2)               |    udp_tunnel_sock_release [udp_tunnel]() {
 2) * 19868.17 us |      synchronize_rcu();
 2) * 19872.32 us |    }
 2) * 19998.01 us |  }
 2)               |  vxlan_sock_release [vxlan]() {
 2)               |    synchronize_net() {
 2) + 52.709 us   |      synchronize_rcu_expedited();
 2) + 53.750 us   |    }
 2)               |    udp_tunnel_sock_release [udp_tunnel]() {
 2) * 15817.09 us |      synchronize_rcu();
 2) * 15820.28 us |    }
 2) * 15984.94 us |  }
 2)               |  vxlan_sock_release [vxlan]() {
 2)               |    synchronize_net() {
 2) + 63.670 us   |      synchronize_rcu_expedited();
 2) + 64.682 us   |    }
 2)               |    udp_tunnel_sock_release [udp_tunnel]() {
 2) * 19691.73 us |      synchronize_rcu();
 0) * 23839.74 us |    }
 0) * 24012.10 us |  }
 0)               |  vxlan_sock_release [vxlan]() {
 0)               |    synchronize_net() {
 0) + 45.726 us   |      synchronize_rcu_expedited();
 0) + 46.818 us   |    }
 0)               |    udp_tunnel_sock_release [udp_tunnel]() {
 0) * 15837.25 us |      synchronize_rcu();
 0) * 15847.69 us |    }
 0) * 16048.67 us |  }
 0)               |  vxlan_sock_release [vxlan]() {
 0)               |    synchronize_net() {
 0) + 96.902 us   |      synchronize_rcu_expedited();
 0) + 99.406 us   |    }
 0)               |    udp_tunnel_sock_release [udp_tunnel]() {
 0) * 19738.33 us |      synchronize_rcu();
 0) * 19755.56 us |    }
 0) * 19992.06 us |  }
 0)               |  vxlan_sock_release [vxlan]() {
 0)               |    synchronize_net() {
 0) ! 176.401 us  |      synchronize_rcu_expedited();
 0) ! 179.797 us  |    }
 0)               |    udp_tunnel_sock_release [udp_tunnel]() {
 0) * 27643.84 us |      synchronize_rcu();
 0) * 27662.71 us |    }
 0) * 27988.23 us |  }
 0)               |  vxlan_sock_release [vxlan]() {
 0)               |    synchronize_net() {
 0) ! 175.419 us  |      synchronize_rcu_expedited();
 0) ! 178.845 us  |    }
 0)               |    udp_tunnel_sock_release [udp_tunnel]() {
 0) * 19814.20 us |      synchronize_rcu();
 2) * 19697.55 us |    }
 2) * 20007.21 us |  }
 2)               |  vxlan_sock_release [vxlan]() {
 2)               |    synchronize_net() {
 2) ! 108.393 us  |      synchronize_rcu_expedited();
 2) ! 109.546 us  |    }
 2)               |    udp_tunnel_sock_release [udp_tunnel]() {
 2) * 27628.08 us |      synchronize_rcu();
 2) * 27631.79 us |    }
 2) * 27852.75 us |  }
 2)               |  vxlan_sock_release [vxlan]() {
 2)               |    synchronize_net() {
 2) ! 199.565 us  |      synchronize_rcu_expedited();
 2) ! 200.647 us  |    }
 2)               |    udp_tunnel_sock_release [udp_tunnel]() {
 2) * 23651.47 us |      synchronize_rcu();
 2) * 23655.13 us |    }
 2) * 23989.78 us |  }
 2)               |  vxlan_sock_release [vxlan]() {
 2)               |    synchronize_net() {
 2) + 80.030 us   |      synchronize_rcu_expedited();
 2) + 81.052 us   |    }
 2)               |    udp_tunnel_sock_release [udp_tunnel]() {
 2) * 19804.77 us |      synchronize_rcu();
 2) * 19811.06 us |    }
 2) * 20002.90 us |  }
 2)               |  vxlan_sock_release [vxlan]() {
 2)               |    synchronize_net() {
 2) + 45.155 us   |      synchronize_rcu_expedited();
 2) + 46.908 us   |    }
 2)               |    udp_tunnel_sock_release [udp_tunnel]() {
 2) * 19966.67 us |      synchronize_rcu();
 2) * 19977.36 us |    }
 2) * 20149.43 us |  }
 2)               |  vxlan_sock_release [vxlan]() {
 2)               |    synchronize_net() {
 2) ! 162.345 us  |      synchronize_rcu_expedited();
 2) ! 165.651 us  |    }
 2)               |    udp_tunnel_sock_release [udp_tunnel]() {
 2) * 15589.36 us |      synchronize_rcu();
 2) * 15600.98 us |    }
 2) * 15894.08 us |  }
 2)               |  vxlan_sock_release [vxlan]() {
 2)               |    synchronize_net() {
 2) ! 209.393 us  |      synchronize_rcu_expedited();
 2) ! 213.030 us  |    }
 2)               |    udp_tunnel_sock_release [udp_tunnel]() {
 2) * 19621.23 us |      synchronize_rcu();
 2) * 19639.25 us |    }
 2) * 19979.45 us |  }
 2)               |  vxlan_sock_release [vxlan]() {
 2)               |    synchronize_net() {
 2) ! 173.045 us  |      synchronize_rcu_expedited();
 2) ! 176.361 us  |    }
 2)               |    udp_tunnel_sock_release [udp_tunnel]() {
 2) * 15656.25 us |      synchronize_rcu();
 2) * 15667.37 us |    }
 2) * 15979.64 us |  }
 2)               |  vxlan_sock_release [vxlan]() {
 2)               |    synchronize_net() {
 2) + 61.235 us   |      synchronize_rcu_expedited();
 2) + 63.880 us   |    }
 2)               |    udp_tunnel_sock_release [udp_tunnel]() {
 2) * 31765.55 us |      synchronize_rcu();
 2) * 31783.61 us |    }
 2) * 31979.32 us |  }
 2)               |  vxlan_sock_release [vxlan]() {
 2)               |    synchronize_net() {
 2) ! 173.445 us  |      synchronize_rcu_expedited();
 2) ! 176.771 us  |    }
 2)               |    udp_tunnel_sock_release [udp_tunnel]() {
 2) * 19681.78 us |      synchronize_rcu();
 2) * 19699.83 us |    }
 2) * 20013.46 us |  }
 2)               |  vxlan_sock_release [vxlan]() {
 2)               |    synchronize_net() {
 2) ! 183.484 us  |      synchronize_rcu_expedited();
 2) ! 186.771 us  |    }
 2)               |    udp_tunnel_sock_release [udp_tunnel]() {
 2) * 19588.30 us |      synchronize_rcu();
 2) * 19596.18 us |    }
 2) * 19916.71 us |  }
 2)               |  vxlan_sock_release [vxlan]() {
 2)               |    synchronize_net() {
 2) ! 112.811 us  |      synchronize_rcu_expedited();
 2) ! 116.107 us  |    }
 2)               |    udp_tunnel_sock_release [udp_tunnel]() {
 2) * 19805.64 us |      synchronize_rcu();
 2) * 19816.46 us |    }
 2) * 20051.13 us |  }
 2)               |  vxlan_sock_release [vxlan]() {
 2)               |    synchronize_net() {
 2) ! 190.137 us  |      synchronize_rcu_expedited();
 2) ! 193.883 us  |    }
 2)               |    udp_tunnel_sock_release [udp_tunnel]() {
 2) * 15651.79 us |      synchronize_rcu();
 2) * 15663.09 us |    }
 2) * 15984.98 us |  }
 2)               |  vxlan_sock_release [vxlan]() {
 2)               |    synchronize_net() {
 2) ! 183.875 us  |      synchronize_rcu_expedited();
 2) ! 187.982 us  |    }
 2)               |    udp_tunnel_sock_release [udp_tunnel]() {
 2) * 31597.45 us |      synchronize_rcu();
 2) * 31608.87 us |    }
 2) * 31923.15 us |  }
 2)               |  vxlan_sock_release [vxlan]() {
 2)               |    synchronize_net() {
 2) + 83.226 us   |      synchronize_rcu_expedited();
 2) + 85.590 us   |    }
 2)               |    udp_tunnel_sock_release [udp_tunnel]() {
 2) * 19837.77 us |      synchronize_rcu();
 2) * 19854.29 us |    }
 2) * 20083.33 us |  }
 2)               |  vxlan_sock_release [vxlan]() {
 2)               |    synchronize_net() {
 2) ! 170.209 us  |      synchronize_rcu_expedited();
 2) ! 173.506 us  |    }
 2)               |    udp_tunnel_sock_release [udp_tunnel]() {
 2) * 31563.59 us |      synchronize_rcu();
 2) * 31575.04 us |    }
 2) * 31882.61 us |  }
 2)               |  vxlan_sock_release [vxlan]() {
 2)               |    synchronize_net() {
 2) ! 100.829 us  |      synchronize_rcu_expedited();
 2) ! 103.715 us  |    }
 2)               |    udp_tunnel_sock_release [udp_tunnel]() {
 2) * 23779.65 us |      synchronize_rcu();
 2) * 23790.66 us |    }
 2) * 24030.69 us |  }
 2)               |  vxlan_sock_release [vxlan]() {
 2)               |    synchronize_net() {
 2) ! 199.945 us  |      synchronize_rcu_expedited();
 2) ! 203.331 us  |    }
 2)               |    udp_tunnel_sock_release [udp_tunnel]() {
 2) * 19577.33 us |      synchronize_rcu();
 2) * 19588.96 us |    }
 2) * 19927.15 us |  }
 2)               |  vxlan_sock_release [vxlan]() {
 2)               |    synchronize_net() {
 2) ! 220.764 us  |      synchronize_rcu_expedited();
 2) ! 224.200 us  |    }
 2)               |    udp_tunnel_sock_release [udp_tunnel]() {
 2) * 31619.84 us |      synchronize_rcu();
 2) * 31631.03 us |    }
 2) * 31991.03 us |  }
 2)               |  vxlan_sock_release [vxlan]() {
 2)               |    synchronize_net() {
 2) ! 214.913 us  |      synchronize_rcu_expedited();
 2) ! 219.030 us  |    }
 2)               |    udp_tunnel_sock_release [udp_tunnel]() {
 2) * 31640.99 us |      synchronize_rcu();
 2) * 31659.06 us |    }
 2) * 32012.14 us |  }
 2)               |  vxlan_sock_release [vxlan]() {
 2)               |    synchronize_net() {
 2) ! 181.270 us  |      synchronize_rcu_expedited();
 2) ! 184.626 us  |    }
 2)               |    udp_tunnel_sock_release [udp_tunnel]() {
 2) * 19646.18 us |      synchronize_rcu();
 2) * 19661.44 us |    }
 2) * 19984.80 us |  }
 2)               |  vxlan_sock_release [vxlan]() {
 2)               |    synchronize_net() {
 2) ! 127.058 us  |      synchronize_rcu_expedited();
 2) ! 129.182 us  |    }
 2)               |    udp_tunnel_sock_release [udp_tunnel]() {
 2) * 31693.29 us |      synchronize_rcu();
 2) * 31711.75 us |    }
 2) * 31982.29 us |  }
 2)               |  vxlan_sock_release [vxlan]() {
 2)               |    synchronize_net() {
 2) ! 171.532 us  |      synchronize_rcu_expedited();
 2) ! 174.878 us  |    }
 2)               |    udp_tunnel_sock_release [udp_tunnel]() {
 2) * 19598.30 us |      synchronize_rcu();
 2) * 19610.57 us |    }
 2) * 19921.64 us |  }
 2)               |  vxlan_sock_release [vxlan]() {
 2)               |    synchronize_net() {
 2) ! 164.429 us  |      synchronize_rcu_expedited();
 2) ! 167.795 us  |    }
 2)               |    udp_tunnel_sock_release [udp_tunnel]() {
 2) * 27679.19 us |      synchronize_rcu();
 2) * 27693.77 us |    }
 2) * 27994.60 us |  }
 2)               |  vxlan_sock_release [vxlan]() {
 2)               |    synchronize_net() {
 2) ! 170.801 us  |      synchronize_rcu_expedited();
 2) ! 174.147 us  |    }
 2)               |    udp_tunnel_sock_release [udp_tunnel]() {
 2) * 15640.09 us |      synchronize_rcu();
 2) * 15653.19 us |    }
 2) * 15964.22 us |  }
 2)               |  vxlan_sock_release [vxlan]() {
 2)               |    synchronize_net() {
 2) + 90.329 us   |      synchronize_rcu_expedited();
 2) + 92.584 us   |    }
 2)               |    udp_tunnel_sock_release [udp_tunnel]() {
 2) * 19882.83 us |      synchronize_rcu();
 2) * 19894.91 us |    }
 2) * 20063.85 us |  }
 2)               |  vxlan_sock_release [vxlan]() {
 2)               |    synchronize_net() {
 2) ! 172.133 us  |      synchronize_rcu_expedited();
 2) ! 175.499 us  |    }
 2)               |    udp_tunnel_sock_release [udp_tunnel]() {
 2) * 19611.06 us |      synchronize_rcu();
 2) * 19630.43 us |    }
 2) * 19924.98 us |  }
 2)               |  vxlan_sock_release [vxlan]() {
 2)               |    synchronize_net() {
 2) ! 179.346 us  |      synchronize_rcu_expedited();
 2) ! 182.642 us  |    }
 2)               |    udp_tunnel_sock_release [udp_tunnel]() {
 2) * 15806.99 us |      synchronize_rcu();
 0) * 19826.73 us |    }
 0) * 20126.36 us |  }
 0)               |  vxlan_sock_release [vxlan]() {
 0)               |    synchronize_net() {
 0) ! 177.032 us  |      synchronize_rcu_expedited();
 0) ! 180.378 us  |    }
 0)               |    udp_tunnel_sock_release [udp_tunnel]() {
 0) * 15486.53 us |      synchronize_rcu();
 0) * 15498.04 us |    }
 0) * 15793.51 us |  }
 0)               |  vxlan_sock_release [vxlan]() {
 0)               |    synchronize_net() {
 0) ! 122.489 us  |      synchronize_rcu_expedited();
 0) ! 124.573 us  |    }
 0)               |    udp_tunnel_sock_release [udp_tunnel]() {
 0) * 23903.76 us |      synchronize_rcu();
 2) * 15822.69 us |    }
 2) * 16075.41 us |  }
 2)               |  vxlan_sock_release [vxlan]() {
 2)               |    synchronize_net() {
 2) ! 173.244 us  |      synchronize_rcu_expedited();
 2) ! 176.541 us  |    }
 2)               |    udp_tunnel_sock_release [udp_tunnel]() {
 2) * 15581.25 us |      synchronize_rcu();
 2) * 15592.24 us |    }
 2) * 15882.92 us |  }
 2)               |  vxlan_sock_release [vxlan]() {
 2)               |    synchronize_net() {
 2) + 83.857 us   |      synchronize_rcu_expedited();
 2) + 87.193 us   |    }
 2)               |    udp_tunnel_sock_release [udp_tunnel]() {
 2) * 23799.74 us |      synchronize_rcu();
 2) * 23810.49 us |    }
 2) * 23978.10 us |  }
 2)               |  vxlan_sock_release [vxlan]() {
 2)               |    synchronize_net() {
 2) ! 172.403 us  |      synchronize_rcu_expedited();
 2) ! 175.620 us  |    }
 2)               |    udp_tunnel_sock_release [udp_tunnel]() {
 2) * 23669.03 us |      synchronize_rcu();
 2) * 23683.47 us |    }
 2) * 23997.93 us |  }
 2)               |  vxlan_sock_release [vxlan]() {
 2)               |    synchronize_net() {
 2) ! 172.603 us  |      synchronize_rcu_expedited();
 2) ! 175.950 us  |    }
 2)               |    udp_tunnel_sock_release [udp_tunnel]() {
 2) * 15722.84 us |      synchronize_rcu();
 2) * 15733.94 us |    }
 2) * 15998.72 us |  }
 2)               |  vxlan_sock_release [vxlan]() {
 2)               |    synchronize_net() {
 2) ! 201.598 us  |      synchronize_rcu_expedited();
 2) ! 205.165 us  |    }
 2)               |    udp_tunnel_sock_release [udp_tunnel]() {
 2) * 23575.68 us |      synchronize_rcu();
 2) * 23580.55 us |    }
 2) * 23894.90 us |  }
 2)               |  vxlan_sock_release [vxlan]() {
 2)               |    synchronize_net() {
 2) + 24.596 us   |      synchronize_rcu_expedited();
 2) + 25.257 us   |    }
 2)               |    udp_tunnel_sock_release [udp_tunnel]() {
 2) * 15928.80 us |      synchronize_rcu();
 2) * 15940.02 us |    }
 2) * 16047.13 us |  }
 2)               |  vxlan_sock_release [vxlan]() {
 2)               |    synchronize_net() {
 2) ! 164.318 us  |      synchronize_rcu_expedited();
 2) ! 167.624 us  |    }
 2)               |    udp_tunnel_sock_release [udp_tunnel]() {
 2) * 19743.90 us |      synchronize_rcu();
 2) * 19754.79 us |    }
 2) * 20041.41 us |  }
 2)               |  vxlan_sock_release [vxlan]() {
 2)               |    synchronize_net() {
 2) ! 175.118 us  |      synchronize_rcu_expedited();
 2) ! 178.454 us  |    }
 2)               |    udp_tunnel_sock_release [udp_tunnel]() {
 2) * 31617.65 us |      synchronize_rcu();
 2) * 31631.41 us |    }
 2) * 31928.13 us |  }
 2)               |  vxlan_sock_release [vxlan]() {
 2)               |    synchronize_net() {
 2) ! 170.830 us  |      synchronize_rcu_expedited();
 2) ! 174.116 us  |    }
 2)               |    udp_tunnel_sock_release [udp_tunnel]() {
 2) * 15750.28 us |      synchronize_rcu();
 2) * 15762.29 us |    }
 2) * 16071.34 us |  }
 2)               |  vxlan_sock_release [vxlan]() {
 2)               |    synchronize_net() {
 2) ! 177.472 us  |      synchronize_rcu_expedited();
 2) ! 180.759 us  |    }
 2)               |    udp_tunnel_sock_release [udp_tunnel]() {
 2) * 19540.77 us |      synchronize_rcu();
 2) * 19557.15 us |    }
 2) * 19867.89 us |  }
 2)               |  vxlan_sock_release [vxlan]() {
 2)               |    synchronize_net() {
 2) ! 120.546 us  |      synchronize_rcu_expedited();
 2) ! 122.670 us  |    }
 2)               |    udp_tunnel_sock_release [udp_tunnel]() {
 2) * 19716.36 us |      synchronize_rcu();
 2) * 19735.93 us |    }
 2) * 19996.60 us |  }
 2)               |  vxlan_sock_release [vxlan]() {
 2)               |    synchronize_net() {
 2) ! 173.235 us  |      synchronize_rcu_expedited();
 2) ! 176.501 us  |    }
 2)               |    udp_tunnel_sock_release [udp_tunnel]() {
 2) * 15650.13 us |      synchronize_rcu();
 2) * 15665.82 us |    }
 2) * 15968.09 us |  }
 2)               |  vxlan_sock_release [vxlan]() {
 2)               |    synchronize_net() {
 2) ! 174.708 us  |      synchronize_rcu_expedited();
 2) ! 177.904 us  |    }
 2)               |    udp_tunnel_sock_release [udp_tunnel]() {
 2) * 19694.10 us |      synchronize_rcu();
 2) * 19707.24 us |    }
 2) * 19970.43 us |  }
 2)               |  vxlan_sock_release [vxlan]() {
 2)               |    synchronize_net() {
 2) ! 171.602 us  |      synchronize_rcu_expedited();
 2) ! 174.868 us  |    }
 2)               |    udp_tunnel_sock_release [udp_tunnel]() {
 2) * 19669.96 us |      synchronize_rcu();
 2) * 19681.18 us |    }
 2) * 19993.70 us |  }
 2)               |  vxlan_sock_release [vxlan]() {
 2)               |    synchronize_net() {
 2) ! 117.290 us  |      synchronize_rcu_expedited();
 2) ! 119.374 us  |    }
 2)               |    udp_tunnel_sock_release [udp_tunnel]() {
 2) * 19679.54 us |      synchronize_rcu();
 2) * 19693.47 us |    }
 2) * 19969.41 us |  }
 2)               |  vxlan_sock_release [vxlan]() {
 2)               |    synchronize_net() {
 2) ! 170.329 us  |      synchronize_rcu_expedited();
 2) ! 174.417 us  |    }
 2)               |    udp_tunnel_sock_release [udp_tunnel]() {
 2) * 19658.75 us |      synchronize_rcu();
 2) * 19676.85 us |    }
 2) * 19988.29 us |  }
 2)               |  vxlan_sock_release [vxlan]() {
 2)               |    synchronize_net() {
 2) ! 105.708 us  |      synchronize_rcu_expedited();
 2) ! 107.862 us  |    }
 2)               |    udp_tunnel_sock_release [udp_tunnel]() {
 2) * 15642.11 us |      synchronize_rcu();
 2) * 15652.34 us |    }
 2) * 15902.99 us |  }
 2)               |  vxlan_sock_release [vxlan]() {
 2)               |    synchronize_net() {
 2) + 81.042 us   |      synchronize_rcu_expedited();
 2) + 83.066 us   |    }
 2)               |    udp_tunnel_sock_release [udp_tunnel]() {
 2) * 23717.36 us |      synchronize_rcu();
 2) * 23721.33 us |    }
 2) * 23951.03 us |  }
 2)               |  vxlan_sock_release [vxlan]() {
 2)               |    synchronize_net() {
 2) ! 127.489 us  |      synchronize_rcu_expedited();
 2) ! 128.571 us  |    }
 2)               |    udp_tunnel_sock_release [udp_tunnel]() {
 2) * 15752.97 us |      synchronize_rcu();
 2) * 15756.96 us |    }
 2) * 15996.96 us |  }
 2)               |  vxlan_sock_release [vxlan]() {
 2)               |    synchronize_net() {
 2) + 65.664 us   |      synchronize_rcu_expedited();
 2) + 66.705 us   |    }
 2)               |    udp_tunnel_sock_release [udp_tunnel]() {
 2) * 23834.88 us |      synchronize_rcu();
 2) * 23838.20 us |    }
 2) * 23979.88 us |  }
 2)               |  vxlan_sock_release [vxlan]() {
 2)               |    synchronize_net() {
 2) ! 137.317 us  |      synchronize_rcu_expedited();
 2) ! 139.031 us  |    }
 2)               |    udp_tunnel_sock_release [udp_tunnel]() {
 2) * 15742.09 us |      synchronize_rcu();
 2) * 15746.06 us |    }
 2) * 15990.77 us |  }
 2)               |  vxlan_sock_release [vxlan]() {
 2)               |    synchronize_net() {
 2) + 68.869 us   |      synchronize_rcu_expedited();
 2) + 69.841 us   |    }
 2)               |    udp_tunnel_sock_release [udp_tunnel]() {
 2) * 15851.84 us |      synchronize_rcu();
 2) * 15855.04 us |    }
 2) * 15990.73 us |  }
 2)               |  vxlan_sock_release [vxlan]() {
 2)               |    synchronize_net() {
 2) ! 145.933 us  |      synchronize_rcu_expedited();
 2) ! 146.865 us  |    }
 2)               |    udp_tunnel_sock_release [udp_tunnel]() {
 2) * 15754.29 us |      synchronize_rcu();
 2) * 15757.77 us |    }
 2) * 15993.66 us |  }
 2)               |  vxlan_sock_release [vxlan]() {
 2)               |    synchronize_net() {
 2) ! 146.905 us  |      synchronize_rcu_expedited();
 2) ! 147.827 us  |    }
 2)               |    udp_tunnel_sock_release [udp_tunnel]() {
 2) * 15730.25 us |      synchronize_rcu();
 2) * 15733.68 us |    }
 2) * 15985.15 us |  }
 2)               |  vxlan_sock_release [vxlan]() {
 2)               |    synchronize_net() {
 2) ! 190.317 us  |      synchronize_rcu_expedited();
 2) ! 191.289 us  |    }
 2)               |    udp_tunnel_sock_release [udp_tunnel]() {
 2) * 15721.29 us |      synchronize_rcu();
 2) * 15724.35 us |    }
 2) * 15986.39 us |  }
 2)               |  vxlan_sock_release [vxlan]() {
 2)               |    synchronize_net() {
 2) + 92.343 us   |      synchronize_rcu_expedited();
 2) + 93.235 us   |    }
 2)               |    udp_tunnel_sock_release [udp_tunnel]() {
 2) * 23802.01 us |      synchronize_rcu();
 2) * 23805.11 us |    }
 2) * 23993.31 us |  }
 2)               |  vxlan_sock_release [vxlan]() {
 2)               |    synchronize_net() {
 2) ! 104.215 us  |      synchronize_rcu_expedited();
 2) ! 105.277 us  |    }
 2)               |    udp_tunnel_sock_release [udp_tunnel]() {
 2) * 15758.09 us |      synchronize_rcu();
 2) * 15762.40 us |    }
 2) * 15988.44 us |  }
 2)               |  vxlan_sock_release [vxlan]() {
 2)               |    synchronize_net() {
 2) + 35.467 us   |      synchronize_rcu_expedited();
 2) + 36.599 us   |    }
 2)               |    udp_tunnel_sock_release [udp_tunnel]() {
 2) * 23855.36 us |      synchronize_rcu();
 2) * 23858.50 us |    }
 2) * 23987.75 us |  }
 2)               |  vxlan_sock_release [vxlan]() {
 2)               |    synchronize_net() {
 2) + 87.545 us   |      synchronize_rcu_expedited();
 2) + 88.455 us   |    }
 2)               |    udp_tunnel_sock_release [udp_tunnel]() {
 2) * 15818.78 us |      synchronize_rcu();
 2) * 15821.93 us |    }
 2) * 15986.16 us |  }
 2)               |  vxlan_sock_release [vxlan]() {
 2)               |    synchronize_net() {
 2) + 67.186 us   |      synchronize_rcu_expedited();
 2) + 68.078 us   |    }
 2)               |    udp_tunnel_sock_release [udp_tunnel]() {
 2) * 23837.55 us |      synchronize_rcu();
 2) * 23840.68 us |    }
 2) * 23992.88 us |  }
 2)               |  vxlan_sock_release [vxlan]() {
 2)               |    synchronize_net() {
 2) ! 102.091 us  |      synchronize_rcu_expedited();
 2) ! 103.013 us  |    }
 2)               |    udp_tunnel_sock_release [udp_tunnel]() {
 2) * 15780.27 us |      synchronize_rcu();
 2) * 15783.45 us |    }
 2) * 15986.21 us |  }
 2)               |  vxlan_sock_release [vxlan]() {
 2)               |    synchronize_net() {
 2) + 47.409 us   |      synchronize_rcu_expedited();
 2) + 48.902 us   |    }
 2)               |    udp_tunnel_sock_release [udp_tunnel]() {
 2) * 19842.78 us |      synchronize_rcu();
 2) * 19846.24 us |    }
 2) * 19984.72 us |  }
 2)               |  vxlan_sock_release [vxlan]() {
 2)               |    synchronize_net() {
 2) + 86.362 us   |      synchronize_rcu_expedited();
 2) + 87.423 us   |    }
 2)               |    udp_tunnel_sock_release [udp_tunnel]() {
 2) * 23806.47 us |      synchronize_rcu();
 2) * 23810.24 us |    }
 2) * 23988.04 us |  }
 2)               |  vxlan_sock_release [vxlan]() {
 2)               |    synchronize_net() {
 2) ! 128.040 us  |      synchronize_rcu_expedited();
 2) ! 128.932 us  |    }
 2)               |    udp_tunnel_sock_release [udp_tunnel]() {
 2) * 15760.15 us |      synchronize_rcu();
 2) * 15763.39 us |    }
 2) * 15987.60 us |  }
 2)               |  vxlan_sock_release [vxlan]() {
 2)               |    synchronize_net() {
 2) ! 135.333 us  |      synchronize_rcu_expedited();
 2) ! 136.305 us  |    }
 2)               |    udp_tunnel_sock_release [udp_tunnel]() {
 2) * 15758.04 us |      synchronize_rcu();
 2) * 15761.02 us |    }
 2) * 15990.37 us |  }
 2)               |  vxlan_sock_release [vxlan]() {
 2)               |    synchronize_net() {
 2) ! 140.203 us  |      synchronize_rcu_expedited();
 2) ! 141.095 us  |    }
 2)               |    udp_tunnel_sock_release [udp_tunnel]() {
 2) * 23753.93 us |      synchronize_rcu();
 2) * 23757.28 us |    }
 2) * 23989.54 us |  }
 2)               |  vxlan_sock_release [vxlan]() {
 2)               |    synchronize_net() {
 2) + 58.580 us   |      synchronize_rcu_expedited();
 2) + 59.562 us   |    }
 2)               |    udp_tunnel_sock_release [udp_tunnel]() {
 2) * 15841.20 us |      synchronize_rcu();
 2) * 15844.99 us |    }
 2) * 15988.70 us |  }
 2)               |  vxlan_sock_release [vxlan]() {
 2)               |    synchronize_net() {
 2) ! 155.091 us  |      synchronize_rcu_expedited();
 2) ! 155.982 us  |    }
 2)               |    udp_tunnel_sock_release [udp_tunnel]() {
 2) * 23740.06 us |      synchronize_rcu();
 2) * 23744.51 us |    }
 2) * 23993.09 us |  }
 2)               |  vxlan_sock_release [vxlan]() {
 2)               |    synchronize_net() {
 2) + 70.513 us   |      synchronize_rcu_expedited();
 2) + 71.555 us   |    }
 2)               |    udp_tunnel_sock_release [udp_tunnel]() {
 2) * 15785.61 us |      synchronize_rcu();
 2) * 15788.60 us |    }
 2) * 15984.82 us |  }
 2)               |  vxlan_sock_release [vxlan]() {
 2)               |    synchronize_net() {
 2) + 73.217 us   |      synchronize_rcu_expedited();
 2) + 74.189 us   |    }
 2)               |    udp_tunnel_sock_release [udp_tunnel]() {
 2) * 15849.07 us |      synchronize_rcu();
 2) * 15853.96 us |    }
 2) * 15990.47 us |  }
 2)               |  vxlan_sock_release [vxlan]() {
 2)               |    synchronize_net() {
 2) ! 131.276 us  |      synchronize_rcu_expedited();
 2) ! 132.338 us  |    }
 2)               |    udp_tunnel_sock_release [udp_tunnel]() {
 2) * 23727.21 us |      synchronize_rcu();
 2) * 23730.50 us |    }
 2) * 23986.30 us |  }
 2)               |  vxlan_sock_release [vxlan]() {
 2)               |    synchronize_net() {
 2) + 90.520 us   |      synchronize_rcu_expedited();
 2) + 91.492 us   |    }
 2)               |    udp_tunnel_sock_release [udp_tunnel]() {
 2) * 23808.87 us |      synchronize_rcu();
 2) * 23812.27 us |    }
 2) * 23990.94 us |  }
 2)               |  vxlan_sock_release [vxlan]() {
 2)               |    synchronize_net() {
 2) + 79.169 us   |      synchronize_rcu_expedited();
 2) + 80.120 us   |    }
 2)               |    udp_tunnel_sock_release [udp_tunnel]() {
 2) * 15797.01 us |      synchronize_rcu();
 2) * 15800.13 us |    }
 2) * 15988.80 us |  }
 2)               |  vxlan_sock_release [vxlan]() {
 2)               |    synchronize_net() {
 2) + 73.117 us   |      synchronize_rcu_expedited();
 2) + 74.079 us   |    }
 2)               |    udp_tunnel_sock_release [udp_tunnel]() {
 2) * 15703.15 us |      synchronize_rcu();
 0) * 23921.63 us |    }
 0) * 24099.31 us |  }
 0)               |  vxlan_sock_release [vxlan]() {
 0)               |    synchronize_net() {
 0) ! 163.647 us  |      synchronize_rcu_expedited();
 0) ! 167.213 us  |    }
 0)               |    udp_tunnel_sock_release [udp_tunnel]() {
 0) * 15700.56 us |      synchronize_rcu();
 0) * 15711.77 us |    }
 0) * 16000.68 us |  }
 0)               |  vxlan_sock_release [vxlan]() {
 0)               |    synchronize_net() {
 0) + 81.964 us   |      synchronize_rcu_expedited();
 0) + 84.348 us   |    }
 0)               |    udp_tunnel_sock_release [udp_tunnel]() {
 0) * 23840.26 us |      synchronize_rcu();
 2) * 15707.97 us |    }
 2) * 15914.93 us |  }
 2)               |  vxlan_sock_release [vxlan]() {
 2)               |    synchronize_net() {
 2) + 63.900 us   |      synchronize_rcu_expedited();
 2) + 65.052 us   |    }
 2)               |    udp_tunnel_sock_release [udp_tunnel]() {
 2) * 19739.15 us |      synchronize_rcu();
 2) * 19742.95 us |    }
 2) * 19924.41 us |  }
 2)               |  vxlan_sock_release [vxlan]() {
 2)               |    synchronize_net() {
 2) ! 102.202 us  |      synchronize_rcu_expedited();
 2) ! 103.224 us  |    }
 2)               |    udp_tunnel_sock_release [udp_tunnel]() {
 2) * 27770.96 us |      synchronize_rcu();
 2) * 27774.18 us |    }
 2) * 27986.56 us |  }
 2)               |  vxlan_sock_release [vxlan]() {
 2)               |    synchronize_net() {
 2) ! 128.030 us  |      synchronize_rcu_expedited();
 2) ! 129.082 us  |    }
 2)               |    udp_tunnel_sock_release [udp_tunnel]() {
 2) * 15746.31 us |      synchronize_rcu();
 2) * 15749.25 us |    }
 2) * 15985.40 us |  }
 2)               |  vxlan_sock_release [vxlan]() {
 2)               |    synchronize_net() {
 2) ! 155.131 us  |      synchronize_rcu_expedited();
 2) ! 156.023 us  |    }
 2)               |    udp_tunnel_sock_release [udp_tunnel]() {
 2) * 15774.43 us |      synchronize_rcu();
 2) * 15777.73 us |    }
 2) * 15994.18 us |  }
 2)               |  vxlan_sock_release [vxlan]() {
 2)               |    synchronize_net() {
 2) + 78.898 us   |      synchronize_rcu_expedited();
 2) + 79.920 us   |    }
 2)               |    udp_tunnel_sock_release [udp_tunnel]() {
 2) * 15818.83 us |      synchronize_rcu();
 2) * 15822.40 us |    }
 2) * 15990.53 us |  }
 2)               |  vxlan_sock_release [vxlan]() {
 2)               |    synchronize_net() {
 2) + 79.829 us   |      synchronize_rcu_expedited();
 2) + 81.262 us   |    }
 2)               |    udp_tunnel_sock_release [udp_tunnel]() {
 2) * 15787.50 us |      synchronize_rcu();
 2) * 15790.68 us |    }
 2) * 15980.81 us |  }
 2)               |  vxlan_sock_release [vxlan]() {
 2)               |    synchronize_net() {
 2) + 83.006 us   |      synchronize_rcu_expedited();
 2) + 83.897 us   |    }
 2)               |    udp_tunnel_sock_release [udp_tunnel]() {
 2) * 27810.83 us |      synchronize_rcu();
 2) * 27814.10 us |    }
 2) * 27990.86 us |  }
 2)               |  vxlan_sock_release [vxlan]() {
 2)               |    synchronize_net() {
 2) + 90.520 us   |      synchronize_rcu_expedited();
 2) + 91.422 us   |    }
 2)               |    udp_tunnel_sock_release [udp_tunnel]() {
 2) * 27785.90 us |      synchronize_rcu();
 2) * 27789.72 us |    }
 2) * 27989.63 us |  }
 2)               |  vxlan_sock_release [vxlan]() {
 2)               |    synchronize_net() {
 2) + 79.529 us   |      synchronize_rcu_expedited();
 2) + 80.671 us   |    }
 2)               |    udp_tunnel_sock_release [udp_tunnel]() {
 2) * 15793.69 us |      synchronize_rcu();
 2) * 15797.15 us |    }
 2) * 15986.36 us |  }
 2)               |  vxlan_sock_release [vxlan]() {
 2)               |    synchronize_net() {
 2) ! 181.641 us  |      synchronize_rcu_expedited();
 2) ! 182.662 us  |    }
 2)               |    udp_tunnel_sock_release [udp_tunnel]() {
 2) * 15696.28 us |      synchronize_rcu();
 2) * 15699.36 us |    }
 2) * 15987.62 us |  }
 2)               |  vxlan_sock_release [vxlan]() {
 2)               |    synchronize_net() {
 2) ! 103.924 us  |      synchronize_rcu_expedited();
 2) ! 104.936 us  |    }
 2)               |    udp_tunnel_sock_release [udp_tunnel]() {
 2) * 15780.27 us |      synchronize_rcu();
 2) * 15783.31 us |    }
 2) * 15992.13 us |  }
 2)               |  vxlan_sock_release [vxlan]() {
 2)               |    synchronize_net() {
 2) + 78.518 us   |      synchronize_rcu_expedited();
 2) + 79.740 us   |    }
 2)               |    udp_tunnel_sock_release [udp_tunnel]() {
 2) * 15792.34 us |      synchronize_rcu();
 2) * 15796.14 us |    }
 2) * 15993.48 us |  }
 2)               |  vxlan_sock_release [vxlan]() {
 2)               |    synchronize_net() {
 2) + 79.710 us   |      synchronize_rcu_expedited();
 2) + 80.802 us   |    }
 2)               |    udp_tunnel_sock_release [udp_tunnel]() {
 2) * 15800.29 us |      synchronize_rcu();
 2) * 15803.37 us |    }
 2) * 15984.78 us |  }
 2)               |  vxlan_sock_release [vxlan]() {
 2)               |    synchronize_net() {
 2) ! 117.600 us  |      synchronize_rcu_expedited();
 2) ! 118.482 us  |    }
 2)               |    udp_tunnel_sock_release [udp_tunnel]() {
 2) * 15809.97 us |      synchronize_rcu();
 2) * 15813.92 us |    }
 2) * 15993.30 us |  }
 2)               |  vxlan_sock_release [vxlan]() {
 2)               |    synchronize_net() {
 2) ! 124.734 us  |      synchronize_rcu_expedited();
 2) ! 125.766 us  |    }
 2)               |    udp_tunnel_sock_release [udp_tunnel]() {
 2) * 15769.75 us |      synchronize_rcu();
 2) * 15772.83 us |    }
 2) * 15984.71 us |  }
 2)               |  vxlan_sock_release [vxlan]() {
 2)               |    synchronize_net() {
 2) ! 134.512 us  |      synchronize_rcu_expedited();
 2) ! 135.504 us  |    }
 2)               |    udp_tunnel_sock_release [udp_tunnel]() {
 2) * 19763.33 us |      synchronize_rcu();
 2) * 19766.85 us |    }
 2) * 19991.06 us |  }
 2)               |  vxlan_sock_release [vxlan]() {
 2)               |    synchronize_net() {
 2) + 64.611 us   |      synchronize_rcu_expedited();
 2) + 65.583 us   |    }
 2)               |    udp_tunnel_sock_release [udp_tunnel]() {
 2) * 15837.58 us |      synchronize_rcu();
 2) * 15840.55 us |    }
 2) * 15992.65 us |  }
 2)               |  vxlan_sock_release [vxlan]() {
 2)               |    synchronize_net() {
 2) + 67.778 us   |      synchronize_rcu_expedited();
 2) + 68.678 us   |    }
 2)               |    udp_tunnel_sock_release [udp_tunnel]() {
 2) * 15844.26 us |      synchronize_rcu();
 2) * 15847.51 us |    }
 2) * 15986.97 us |  }
 2)               |  vxlan_sock_release [vxlan]() {
 2)               |    synchronize_net() {
 2) ! 111.720 us  |      synchronize_rcu_expedited();
 2) ! 112.712 us  |    }
 2)               |    udp_tunnel_sock_release [udp_tunnel]() {
 2) * 23785.75 us |      synchronize_rcu();
 2) * 23788.90 us |    }
 2) * 23991.93 us |  }
 2)               |  vxlan_sock_release [vxlan]() {
 2)               |    synchronize_net() {
 2) ! 157.185 us  |      synchronize_rcu_expedited();
 2) ! 158.067 us  |    }
 2)               |    udp_tunnel_sock_release [udp_tunnel]() {
 2) * 15742.22 us |      synchronize_rcu();
 2) * 15745.21 us |    }
 2) * 15990.10 us |  }
 2)               |  vxlan_sock_release [vxlan]() {
 2)               |    synchronize_net() {
 2) ! 125.966 us  |      synchronize_rcu_expedited();
 2) ! 126.848 us  |    }
 2)               |    udp_tunnel_sock_release [udp_tunnel]() {
 2) * 15758.29 us |      synchronize_rcu();
 2) * 15761.25 us |    }
 2) * 15986.09 us |  }
 2)               |  vxlan_sock_release [vxlan]() {
 2)               |    synchronize_net() {
 2) ! 113.443 us  |      synchronize_rcu_expedited();
 2) ! 114.354 us  |    }
 2)               |    udp_tunnel_sock_release [udp_tunnel]() {
 2) * 23763.82 us |      synchronize_rcu();
 2) * 23768.71 us |    }
 2) * 24001.29 us |  }
 2)               |  vxlan_sock_release [vxlan]() {
 2)               |    synchronize_net() {
 2) ! 119.845 us  |      synchronize_rcu_expedited();
 2) ! 120.907 us  |    }
 2)               |    udp_tunnel_sock_release [udp_tunnel]() {
 2) * 15735.47 us |      synchronize_rcu();
 2) * 15738.80 us |    }
 2) * 15980.55 us |  }
 2)               |  vxlan_sock_release [vxlan]() {
 2)               |    synchronize_net() {
 2) + 66.725 us   |      synchronize_rcu_expedited();
 2) + 67.617 us   |    }
 2)               |    udp_tunnel_sock_release [udp_tunnel]() {
 2) * 23826.06 us |      synchronize_rcu();
 2) * 23829.91 us |    }
 2) * 23994.60 us |  }
 2)               |  vxlan_sock_release [vxlan]() {
 2)               |    synchronize_net() {
 2) + 95.690 us   |      synchronize_rcu_expedited();
 2) + 96.631 us   |    }
 2)               |    udp_tunnel_sock_release [udp_tunnel]() {
 2) * 23772.38 us |      synchronize_rcu();
 2) * 23776.14 us |    }
 2) * 23985.74 us |  }
 2)               |  vxlan_sock_release [vxlan]() {
 2)               |    synchronize_net() {
 2) ! 105.628 us  |      synchronize_rcu_expedited();
 2) ! 106.711 us  |    }
 2)               |    udp_tunnel_sock_release [udp_tunnel]() {
 2) * 15766.45 us |      synchronize_rcu();
 2) * 15770.66 us |    }
 2) * 15988.07 us |  }
 2)               |  vxlan_sock_release [vxlan]() {
 2)               |    synchronize_net() {
 2) + 66.826 us   |      synchronize_rcu_expedited();
 2) + 67.747 us   |    }
 2)               |    udp_tunnel_sock_release [udp_tunnel]() {
 2) * 15802.20 us |      synchronize_rcu();
 2) * 15806.20 us |    }
 2) * 15989.64 us |  }
 2)               |  vxlan_sock_release [vxlan]() {
 2)               |    synchronize_net() {
 2) + 66.034 us   |      synchronize_rcu_expedited();
 2) + 66.975 us   |    }
 2)               |    udp_tunnel_sock_release [udp_tunnel]() {
 2) * 15859.83 us |      synchronize_rcu();
 2) * 15870.98 us |    }
 2) * 16052.35 us |  }
 2)               |  vxlan_sock_release [vxlan]() {
 2)               |    synchronize_net() {
 2) + 76.854 us   |      synchronize_rcu_expedited();
 2) + 78.868 us   |    }
 2)               |    udp_tunnel_sock_release [udp_tunnel]() {
 2) * 15693.38 us |      synchronize_rcu();
 2) * 15700.22 us |    }
 2) * 15920.54 us |  }
 2)               |  vxlan_sock_release [vxlan]() {
 2)               |    synchronize_net() {
 2) + 70.863 us   |      synchronize_rcu_expedited();
 2) + 72.456 us   |    }
 2)               |    udp_tunnel_sock_release [udp_tunnel]() {
 2) * 15786.27 us |      synchronize_rcu();
 2) * 15789.76 us |    }
 2) * 15984.52 us |  }
 2)               |  vxlan_sock_release [vxlan]() {
 2)               |    synchronize_net() {
 2) + 65.002 us   |      synchronize_rcu_expedited();
 2) + 65.984 us   |    }
 2)               |    udp_tunnel_sock_release [udp_tunnel]() {
 2) * 15804.53 us |      synchronize_rcu();
 2) * 15808.18 us |    }
 2) * 15989.78 us |  }
 2)               |  vxlan_sock_release [vxlan]() {
 2)               |    synchronize_net() {
 2) ! 124.243 us  |      synchronize_rcu_expedited();
 2) ! 125.215 us  |    }
 2)               |    udp_tunnel_sock_release [udp_tunnel]() {
 2) * 15800.30 us |      synchronize_rcu();
 2) * 15803.50 us |    }
 2) * 15984.92 us |  }
 2)               |  vxlan_sock_release [vxlan]() {
 2)               |    synchronize_net() {
 2) + 33.433 us   |      synchronize_rcu_expedited();
 2) + 34.375 us   |    }
 2)               |    udp_tunnel_sock_release [udp_tunnel]() {
 2) * 23884.03 us |      synchronize_rcu();
 2) * 23887.22 us |    }
 2) * 23996.30 us |  }
 2)               |  vxlan_sock_release [vxlan]() {
 2)               |    synchronize_net() {
 2) ! 151.324 us  |      synchronize_rcu_expedited();
 2) ! 152.215 us  |    }
 2)               |    udp_tunnel_sock_release [udp_tunnel]() {
 2) * 23729.80 us |      synchronize_rcu();
 2) * 23735.90 us |    }
 2) * 23995.47 us |  }
 2)               |  vxlan_sock_release [vxlan]() {
 2)               |    synchronize_net() {
 2) + 92.995 us   |      synchronize_rcu_expedited();
 2) + 94.968 us   |    }
 2)               |    udp_tunnel_sock_release [udp_tunnel]() {
 2) * 15769.80 us |      synchronize_rcu();
 2) * 15773.10 us |    }
 2) * 15984.92 us |  }
 2)               |  vxlan_sock_release [vxlan]() {
 2)               |    synchronize_net() {
 2) + 98.305 us   |      synchronize_rcu_expedited();
 2) + 99.276 us   |    }
 2)               |    udp_tunnel_sock_release [udp_tunnel]() {
 2) * 15768.87 us |      synchronize_rcu();
 2) * 15772.71 us |    }
 2) * 15982.33 us |  }
 2)               |  vxlan_sock_release [vxlan]() {
 2)               |    synchronize_net() {
 2) + 34.795 us   |      synchronize_rcu_expedited();
 2) + 35.677 us   |    }
 2)               |    udp_tunnel_sock_release [udp_tunnel]() {
 2) * 23845.67 us |      synchronize_rcu();
 2) * 23849.15 us |    }
 2) * 23996.40 us |  }
 2)               |  vxlan_sock_release [vxlan]() {
 2)               |    synchronize_net() {
 2) ! 111.198 us  |      synchronize_rcu_expedited();
 2) ! 112.230 us  |    }
 2)               |    udp_tunnel_sock_release [udp_tunnel]() {
 2) * 15743.98 us |      synchronize_rcu();
 2) * 15747.46 us |    }
 2) * 15980.76 us |  }
 2)               |  vxlan_sock_release [vxlan]() {
 2)               |    synchronize_net() {
 2) + 65.633 us   |      synchronize_rcu_expedited();
 2) + 66.555 us   |    }
 2)               |    udp_tunnel_sock_release [udp_tunnel]() {
 2) * 23810.96 us |      synchronize_rcu();
 2) * 23814.31 us |    }
 2) * 23995.49 us |  }
 2)               |  vxlan_sock_release [vxlan]() {
 2)               |    synchronize_net() {
 2) ! 107.061 us  |      synchronize_rcu_expedited();
 2) ! 107.962 us  |    }
 2)               |    udp_tunnel_sock_release [udp_tunnel]() {
 2) * 15756.05 us |      synchronize_rcu();
 2) * 15759.39 us |    }
 2) * 15982.10 us |  }
 2)               |  vxlan_sock_release [vxlan]() {
 2)               |    synchronize_net() {
 2) + 66.856 us   |      synchronize_rcu_expedited();
 2) + 67.797 us   |    }
 2)               |    udp_tunnel_sock_release [udp_tunnel]() {
 2) * 23823.63 us |      synchronize_rcu();
 2) * 23827.06 us |    }
 2) * 23993.34 us |  }
 2)               |  vxlan_sock_release [vxlan]() {
 2)               |    synchronize_net() {
 2) ! 161.343 us  |      synchronize_rcu_expedited();
 2) ! 162.234 us  |    }
 2)               |    udp_tunnel_sock_release [udp_tunnel]() {
 2) * 15702.20 us |      synchronize_rcu();
 2) * 15705.29 us |    }
 2) * 15985.21 us |  }
 2)               |  vxlan_sock_release [vxlan]() {
 2)               |    synchronize_net() {
 2) + 80.922 us   |      synchronize_rcu_expedited();
 2) + 81.814 us   |    }
 2)               |    udp_tunnel_sock_release [udp_tunnel]() {
 2) * 23807.49 us |      synchronize_rcu();
 2) * 23811.30 us |    }
 2) * 23997.95 us |  }
 2)               |  vxlan_sock_release [vxlan]() {
 2)               |    synchronize_net() {
 2) + 99.496 us   |      synchronize_rcu_expedited();
 2) ! 100.378 us  |    }
 2)               |    udp_tunnel_sock_release [udp_tunnel]() {
 2) * 15751.55 us |      synchronize_rcu();
 2) * 15754.66 us |    }
 2) * 15980.90 us |  }
 2)               |  vxlan_sock_release [vxlan]() {
 2)               |    synchronize_net() {
 2) + 66.866 us   |      synchronize_rcu_expedited();
 2) + 67.747 us   |    }
 2)               |    udp_tunnel_sock_release [udp_tunnel]() {
 2) * 23813.21 us |      synchronize_rcu();
 2) * 23817.08 us |    }
 2) * 23991.52 us |  }
 2)               |  vxlan_sock_release [vxlan]() {
 2)               |    synchronize_net() {
 2) ! 113.132 us  |      synchronize_rcu_expedited();
 2) ! 114.344 us  |    }
 2)               |    udp_tunnel_sock_release [udp_tunnel]() {
 2) * 15746.92 us |      synchronize_rcu();
 2) * 15751.70 us |    }
 2) * 15988.88 us |  }
 2)               |  vxlan_sock_release [vxlan]() {
 2)               |    synchronize_net() {
 2) + 66.244 us   |      synchronize_rcu_expedited();
 2) + 67.256 us   |    }
 2)               |    udp_tunnel_sock_release [udp_tunnel]() {
 2) * 23808.06 us |      synchronize_rcu();
 2) * 23811.31 us |    }
 2) * 23989.08 us |  }
 2)               |  vxlan_sock_release [vxlan]() {
 2)               |    synchronize_net() {
 2) ! 123.151 us  |      synchronize_rcu_expedited();
 2) ! 124.413 us  |    }
 2)               |    udp_tunnel_sock_release [udp_tunnel]() {
 2) * 15739.45 us |      synchronize_rcu();
 2) * 15742.86 us |    }
 2) * 15984.92 us |  }
 2)               |  vxlan_sock_release [vxlan]() {
 2)               |    synchronize_net() {
 2) + 71.283 us   |      synchronize_rcu_expedited();
 2) + 72.385 us   |    }
 2)               |    udp_tunnel_sock_release [udp_tunnel]() {
 2) * 23795.81 us |      synchronize_rcu();
 2) * 23799.85 us |    }
 2) * 23999.45 us |  }
 2)               |  vxlan_sock_release [vxlan]() {
 2)               |    synchronize_net() {
 2) ! 101.931 us  |      synchronize_rcu_expedited();
 2) ! 103.103 us  |    }
 2)               |    udp_tunnel_sock_release [udp_tunnel]() {
 2) * 15758.39 us |      synchronize_rcu();
 2) * 15761.92 us |    }
 2) * 15978.83 us |  }
 2)               |  vxlan_sock_release [vxlan]() {
 2)               |    synchronize_net() {
 2) + 67.596 us   |      synchronize_rcu_expedited();
 2) + 68.488 us   |    }
 2)               |    udp_tunnel_sock_release [udp_tunnel]() {
 2) * 15849.76 us |      synchronize_rcu();
 2) * 15853.29 us |    }
 2) * 15990.57 us |  }
 2)               |  vxlan_sock_release [vxlan]() {
 2)               |    synchronize_net() {
 2) + 66.615 us   |      synchronize_rcu_expedited();
 2) + 67.587 us   |    }
 2)               |    udp_tunnel_sock_release [udp_tunnel]() {
 2) * 15829.13 us |      synchronize_rcu();
 2) * 15832.14 us |    }
 2) * 15987.51 us |  }
 2)               |  vxlan_sock_release [vxlan]() {
 2)               |    synchronize_net() {
 2) + 68.779 us   |      synchronize_rcu_expedited();
 2) + 69.680 us   |    }
 2)               |    udp_tunnel_sock_release [udp_tunnel]() {
 2) * 23828.03 us |      synchronize_rcu();
 2) * 23831.39 us |    }
 2) * 23990.32 us |  }
 2)               |  vxlan_sock_release [vxlan]() {
 2)               |    synchronize_net() {
 2) + 70.352 us   |      synchronize_rcu_expedited();
 2) + 71.284 us   |    }
 2)               |    udp_tunnel_sock_release [udp_tunnel]() {
 2) * 23833.89 us |      synchronize_rcu();
 2) * 23838.45 us |    }
 2) * 23989.44 us |  }
 2)               |  vxlan_sock_release [vxlan]() {
 2)               |    synchronize_net() {
 2) + 69.059 us   |      synchronize_rcu_expedited();
 2) + 70.061 us   |    }
 2)               |    udp_tunnel_sock_release [udp_tunnel]() {
 2) * 23815.34 us |      synchronize_rcu();
 2) * 23818.57 us |    }
 2) * 23996.62 us |  }
 2)               |  vxlan_sock_release [vxlan]() {
 2)               |    synchronize_net() {
 2) + 95.689 us   |      synchronize_rcu_expedited();
 2) + 97.683 us   |    }
 2)               |    udp_tunnel_sock_release [udp_tunnel]() {
 2) * 15766.24 us |      synchronize_rcu();
 2) * 15769.97 us |    }
 2) * 15980.20 us |  }
 2)               |  vxlan_sock_release [vxlan]() {
 2)               |    synchronize_net() {
 2) + 67.907 us   |      synchronize_rcu_expedited();
 2) + 68.949 us   |    }
 2)               |    udp_tunnel_sock_release [udp_tunnel]() {
 2) * 23828.87 us |      synchronize_rcu();
 2) * 23832.00 us |    }
 2) * 23992.62 us |  }
 2)               |  vxlan_sock_release [vxlan]() {
 2)               |    synchronize_net() {
 2) ! 128.050 us  |      synchronize_rcu_expedited();
 2) ! 129.232 us  |    }
 2)               |    udp_tunnel_sock_release [udp_tunnel]() {
 2) * 15747.48 us |      synchronize_rcu();
 2) * 15750.64 us |    }
 2) * 15982.71 us |  }
 2)               |  vxlan_sock_release [vxlan]() {
 2)               |    synchronize_net() {
 2) + 71.074 us   |      synchronize_rcu_expedited();
 2) + 72.126 us   |    }
 2)               |    udp_tunnel_sock_release [udp_tunnel]() {
 2) * 19821.82 us |      synchronize_rcu();
 2) * 19825.45 us |    }
 2) * 19988.34 us |  }
 2)               |  vxlan_sock_release [vxlan]() {
 2)               |    synchronize_net() {
 2) + 72.386 us   |      synchronize_rcu_expedited();
 2) + 73.387 us   |    }
 2)               |    udp_tunnel_sock_release [udp_tunnel]() {
 2) * 15807.59 us |      synchronize_rcu();
 2) * 15810.81 us |    }
 2) * 15989.46 us |  }
 2)               |  vxlan_sock_release [vxlan]() {
 2)               |    synchronize_net() {
 2) + 71.764 us   |      synchronize_rcu_expedited();
 2) + 72.827 us   |    }
 2)               |    udp_tunnel_sock_release [udp_tunnel]() {
 2) * 15794.32 us |      synchronize_rcu();
 2) * 15797.58 us |    }
 2) * 15989.81 us |  }
 2)               |  vxlan_sock_release [vxlan]() {
 2)               |    synchronize_net() {
 2) + 70.813 us   |      synchronize_rcu_expedited();
 2) + 71.794 us   |    }
 2)               |    udp_tunnel_sock_release [udp_tunnel]() {
 2) * 15795.73 us |      synchronize_rcu();
 0) * 23849.57 us |    }
 0) * 24025.88 us |  }
 0)               |  vxlan_sock_release [vxlan]() {
 0)               |    synchronize_net() {
 0) + 39.935 us   |      synchronize_rcu_expedited();
 0) + 41.188 us   |    }
 0)               |    udp_tunnel_sock_release [udp_tunnel]() {
 0) * 23784.21 us |      synchronize_rcu();
 0) * 23790.22 us |    }
 0) * 23959.74 us |  }
 0)               |  vxlan_sock_release [vxlan]() {
 0)               |    synchronize_net() {
 0) + 64.300 us   |      synchronize_rcu_expedited();
 0) + 65.523 us   |    }
 0)               |    udp_tunnel_sock_release [udp_tunnel]() {
 0) * 15814.90 us |      synchronize_rcu();
 0) * 15818.58 us |    }
 0) * 15984.97 us |  }
 0)               |  vxlan_sock_release [vxlan]() {
 0)               |    synchronize_net() {
 0) + 92.965 us   |      synchronize_rcu_expedited();
 0) + 93.946 us   |    }
 0)               |    udp_tunnel_sock_release [udp_tunnel]() {
 0) * 23786.74 us |      synchronize_rcu();
 0) * 23790.38 us |    }
 0) * 23986.08 us |  }
 0)               |  vxlan_sock_release [vxlan]() {
 0)               |    synchronize_net() {
 0) + 93.035 us   |      synchronize_rcu_expedited();
 0) + 94.006 us   |    }
 0)               |    udp_tunnel_sock_release [udp_tunnel]() {
 0) * 15792.36 us |      synchronize_rcu();
 0) * 15796.52 us |    }
 0) * 16003.40 us |  }
 0)               |  vxlan_sock_release [vxlan]() {
 0)               |    synchronize_net() {
 0) + 93.655 us   |      synchronize_rcu_expedited();
 0) + 94.687 us   |    }
 0)               |    udp_tunnel_sock_release [udp_tunnel]() {
 0) * 23774.06 us |      synchronize_rcu();
 0) * 23777.81 us |    }
 0) * 23976.13 us |  }
 0)               |  vxlan_sock_release [vxlan]() {
 0)               |    synchronize_net() {
 0) + 92.864 us   |      synchronize_rcu_expedited();
 0) + 93.816 us   |    }
 0)               |    udp_tunnel_sock_release [udp_tunnel]() {
 0) * 15791.73 us |      synchronize_rcu();
 0) * 15795.49 us |    }
 0) * 15989.09 us |  }
 0)               |  vxlan_sock_release [vxlan]() {
 0)               |    synchronize_net() {
 0) ! 113.573 us  |      synchronize_rcu_expedited();
 0) ! 114.535 us  |    }
 0)               |    udp_tunnel_sock_release [udp_tunnel]() {
 0) * 23775.05 us |      synchronize_rcu();
 0) * 23778.53 us |    }
 0) * 23989.05 us |  }
 0)               |  vxlan_sock_release [vxlan]() {
 0)               |    synchronize_net() {
 0) + 93.616 us   |      synchronize_rcu_expedited();
 0) + 94.708 us   |    }
 0)               |    udp_tunnel_sock_release [udp_tunnel]() {
 0) * 15781.50 us |      synchronize_rcu();
 0) * 15784.93 us |    }
 0) * 15985.58 us |  }
 0)               |  vxlan_sock_release [vxlan]() {
 0)               |    synchronize_net() {
 0) + 92.483 us   |      synchronize_rcu_expedited();
 0) + 93.465 us   |    }
 0)               |    udp_tunnel_sock_release [udp_tunnel]() {
 0) * 19792.49 us |      synchronize_rcu();
 0) * 19796.00 us |    }
 0) * 19992.55 us |  }
 0)               |  vxlan_sock_release [vxlan]() {
 0)               |    synchronize_net() {
 0) + 93.586 us   |      synchronize_rcu_expedited();
 0) + 94.627 us   |    }
 0)               |    udp_tunnel_sock_release [udp_tunnel]() {
 0) * 15785.49 us |      synchronize_rcu();
 0) * 15788.95 us |    }
 0) * 15986.48 us |  }
 0)               |  vxlan_sock_release [vxlan]() {
 0)               |    synchronize_net() {
 0) + 92.854 us   |      synchronize_rcu_expedited();
 0) + 93.836 us   |    }
 0)               |    udp_tunnel_sock_release [udp_tunnel]() {
 0) * 19810.69 us |      synchronize_rcu();
 2) * 15800.40 us |    }
 2) * 15995.11 us |  }
 2)               |  vxlan_sock_release [vxlan]() {
 2)               |    synchronize_net() {
 2) + 94.036 us   |      synchronize_rcu_expedited();
 2) + 95.088 us   |    }
 2)               |    udp_tunnel_sock_release [udp_tunnel]() {
 2) * 15789.07 us |      synchronize_rcu();
 2) * 15792.40 us |    }
 2) * 15992.61 us |  }
 2)               |  vxlan_sock_release [vxlan]() {
 2)               |    synchronize_net() {
 2) + 71.875 us   |      synchronize_rcu_expedited();
 2) + 73.418 us   |    }
 2)               |    udp_tunnel_sock_release [udp_tunnel]() {
 2) * 15813.37 us |      synchronize_rcu();
 2) * 15817.09 us |    }
 2) * 15980.31 us |  }
 2)               |  vxlan_sock_release [vxlan]() {
 2)               |    synchronize_net() {
 2) + 93.175 us   |      synchronize_rcu_expedited();
 2) + 94.277 us   |    }
 2)               |    udp_tunnel_sock_release [udp_tunnel]() {
 2) * 19790.25 us |      synchronize_rcu();
 2) * 19793.83 us |    }
 2) * 19987.53 us |  }
 2)               |  vxlan_sock_release [vxlan]() {
 2)               |    synchronize_net() {
 2) + 74.721 us   |      synchronize_rcu_expedited();
 2) + 75.712 us   |    }
 2)               |    udp_tunnel_sock_release [udp_tunnel]() {
 2) * 23809.36 us |      synchronize_rcu();
 2) * 23813.18 us |    }
 2) * 23990.74 us |  }
 2)               |  vxlan_sock_release [vxlan]() {
 2)               |    synchronize_net() {
 2) + 69.330 us   |      synchronize_rcu_expedited();
 2) + 70.362 us   |    }
 2)               |    udp_tunnel_sock_release [udp_tunnel]() {
 2) * 15813.77 us |      synchronize_rcu();
 2) * 15817.11 us |    }
 2) * 15988.49 us |  }
 2)               |  vxlan_sock_release [vxlan]() {
 2)               |    synchronize_net() {
 2) + 70.772 us   |      synchronize_rcu_expedited();
 2) + 71.814 us   |    }
 2)               |    udp_tunnel_sock_release [udp_tunnel]() {
 2) * 27820.88 us |      synchronize_rcu();
 2) * 27825.44 us |    }
 2) * 27996.50 us |  }
 2)               |  vxlan_sock_release [vxlan]() {
 2)               |    synchronize_net() {
 2) + 92.603 us   |      synchronize_rcu_expedited();
 2) + 93.635 us   |    }
 2)               |    udp_tunnel_sock_release [udp_tunnel]() {
 2) * 15783.00 us |      synchronize_rcu();
 2) * 15786.42 us |    }
 2) * 15978.97 us |  }
 2)               |  vxlan_sock_release [vxlan]() {
 2)               |    synchronize_net() {
 2) + 74.670 us   |      synchronize_rcu_expedited();
 2) + 75.622 us   |    }
 2)               |    udp_tunnel_sock_release [udp_tunnel]() {
 2) * 15757.45 us |      synchronize_rcu();
 2) * 15760.67 us |    }
 2) * 15989.45 us |  }
 2)               |  vxlan_sock_release [vxlan]() {
 2)               |    synchronize_net() {
 2) + 74.490 us   |      synchronize_rcu_expedited();
 2) + 75.382 us   |    }
 2)               |    udp_tunnel_sock_release [udp_tunnel]() {
 2) * 15811.96 us |      synchronize_rcu();
 2) * 15815.42 us |    }
 2) * 15991.53 us |  }
 2)               |  vxlan_sock_release [vxlan]() {
 2)               |    synchronize_net() {
 2) + 72.105 us   |      synchronize_rcu_expedited();
 2) + 72.997 us   |    }
 2)               |    udp_tunnel_sock_release [udp_tunnel]() {
 2) * 23811.45 us |      synchronize_rcu();
 2) * 23815.09 us |    }
 2) * 23987.49 us |  }
 2)               |  vxlan_sock_release [vxlan]() {
 2)               |    synchronize_net() {
 2) + 80.852 us   |      synchronize_rcu_expedited();
 2) + 81.753 us   |    }
 2)               |    udp_tunnel_sock_release [udp_tunnel]() {
 2) * 15804.84 us |      synchronize_rcu();
 2) * 15808.26 us |    }
 2) * 15987.48 us |  }
 2)               |  vxlan_sock_release [vxlan]() {
 2)               |    synchronize_net() {
 2) + 77.967 us   |      synchronize_rcu_expedited();
 2) + 78.867 us   |    }
 2)               |    udp_tunnel_sock_release [udp_tunnel]() {
 2) * 23811.07 us |      synchronize_rcu();
 2) * 23814.37 us |    }
 2) * 23989.91 us |  }
 2)               |  vxlan_sock_release [vxlan]() {
 2)               |    synchronize_net() {
 2) + 73.217 us   |      synchronize_rcu_expedited();
 2) + 74.119 us   |    }
 2)               |    udp_tunnel_sock_release [udp_tunnel]() {
 2) * 23791.33 us |      synchronize_rcu();
 2) * 23795.07 us |    }
 2) * 23989.18 us |  }
 2)               |  vxlan_sock_release [vxlan]() {
 2)               |    synchronize_net() {
 2) + 73.918 us   |      synchronize_rcu_expedited();
 2) + 74.820 us   |    }
 2)               |    udp_tunnel_sock_release [udp_tunnel]() {
 2) * 15812.78 us |      synchronize_rcu();
 2) * 15816.54 us |    }
 2) * 15990.92 us |  }
 2)               |  vxlan_sock_release [vxlan]() {
 2)               |    synchronize_net() {
 2) + 72.576 us   |      synchronize_rcu_expedited();
 2) + 73.548 us   |    }
 2)               |    udp_tunnel_sock_release [udp_tunnel]() {
 2) * 15809.97 us |      synchronize_rcu();
 2) * 15813.56 us |    }
 2) * 15987.74 us |  }
 2)               |  vxlan_sock_release [vxlan]() {
 2)               |    synchronize_net() {
 2) + 74.420 us   |      synchronize_rcu_expedited();
 2) + 75.512 us   |    }
 2)               |    udp_tunnel_sock_release [udp_tunnel]() {
 2) * 27814.30 us |      synchronize_rcu();
 2) * 27818.24 us |    }
 2) * 27993.80 us |  }
 2)               |  vxlan_sock_release [vxlan]() {
 2)               |    synchronize_net() {
 2) + 92.874 us   |      synchronize_rcu_expedited();
 2) + 93.786 us   |    }
 2)               |    udp_tunnel_sock_release [udp_tunnel]() {
 2) * 19751.49 us |      synchronize_rcu();
 0) * 19817.09 us |    }
 0) * 20013.02 us |  }
 0)               |  vxlan_sock_release [vxlan]() {
 0)               |    synchronize_net() {
 0) ! 104.827 us  |      synchronize_rcu_expedited();
 0) ! 105.919 us  |    }
 0)               |    udp_tunnel_sock_release [udp_tunnel]() {
 0) * 15789.65 us |      synchronize_rcu();
 0) * 15795.09 us |    }
 0) * 15970.65 us |  }
 0)               |  vxlan_sock_release [vxlan]() {
 0)               |    synchronize_net() {
 0) + 64.521 us   |      synchronize_rcu_expedited();
 0) + 65.513 us   |    }
 0)               |    udp_tunnel_sock_release [udp_tunnel]() {
 0) * 15813.38 us |      synchronize_rcu();
 0) * 15817.66 us |    }
 0) * 15982.50 us |  }
 0)               |  vxlan_sock_release [vxlan]() {
 0)               |    synchronize_net() {
 0) + 68.228 us   |      synchronize_rcu_expedited();
 0) + 69.170 us   |    }
 0)               |    udp_tunnel_sock_release [udp_tunnel]() {
 0) * 23818.62 us |      synchronize_rcu();
 0) * 23822.33 us |    }
 0) * 23988.55 us |  }
 0)               |  vxlan_sock_release [vxlan]() {
 0)               |    synchronize_net() {
 0) + 99.176 us   |      synchronize_rcu_expedited();
 0) ! 100.128 us  |    }
 0)               |    udp_tunnel_sock_release [udp_tunnel]() {
 0) * 15809.18 us |      synchronize_rcu();
 0) * 15812.97 us |    }
 0) * 15988.92 us |  }
 0)               |  vxlan_sock_release [vxlan]() {
 0)               |    synchronize_net() {
 0) + 72.646 us   |      synchronize_rcu_expedited();
 0) + 73.568 us   |    }
 0)               |    udp_tunnel_sock_release [udp_tunnel]() {
 0) * 23831.03 us |      synchronize_rcu();
 0) * 23834.69 us |    }
 0) * 23989.39 us |  }
 0)               |  vxlan_sock_release [vxlan]() {
 0)               |    synchronize_net() {
 0) + 69.029 us   |      synchronize_rcu_expedited();
 0) + 69.941 us   |    }
 0)               |    udp_tunnel_sock_release [udp_tunnel]() {
 0) * 23833.22 us |      synchronize_rcu();
 0) * 23836.90 us |    }
 0) * 23996.30 us |  }
 0)               |  vxlan_sock_release [vxlan]() {
 0)               |    synchronize_net() {
 0) ! 120.746 us  |      synchronize_rcu_expedited();
 0) ! 122.099 us  |    }
 0)               |    udp_tunnel_sock_release [udp_tunnel]() {
 0) * 15759.24 us |      synchronize_rcu();
 0) * 15762.81 us |    }
 0) * 15981.92 us |  }
 0)               |  vxlan_sock_release [vxlan]() {
 0)               |    synchronize_net() {
 0) + 67.687 us   |      synchronize_rcu_expedited();
 0) + 68.678 us   |    }
 0)               |    udp_tunnel_sock_release [udp_tunnel]() {
 0) * 15871.27 us |      synchronize_rcu();
 0) * 15875.19 us |    }
 0) * 15986.37 us |  }
 0)               |  vxlan_sock_release [vxlan]() {
 0)               |    synchronize_net() {
 0) + 74.199 us   |      synchronize_rcu_expedited();
 0) + 75.121 us   |    }
 0)               |    udp_tunnel_sock_release [udp_tunnel]() {
 0) * 19838.37 us |      synchronize_rcu();
 0) * 19846.35 us |    }
 0) * 20008.26 us |  }
 0)               |  vxlan_sock_release [vxlan]() {
 0)               |    synchronize_net() {
 0) + 38.633 us   |      synchronize_rcu_expedited();
 0) + 40.246 us   |    }
 0)               |    udp_tunnel_sock_release [udp_tunnel]() {
 0) * 31821.09 us |      synchronize_rcu();
 0) * 31831.42 us |    }
 0) * 31999.78 us |  }
 0)               |  vxlan_sock_release [vxlan]() {
 0)               |    synchronize_net() {
 0) ! 126.387 us  |      synchronize_rcu_expedited();
 0) ! 127.760 us  |    }
 0)               |    udp_tunnel_sock_release [udp_tunnel]() {
 0) * 31777.47 us |      synchronize_rcu();
 2) * 19764.08 us |    }
 2) * 20062.49 us |  }
 2)               |  vxlan_sock_release [vxlan]() {
 2)               |    synchronize_net() {
 2) + 79.569 us   |      synchronize_rcu_expedited();
 2) + 81.953 us   |    }
 2)               |    udp_tunnel_sock_release [udp_tunnel]() {
 2) * 19721.51 us |      synchronize_rcu();
 2) * 19734.96 us |    }
 2) * 19969.37 us |  }
 2)               |  vxlan_sock_release [vxlan]() {
 2)               |    synchronize_net() {
 2) ! 146.114 us  |      synchronize_rcu_expedited();
 2) ! 148.158 us  |    }
 2)               |    udp_tunnel_sock_release [udp_tunnel]() {
 2) * 20935.71 us |      synchronize_rcu();
 2) * 20951.54 us |    }
 2) * 21273.63 us |  }
 2)               |  vxlan_sock_release [vxlan]() {
 2)               |    synchronize_net() {
 2) ! 126.347 us  |      synchronize_rcu_expedited();
 2) ! 128.671 us  |    }
 2)               |    udp_tunnel_sock_release [udp_tunnel]() {
 2) * 26610.46 us |      synchronize_rcu();
 2) * 26627.73 us |    }
 2) * 26847.22 us |  }
 2)               |  vxlan_sock_release [vxlan]() {
 2)               |    synchronize_net() {
 2) ! 176.171 us  |      synchronize_rcu_expedited();
 2) ! 179.557 us  |    }
 2)               |    udp_tunnel_sock_release [udp_tunnel]() {
 2) * 15483.09 us |      synchronize_rcu();
 2) * 15494.33 us |    }
 2) * 15811.12 us |  }
 2)               |  vxlan_sock_release [vxlan]() {
 2)               |    synchronize_net() {
 2) ! 181.210 us  |      synchronize_rcu_expedited();
 2) ! 184.747 us  |    }
 2)               |    udp_tunnel_sock_release [udp_tunnel]() {
 2) * 27617.04 us |      synchronize_rcu();
 2) * 27626.60 us |    }
 2) * 27941.67 us |  }
 2)               |  vxlan_sock_release [vxlan]() {
 2)               |    synchronize_net() {
 2) ! 127.680 us  |      synchronize_rcu_expedited();
 2) ! 129.843 us  |    }
 2)               |    udp_tunnel_sock_release [udp_tunnel]() {
 2) * 15727.51 us |      synchronize_rcu();
 2) * 15735.74 us |    }
 2) * 15983.44 us |  }
 2)               |  vxlan_sock_release [vxlan]() {
 2)               |    synchronize_net() {
 2) + 86.262 us   |      synchronize_rcu_expedited();
 2) + 87.754 us   |    }
 2)               |    udp_tunnel_sock_release [udp_tunnel]() {
 2) * 15778.49 us |      synchronize_rcu();
 2) * 15793.55 us |    }
 2) * 16007.84 us |  }
 2)               |  vxlan_sock_release [vxlan]() {
 2)               |    synchronize_net() {
 2) + 73.778 us   |      synchronize_rcu_expedited();
 2) + 75.822 us   |    }
 2)               |    udp_tunnel_sock_release [udp_tunnel]() {
 2) * 15742.17 us |      synchronize_rcu();
 2) * 15755.98 us |    }
 2) * 15982.66 us |  }
 2)               |  vxlan_sock_release [vxlan]() {
 2)               |    synchronize_net() {
 2) ! 120.816 us  |      synchronize_rcu_expedited();
 2) ! 123.171 us  |    }
 2)               |    udp_tunnel_sock_release [udp_tunnel]() {
 2) * 15745.72 us |      synchronize_rcu();
 2) * 15757.50 us |    }
 2) * 16012.07 us |  }
 2)               |  vxlan_sock_release [vxlan]() {
 2)               |    synchronize_net() {
 2) ! 174.788 us  |      synchronize_rcu_expedited();
 2) ! 178.224 us  |    }
 2)               |    udp_tunnel_sock_release [udp_tunnel]() {
 2) * 15631.54 us |      synchronize_rcu();
 2) * 15642.83 us |    }
 2) * 15964.43 us |  }
 2)               |  vxlan_sock_release [vxlan]() {
 2)               |    synchronize_net() {
 2) ! 179.316 us  |      synchronize_rcu_expedited();
 2) ! 182.632 us  |    }
 2)               |    udp_tunnel_sock_release [udp_tunnel]() {
 2) * 23669.82 us |      synchronize_rcu();
 2) * 23680.93 us |    }
 2) * 23991.28 us |  }
 2)               |  vxlan_sock_release [vxlan]() {
 2)               |    synchronize_net() {
 2) ! 175.028 us  |      synchronize_rcu_expedited();
 2) ! 178.394 us  |    }
 2)               |    udp_tunnel_sock_release [udp_tunnel]() {
 2) * 23654.95 us |      synchronize_rcu();
 2) * 23665.87 us |    }
 2) * 23979.15 us |  }
 2)               |  vxlan_sock_release [vxlan]() {
 2)               |    synchronize_net() {
 2) ! 175.639 us  |      synchronize_rcu_expedited();
 2) ! 180.679 us  |    }
 2)               |    udp_tunnel_sock_release [udp_tunnel]() {
 2) * 15650.67 us |      synchronize_rcu();
 2) * 15662.07 us |    }
 2) * 15980.13 us |  }
 2)               |  vxlan_sock_release [vxlan]() {
 2)               |    synchronize_net() {
 2) ! 174.316 us  |      synchronize_rcu_expedited();
 2) ! 178.534 us  |    }
 2)               |    udp_tunnel_sock_release [udp_tunnel]() {
 2) * 15643.55 us |      synchronize_rcu();
 2) * 15655.55 us |    }
 2) * 15967.67 us |  }
 2)               |  vxlan_sock_release [vxlan]() {
 2)               |    synchronize_net() {
 2) ! 177.824 us  |      synchronize_rcu_expedited();
 2) ! 181.080 us  |    }
 2)               |    udp_tunnel_sock_release [udp_tunnel]() {
 2) * 15660.57 us |      synchronize_rcu();
 2) * 15671.98 us |    }
 2) * 15981.28 us |  }
 2)               |  vxlan_sock_release [vxlan]() {
 2)               |    synchronize_net() {
 2) ! 183.213 us  |      synchronize_rcu_expedited();
 2) ! 187.302 us  |    }
 2)               |    udp_tunnel_sock_release [udp_tunnel]() {
 2) * 23653.75 us |      synchronize_rcu();
 2) * 23665.10 us |    }
 2) * 24014.27 us |  }
 2)               |  vxlan_sock_release [vxlan]() {
 2)               |    synchronize_net() {
 2) ! 173.966 us  |      synchronize_rcu_expedited();
 2) ! 177.292 us  |    }
 2)               |    udp_tunnel_sock_release [udp_tunnel]() {
 2) * 23641.47 us |      synchronize_rcu();
 2) * 23652.57 us |    }
 2) * 23955.75 us |  }
 2)               |  vxlan_sock_release [vxlan]() {
 2)               |    synchronize_net() {
 2) ! 172.834 us  |      synchronize_rcu_expedited();
 2) ! 176.200 us  |    }
 2)               |    udp_tunnel_sock_release [udp_tunnel]() {
 2) * 19663.41 us |      synchronize_rcu();
 2) * 19675.04 us |    }
 2) * 19976.26 us |  }
 2)               |  vxlan_sock_release [vxlan]() {
 2)               |    synchronize_net() {
 2) ! 175.038 us  |      synchronize_rcu_expedited();
 2) ! 178.254 us  |    }
 2)               |    udp_tunnel_sock_release [udp_tunnel]() {
 2) * 15656.52 us |      synchronize_rcu();
 2) * 15667.95 us |    }
 2) * 15979.43 us |  }
 2)               |  vxlan_sock_release [vxlan]() {
 2)               |    synchronize_net() {
 2) ! 174.577 us  |      synchronize_rcu_expedited();
 2) ! 177.913 us  |    }
 2)               |    udp_tunnel_sock_release [udp_tunnel]() {
 2) * 15657.32 us |      synchronize_rcu();
 2) * 15669.15 us |    }
 2) * 15980.65 us |  }
 2)               |  vxlan_sock_release [vxlan]() {
 2)               |    synchronize_net() {
 2) ! 175.659 us  |      synchronize_rcu_expedited();
 2) ! 178.835 us  |    }
 2)               |    udp_tunnel_sock_release [udp_tunnel]() {
 2) * 15656.71 us |      synchronize_rcu();
 2) * 15667.82 us |    }
 2) * 15977.31 us |  }
 2)               |  vxlan_sock_release [vxlan]() {
 2)               |    synchronize_net() {
 2) ! 178.936 us  |      synchronize_rcu_expedited();
 2) ! 182.242 us  |    }
 2)               |    udp_tunnel_sock_release [udp_tunnel]() {
 2) * 23627.11 us |      synchronize_rcu();
 2) * 23638.96 us |    }
 2) * 23949.09 us |  }
 2)               |  vxlan_sock_release [vxlan]() {
 2)               |    synchronize_net() {
 2) + 50.605 us   |      synchronize_rcu_expedited();
 2) + 52.068 us   |    }
 2)               |    udp_tunnel_sock_release [udp_tunnel]() {
 2)               |      synchronize_rcu() {
 1) * 16136.50 us |      } /* synchronize_rcu */
 1) * 16150.65 us |    } /* udp_tunnel_sock_release [udp_tunnel] */
 1) * 16341.75 us |  } /* vxlan_sock_release [vxlan] */
 1)               |  vxlan_sock_release [vxlan]() {
 1)               |    synchronize_net() {
 1) ! 815.579 us  |      synchronize_rcu_expedited();
 1) ! 817.413 us  |    }
 1)               |    udp_tunnel_sock_release [udp_tunnel]() {
 1) * 22640.69 us |      synchronize_rcu();
 1) * 22650.72 us |    }
 1) * 23597.67 us |  }
 1)               |  vxlan_sock_release [vxlan]() {
 1)               |    synchronize_net() {
 1) + 95.288 us   |      synchronize_rcu_expedited();
 1) + 96.601 us   |    }
 1)               |    udp_tunnel_sock_release [udp_tunnel]() {
 1)               |      synchronize_rcu() {
 0) * 31798.33 us |    }
 0) * 32058.67 us |  }
 0)               |  vxlan_sock_release [vxlan]() {
 0)               |    synchronize_net() {
 0) ! 199.174 us  |      synchronize_rcu_expedited();
 0) ! 202.800 us  |    }
 0)               |    udp_tunnel_sock_release [udp_tunnel]() {
 0) * 19566.82 us |      synchronize_rcu();
 0) * 19578.23 us |    }
 0) * 19960.47 us |  }
 0)               |  vxlan_sock_release [vxlan]() {
 0)               |    synchronize_net() {
 0) + 62.006 us   |      synchronize_rcu_expedited();
 0) + 64.792 us   |    }
 0)               |    udp_tunnel_sock_release [udp_tunnel]() {
 0) * 23747.16 us |      synchronize_rcu();
 0) * 23758.45 us |    }
 0) * 23971.49 us |  }
 0)               |  vxlan_sock_release [vxlan]() {
 0)               |    synchronize_net() {
 0) + 72.657 us   |      synchronize_rcu_expedited();
 0) + 75.171 us   |    }
 0)               |    udp_tunnel_sock_release [udp_tunnel]() {
 0) * 19684.17 us |      synchronize_rcu();
 0) * 19697.12 us |    }
 0) * 19914.33 us |  }
 0)               |  vxlan_sock_release [vxlan]() {
 0)               |    synchronize_net() {
 0) ! 198.252 us  |      synchronize_rcu_expedited();
 0) ! 199.544 us  |    }
 0)               |    udp_tunnel_sock_release [udp_tunnel]() {
 0) * 23629.40 us |      synchronize_rcu();
 0) * 23642.60 us |    }
 0) * 23991.60 us |  }
 0)               |  vxlan_sock_release [vxlan]() {
 0)               |    synchronize_net() {
 0) + 63.329 us   |      synchronize_rcu_expedited();
 0) + 64.691 us   |    }
 0)               |    udp_tunnel_sock_release [udp_tunnel]() {
 0)               |      synchronize_rcu() {
 4) * 19867.26 us |      } /* synchronize_rcu */
 4) * 19880.18 us |    } /* udp_tunnel_sock_release [udp_tunnel] */
 4) * 20109.63 us |  } /* vxlan_sock_release [vxlan] */
 4)               |  vxlan_sock_release [vxlan]() {
 4)               |    synchronize_net() {
 4) + 47.199 us   |      synchronize_rcu_expedited();
 4) + 49.162 us   |    }
 4)               |    udp_tunnel_sock_release [udp_tunnel]() {
 4) * 15807.29 us |      synchronize_rcu();
 4) * 15824.40 us |    }
 4) * 15955.33 us |  }
 4)               |  vxlan_sock_release [vxlan]() {
 4)               |    synchronize_net() {
 4) + 77.766 us   |      synchronize_rcu_expedited();
 4) + 79.820 us   |    }
 4)               |    udp_tunnel_sock_release [udp_tunnel]() {
 4) * 15682.47 us |      synchronize_rcu();
 4) * 15695.58 us |    }
 4) * 15936.72 us |  }
 4)               |  vxlan_sock_release [vxlan]() {
 4)               |    synchronize_net() {
 4) + 39.234 us   |      synchronize_rcu_expedited();
 4) + 40.676 us   |    }
 4)               |    udp_tunnel_sock_release [udp_tunnel]() {
 4) * 19704.21 us |      synchronize_rcu();
 5) * 15849.66 us |      } /* synchronize_rcu */
 5) * 15863.32 us |    } /* udp_tunnel_sock_release [udp_tunnel] */
 5) * 16040.20 us |  } /* vxlan_sock_release [vxlan] */
 5)               |  vxlan_sock_release [vxlan]() {
 5)               |    synchronize_net() {
 5) + 58.379 us   |      synchronize_rcu_expedited();
 5) + 59.732 us   |    }
 5)               |    udp_tunnel_sock_release [udp_tunnel]() {
 5) * 11623.73 us |      synchronize_rcu();
 5) * 11628.05 us |    }
 5) * 11852.47 us |  }
 5)               |  vxlan_sock_release [vxlan]() {
 5)               |    synchronize_net() {
 5) ! 115.577 us  |      synchronize_rcu_expedited();
 5) ! 116.578 us  |    }
 5)               |    udp_tunnel_sock_release [udp_tunnel]() {
 5) * 23874.39 us |      synchronize_rcu();
 5) * 23885.54 us |    }
 5) * 24072.15 us |  }
 5)               |  vxlan_sock_release [vxlan]() {
 5)               |    synchronize_net() {
 5) # 3946.371 us |      synchronize_rcu_expedited();
 5) # 3949.717 us |    }
 5)               |    udp_tunnel_sock_release [udp_tunnel]() {
 5) * 19850.44 us |      synchronize_rcu();
 5) * 19862.69 us |    }
 5) * 23984.94 us |  }
 5)               |  vxlan_sock_release [vxlan]() {
 5)               |    synchronize_net() {
 5) + 50.214 us   |      synchronize_rcu_expedited();
 5) + 52.238 us   |    }
 5)               |    udp_tunnel_sock_release [udp_tunnel]() {
 5) * 19800.47 us |      synchronize_rcu();
 5) * 19814.27 us |    }
 5) * 19989.51 us |  }
 5)               |  vxlan_sock_release [vxlan]() {
 5)               |    synchronize_net() {
 5) + 50.354 us   |      synchronize_rcu_expedited();
 5) + 52.258 us   |    }
 5)               |    udp_tunnel_sock_release [udp_tunnel]() {
 5) * 19780.06 us |      synchronize_rcu();
 5) * 19790.91 us |    }
 5) * 20072.97 us |  }
 5)               |  vxlan_sock_release [vxlan]() {
 5)               |    synchronize_net() {
 5) + 61.655 us   |      synchronize_rcu_expedited();
 5) + 63.549 us   |    }
 5)               |    udp_tunnel_sock_release [udp_tunnel]() {
 5) * 23816.64 us |      synchronize_rcu();
 4) * 19716.27 us |    }
 4) * 19895.84 us |  }
 4)               |  vxlan_sock_release [vxlan]() {
 4)               |    synchronize_net() {
 4) + 39.534 us   |      synchronize_rcu_expedited();
 4) + 40.546 us   |    }
 4)               |    udp_tunnel_sock_release [udp_tunnel]() {
 4) * 19892.30 us |      synchronize_rcu();
 5) * 23828.42 us |    }
 5) * 23968.83 us |  }
 5)               |  vxlan_sock_release [vxlan]() {
 5)               |    synchronize_net() {
 5) + 35.937 us   |      synchronize_rcu_expedited();
 5) + 38.352 us   |    }
 5)               |    udp_tunnel_sock_release [udp_tunnel]() {
 5) * 19804.37 us |      synchronize_rcu();
 5) * 19820.92 us |    }
 5) * 19992.14 us |  }
 5)               |  vxlan_sock_release [vxlan]() {
 5)               |    synchronize_net() {
 5) + 44.473 us   |      synchronize_rcu_expedited();
 5) + 46.367 us   |    }
 5)               |    udp_tunnel_sock_release [udp_tunnel]() {
 5) * 15709.06 us |      synchronize_rcu();
 5) * 15719.88 us |    }
 5) * 15910.54 us |  }
 5)               |  vxlan_sock_release [vxlan]() {
 5)               |    synchronize_net() {
 5) + 34.314 us   |      synchronize_rcu_expedited();
 5) + 36.207 us   |    }
 5)               |    udp_tunnel_sock_release [udp_tunnel]() {
 5) * 31771.51 us |      synchronize_rcu();
 4) * 19898.29 us |    }
 4) * 20030.12 us |  }
 4)               |  vxlan_sock_release [vxlan]() {
 4)               |    synchronize_net() {
 4) + 49.302 us   |      synchronize_rcu_expedited();
 4) + 50.384 us   |    }
 4)               |    udp_tunnel_sock_release [udp_tunnel]() {
 4) * 15810.10 us |      synchronize_rcu();
 4) * 15820.67 us |    }
 4) * 15981.41 us |  }
 4)               |  vxlan_sock_release [vxlan]() {
 4)               |    synchronize_net() {
 4) + 69.701 us   |      synchronize_rcu_expedited();
 4) + 71.714 us   |    }
 4)               |    udp_tunnel_sock_release [udp_tunnel]() {
 4) * 15772.37 us |      synchronize_rcu();
 4) * 15783.47 us |    }
 4) * 15979.17 us |  }
 4)               |  vxlan_sock_release [vxlan]() {
 4)               |    synchronize_net() {
 4) + 76.864 us   |      synchronize_rcu_expedited();
 4) + 79.169 us   |    }
 4)               |    udp_tunnel_sock_release [udp_tunnel]() {
 4) * 15932.54 us |      synchronize_rcu();
 4) * 15950.21 us |    }
 4) * 16150.94 us |  }
 4)               |  vxlan_sock_release [vxlan]() {
 4)               |    synchronize_net() {
 4) + 77.325 us   |      synchronize_rcu_expedited();
 4) + 79.259 us   |    }
 4)               |    udp_tunnel_sock_release [udp_tunnel]() {
 4) * 15622.25 us |      synchronize_rcu();
 4) * 15641.54 us |    }
 4) * 15839.99 us |  }
 4)               |  vxlan_sock_release [vxlan]() {
 4)               |    synchronize_net() {
 4) + 59.612 us   |      synchronize_rcu_expedited();
 4) + 61.745 us   |    }
 4)               |    udp_tunnel_sock_release [udp_tunnel]() {
 4) * 15748.00 us |      synchronize_rcu();
 4) * 15758.72 us |    }
 4) * 15939.72 us |  }
 4)               |  vxlan_sock_release [vxlan]() {
 4)               |    synchronize_net() {
 4) + 70.082 us   |      synchronize_rcu_expedited();
 4) + 72.777 us   |    }
 4)               |    udp_tunnel_sock_release [udp_tunnel]() {
 4) * 15816.79 us |      synchronize_rcu();
 4) * 15827.60 us |    }
 4) * 15977.42 us |  }
 4)               |  vxlan_sock_release [vxlan]() {
 4)               |    synchronize_net() {
 4) ! 109.515 us  |      synchronize_rcu_expedited();
 4) ! 111.489 us  |    }
 4)               |    udp_tunnel_sock_release [udp_tunnel]() {
 4) * 15740.73 us |      synchronize_rcu();
 4) * 15751.71 us |    }
 4) * 15981.40 us |  }
 4)               |  vxlan_sock_release [vxlan]() {
 4)               |    synchronize_net() {
 4) + 74.500 us   |      synchronize_rcu_expedited();
 4) + 76.443 us   |    }
 4)               |    udp_tunnel_sock_release [udp_tunnel]() {
 4) * 15774.71 us |      synchronize_rcu();
 4) * 15786.24 us |    }
 4) * 15978.90 us |  }
 4)               |  vxlan_sock_release [vxlan]() {
 4)               |    synchronize_net() {
 4) ! 109.736 us  |      synchronize_rcu_expedited();
 4) ! 111.689 us  |    }
 4)               |    udp_tunnel_sock_release [udp_tunnel]() {
 4) * 19743.91 us |      synchronize_rcu();
 4) * 19754.84 us |    }
 4) * 19981.40 us |  }
 4)               |  vxlan_sock_release [vxlan]() {
 4)               |    synchronize_net() {
 4) + 73.929 us   |      synchronize_rcu_expedited();
 4) + 75.872 us   |    }
 4)               |    udp_tunnel_sock_release [udp_tunnel]() {
 4) * 19762.70 us |      synchronize_rcu();
 4) * 19773.53 us |    }
 4) * 19978.60 us |  }
 4)               |  vxlan_sock_release [vxlan]() {
 4)               |    synchronize_net() {
 4) ! 185.928 us  |      synchronize_rcu_expedited();
 4) ! 189.395 us  |    }
 4)               |    udp_tunnel_sock_release [udp_tunnel]() {
 4) * 15669.45 us |      synchronize_rcu();
 4) * 15680.38 us |    }
 4) * 15989.26 us |  }
 4)               |  vxlan_sock_release [vxlan]() {
 4)               |    synchronize_net() {
 4) + 43.441 us   |      synchronize_rcu_expedited();
 4) + 45.305 us   |    }
 4)               |    udp_tunnel_sock_release [udp_tunnel]() {
 4) * 23783.47 us |      synchronize_rcu();
 4) * 23794.28 us |    }
 4) * 23969.03 us |  }
 4)               |  vxlan_sock_release [vxlan]() {
 4)               |    synchronize_net() {
 4) + 49.703 us   |      synchronize_rcu_expedited();
 4) + 52.429 us   |    }
 4)               |    udp_tunnel_sock_release [udp_tunnel]() {
 4) * 15806.08 us |      synchronize_rcu();
 4) * 15816.98 us |    }
 4) * 15990.02 us |  }
 4)               |  vxlan_sock_release [vxlan]() {
 4)               |    synchronize_net() {
 4) + 91.411 us   |      synchronize_rcu_expedited();
 4) + 94.347 us   |    }
 4)               |    udp_tunnel_sock_release [udp_tunnel]() {
 4) * 23910.69 us |      synchronize_rcu();
 4) * 23929.46 us |    }
 4) * 24144.25 us |  }
 4)               |  vxlan_sock_release [vxlan]() {
 4)               |    synchronize_net() {
 4) + 36.018 us   |      synchronize_rcu_expedited();
 4) + 37.821 us   |    }
 4)               |    udp_tunnel_sock_release [udp_tunnel]() {
 4) * 19698.31 us |      synchronize_rcu();
 4) * 19714.34 us |    }
 4) * 19832.66 us |  }
 4)               |  vxlan_sock_release [vxlan]() {
 4)               |    synchronize_net() {
 4) + 64.231 us   |      synchronize_rcu_expedited();
 4) + 66.124 us   |    }
 4)               |    udp_tunnel_sock_release [udp_tunnel]() {
 4) * 19738.76 us |      synchronize_rcu();
 4) * 19752.97 us |    }
 4) * 19956.25 us |  }
 4)               |  vxlan_sock_release [vxlan]() {
 4)               |    synchronize_net() {
 4) + 70.993 us   |      synchronize_rcu_expedited();
 4) + 73.037 us   |    }
 4)               |    udp_tunnel_sock_release [udp_tunnel]() {
 4) * 15205.50 us |      synchronize_rcu();
 5) * 31787.34 us |    }
 5) * 32012.38 us |  }
 5)               |  vxlan_sock_release [vxlan]() {
 5)               |    synchronize_net() {
 5) + 95.018 us   |      synchronize_rcu_expedited();
 5) + 99.036 us   |    }
 5)               |    udp_tunnel_sock_release [udp_tunnel]() {
 5) * 15697.39 us |      synchronize_rcu();
 5) * 15708.27 us |    }
 5) * 15948.43 us |  }
 5)               |  vxlan_sock_release [vxlan]() {
 5)               |    synchronize_net() {
 5) ! 184.646 us  |      synchronize_rcu_expedited();
 5) ! 187.883 us  |    }
 5)               |    udp_tunnel_sock_release [udp_tunnel]() {
 5) * 23630.44 us |      synchronize_rcu();
 5) * 23642.93 us |    }
 5) * 23990.14 us |  }
 5)               |  vxlan_sock_release [vxlan]() {
 5)               |    synchronize_net() {
 5) + 78.458 us   |      synchronize_rcu_expedited();
 5) + 80.542 us   |    }
 5)               |    udp_tunnel_sock_release [udp_tunnel]() {
 5) * 15722.55 us |      synchronize_rcu();
 5) * 15733.27 us |    }
 5) * 15962.14 us |  }
 5)               |  vxlan_sock_release [vxlan]() {
 5)               |    synchronize_net() {
 5) ! 124.453 us  |      synchronize_rcu_expedited();
 5) ! 126.628 us  |    }
 5)               |    udp_tunnel_sock_release [udp_tunnel]() {
 5) * 15695.47 us |      synchronize_rcu();
 5) * 15706.09 us |    }
 5) * 15980.17 us |  }
 5)               |  vxlan_sock_release [vxlan]() {
 5)               |    synchronize_net() {
 5) ! 177.513 us  |      synchronize_rcu_expedited();
 5) ! 180.839 us  |    }
 5)               |    udp_tunnel_sock_release [udp_tunnel]() {
 5) * 15659.22 us |      synchronize_rcu();
 5) * 15670.46 us |    }
 5) * 15979.48 us |  }
 5)               |  vxlan_sock_release [vxlan]() {
 5)               |    synchronize_net() {
 5) ! 178.535 us  |      synchronize_rcu_expedited();
 5) ! 181.811 us  |    }
 5)               |    udp_tunnel_sock_release [udp_tunnel]() {
 5) * 15665.61 us |      synchronize_rcu();
 5) * 15680.06 us |    }
 5) * 15997.33 us |  }
 5)               |  vxlan_sock_release [vxlan]() {
 5)               |    synchronize_net() {
 5) ! 177.083 us  |      synchronize_rcu_expedited();
 5) ! 180.409 us  |    }
 5)               |    udp_tunnel_sock_release [udp_tunnel]() {
 5) * 15649.16 us |      synchronize_rcu();
 5) * 15660.20 us |    }
 5) * 15971.16 us |  }
 5)               |  vxlan_sock_release [vxlan]() {
 5)               |    synchronize_net() {
 5) + 74.459 us   |      synchronize_rcu_expedited();
 5) + 76.714 us   |    }
 5)               |    udp_tunnel_sock_release [udp_tunnel]() {
 5) * 15790.82 us |      synchronize_rcu();
 5) * 15801.97 us |    }
 5) * 15971.24 us |  }
 5)               |  vxlan_sock_release [vxlan]() {
 5)               |    synchronize_net() {
 5) ! 177.523 us  |      synchronize_rcu_expedited();
 5) ! 180.769 us  |    }
 5)               |    udp_tunnel_sock_release [udp_tunnel]() {
 5) * 15666.24 us |      synchronize_rcu();
 5) * 15678.43 us |    }
 5) * 15977.74 us |  }
 5)               |  vxlan_sock_release [vxlan]() {
 5)               |    synchronize_net() {
 5) ! 179.397 us  |      synchronize_rcu_expedited();
 5) ! 182.693 us  |    }
 5)               |    udp_tunnel_sock_release [udp_tunnel]() {
 5) * 23637.40 us |      synchronize_rcu();
 5) * 23650.08 us |    }
 5) * 23948.74 us |  }
 5)               |  vxlan_sock_release [vxlan]() {
 5)               |    synchronize_net() {
 5) + 70.512 us   |      synchronize_rcu_expedited();
 5) + 72.356 us   |    }
 5)               |    udp_tunnel_sock_release [udp_tunnel]() {
 5) * 15798.06 us |      synchronize_rcu();
 5) * 15809.03 us |    }
 5) * 16013.56 us |  }
 5)               |  vxlan_sock_release [vxlan]() {
 5)               |    synchronize_net() {
 5) ! 179.246 us  |      synchronize_rcu_expedited();
 5) ! 182.522 us  |    }
 5)               |    udp_tunnel_sock_release [udp_tunnel]() {
 5) * 23644.72 us |      synchronize_rcu();
 5) * 23656.08 us |    }
 5) * 23977.41 us |  }
 5)               |  vxlan_sock_release [vxlan]() {
 5)               |    synchronize_net() {
 5) ! 175.990 us  |      synchronize_rcu_expedited();
 5) ! 179.687 us  |    }
 5)               |    udp_tunnel_sock_release [udp_tunnel]() {
 5) * 15654.86 us |      synchronize_rcu();
 5) * 15666.28 us |    }
 5) * 15978.38 us |  }
 5)               |  vxlan_sock_release [vxlan]() {
 5)               |    synchronize_net() {
 5) ! 175.790 us  |      synchronize_rcu_expedited();
 5) ! 178.996 us  |    }
 5)               |    udp_tunnel_sock_release [udp_tunnel]() {
 5) * 19653.65 us |      synchronize_rcu();
 5) * 19664.82 us |    }
 5) * 19973.76 us |  }
 5)               |  vxlan_sock_release [vxlan]() {
 5)               |    synchronize_net() {
 5) ! 179.327 us  |      synchronize_rcu_expedited();
 5) ! 183.635 us  |    }
 5)               |    udp_tunnel_sock_release [udp_tunnel]() {
 5) * 23653.54 us |      synchronize_rcu();
 5) * 23660.34 us |    }
 5) * 23969.01 us |  }
 5)               |  vxlan_sock_release [vxlan]() {
 5)               |    synchronize_net() {
 5) + 94.658 us   |      synchronize_rcu_expedited();
 5) + 95.569 us   |    }
 5)               |    udp_tunnel_sock_release [udp_tunnel]() {
 5) * 15806.34 us |      synchronize_rcu();
 5) * 15816.66 us |    }
 5) * 15999.50 us |  }
 5)               |  vxlan_sock_release [vxlan]() {
 5)               |    synchronize_net() {
 5) ! 177.002 us  |      synchronize_rcu_expedited();
 5) ! 180.248 us  |    }
 5)               |    udp_tunnel_sock_release [udp_tunnel]() {
 5) * 15662.19 us |      synchronize_rcu();
 5) * 15673.29 us |    }
 5) * 15978.97 us |  }
 5)               |  vxlan_sock_release [vxlan]() {
 5)               |    synchronize_net() {
 5) ! 179.757 us  |      synchronize_rcu_expedited();
 5) ! 183.013 us  |    }
 5)               |    udp_tunnel_sock_release [udp_tunnel]() {
 5) * 23663.82 us |      synchronize_rcu();
 5) * 23675.12 us |    }
 5) * 23981.38 us |  }
 5)               |  vxlan_sock_release [vxlan]() {
 5)               |    synchronize_net() {
 5) ! 177.823 us  |      synchronize_rcu_expedited();
 5) ! 181.039 us  |    }
 5)               |    udp_tunnel_sock_release [udp_tunnel]() {
 5) * 15661.85 us |      synchronize_rcu();
 5) * 15672.81 us |    }
 5) * 15977.87 us |  }
 5)               |  vxlan_sock_release [vxlan]() {
 5)               |    synchronize_net() {
 5) + 99.436 us   |      synchronize_rcu_expedited();
 5) ! 101.861 us  |    }
 5)               |    udp_tunnel_sock_release [udp_tunnel]() {
 5) * 15741.34 us |      synchronize_rcu();
 5) * 15752.67 us |    }
 5) * 15983.82 us |  }
 5)               |  vxlan_sock_release [vxlan]() {
 5)               |    synchronize_net() {
 5) + 73.879 us   |      synchronize_rcu_expedited();
 5) + 75.792 us   |    }
 5)               |    udp_tunnel_sock_release [udp_tunnel]() {
 5) * 15754.71 us |      synchronize_rcu();
 5) * 15763.02 us |    }
 5) * 15978.36 us |  }
 5)               |  vxlan_sock_release [vxlan]() {
 5)               |    synchronize_net() {
 5) + 62.057 us   |      synchronize_rcu_expedited();
 5) + 63.890 us   |    }
 5)               |    udp_tunnel_sock_release [udp_tunnel]() {
 5) * 15812.88 us |      synchronize_rcu();
 5) * 15823.11 us |    }
 5) * 15987.19 us |  }
 5)               |  vxlan_sock_release [vxlan]() {
 5)               |    synchronize_net() {
 5) ! 174.557 us  |      synchronize_rcu_expedited();
 5) ! 177.783 us  |    }
 5)               |    udp_tunnel_sock_release [udp_tunnel]() {
 5) * 15668.70 us |      synchronize_rcu();
 5) * 15679.52 us |    }
 5) * 15977.53 us |  }
 5)               |  vxlan_sock_release [vxlan]() {
 5)               |    synchronize_net() {
 5) ! 177.583 us  |      synchronize_rcu_expedited();
 5) ! 180.909 us  |    }
 5)               |    udp_tunnel_sock_release [udp_tunnel]() {
 5) * 23668.83 us |      synchronize_rcu();
 5) * 23680.31 us |    }
 5) * 23981.59 us |  }
 5)               |  vxlan_sock_release [vxlan]() {
 5)               |    synchronize_net() {
 5) ! 181.049 us  |      synchronize_rcu_expedited();
 5) ! 184.395 us  |    }
 5)               |    udp_tunnel_sock_release [udp_tunnel]() {
 5) * 23660.91 us |      synchronize_rcu();
 5) * 23671.90 us |    }
 5) * 23978.99 us |  }
 5)               |  vxlan_sock_release [vxlan]() {
 5)               |    synchronize_net() {
 5) + 99.126 us   |      synchronize_rcu_expedited();
 5) ! 101.240 us  |    }
 5)               |    udp_tunnel_sock_release [udp_tunnel]() {
 5) * 15739.43 us |      synchronize_rcu();
 5) * 15750.00 us |    }
 5) * 15980.29 us |  }
 5)               |  vxlan_sock_release [vxlan]() {
 5)               |    synchronize_net() {
 5) ! 180.488 us  |      synchronize_rcu_expedited();
 5) ! 183.865 us  |    }
 5)               |    udp_tunnel_sock_release [udp_tunnel]() {
 5) * 15664.20 us |      synchronize_rcu();
 5) * 15675.71 us |    }
 5) * 15978.43 us |  }
 5)               |  vxlan_sock_release [vxlan]() {
 5)               |    synchronize_net() {
 5) ! 183.123 us  |      synchronize_rcu_expedited();
 5) ! 186.731 us  |    }
 5)               |    udp_tunnel_sock_release [udp_tunnel]() {
 5) * 23650.01 us |      synchronize_rcu();
 5) * 23657.85 us |    }
 5) * 23968.08 us |  }
 5)               |  vxlan_sock_release [vxlan]() {
 5)               |    synchronize_net() {
 5) + 63.539 us   |      synchronize_rcu_expedited();
 5) + 65.573 us   |    }
 5)               |    udp_tunnel_sock_release [udp_tunnel]() {
 5) * 15843.10 us |      synchronize_rcu();
 5) * 15853.22 us |    }
 5) * 16004.87 us |  }
 5)               |  vxlan_sock_release [vxlan]() {
 5)               |    synchronize_net() {
 5) ! 181.551 us  |      synchronize_rcu_expedited();
 5) ! 185.779 us  |    }
 5)               |    udp_tunnel_sock_release [udp_tunnel]() {
 5) * 23661.53 us |      synchronize_rcu();
 5) * 23672.70 us |    }
 5) * 23980.20 us |  }
 5)               |  vxlan_sock_release [vxlan]() {
 5)               |    synchronize_net() {
 5) ! 177.012 us  |      synchronize_rcu_expedited();
 5) ! 180.268 us  |    }
 5)               |    udp_tunnel_sock_release [udp_tunnel]() {
 5) * 15665.59 us |      synchronize_rcu();
 5) * 15676.59 us |    }
 5) * 15979.51 us |  }
 5)               |  vxlan_sock_release [vxlan]() {
 5)               |    synchronize_net() {
 5) ! 176.741 us  |      synchronize_rcu_expedited();
 5) ! 179.997 us  |    }
 5)               |    udp_tunnel_sock_release [udp_tunnel]() {
 5) * 23888.21 us |      synchronize_rcu();
 6) * 27694.78 us |      } /* synchronize_rcu */
 6) * 27703.27 us |    } /* udp_tunnel_sock_release [udp_tunnel] */
 6) * 28002.67 us |  } /* vxlan_sock_release [vxlan] */
 6)               |  vxlan_sock_release [vxlan]() {
 6)               |    synchronize_net() {
 6) + 60.062 us   |      synchronize_rcu_expedited();
 6) + 61.104 us   |    }
 6)               |    udp_tunnel_sock_release [udp_tunnel]() {
 6) * 15777.95 us |      synchronize_rcu();
 6) * 15788.07 us |    }
 6) * 16050.86 us |  }
 6)               |  vxlan_sock_release [vxlan]() {
 6)               |    synchronize_net() {
 6) ! 177.803 us  |      synchronize_rcu_expedited();
 6) ! 181.149 us  |    }
 6)               |    udp_tunnel_sock_release [udp_tunnel]() {
 6) * 19589.93 us |      synchronize_rcu();
 6) * 19602.11 us |    }
 6) * 19898.89 us |  }
 6)               |  vxlan_sock_release [vxlan]() {
 6)               |    synchronize_net() {
 6) ! 176.150 us  |      synchronize_rcu_expedited();
 6) ! 179.247 us  |    }
 6)               |    udp_tunnel_sock_release [udp_tunnel]() {
 6) * 15659.60 us |      synchronize_rcu();
 6) * 15670.70 us |    }
 6) * 15972.05 us |  }
 6)               |  vxlan_sock_release [vxlan]() {
 6)               |    synchronize_net() {
 6) ! 177.332 us  |      synchronize_rcu_expedited();
 6) ! 180.428 us  |    }
 6)               |    udp_tunnel_sock_release [udp_tunnel]() {
 6) * 23688.18 us |      synchronize_rcu();
 6) * 23696.16 us |    }
 6) * 23944.47 us |  }
 6)               |  vxlan_sock_release [vxlan]() {
 6)               |    synchronize_net() {
 6) + 52.208 us   |      synchronize_rcu_expedited();
 6) + 54.222 us   |    }
 6)               |    udp_tunnel_sock_release [udp_tunnel]() {
 6) * 15856.75 us |      synchronize_rcu();
 6) * 15867.40 us |    }
 6) * 16021.14 us |  }
 6)               |  vxlan_sock_release [vxlan]() {
 6)               |    synchronize_net() {
 6) + 62.307 us   |      synchronize_rcu_expedited();
 6) + 64.090 us   |    }
 6)               |    udp_tunnel_sock_release [udp_tunnel]() {
 6) * 23776.05 us |      synchronize_rcu();
 5) * 23900.12 us |    }
 5) * 24084.15 us |  }
 5)               |  vxlan_sock_release [vxlan]() {
 5)               |    synchronize_net() {
 5) + 70.662 us   |      synchronize_rcu_expedited();
 5) + 72.526 us   |    }
 5)               |    udp_tunnel_sock_release [udp_tunnel]() {
 5) * 15666.09 us |      synchronize_rcu();
 5) * 15677.14 us |    }
 5) * 15871.29 us |  }
 5)               |  vxlan_sock_release [vxlan]() {
 5)               |    synchronize_net() {
 5) + 57.207 us   |      synchronize_rcu_expedited();
 5) + 59.401 us   |    }
 5)               |    udp_tunnel_sock_release [udp_tunnel]() {
 5) * 19803.79 us |      synchronize_rcu();
 5) * 19821.57 us |    }
 5) * 19999.79 us |  }
 5)               |  vxlan_sock_release [vxlan]() {
 5)               |    synchronize_net() {
 5) + 69.560 us   |      synchronize_rcu_expedited();
 5) + 71.384 us   |    }
 5)               |    udp_tunnel_sock_release [udp_tunnel]() {
 5) * 23714.06 us |      synchronize_rcu();
 5) * 23724.82 us |    }
 5) * 23913.40 us |  }
 5)               |  vxlan_sock_release [vxlan]() {
 5)               |    synchronize_net() {
 5) ! 120.566 us  |      synchronize_rcu_expedited();
 5) ! 122.500 us  |    }
 5)               |    udp_tunnel_sock_release [udp_tunnel]() {
 5) * 15848.93 us |      synchronize_rcu();
 6) * 23787.89 us |    }
 6) * 24047.63 us |  }
 6)               |  vxlan_sock_release [vxlan]() {
 6)               |    synchronize_net() {
 6) ! 186.139 us  |      synchronize_rcu_expedited();
 6) ! 190.357 us  |    }
 6)               |    udp_tunnel_sock_release [udp_tunnel]() {
 6) * 15615.14 us |      synchronize_rcu();
 6) * 15632.00 us |    }
 6) * 15969.59 us |  }
 6)               |  vxlan_sock_release [vxlan]() {
 6)               |    synchronize_net() {
 6) ! 166.251 us  |      synchronize_rcu_expedited();
 6) ! 169.437 us  |    }
 6)               |    udp_tunnel_sock_release [udp_tunnel]() {
 6) * 15659.14 us |      synchronize_rcu();
 6) * 15671.46 us |    }
 6) * 15975.31 us |  }
 6)               |  vxlan_sock_release [vxlan]() {
 6)               |    synchronize_net() {
 6) + 91.912 us   |      synchronize_rcu_expedited();
 6) + 94.567 us   |    }
 6)               |    udp_tunnel_sock_release [udp_tunnel]() {
 6) * 15734.74 us |      synchronize_rcu();
 6) * 15746.13 us |    }
 6) * 15972.73 us |  }
 6)               |  vxlan_sock_release [vxlan]() {
 6)               |    synchronize_net() {
 6) + 72.896 us   |      synchronize_rcu_expedited();
 6) + 76.023 us   |    }
 6)               |    udp_tunnel_sock_release [udp_tunnel]() {
 6) * 15735.79 us |      synchronize_rcu();
 6) * 15743.82 us |    }
 6) * 15954.66 us |  }
 6)               |  vxlan_sock_release [vxlan]() {
 6)               |    synchronize_net() {
 6) + 30.928 us   |      synchronize_rcu_expedited();
 6) + 32.331 us   |    }
 6)               |    udp_tunnel_sock_release [udp_tunnel]() {
 6) * 15878.49 us |      synchronize_rcu();
 6) * 15894.05 us |    }
 6) * 16023.05 us |  }
 6)               |  vxlan_sock_release [vxlan]() {
 6)               |    synchronize_net() {
 6) + 46.117 us   |      synchronize_rcu_expedited();
 6) + 48.751 us   |    }
 6)               |    udp_tunnel_sock_release [udp_tunnel]() {
 6) * 15818.30 us |      synchronize_rcu();
 6) * 15828.98 us |    }
 6) * 15962.00 us |  }
 6)               |  vxlan_sock_release [vxlan]() {
 6)               |    synchronize_net() {
 6) + 72.005 us   |      synchronize_rcu_expedited();
 6) + 73.859 us   |    }
 6)               |    udp_tunnel_sock_release [udp_tunnel]() {
 6) * 15785.66 us |      synchronize_rcu();
 6) * 15796.37 us |    }
 6) * 15984.75 us |  }
 6)               |  vxlan_sock_release [vxlan]() {
 6)               |    synchronize_net() {
 6) + 47.569 us   |      synchronize_rcu_expedited();
 6) + 49.513 us   |    }
 6)               |    udp_tunnel_sock_release [udp_tunnel]() {
 6) * 15813.95 us |      synchronize_rcu();
 6) * 15824.96 us |    }
 6) * 15983.66 us |  }
 6)               |  vxlan_sock_release [vxlan]() {
 6)               |    synchronize_net() {
 6) + 75.071 us   |      synchronize_rcu_expedited();
 6) + 76.945 us   |    }
 6)               |    udp_tunnel_sock_release [udp_tunnel]() {
 6) * 15767.84 us |      synchronize_rcu();
 6) * 15779.57 us |    }
 6) * 15983.68 us |  }
 6)               |  vxlan_sock_release [vxlan]() {
 6)               |    synchronize_net() {
 6) + 34.856 us   |      synchronize_rcu_expedited();
 6) + 36.729 us   |    }
 6)               |    udp_tunnel_sock_release [udp_tunnel]() {
 6) * 15813.94 us |      synchronize_rcu();
 6) * 15824.23 us |    }
 6) * 15970.00 us |  }
 6)               |  vxlan_sock_release [vxlan]() {
 6)               |    synchronize_net() {
 6) + 76.714 us   |      synchronize_rcu_expedited();
 6) + 80.251 us   |    }
 6)               |    udp_tunnel_sock_release [udp_tunnel]() {
 6) * 15805.00 us |      synchronize_rcu();
 6) * 15815.91 us |    }
 6) * 15970.67 us |  }
 6)               |  vxlan_sock_release [vxlan]() {
 6)               |    synchronize_net() {
 6) + 39.855 us   |      synchronize_rcu_expedited();
 6) + 42.089 us   |    }
 6)               |    udp_tunnel_sock_release [udp_tunnel]() {
 6) * 15824.16 us |      synchronize_rcu();
 6) * 15834.65 us |    }
 6) * 15978.52 us |  }
 6)               |  vxlan_sock_release [vxlan]() {
 6)               |    synchronize_net() {
 6) + 41.458 us   |      synchronize_rcu_expedited();
 6) + 43.742 us   |    }
 6)               |    udp_tunnel_sock_release [udp_tunnel]() {
 6) * 15801.58 us |      synchronize_rcu();
 5) * 15872.07 us |    }
 5) * 16024.98 us |  }
 5)               |  vxlan_sock_release [vxlan]() {
 5)               |    synchronize_net() {
 5) ! 112.090 us  |      synchronize_rcu_expedited();
 5) ! 114.094 us  |    }
 5)               |    udp_tunnel_sock_release [udp_tunnel]() {
 5) * 15671.97 us |      synchronize_rcu();
 5) * 15682.50 us |    }
 5) * 15931.48 us |  }
 5)               |  vxlan_sock_release [vxlan]() {
 5)               |    synchronize_net() {
 5) + 63.640 us   |      synchronize_rcu_expedited();
 5) + 65.463 us   |    }
 5)               |    udp_tunnel_sock_release [udp_tunnel]() {
 5) * 15785.62 us |      synchronize_rcu();
 5) * 15795.84 us |    }
 5) * 15982.88 us |  }
 5)               |  vxlan_sock_release [vxlan]() {
 5)               |    synchronize_net() {
 5) + 38.593 us   |      synchronize_rcu_expedited();
 5) + 40.476 us   |    }
 5)               |    udp_tunnel_sock_release [udp_tunnel]() {
 5) * 15807.98 us |      synchronize_rcu();
 5) * 15819.01 us |    }
 5) * 15980.33 us |  }
 5)               |  vxlan_sock_release [vxlan]() {
 5)               |    synchronize_net() {
 5) + 50.204 us   |      synchronize_rcu_expedited();
 5) + 52.057 us   |    }
 5)               |    udp_tunnel_sock_release [udp_tunnel]() {
 5) * 15839.44 us |      synchronize_rcu();
 5) * 15849.89 us |    }
 5) * 15973.67 us |  }
 5)               |  vxlan_sock_release [vxlan]() {
 5)               |    synchronize_net() {
 5) + 64.311 us   |      synchronize_rcu_expedited();
 5) + 66.575 us   |    }
 5)               |    udp_tunnel_sock_release [udp_tunnel]() {
 5) * 19791.80 us |      synchronize_rcu();
 5) * 19802.39 us |    }
 5) * 19978.86 us |  }
 5)               |  vxlan_sock_release [vxlan]() {
 5)               |    synchronize_net() {
 5) + 61.054 us   |      synchronize_rcu_expedited();
 5) + 62.858 us   |    }
 5)               |    udp_tunnel_sock_release [udp_tunnel]() {
 5) * 15778.11 us |      synchronize_rcu();
 5) * 15788.82 us |    }
 5) * 15978.10 us |  }
 5)               |  vxlan_sock_release [vxlan]() {
 5)               |    synchronize_net() {
 5) + 49.363 us   |      synchronize_rcu_expedited();
 5) + 51.346 us   |    }
 5)               |    udp_tunnel_sock_release [udp_tunnel]() {
 5) * 15808.21 us |      synchronize_rcu();
 5) * 15818.94 us |    }
 5) * 15983.20 us |  }
 5)               |  vxlan_sock_release [vxlan]() {
 5)               |    synchronize_net() {
 5) + 67.747 us   |      synchronize_rcu_expedited();
 5) + 69.681 us   |    }
 5)               |    udp_tunnel_sock_release [udp_tunnel]() {
 5) * 15766.60 us |      synchronize_rcu();
 5) * 15777.08 us |    }
 5) * 15976.56 us |  }
 5)               |  vxlan_sock_release [vxlan]() {
 5)               |    synchronize_net() {
 5) + 69.651 us   |      synchronize_rcu_expedited();
 5) + 71.514 us   |    }
 5)               |    udp_tunnel_sock_release [udp_tunnel]() {
 5) * 23784.74 us |      synchronize_rcu();
 5) * 23795.34 us |    }
 5) * 23982.40 us |  }
 5)               |  vxlan_sock_release [vxlan]() {
 5)               |    synchronize_net() {
 5) + 43.292 us   |      synchronize_rcu_expedited();
 5) + 45.395 us   |    }
 5)               |    udp_tunnel_sock_release [udp_tunnel]() {
 5) * 15787.83 us |      synchronize_rcu();
 5) * 15798.65 us |    }
 5) * 15977.39 us |  }
 5)               |  vxlan_sock_release [vxlan]() {
 5)               |    synchronize_net() {
 5) + 51.467 us   |      synchronize_rcu_expedited();
 5) + 53.730 us   |    }
 5)               |    udp_tunnel_sock_release [udp_tunnel]() {
 5) * 15786.36 us |      synchronize_rcu();
 5) * 15796.95 us |    }
 5) * 15979.01 us |  }
 5)               |  vxlan_sock_release [vxlan]() {
 5)               |    synchronize_net() {
 5) + 63.018 us   |      synchronize_rcu_expedited();
 5) + 64.962 us   |    }
 5)               |    udp_tunnel_sock_release [udp_tunnel]() {
 5) * 15816.95 us |      synchronize_rcu();
 5) * 15828.64 us |    }
 5) * 15979.02 us |  }
 5)               |  vxlan_sock_release [vxlan]() {
 5)               |    synchronize_net() {
 5) + 49.833 us   |      synchronize_rcu_expedited();
 5) + 51.667 us   |    }
 5)               |    udp_tunnel_sock_release [udp_tunnel]() {
 5) * 23800.46 us |      synchronize_rcu();
 5) * 23811.21 us |    }
 5) * 23975.18 us |  }
 5)               |  vxlan_sock_release [vxlan]() {
 5)               |    synchronize_net() {
 5) + 46.498 us   |      synchronize_rcu_expedited();
 5) + 48.371 us   |    }
 5)               |    udp_tunnel_sock_release [udp_tunnel]() {
 5) * 15686.48 us |      synchronize_rcu();
 7) * 15797.05 us |      } /* synchronize_rcu */
 7) * 15804.87 us |    } /* udp_tunnel_sock_release [udp_tunnel] */
 7) * 15986.75 us |  } /* vxlan_sock_release [vxlan] */
 7)               |  vxlan_sock_release [vxlan]() {
 7)               |    synchronize_net() {
 7) + 24.616 us   |      synchronize_rcu_expedited();
 7) + 25.638 us   |    }
 7)               |    udp_tunnel_sock_release [udp_tunnel]() {
 7) * 15791.28 us |      synchronize_rcu();
 7) * 15796.12 us |    }
 7) * 16149.24 us |  }
 7)               |  vxlan_sock_release [vxlan]() {
 7)               |    synchronize_net() {
 7) + 31.429 us   |      synchronize_rcu_expedited();
 7) + 32.451 us   |    }
 7)               |    udp_tunnel_sock_release [udp_tunnel]() {
 7) * 15618.75 us |      synchronize_rcu();
 7) * 15629.01 us |    }
 7) * 15772.22 us |  }
 7)               |  vxlan_sock_release [vxlan]() {
 7)               |    synchronize_net() {
 7) + 34.865 us   |      synchronize_rcu_expedited();
 7) + 36.157 us   |    }
 7)               |    udp_tunnel_sock_release [udp_tunnel]() {
 7) * 15827.34 us |      synchronize_rcu();
 7) * 15839.23 us |    }
 7) * 15982.77 us |  }
 7)               |  vxlan_sock_release [vxlan]() {
 7)               |    synchronize_net() {
 7) ! 121.768 us  |      synchronize_rcu_expedited();
 7) ! 123.571 us  |    }
 7)               |    udp_tunnel_sock_release [udp_tunnel]() {
 7) * 19693.59 us |      synchronize_rcu();
 5) * 15694.27 us |    }
 5) * 15969.36 us |  }
 5)               |  vxlan_sock_release [vxlan]() {
 5)               |    synchronize_net() {
 5) ! 196.408 us  |      synchronize_rcu_expedited();
 5) ! 197.500 us  |    }
 5)               |    udp_tunnel_sock_release [udp_tunnel]() {
 5) * 23701.77 us |      synchronize_rcu();
 5) * 23712.67 us |    }
 5) * 24057.74 us |  }
 5)               |  vxlan_sock_release [vxlan]() {
 5)               |    synchronize_net() {
 5) ! 165.741 us  |      synchronize_rcu_expedited();
 5) ! 168.906 us  |    }
 5)               |    udp_tunnel_sock_release [udp_tunnel]() {
 5) * 31829.40 us |      synchronize_rcu();
 7) * 19701.31 us |    }
 7) * 19998.58 us |  }
 7)               |  vxlan_sock_release [vxlan]() {
 7)               |    synchronize_net() {
 7) ! 101.210 us  |      synchronize_rcu_expedited();
 7) ! 102.312 us  |    }
 7)               |    udp_tunnel_sock_release [udp_tunnel]() {
 7) * 23654.21 us |      synchronize_rcu();
 7) * 23659.03 us |    }
 7) * 23887.41 us |  }
 7)               |  vxlan_sock_release [vxlan]() {
 7)               |    synchronize_net() {
 7) ! 110.758 us  |      synchronize_rcu_expedited();
 7) ! 111.950 us  |    }
 7)               |    udp_tunnel_sock_release [udp_tunnel]() {
 7) * 15748.66 us |      synchronize_rcu();
 7) * 15752.95 us |    }
 7) * 15977.25 us |  }
 7)               |  vxlan_sock_release [vxlan]() {
 7)               |    synchronize_net() {
 7) ! 105.197 us  |      synchronize_rcu_expedited();
 7) ! 106.400 us  |    }
 7)               |    udp_tunnel_sock_release [udp_tunnel]() {
 7) * 15899.58 us |      synchronize_rcu();
 7) * 15916.91 us |    }
 7) * 16153.60 us |  }
 7)               |  vxlan_sock_release [vxlan]() {
 7)               |    synchronize_net() {
 7) ! 111.269 us  |      synchronize_rcu_expedited();
 7) ! 112.892 us  |    }
 7)               |    udp_tunnel_sock_release [udp_tunnel]() {
 7) * 15685.78 us |      synchronize_rcu();
 7) * 15695.86 us |    }
 7) * 15923.41 us |  }
 7)               |  vxlan_sock_release [vxlan]() {
 7)               |    synchronize_net() {
 7) ! 175.960 us  |      synchronize_rcu_expedited();
 7) ! 179.276 us  |    }
 7)               |    udp_tunnel_sock_release [udp_tunnel]() {
 7) * 15666.08 us |      synchronize_rcu();
 7) * 15683.98 us |    }
 7) * 15984.86 us |  }
 7)               |  vxlan_sock_release [vxlan]() {
 7)               |    synchronize_net() {
 7) ! 176.801 us  |      synchronize_rcu_expedited();
 7) ! 180.799 us  |    }
 7)               |    udp_tunnel_sock_release [udp_tunnel]() {
 7) * 23665.10 us |      synchronize_rcu();
 7) * 23680.80 us |    }
 7) * 23984.89 us |  }
 7)               |  vxlan_sock_release [vxlan]() {
 7)               |    synchronize_net() {
 7) ! 177.262 us  |      synchronize_rcu_expedited();
 7) ! 180.478 us  |    }
 7)               |    udp_tunnel_sock_release [udp_tunnel]() {
 7) * 15651.88 us |      synchronize_rcu();
 7) * 15662.59 us |    }
 7) * 15964.19 us |  }
 7)               |  vxlan_sock_release [vxlan]() {
 7)               |    synchronize_net() {
 7) + 73.478 us   |      synchronize_rcu_expedited();
 7) + 75.421 us   |    }
 7)               |    udp_tunnel_sock_release [udp_tunnel]() {
 7) * 16322.86 us |      synchronize_rcu();
 7) * 16333.74 us |    }
 7) * 16527.72 us |  }
 7)               |  vxlan_sock_release [vxlan]() {
 7)               |    synchronize_net() {
 7) + 84.850 us   |      synchronize_rcu_expedited();
 7) + 87.383 us   |    }
 7)               |    udp_tunnel_sock_release [udp_tunnel]() {
 7) * 15942.76 us |      synchronize_rcu();
 4) * 15229.06 us |    }
 4) * 15437.27 us |  }
 4)               |  vxlan_sock_release [vxlan]() {
 4)               |    synchronize_net() {
 4) + 48.882 us   |      synchronize_rcu_expedited();
 4) + 50.976 us   |    }
 4)               |    udp_tunnel_sock_release [udp_tunnel]() {
 4) * 23723.53 us |      synchronize_rcu();
 4) * 23727.10 us |    }
 4) * 23888.57 us |  }
 4)               |  vxlan_sock_release [vxlan]() {
 4)               |    synchronize_net() {
 4) + 82.134 us   |      synchronize_rcu_expedited();
 4) + 83.206 us   |    }
 4)               |    udp_tunnel_sock_release [udp_tunnel]() {
 4) * 15779.68 us |      synchronize_rcu();
 4) * 15783.11 us |    }
 4) * 15985.35 us |  }
 4)               |  vxlan_sock_release [vxlan]() {
 4)               |    synchronize_net() {
 4) + 60.403 us   |      synchronize_rcu_expedited();
 4) + 62.137 us   |    }
 4)               |    udp_tunnel_sock_release [udp_tunnel]() {
 4) * 15878.68 us |      synchronize_rcu();
 4) * 15882.86 us |    }
 4) * 15990.11 us |  }
 4)               |  vxlan_sock_release [vxlan]() {
 4)               |    synchronize_net() {
 4) + 65.804 us   |      synchronize_rcu_expedited();
 4) + 66.785 us   |    }
 4)               |    udp_tunnel_sock_release [udp_tunnel]() {
 4) * 15801.64 us |      synchronize_rcu();
 4) * 15804.89 us |    }
 4) * 15987.06 us |  }
 4)               |  vxlan_sock_release [vxlan]() {
 4)               |    synchronize_net() {
 4) + 50.014 us   |      synchronize_rcu_expedited();
 4) + 51.196 us   |    }
 4)               |    udp_tunnel_sock_release [udp_tunnel]() {
 4) * 23810.12 us |      synchronize_rcu();
 4) * 23813.49 us |    }
 4) * 23989.80 us |  }
 4)               |  vxlan_sock_release [vxlan]() {
 4)               |    synchronize_net() {
 4) + 26.189 us   |      synchronize_rcu_expedited();
 4) + 27.211 us   |    }
 4)               |    udp_tunnel_sock_release [udp_tunnel]() {
 4) * 15851.29 us |      synchronize_rcu();
 4) * 15854.70 us |    }
 4) * 15990.22 us |  }
 4)               |  vxlan_sock_release [vxlan]() {
 4)               |    synchronize_net() {
 4) + 35.436 us   |      synchronize_rcu_expedited();
 4) + 36.428 us   |    }
 4)               |    udp_tunnel_sock_release [udp_tunnel]() {
 4) * 15881.05 us |      synchronize_rcu();
 4) * 15884.71 us |    }
 4) * 15989.56 us |  }
 4)               |  vxlan_sock_release [vxlan]() {
 4)               |    synchronize_net() {
 4) + 26.319 us   |      synchronize_rcu_expedited();
 4) + 27.291 us   |    }
 4)               |    udp_tunnel_sock_release [udp_tunnel]() {
 4) * 15873.23 us |      synchronize_rcu();
 4) * 15876.65 us |    }
 4) * 15992.54 us |  }
 4)               |  vxlan_sock_release [vxlan]() {
 4)               |    synchronize_net() {
 4) + 27.071 us   |      synchronize_rcu_expedited();
 4) + 28.073 us   |    }
 4)               |    udp_tunnel_sock_release [udp_tunnel]() {
 4) * 15813.93 us |      synchronize_rcu();
 7) * 15954.61 us |    }
 7) * 16083.94 us |  }
 7)               |  vxlan_sock_release [vxlan]() {
 7)               |    synchronize_net() {
 7) + 73.087 us   |      synchronize_rcu_expedited();
 7) + 75.201 us   |    }
 7)               |    udp_tunnel_sock_release [udp_tunnel]() {
 7) * 15777.00 us |      synchronize_rcu();
 7) * 15787.80 us |    }
 7) * 15972.88 us |  }
 7)               |  vxlan_sock_release [vxlan]() {
 7)               |    synchronize_net() {
 7) + 48.531 us   |      synchronize_rcu_expedited();
 7) + 50.355 us   |    }
 7)               |    udp_tunnel_sock_release [udp_tunnel]() {
 7) * 15808.51 us |      synchronize_rcu();
 7) * 15819.07 us |    }
 7) * 15977.92 us |  }
 7)               |  vxlan_sock_release [vxlan]() {
 7)               |    synchronize_net() {
 7) + 68.468 us   |      synchronize_rcu_expedited();
 7) + 70.352 us   |    }
 7)               |    udp_tunnel_sock_release [udp_tunnel]() {
 7) * 15789.67 us |      synchronize_rcu();
 7) * 15800.60 us |    }
 7) * 15981.62 us |  }
 7)               |  vxlan_sock_release [vxlan]() {
 7)               |    synchronize_net() {
 7) + 57.278 us   |      synchronize_rcu_expedited();
 7) + 59.151 us   |    }
 7)               |    udp_tunnel_sock_release [udp_tunnel]() {
 7) * 15847.48 us |      synchronize_rcu();
 7) * 15858.21 us |    }
 7) * 15989.53 us |  }
 7)               |  vxlan_sock_release [vxlan]() {
 7)               |    synchronize_net() {
 7) + 80.811 us   |      synchronize_rcu_expedited();
 7) + 83.416 us   |    }
 7)               |    udp_tunnel_sock_release [udp_tunnel]() {
 7) * 23764.72 us |      synchronize_rcu();
 7) * 23775.92 us |    }
 7) * 23968.81 us |  }
 7)               |  vxlan_sock_release [vxlan]() {
 7)               |    synchronize_net() {
 7) + 49.683 us   |      synchronize_rcu_expedited();
 7) + 51.597 us   |    }
 7)               |    udp_tunnel_sock_release [udp_tunnel]() {
 7) * 15794.04 us |      synchronize_rcu();
 7) * 15804.95 us |    }
 7) * 15992.53 us |  }
 7)               |  vxlan_sock_release [vxlan]() {
 7)               |    synchronize_net() {
 7) + 33.743 us   |      synchronize_rcu_expedited();
 7) + 35.527 us   |    }
 7)               |    udp_tunnel_sock_release [udp_tunnel]() {
 7) * 15846.33 us |      synchronize_rcu();
 7) * 15857.13 us |    }
 7) * 15976.92 us |  }
 7)               |  vxlan_sock_release [vxlan]() {
 7)               |    synchronize_net() {
 7) + 57.488 us   |      synchronize_rcu_expedited();
 7) + 59.291 us   |    }
 7)               |    udp_tunnel_sock_release [udp_tunnel]() {
 7) * 15798.08 us |      synchronize_rcu();
 7) * 15808.57 us |    }
 7) * 15967.86 us |  }
 7)               |  vxlan_sock_release [vxlan]() {
 7)               |    synchronize_net() {
 7) + 65.302 us   |      synchronize_rcu_expedited();
 7) + 67.226 us   |    }
 7)               |    udp_tunnel_sock_release [udp_tunnel]() {
 7) * 15973.61 us |      synchronize_rcu();
 4) * 15819.86 us |    }
 4) * 15988.62 us |  }
 4)               |  vxlan_sock_release [vxlan]() {
 4)               |    synchronize_net() {
 4) + 60.874 us   |      synchronize_rcu_expedited();
 4) + 61.856 us   |    }
 4)               |    udp_tunnel_sock_release [udp_tunnel]() {
 4) * 11715.68 us |      synchronize_rcu();
 4) * 11719.02 us |    }
 4) * 11892.14 us |  }
 4)               |  vxlan_sock_release [vxlan]() {
 4)               |    synchronize_net() {
 4) + 26.540 us   |      synchronize_rcu_expedited();
 4) + 27.522 us   |    }
 4)               |    udp_tunnel_sock_release [udp_tunnel]() {
 4) * 15918.98 us |      synchronize_rcu();
 4) * 15922.48 us |    }
 4) * 15987.15 us |  }
 4)               |  vxlan_sock_release [vxlan]() {
 4)               |    synchronize_net() {
 4) + 25.708 us   |      synchronize_rcu_expedited();
 4) + 26.710 us   |    }
 4)               |    udp_tunnel_sock_release [udp_tunnel]() {
 4) * 15879.03 us |      synchronize_rcu();
 4) * 15884.35 us |    }
 4) * 15992.98 us |  }
 4)               |  vxlan_sock_release [vxlan]() {
 4)               |    synchronize_net() {
 4) + 20.408 us   |      synchronize_rcu_expedited();
 4) + 20.989 us   |    }
 4)               |    udp_tunnel_sock_release [udp_tunnel]() {
 4) * 15664.26 us |      synchronize_rcu();
 7) * 15990.69 us |    }
 7) * 16105.63 us |  }
 7)               |  vxlan_sock_release [vxlan]() {
 7)               |    synchronize_net() {
 7) ! 184.256 us  |      synchronize_rcu_expedited();
 7) ! 188.814 us  |    }
 7)               |    udp_tunnel_sock_release [udp_tunnel]() {
 7) * 11608.53 us |      synchronize_rcu();
 7) * 11619.66 us |    }
 7) * 11968.91 us |  }
 7)               |  vxlan_sock_release [vxlan]() {
 7)               |    synchronize_net() {
 7) ! 174.557 us  |      synchronize_rcu_expedited();
 7) ! 177.994 us  |    }
 7)               |    udp_tunnel_sock_release [udp_tunnel]() {
 7) * 19740.85 us |      synchronize_rcu();
 4) * 15670.82 us |    }
 4) * 15981.53 us |  }
 4)               |  vxlan_sock_release [vxlan]() {
 4)               |    synchronize_net() {
 4) ! 101.541 us  |      synchronize_rcu_expedited();
 4) ! 102.563 us  |    }
 4)               |    udp_tunnel_sock_release [udp_tunnel]() {
 4) * 15660.92 us |      synchronize_rcu();
 4) * 15664.51 us |    }
 4) * 15886.13 us |  }
 4)               |  vxlan_sock_release [vxlan]() {
 4)               |    synchronize_net() {
 4) ! 101.039 us  |      synchronize_rcu_expedited();
 4) ! 101.991 us  |    }
 4)               |    udp_tunnel_sock_release [udp_tunnel]() {
 4) * 15813.02 us |      synchronize_rcu();
 4) * 15819.07 us |    }
 4) * 15995.89 us |  }
 4)               |  vxlan_sock_release [vxlan]() {
 4)               |    synchronize_net() {
 4) ! 113.392 us  |      synchronize_rcu_expedited();
 4) ! 114.505 us  |    }
 4)               |    udp_tunnel_sock_release [udp_tunnel]() {
 4) * 23744.20 us |      synchronize_rcu();
 4) * 23748.28 us |    }
 4) * 23984.12 us |  }
 4)               |  vxlan_sock_release [vxlan]() {
 4)               |    synchronize_net() {
 4) ! 107.692 us  |      synchronize_rcu_expedited();
 4) ! 108.824 us  |    }
 4)               |    udp_tunnel_sock_release [udp_tunnel]() {
 4) * 23754.80 us |      synchronize_rcu();
 4) * 23758.58 us |    }
 4) * 23986.64 us |  }
 4)               |  vxlan_sock_release [vxlan]() {
 4)               |    synchronize_net() {
 4) ! 108.814 us  |      synchronize_rcu_expedited();
 4) ! 110.257 us  |    }
 4)               |    udp_tunnel_sock_release [udp_tunnel]() {
 4) * 15757.93 us |      synchronize_rcu();
 4) * 15763.62 us |    }
 4) * 15995.54 us |  }
 4)               |  vxlan_sock_release [vxlan]() {
 4)               |    synchronize_net() {
 4) + 96.451 us   |      synchronize_rcu_expedited();
 4) + 97.703 us   |    }
 4)               |    udp_tunnel_sock_release [udp_tunnel]() {
 4) * 31764.46 us |      synchronize_rcu();
 4) * 31770.15 us |    }
 4) * 32151.30 us |  }
 4)               |  vxlan_sock_release [vxlan]() {
 4)               |    synchronize_net() {
 4) + 67.436 us   |      synchronize_rcu_expedited();
 4) + 68.769 us   |    }
 4)               |    udp_tunnel_sock_release [udp_tunnel]() {
 4) * 19615.38 us |      synchronize_rcu();
 4) * 19619.69 us |    }
 4) * 19816.65 us |  }
 4)               |  vxlan_sock_release [vxlan]() {
 4)               |    synchronize_net() {
 4) ! 112.701 us  |      synchronize_rcu_expedited();
 4) ! 113.813 us  |    }
 4)               |    udp_tunnel_sock_release [udp_tunnel]() {
 4) * 15802.82 us |      synchronize_rcu();
 4) * 15807.26 us |    }
 4) * 15988.44 us |  }
 4)               |  vxlan_sock_release [vxlan]() {
 4)               |    synchronize_net() {
 4) + 96.541 us   |      synchronize_rcu_expedited();
 4) + 97.663 us   |    }
 4)               |    udp_tunnel_sock_release [udp_tunnel]() {
 4) * 19773.73 us |      synchronize_rcu();
 4) * 19776.91 us |    }
 4) * 19996.07 us |  }
 4)               |  vxlan_sock_release [vxlan]() {
 4)               |    synchronize_net() {
 4) + 99.086 us   |      synchronize_rcu_expedited();
 4) ! 100.078 us  |    }
 4)               |    udp_tunnel_sock_release [udp_tunnel]() {
 4) * 19780.03 us |      synchronize_rcu();
 4) * 19783.26 us |    }
 4) * 19984.66 us |  }
 4)               |  vxlan_sock_release [vxlan]() {
 4)               |    synchronize_net() {
 4) ! 105.357 us  |      synchronize_rcu_expedited();
 4) ! 106.319 us  |    }
 4)               |    udp_tunnel_sock_release [udp_tunnel]() {
 4) * 19774.74 us |      synchronize_rcu();
 4) * 19777.95 us |    }
 4) * 19996.52 us |  }
 4)               |  vxlan_sock_release [vxlan]() {
 4)               |    synchronize_net() {
 4) ! 107.411 us  |      synchronize_rcu_expedited();
 4) ! 108.383 us  |    }
 4)               |    udp_tunnel_sock_release [udp_tunnel]() {
 4) * 23759.73 us |      synchronize_rcu();
 4) * 23763.79 us |    }
 4) * 23982.66 us |  }
 4)               |  vxlan_sock_release [vxlan]() {
 4)               |    synchronize_net() {
 4) ! 145.092 us  |      synchronize_rcu_expedited();
 4) ! 146.264 us  |    }
 4)               |    udp_tunnel_sock_release [udp_tunnel]() {
 4) * 15599.33 us |      synchronize_rcu();
 7) * 19749.15 us |    }
 7) * 20007.37 us |  }
 7)               |  vxlan_sock_release [vxlan]() {
 7)               |    synchronize_net() {
 7) ! 105.057 us  |      synchronize_rcu_expedited();
 7) ! 106.129 us  |    }
 7)               |    udp_tunnel_sock_release [udp_tunnel]() {
 7) * 19737.87 us |      synchronize_rcu();
 7) * 19742.36 us |    }
 7) * 19973.48 us |  }
 7)               |  vxlan_sock_release [vxlan]() {
 7)               |    synchronize_net() {
 7) + 95.519 us   |      synchronize_rcu_expedited();
 7) + 96.511 us   |    }
 7)               |    udp_tunnel_sock_release [udp_tunnel]() {
 7) * 15805.13 us |      synchronize_rcu();
 7) * 15813.63 us |    }
 7) * 16018.28 us |  }
 7)               |  vxlan_sock_release [vxlan]() {
 7)               |    synchronize_net() {
 7) ! 124.644 us  |      synchronize_rcu_expedited();
 7) ! 126.458 us  |    }
 7)               |    udp_tunnel_sock_release [udp_tunnel]() {
 7) * 25102.61 us |      synchronize_rcu();
 7) * 25113.33 us |    }
 7) * 25369.42 us |  }
 7)               |  vxlan_sock_release [vxlan]() {
 7)               |    synchronize_net() {
 7) ! 130.665 us  |      synchronize_rcu_expedited();
 7) ! 133.741 us  |    }
 7)               |    udp_tunnel_sock_release [udp_tunnel]() {
 7) * 14360.44 us |      synchronize_rcu();
 7) * 14371.19 us |    }
 7) * 14649.32 us |  }
 7)               |  vxlan_sock_release [vxlan]() {
 7)               |    synchronize_net() {
 7) ! 117.851 us  |      synchronize_rcu_expedited();
 7) ! 119.774 us  |    }
 7)               |    udp_tunnel_sock_release [udp_tunnel]() {
 7) * 15748.02 us |      synchronize_rcu();
 7) * 15758.69 us |    }
 7) * 15986.95 us |  }
 7)               |  vxlan_sock_release [vxlan]() {
 7)               |    synchronize_net() {
 7) ! 178.625 us  |      synchronize_rcu_expedited();
 7) ! 181.821 us  |    }
 7)               |    udp_tunnel_sock_release [udp_tunnel]() {
 7) * 15634.24 us |      synchronize_rcu();
 7) * 15645.45 us |    }
 7) * 15960.62 us |  }
 7)               |  vxlan_sock_release [vxlan]() {
 7)               |    synchronize_net() {
 7) ! 181.420 us  |      synchronize_rcu_expedited();
 7) ! 184.706 us  |    }
 7)               |    udp_tunnel_sock_release [udp_tunnel]() {
 7) * 15646.45 us |      synchronize_rcu();
 7) * 15657.90 us |    }
 7) * 15979.71 us |  }
 7)               |  vxlan_sock_release [vxlan]() {
 7)               |    synchronize_net() {
 7) ! 177.793 us  |      synchronize_rcu_expedited();
 7) ! 180.999 us  |    }
 7)               |    udp_tunnel_sock_release [udp_tunnel]() {
 7) * 19868.65 us |      synchronize_rcu();
 4) * 15603.98 us |    }
 4) * 15898.93 us |  }
 4)               |  vxlan_sock_release [vxlan]() {
 4)               |    synchronize_net() {
 4) + 70.572 us   |      synchronize_rcu_expedited();
 4) + 71.454 us   |    }
 4)               |    udp_tunnel_sock_release [udp_tunnel]() {
 4) * 15856.15 us |      synchronize_rcu();
 7) * 19884.53 us |    }
 7) * 20051.92 us |  }
 7)               |  vxlan_sock_release [vxlan]() {
 7)               |    synchronize_net() {
 7) + 51.507 us   |      synchronize_rcu_expedited();
 7) + 52.859 us   |    }
 7)               |    udp_tunnel_sock_release [udp_tunnel]() {
 7) * 15753.02 us |      synchronize_rcu();
 7) * 15765.71 us |    }
 7) * 15966.90 us |  }
 7)               |  vxlan_sock_release [vxlan]() {
 7)               |    synchronize_net() {
 7) ! 104.055 us  |      synchronize_rcu_expedited();
 7) ! 106.009 us  |    }
 7)               |    udp_tunnel_sock_release [udp_tunnel]() {
 7) * 15749.83 us |      synchronize_rcu();
 7) * 15760.85 us |    }
 7) * 16025.90 us |  }
 7)               |  vxlan_sock_release [vxlan]() {
 7)               |    synchronize_net() {
 7) + 86.162 us   |      synchronize_rcu_expedited();
 7) + 88.376 us   |    }
 7)               |    udp_tunnel_sock_release [udp_tunnel]() {
 7) * 15735.64 us |      synchronize_rcu();
 7) * 15746.31 us |    }
 7) * 15981.80 us |  }
 7)               |  vxlan_sock_release [vxlan]() {
 7)               |    synchronize_net() {
 7) + 43.762 us   |      synchronize_rcu_expedited();
 7) + 45.655 us   |    }
 7)               |    udp_tunnel_sock_release [udp_tunnel]() {
 7) * 15793.43 us |      synchronize_rcu();
 7) * 15804.44 us |    }
 7) * 15975.44 us |  }
 7)               |  vxlan_sock_release [vxlan]() {
 7)               |    synchronize_net() {
 7) + 69.049 us   |      synchronize_rcu_expedited();
 7) + 70.993 us   |    }
 7)               |    udp_tunnel_sock_release [udp_tunnel]() {
 7) * 23780.75 us |      synchronize_rcu();
 7) * 23791.49 us |    }
 7) * 23986.49 us |  }
 7)               |  vxlan_sock_release [vxlan]() {
 7)               |    synchronize_net() {
 7) + 50.334 us   |      synchronize_rcu_expedited();
 7) + 52.218 us   |    }
 7)               |    udp_tunnel_sock_release [udp_tunnel]() {
 7) * 19770.62 us |      synchronize_rcu();
 7) * 19781.81 us |    }
 7) * 19965.77 us |  }
 7)               |  vxlan_sock_release [vxlan]() {
 7)               |    synchronize_net() {
 7) + 75.111 us   |      synchronize_rcu_expedited();
 7) + 78.267 us   |    }
 7)               |    udp_tunnel_sock_release [udp_tunnel]() {
 7) * 15711.91 us |      synchronize_rcu();
 7) * 15723.92 us |    }
 7) * 15934.76 us |  }
 7)               |  vxlan_sock_release [vxlan]() {
 7)               |    synchronize_net() {
 7) + 41.167 us   |      synchronize_rcu_expedited();
 7) + 43.041 us   |    }
 7)               |    udp_tunnel_sock_release [udp_tunnel]() {
 7) * 15768.56 us |      synchronize_rcu();
 7) * 15773.97 us |    }
 7) * 15943.60 us |  }
 7)               |  vxlan_sock_release [vxlan]() {
 7)               |    synchronize_net() {
 7) + 25.288 us   |      synchronize_rcu_expedited();
 7) + 26.310 us   |    }
 7)               |    udp_tunnel_sock_release [udp_tunnel]() {
 7) * 23862.53 us |      synchronize_rcu();
 7) * 23866.97 us |    }
 7) * 23990.76 us |  }
 7)               |  vxlan_sock_release [vxlan]() {
 7)               |    synchronize_net() {
 7) + 50.504 us   |      synchronize_rcu_expedited();
 7) + 51.536 us   |    }
 7)               |    udp_tunnel_sock_release [udp_tunnel]() {
 7) * 15840.77 us |      synchronize_rcu();
 7) * 15847.85 us |    }
 7) * 15996.21 us |  }
 7)               |  vxlan_sock_release [vxlan]() {
 7)               |    synchronize_net() {
 7) + 27.873 us   |      synchronize_rcu_expedited();
 7) + 29.055 us   |    }
 7)               |    udp_tunnel_sock_release [udp_tunnel]() {
 7) * 15847.00 us |      synchronize_rcu();
 7) * 15853.60 us |    }
 7) * 15992.45 us |  }
 7)               |  vxlan_sock_release [vxlan]() {
 7)               |    synchronize_net() {
 7) ! 122.049 us  |      synchronize_rcu_expedited();
 7) ! 123.241 us  |    }
 7)               |    udp_tunnel_sock_release [udp_tunnel]() {
 7) * 15719.57 us |      synchronize_rcu();
 7) * 15724.89 us |    }
 7) * 15978.00 us |  }
 7)               |  vxlan_sock_release [vxlan]() {
 7)               |    synchronize_net() {
 7) ! 102.031 us  |      synchronize_rcu_expedited();
 7) ! 103.123 us  |    }
 7)               |    udp_tunnel_sock_release [udp_tunnel]() {
 7) * 15758.95 us |      synchronize_rcu();
 7) * 15763.15 us |    }
 7) * 15986.81 us |  }
 7)               |  vxlan_sock_release [vxlan]() {
 7)               |    synchronize_net() {
 7) + 73.798 us   |      synchronize_rcu_expedited();
 7) + 74.820 us   |    }
 7)               |    udp_tunnel_sock_release [udp_tunnel]() {
 7) * 15805.00 us |      synchronize_rcu();
 7) * 15809.01 us |    }
 7) * 15984.77 us |  }
 7)               |  vxlan_sock_release [vxlan]() {
 7)               |    synchronize_net() {
 7) ! 100.860 us  |      synchronize_rcu_expedited();
 7) ! 101.871 us  |    }
 7)               |    udp_tunnel_sock_release [udp_tunnel]() {
 7) * 15777.37 us |      synchronize_rcu();
 7) * 15781.85 us |    }
 7) * 15991.51 us |  }
 7)               |  vxlan_sock_release [vxlan]() {
 7)               |    synchronize_net() {
 7) + 95.759 us   |      synchronize_rcu_expedited();
 7) + 96.751 us   |    }
 7)               |    udp_tunnel_sock_release [udp_tunnel]() {
 7) * 15787.07 us |      synchronize_rcu();
 7) * 15794.53 us |    }
 7) * 16001.81 us |  }
 7)               |  vxlan_sock_release [vxlan]() {
 7)               |    synchronize_net() {
 7) + 44.904 us   |      synchronize_rcu_expedited();
 7) + 46.628 us   |    }
 7)               |    udp_tunnel_sock_release [udp_tunnel]() {
 7) * 19776.59 us |      synchronize_rcu();
 4) * 15864.68 us |    }
 4) * 15988.38 us |  }
 4)               |  vxlan_sock_release [vxlan]() {
 4)               |    synchronize_net() {
 4) ! 107.973 us  |      synchronize_rcu_expedited();
 4) ! 109.005 us  |    }
 4)               |    udp_tunnel_sock_release [udp_tunnel]() {
 4) * 15737.53 us |      synchronize_rcu();
 4) * 15742.72 us |    }
 4) * 15971.64 us |  }
 4)               |  vxlan_sock_release [vxlan]() {
 4)               |    synchronize_net() {
 4) ! 151.465 us  |      synchronize_rcu_expedited();
 4) ! 152.486 us  |    }
 4)               |    udp_tunnel_sock_release [udp_tunnel]() {
 4) * 15726.39 us |      synchronize_rcu();
 4) * 15731.48 us |    }
 4) * 15988.31 us |  }
 4)               |  vxlan_sock_release [vxlan]() {
 4)               |    synchronize_net() {
 4) + 95.129 us   |      synchronize_rcu_expedited();
 4) + 96.350 us   |    }
 4)               |    udp_tunnel_sock_release [udp_tunnel]() {
 4) * 15783.33 us |      synchronize_rcu();
 4) * 15788.29 us |    }
 4) * 15989.07 us |  }
 4)               |  vxlan_sock_release [vxlan]() {
 4)               |    synchronize_net() {
 4) + 95.088 us   |      synchronize_rcu_expedited();
 4) + 96.150 us   |    }
 4)               |    udp_tunnel_sock_release [udp_tunnel]() {
 4) * 15806.36 us |      synchronize_rcu();
 4) * 15810.99 us |    }
 4) * 15991.68 us |  }
 4)               |  vxlan_sock_release [vxlan]() {
 4)               |    synchronize_net() {
 4) ! 114.504 us  |      synchronize_rcu_expedited();
 4) ! 115.556 us  |    }
 4)               |    udp_tunnel_sock_release [udp_tunnel]() {
 4) * 15744.37 us |      synchronize_rcu();
 7) * 19781.73 us |    }
 7) * 19995.44 us |  }
 7)               |  vxlan_sock_release [vxlan]() {
 7)               |    synchronize_net() {
 7) + 27.431 us   |      synchronize_rcu_expedited();
 7) + 28.544 us   |    }
 7)               |    udp_tunnel_sock_release [udp_tunnel]() {
 7) * 15851.32 us |      synchronize_rcu();
 7) * 15855.61 us |    }
 7) * 15975.00 us |  }
 7)               |  vxlan_sock_release [vxlan]() {
 7)               |    synchronize_net() {
 7) + 74.119 us   |      synchronize_rcu_expedited();
 7) + 75.071 us   |    }
 7)               |    udp_tunnel_sock_release [udp_tunnel]() {
 7) * 11851.31 us |      synchronize_rcu();
 7) * 11855.75 us |    }
 7) * 11993.85 us |  }
 7)               |  vxlan_sock_release [vxlan]() {
 7)               |    synchronize_net() {
 7) + 61.936 us   |      synchronize_rcu_expedited();
 7) + 62.878 us   |    }
 7)               |    udp_tunnel_sock_release [udp_tunnel]() {
 7) * 15837.46 us |      synchronize_rcu();
 7) * 15841.79 us |    }
 7) * 15989.26 us |  }
 7)               |  vxlan_sock_release [vxlan]() {
 7)               |    synchronize_net() {
 7) + 52.629 us   |      synchronize_rcu_expedited();
 7) + 53.761 us   |    }
 7)               |    udp_tunnel_sock_release [udp_tunnel]() {
 7) * 15864.05 us |      synchronize_rcu();
 7) * 15871.17 us |    }
 7) * 16001.02 us |  }
 7)               |  vxlan_sock_release [vxlan]() {
 7)               |    synchronize_net() {
 7) + 33.563 us   |      synchronize_rcu_expedited();
 7) + 34.745 us   |    }
 7)               |    udp_tunnel_sock_release [udp_tunnel]() {
 7) * 15865.26 us |      synchronize_rcu();
 7) * 15869.17 us |    }
 7) * 15974.18 us |  }
 7)               |  vxlan_sock_release [vxlan]() {
 7)               |    synchronize_net() {
 7) + 53.069 us   |      synchronize_rcu_expedited();
 7) + 54.101 us   |    }
 7)               |    udp_tunnel_sock_release [udp_tunnel]() {
 7) * 15822.55 us |      synchronize_rcu();
 7) * 15826.05 us |    }
 7) * 15983.41 us |  }
 7)               |  vxlan_sock_release [vxlan]() {
 7)               |    synchronize_net() {
 7) + 25.909 us   |      synchronize_rcu_expedited();
 7) + 26.920 us   |    }
 7)               |    udp_tunnel_sock_release [udp_tunnel]() {
 7) * 15880.70 us |      synchronize_rcu();
 7) * 15884.25 us |    }
 7) * 15990.64 us |  }
 7)               |  vxlan_sock_release [vxlan]() {
 7)               |    synchronize_net() {
 7) + 71.675 us   |      synchronize_rcu_expedited();
 7) + 72.907 us   |    }
 7)               |    udp_tunnel_sock_release [udp_tunnel]() {
 7) * 15902.06 us |      synchronize_rcu();
 7) * 15919.85 us |    }
 7) * 16093.05 us |  }
 7)               |  vxlan_sock_release [vxlan]() {
 7)               |    synchronize_net() {
 7) + 45.956 us   |      synchronize_rcu_expedited();
 7) + 47.870 us   |    }
 7)               |    udp_tunnel_sock_release [udp_tunnel]() {
 7) * 15816.67 us |      synchronize_rcu();
 7) * 15828.26 us |    }
 7) * 15985.98 us |  }
 7)               |  vxlan_sock_release [vxlan]() {
 7)               |    synchronize_net() {
 7) + 59.622 us   |      synchronize_rcu_expedited();
 7) + 61.916 us   |    }
 7)               |    udp_tunnel_sock_release [udp_tunnel]() {
 7) * 15726.58 us |      synchronize_rcu();
 7) * 15733.97 us |    }
 7) * 15928.09 us |  }
 7)               |  vxlan_sock_release [vxlan]() {
 7)               |    synchronize_net() {
 7) + 40.596 us   |      synchronize_rcu_expedited();
 7) + 41.809 us   |    }
 7)               |    udp_tunnel_sock_release [udp_tunnel]() {
 7) * 15918.11 us |      synchronize_rcu();
 7) * 15930.53 us |    }
 7) * 16032.06 us |  }
 7)               |  vxlan_sock_release [vxlan]() {
 7)               |    synchronize_net() {
 7) + 48.431 us   |      synchronize_rcu_expedited();
 7) + 50.906 us   |    }
 7)               |    udp_tunnel_sock_release [udp_tunnel]() {
 7) * 15799.22 us |      synchronize_rcu();
 7) * 15810.15 us |    }
 7) * 15970.86 us |  }
 7)               |  vxlan_sock_release [vxlan]() {
 7)               |    synchronize_net() {
 7) + 53.380 us   |      synchronize_rcu_expedited();
 7) + 55.273 us   |    }
 7)               |    udp_tunnel_sock_release [udp_tunnel]() {
 7) * 15801.42 us |      synchronize_rcu();
 7) * 15812.22 us |    }
 7) * 15977.23 us |  }
 7)               |  vxlan_sock_release [vxlan]() {
 7)               |    synchronize_net() {
 7) + 76.123 us   |      synchronize_rcu_expedited();
 7) + 78.006 us   |    }
 7)               |    udp_tunnel_sock_release [udp_tunnel]() {
 7) * 15792.65 us |      synchronize_rcu();
 7) * 15803.58 us |    }
 7) * 15992.48 us |  }
 7)               |  vxlan_sock_release [vxlan]() {
 7)               |    synchronize_net() {
 7) + 46.347 us   |      synchronize_rcu_expedited();
 7) + 48.861 us   |    }
 7)               |    udp_tunnel_sock_release [udp_tunnel]() {
 7) * 15809.22 us |      synchronize_rcu();
 7) * 15819.93 us |    }
 7) * 15977.85 us |  }
 7)               |  vxlan_sock_release [vxlan]() {
 7)               |    synchronize_net() {
 7) + 68.278 us   |      synchronize_rcu_expedited();
 7) + 70.211 us   |    }
 7)               |    udp_tunnel_sock_release [udp_tunnel]() {
 7) * 15787.06 us |      synchronize_rcu();
 7) * 15798.12 us |    }
 7) * 15980.25 us |  }
 7)               |  vxlan_sock_release [vxlan]() {
 7)               |    synchronize_net() {
 7) + 41.308 us   |      synchronize_rcu_expedited();
 7) + 43.181 us   |    }
 7)               |    udp_tunnel_sock_release [udp_tunnel]() {
 7) * 15792.88 us |      synchronize_rcu();
 7) * 15808.82 us |    }
 7) * 15976.16 us |  }
 7)               |  vxlan_sock_release [vxlan]() {
 7)               |    synchronize_net() {
 7) + 71.735 us   |      synchronize_rcu_expedited();
 7) + 73.638 us   |    }
 7)               |    udp_tunnel_sock_release [udp_tunnel]() {
 7) * 15751.38 us |      synchronize_rcu();
 7) * 15762.28 us |    }
 7) * 15973.12 us |  }
 7)               |  vxlan_sock_release [vxlan]() {
 7)               |    synchronize_net() {
 7) + 41.708 us   |      synchronize_rcu_expedited();
 7) + 44.253 us   |    }
 7)               |    udp_tunnel_sock_release [udp_tunnel]() {
 7) * 15821.95 us |      synchronize_rcu();
 7) * 15832.55 us |    }
 7) * 15988.48 us |  }
 7)               |  vxlan_sock_release [vxlan]() {
 7)               |    synchronize_net() {
 7) + 40.887 us   |      synchronize_rcu_expedited();
 7) + 42.690 us   |    }
 7)               |    udp_tunnel_sock_release [udp_tunnel]() {
 7) * 15854.42 us |      synchronize_rcu();
 7) * 15866.14 us |    }
 7) * 15981.10 us |  }
 7)               |  vxlan_sock_release [vxlan]() {
 7)               |    synchronize_net() {
 7) + 51.657 us   |      synchronize_rcu_expedited();
 7) + 53.490 us   |    }
 7)               |    udp_tunnel_sock_release [udp_tunnel]() {
 7) * 15750.63 us |      synchronize_rcu();
 7) * 15762.39 us |    }
 7) * 15923.70 us |  }
 7)               |  vxlan_sock_release [vxlan]() {
 7)               |    synchronize_net() {
 7) + 40.126 us   |      synchronize_rcu_expedited();
 7) + 42.129 us   |    }
 7)               |    udp_tunnel_sock_release [udp_tunnel]() {
 7) * 15844.00 us |      synchronize_rcu();
 7) * 15859.82 us |    }
 7) * 16031.29 us |  }
 7)               |  vxlan_sock_release [vxlan]() {
 7)               |    synchronize_net() {
 7) + 41.137 us   |      synchronize_rcu_expedited();
 7) + 43.051 us   |    }
 7)               |    udp_tunnel_sock_release [udp_tunnel]() {
 7) * 15807.56 us |      synchronize_rcu();
 7) * 15818.46 us |    }
 7) * 15969.46 us |  }
 7)               |  vxlan_sock_release [vxlan]() {
 7)               |    synchronize_net() {
 7) ! 179.537 us  |      synchronize_rcu_expedited();
 7) ! 182.743 us  |    }
 7)               |    udp_tunnel_sock_release [udp_tunnel]() {
 7) * 15685.50 us |      synchronize_rcu();
 7) * 15696.59 us |    }
 7) * 15989.46 us |  }
 7)               |  vxlan_sock_release [vxlan]() {
 7)               |    synchronize_net() {
 7) ! 175.198 us  |      synchronize_rcu_expedited();
 7) ! 178.474 us  |    }
 7)               |    udp_tunnel_sock_release [udp_tunnel]() {
 7) * 15815.04 us |      synchronize_rcu();
 4) * 15756.61 us |    }
 4) * 16008.68 us |  }
 4)               |  vxlan_sock_release [vxlan]() {
 4)               |    synchronize_net() {
 4) ! 178.955 us  |      synchronize_rcu_expedited();
 4) ! 184.856 us  |    }
 4)               |    udp_tunnel_sock_release [udp_tunnel]() {
 4) * 23639.70 us |      synchronize_rcu();
 4) * 23650.89 us |    }
 4) * 23946.63 us |  }
 4)               |  vxlan_sock_release [vxlan]() {
 4)               |    synchronize_net() {
 4) + 99.407 us   |      synchronize_rcu_expedited();
 4) ! 101.791 us  |    }
 4)               |    udp_tunnel_sock_release [udp_tunnel]() {
 4) * 15821.20 us |      synchronize_rcu();
 4) * 15833.40 us |    }
 4) * 16056.77 us |  }
 4)               |  vxlan_sock_release [vxlan]() {
 4)               |    synchronize_net() {
 4) ! 135.705 us  |      synchronize_rcu_expedited();
 4) ! 139.111 us  |    }
 4)               |    udp_tunnel_sock_release [udp_tunnel]() {
 4) * 15629.99 us |      synchronize_rcu();
 4) * 15641.07 us |    }
 4) * 15889.48 us |  }
 4)               |  vxlan_sock_release [vxlan]() {
 4)               |    synchronize_net() {
 4) + 43.321 us   |      synchronize_rcu_expedited();
 4) + 45.175 us   |    }
 4)               |    udp_tunnel_sock_release [udp_tunnel]() {
 4) * 23811.23 us |      synchronize_rcu();
 4) * 23823.30 us |    }
 4) * 23975.34 us |  }
 4)               |  vxlan_sock_release [vxlan]() {
 4)               |    synchronize_net() {
 4) ! 178.134 us  |      synchronize_rcu_expedited();
 4) ! 181.680 us  |    }
 4)               |    udp_tunnel_sock_release [udp_tunnel]() {
 4) * 19599.56 us |      synchronize_rcu();
 4) * 19607.68 us |    }
 4) * 19897.39 us |  }
 4)               |  vxlan_sock_release [vxlan]() {
 4)               |    synchronize_net() {
 4) + 95.850 us   |      synchronize_rcu_expedited();
 4) + 96.962 us   |    }
 4)               |    udp_tunnel_sock_release [udp_tunnel]() {
 4) * 15850.46 us |      synchronize_rcu();
 4) * 15860.93 us |    }
 4) * 16065.05 us |  }
 4)               |  vxlan_sock_release [vxlan]() {
 4)               |    synchronize_net() {
 4) + 72.435 us   |      synchronize_rcu_expedited();
 4) + 74.459 us   |    }
 4)               |    udp_tunnel_sock_release [udp_tunnel]() {
 4) * 15782.15 us |      synchronize_rcu();
 4) * 15793.11 us |    }
 4) * 15978.86 us |  }
 4)               |  vxlan_sock_release [vxlan]() {
 4)               |    synchronize_net() {
 4) + 43.832 us   |      synchronize_rcu_expedited();
 4) + 45.696 us   |    }
 4)               |    udp_tunnel_sock_release [udp_tunnel]() {
 4) * 23812.17 us |      synchronize_rcu();
 4) * 23823.46 us |    }
 4) * 23981.09 us |  }
 4)               |  vxlan_sock_release [vxlan]() {
 4)               |    synchronize_net() {
 4) + 45.455 us   |      synchronize_rcu_expedited();
 4) + 46.768 us   |    }
 4)               |    udp_tunnel_sock_release [udp_tunnel]() {
 4) * 15849.73 us |      synchronize_rcu();
 4) * 15860.54 us |    }
 4) * 15999.13 us |  }
 4)               |  vxlan_sock_release [vxlan]() {
 4)               |    synchronize_net() {
 4) + 44.133 us   |      synchronize_rcu_expedited();
 4) + 46.327 us   |    }
 4)               |    udp_tunnel_sock_release [udp_tunnel]() {
 4) * 15815.31 us |      synchronize_rcu();
 4) * 15826.11 us |    }
 4) * 15985.86 us |  }
 4)               |  vxlan_sock_release [vxlan]() {
 4)               |    synchronize_net() {
 4) + 46.217 us   |      synchronize_rcu_expedited();
 4) + 49.322 us   |    }
 4)               |    udp_tunnel_sock_release [udp_tunnel]() {
 4) * 15703.98 us |      synchronize_rcu();
 4) * 15711.38 us |    }
 4) * 15870.22 us |  }
 4)               |  vxlan_sock_release [vxlan]() {
 4)               |    synchronize_net() {
 4) + 56.246 us   |      synchronize_rcu_expedited();
 4) + 57.258 us   |    }
 4)               |    udp_tunnel_sock_release [udp_tunnel]() {
 4) * 15916.61 us |      synchronize_rcu();
 4) * 15927.09 us |    }
 4) * 16065.69 us |  }
 4)               |  vxlan_sock_release [vxlan]() {
 4)               |    synchronize_net() {
 4) + 77.245 us   |      synchronize_rcu_expedited();
 4) + 79.218 us   |    }
 4)               |    udp_tunnel_sock_release [udp_tunnel]() {
 4) * 15755.87 us |      synchronize_rcu();
 4) * 15766.66 us |    }
 4) * 15978.77 us |  }
 4)               |  vxlan_sock_release [vxlan]() {
 4)               |    synchronize_net() {
 4) + 43.191 us   |      synchronize_rcu_expedited();
 4) + 45.005 us   |    }
 4)               |    udp_tunnel_sock_release [udp_tunnel]() {
 4) * 15812.29 us |      synchronize_rcu();
 4) * 15823.41 us |    }
 4) * 15981.81 us |  }
 4)               |  vxlan_sock_release [vxlan]() {
 4)               |    synchronize_net() {
 4) + 44.334 us   |      synchronize_rcu_expedited();
 4) + 46.317 us   |    }
 4)               |    udp_tunnel_sock_release [udp_tunnel]() {
 4) * 15764.34 us |      synchronize_rcu();
 4) * 15775.40 us |    }
 4) * 15981.37 us |  }
 4)               |  vxlan_sock_release [vxlan]() {
 4)               |    synchronize_net() {
 4) + 48.451 us   |      synchronize_rcu_expedited();
 4) + 50.615 us   |    }
 4)               |    udp_tunnel_sock_release [udp_tunnel]() {
 4) * 15794.47 us |      synchronize_rcu();
 4) * 15805.37 us |    }
 4) * 15972.12 us |  }
 4)               |  vxlan_sock_release [vxlan]() {
 4)               |    synchronize_net() {
 4) + 49.372 us   |      synchronize_rcu_expedited();
 4) + 52.338 us   |    }
 4)               |    udp_tunnel_sock_release [udp_tunnel]() {
 4) * 15800.74 us |      synchronize_rcu();
 4) * 15811.50 us |    }
 4) * 15978.11 us |  }
 4)               |  vxlan_sock_release [vxlan]() {
 4)               |    synchronize_net() {
 4) + 43.371 us   |      synchronize_rcu_expedited();
 4) + 45.194 us   |    }
 4)               |    udp_tunnel_sock_release [udp_tunnel]() {
 4) * 23853.22 us |      synchronize_rcu();
 4) * 23864.03 us |    }
 4) * 23982.72 us |  }
 4)               |  vxlan_sock_release [vxlan]() {
 4)               |    synchronize_net() {
 4) + 45.285 us   |      synchronize_rcu_expedited();
 4) + 47.168 us   |    }
 4)               |    udp_tunnel_sock_release [udp_tunnel]() {
 4) * 15809.49 us |      synchronize_rcu();
 4) * 15820.02 us |    }
 4) * 15977.17 us |  }
 4)               |  vxlan_sock_release [vxlan]() {
 4)               |    synchronize_net() {
 4) + 62.517 us   |      synchronize_rcu_expedited();
 4) + 64.391 us   |    }
 4)               |    udp_tunnel_sock_release [udp_tunnel]() {
 4) * 27790.55 us |      synchronize_rcu();
 4) * 27801.22 us |    }
 4) * 27979.56 us |  }
 4)               |  vxlan_sock_release [vxlan]() {
 4)               |    synchronize_net() {
 4) ! 176.782 us  |      synchronize_rcu_expedited();
 4) ! 180.258 us  |    }
 4)               |    udp_tunnel_sock_release [udp_tunnel]() {
 4) * 15684.83 us |      synchronize_rcu();
 4) * 15695.98 us |    }
 4) * 15989.79 us |  }
 4)               |  vxlan_sock_release [vxlan]() {
 4)               |    synchronize_net() {
 4) ! 176.651 us  |      synchronize_rcu_expedited();
 4) ! 180.268 us  |    }
 4)               |    udp_tunnel_sock_release [udp_tunnel]() {
 4) * 15672.41 us |      synchronize_rcu();
 4) * 15683.88 us |    }
 4) * 15979.44 us |  }
 4)               |  vxlan_sock_release [vxlan]() {
 4)               |    synchronize_net() {
 4) ! 177.863 us  |      synchronize_rcu_expedited();
 4) ! 181.360 us  |    }
 4)               |    udp_tunnel_sock_release [udp_tunnel]() {
 4) * 15659.85 us |      synchronize_rcu();
 4) * 15671.41 us |    }
 4) * 15968.81 us |  }
 4)               |  vxlan_sock_release [vxlan]() {
 4)               |    synchronize_net() {
 4) ! 178.935 us  |      synchronize_rcu_expedited();
 4) ! 182.472 us  |    }
 4)               |    udp_tunnel_sock_release [udp_tunnel]() {
 4) * 23692.78 us |      synchronize_rcu();
 4) * 23703.93 us |    }
 4) * 24002.57 us |  }
 4)               |  vxlan_sock_release [vxlan]() {
 4)               |    synchronize_net() {
 4) ! 167.253 us  |      synchronize_rcu_expedited();
 4) ! 170.670 us  |    }
 4)               |    udp_tunnel_sock_release [udp_tunnel]() {
 4) * 15746.33 us |      synchronize_rcu();
 4) * 15757.21 us |    }
 4) * 16001.90 us |  }
 4)               |  vxlan_sock_release [vxlan]() {
 4)               |    synchronize_net() {
 4) + 46.236 us   |      synchronize_rcu_expedited();
 4) + 48.150 us   |    }
 4)               |    udp_tunnel_sock_release [udp_tunnel]() {
 4) * 15784.68 us |      synchronize_rcu();
 4) * 15795.37 us |    }
 4) * 15949.39 us |  }
 4)               |  vxlan_sock_release [vxlan]() {
 4)               |    synchronize_net() {
 4) + 47.219 us   |      synchronize_rcu_expedited();
 4) + 49.152 us   |    }
 4)               |    udp_tunnel_sock_release [udp_tunnel]() {
 4) * 15726.12 us |      synchronize_rcu();
 4) * 15731.30 us |    }
 4) * 15890.98 us |  }
 4)               |  vxlan_sock_release [vxlan]() {
 4)               |    synchronize_net() {
 4) + 29.836 us   |      synchronize_rcu_expedited();
 4) + 30.978 us   |    }
 4)               |    udp_tunnel_sock_release [udp_tunnel]() {
 4) * 15874.23 us |      synchronize_rcu();
 4) * 15879.04 us |    }
 4) * 15996.39 us |  }
 4)               |  vxlan_sock_release [vxlan]() {
 4)               |    synchronize_net() {
 4) + 58.620 us   |      synchronize_rcu_expedited();
 4) + 59.772 us   |    }
 4)               |    udp_tunnel_sock_release [udp_tunnel]() {
 4) * 23837.37 us |      synchronize_rcu();
 5) * 31837.11 us |    }
 5) * 32001.38 us |  }
 5)               |  vxlan_sock_release [vxlan]() {
 5)               |    synchronize_net() {
 5) + 30.798 us   |      synchronize_rcu_expedited();
 5) + 31.919 us   |    }
 5)               |    udp_tunnel_sock_release [udp_tunnel]() {
 5) * 15782.92 us |      synchronize_rcu();
 4) * 23843.16 us |    }
 4) * 23989.91 us |  }
 4)               |  vxlan_sock_release [vxlan]() {
 4)               |    synchronize_net() {
 4) + 40.636 us   |      synchronize_rcu_expedited();
 4) + 41.719 us   |    }
 4)               |    udp_tunnel_sock_release [udp_tunnel]() {
 4) * 23813.95 us |      synchronize_rcu();
 4) * 23819.88 us |    }
 4) * 23972.73 us |  }
 4)               |  vxlan_sock_release [vxlan]() {
 4)               |    synchronize_net() {
 4) ! 106.841 us  |      synchronize_rcu_expedited();
 4) ! 107.983 us  |    }
 4)               |    udp_tunnel_sock_release [udp_tunnel]() {
 4) * 19725.12 us |      synchronize_rcu();
 4) * 19731.02 us |    }
 4) * 19982.70 us |  }
 4)               |  vxlan_sock_release [vxlan]() {
 4)               |    synchronize_net() {
 4) + 96.380 us   |      synchronize_rcu_expedited();
 4) + 97.493 us   |    }
 4)               |    udp_tunnel_sock_release [udp_tunnel]() {
 4) * 15757.90 us |      synchronize_rcu();
 4) * 15763.77 us |    }
 4) * 15986.06 us |  }
 4)               |  vxlan_sock_release [vxlan]() {
 4)               |    synchronize_net() {
 4) + 95.609 us   |      synchronize_rcu_expedited();
 4) + 96.731 us   |    }
 4)               |    udp_tunnel_sock_release [udp_tunnel]() {
 4) * 15765.93 us |      synchronize_rcu();
 4) * 15771.48 us |    }
 4) * 15988.14 us |  }
 4)               |  vxlan_sock_release [vxlan]() {
 4)               |    synchronize_net() {
 4) + 96.902 us   |      synchronize_rcu_expedited();
 4) + 97.984 us   |    }
 4)               |    udp_tunnel_sock_release [udp_tunnel]() {
 4) * 15765.05 us |      synchronize_rcu();
 4) * 15770.33 us |    }
 4) * 15988.99 us |  }
 4)               |  vxlan_sock_release [vxlan]() {
 4)               |    synchronize_net() {
 4) + 95.690 us   |      synchronize_rcu_expedited();
 4) + 96.802 us   |    }
 4)               |    udp_tunnel_sock_release [udp_tunnel]() {
 4) * 15770.06 us |      synchronize_rcu();
 4) * 15775.08 us |    }
 4) * 15987.45 us |  }
 4)               |  vxlan_sock_release [vxlan]() {
 4)               |    synchronize_net() {
 4) ! 174.367 us  |      synchronize_rcu_expedited();
 4) ! 175.609 us  |    }
 4)               |    udp_tunnel_sock_release [udp_tunnel]() {
 4) * 23699.05 us |      synchronize_rcu();
 4) * 23704.62 us |    }
 4) * 23994.27 us |  }
 4)               |  vxlan_sock_release [vxlan]() {
 4)               |    synchronize_net() {
 4) + 97.042 us   |      synchronize_rcu_expedited();
 4) + 98.154 us   |    }
 4)               |    udp_tunnel_sock_release [udp_tunnel]() {
 4) * 15769.42 us |      synchronize_rcu();
 4) * 15774.34 us |    }
 4) * 15987.46 us |  }
 4)               |  vxlan_sock_release [vxlan]() {
 4)               |    synchronize_net() {
 4) ! 101.821 us  |      synchronize_rcu_expedited();
 4) ! 103.013 us  |    }
 4)               |    udp_tunnel_sock_release [udp_tunnel]() {
 4) * 27747.84 us |      synchronize_rcu();
 5) * 15789.52 us |    }
 5) * 16005.56 us |  }
 5)               |  vxlan_sock_release [vxlan]() {
 5)               |    synchronize_net() {
 5) + 68.359 us   |      synchronize_rcu_expedited();
 5) + 69.620 us   |    }
 5)               |    udp_tunnel_sock_release [udp_tunnel]() {
 5) * 15773.65 us |      synchronize_rcu();
 5) * 15779.41 us |    }
 5) * 15972.16 us |  }
 5)               |  vxlan_sock_release [vxlan]() {
 5)               |    synchronize_net() {
 5) ! 167.524 us  |      synchronize_rcu_expedited();
 5) ! 168.656 us  |    }
 5)               |    udp_tunnel_sock_release [udp_tunnel]() {
 5) * 15699.13 us |      synchronize_rcu();
 5) * 15704.90 us |    }
 5) * 15991.93 us |  }
 5)               |  vxlan_sock_release [vxlan]() {
 5)               |    synchronize_net() {
 5) + 76.012 us   |      synchronize_rcu_expedited();
 5) + 77.225 us   |    }
 5)               |    udp_tunnel_sock_release [udp_tunnel]() {
 5) * 15804.28 us |      synchronize_rcu();
 5) * 15809.89 us |    }
 5) * 15984.69 us |  }
 5)               |  vxlan_sock_release [vxlan]() {
 5)               |    synchronize_net() {
 5) ! 109.335 us  |      synchronize_rcu_expedited();
 5) ! 110.447 us  |    }
 5)               |    udp_tunnel_sock_release [udp_tunnel]() {
 5) * 23843.40 us |      synchronize_rcu();
 5) * 23854.21 us |    }
 5) * 24080.21 us |  }
 5)               |  vxlan_sock_release [vxlan]() {
 5)               |    synchronize_net() {
 5) ! 174.537 us  |      synchronize_rcu_expedited();
 5) ! 177.834 us  |    }
 5)               |    udp_tunnel_sock_release [udp_tunnel]() {
 5) * 15618.14 us |      synchronize_rcu();
 5) * 15630.28 us |    }
 5) * 15933.47 us |  }
 5)               |  vxlan_sock_release [vxlan]() {
 5)               |    synchronize_net() {
 5) ! 173.485 us  |      synchronize_rcu_expedited();
 5) ! 176.742 us  |    }
 5)               |    udp_tunnel_sock_release [udp_tunnel]() {
 5) * 15911.56 us |      synchronize_rcu();
 4) * 27760.56 us |    }
 4) * 28062.87 us |  }
 4)               |  vxlan_sock_release [vxlan]() {
 4)               |    synchronize_net() {
 4) + 86.322 us   |      synchronize_rcu_expedited();
 4) + 88.506 us   |    }
 4)               |    udp_tunnel_sock_release [udp_tunnel]() {
 4) * 15700.21 us |      synchronize_rcu();
 4) * 15710.87 us |    }
 4) * 15938.45 us |  }
 4)               |  vxlan_sock_release [vxlan]() {
 4)               |    synchronize_net() {
 4) ! 180.829 us  |      synchronize_rcu_expedited();
 4) ! 184.355 us  |    }
 4)               |    udp_tunnel_sock_release [udp_tunnel]() {
 4) * 15645.03 us |      synchronize_rcu();
 4) * 15657.03 us |    }
 4) * 15970.68 us |  }
 4)               |  vxlan_sock_release [vxlan]() {
 4)               |    synchronize_net() {
 4) ! 164.890 us  |      synchronize_rcu_expedited();
 4) ! 168.346 us  |    }
 4)               |    udp_tunnel_sock_release [udp_tunnel]() {
 4) * 15725.23 us |      synchronize_rcu();
 4) * 15737.75 us |    }
 4) * 15978.71 us |  }
 4)               |  vxlan_sock_release [vxlan]() {
 4)               |    synchronize_net() {
 4) + 73.077 us   |      synchronize_rcu_expedited();
 4) + 74.970 us   |    }
 4)               |    udp_tunnel_sock_release [udp_tunnel]() {
 4) * 15783.70 us |      synchronize_rcu();
 4) * 15794.36 us |    }
 4) * 15984.11 us |  }
 4)               |  vxlan_sock_release [vxlan]() {
 4)               |    synchronize_net() {
 4) + 42.490 us   |      synchronize_rcu_expedited();
 4) + 44.313 us   |    }
 4)               |    udp_tunnel_sock_release [udp_tunnel]() {
 4) * 27799.54 us |      synchronize_rcu();
 4) * 27810.63 us |    }
 4) * 27980.93 us |  }
 4)               |  vxlan_sock_release [vxlan]() {
 4)               |    synchronize_net() {
 4) + 43.822 us   |      synchronize_rcu_expedited();
 4) + 45.806 us   |    }
 4)               |    udp_tunnel_sock_release [udp_tunnel]() {
 4) * 15788.17 us |      synchronize_rcu();
 4) * 15798.99 us |    }
 4) * 15982.71 us |  }
 4)               |  vxlan_sock_release [vxlan]() {
 4)               |    synchronize_net() {
 4) + 40.566 us   |      synchronize_rcu_expedited();
 4) + 42.419 us   |    }
 4)               |    udp_tunnel_sock_release [udp_tunnel]() {
 4) * 19813.07 us |      synchronize_rcu();
 4) * 19824.29 us |    }
 4) * 19964.51 us |  }
 4)               |  vxlan_sock_release [vxlan]() {
 4)               |    synchronize_net() {
 4) + 44.023 us   |      synchronize_rcu_expedited();
 4) + 45.946 us   |    }
 4)               |    udp_tunnel_sock_release [udp_tunnel]() {
 4) * 17130.71 us |      synchronize_rcu();
 4) * 17141.67 us |    }
 4) * 17325.49 us |  }
 4)               |  vxlan_sock_release [vxlan]() {
 4)               |    synchronize_net() {
 4) ! 200.837 us  |      synchronize_rcu_expedited();
 4) ! 204.313 us  |    }
 4)               |    udp_tunnel_sock_release [udp_tunnel]() {
 4) * 14228.19 us |      synchronize_rcu();
 4) * 14232.78 us |    }
 4) * 14568.12 us |  }
 4)               |  vxlan_sock_release [vxlan]() {
 4)               |    synchronize_net() {
 4) + 88.647 us   |      synchronize_rcu_expedited();
 4) + 90.710 us   |    }
 4)               |    udp_tunnel_sock_release [udp_tunnel]() {
 4) * 17265.54 us |      synchronize_rcu();
 4) * 17276.31 us |    }
 4) * 17408.12 us |  }
 4)               |  vxlan_sock_release [vxlan]() {
 4)               |    synchronize_net() {
 4) ! 180.879 us  |      synchronize_rcu_expedited();
 4) ! 184.396 us  |    }
 4)               |    udp_tunnel_sock_release [udp_tunnel]() {
 4) * 14336.50 us |      synchronize_rcu();
 4) * 14347.75 us |    }
 4) * 14650.00 us |  }
 4)               |  vxlan_sock_release [vxlan]() {
 4)               |    synchronize_net() {
 4) ! 176.040 us  |      synchronize_rcu_expedited();
 4) ! 179.486 us  |    }
 4)               |    udp_tunnel_sock_release [udp_tunnel]() {
 4) * 15866.43 us |      synchronize_rcu();
 4) * 15877.55 us |    }
 4) * 16172.65 us |  }
 4)               |  vxlan_sock_release [vxlan]() {
 4)               |    synchronize_net() {
 4) ! 175.388 us  |      synchronize_rcu_expedited();
 4) ! 178.845 us  |    }
 4)               |    udp_tunnel_sock_release [udp_tunnel]() {
 4) * 15516.87 us |      synchronize_rcu();
 4) * 15529.56 us |    }
 4) * 15783.39 us |  }
 4)               |  vxlan_sock_release [vxlan]() {
 4)               |    synchronize_net() {
 4) + 91.411 us   |      synchronize_rcu_expedited();
 4) + 92.694 us   |    }
 4)               |    udp_tunnel_sock_release [udp_tunnel]() {
 4) * 15753.50 us |      synchronize_rcu();
 4) * 15764.67 us |    }
 4) * 15933.89 us |  }
 4)               |  vxlan_sock_release [vxlan]() {
 4)               |    synchronize_net() {
 4) ! 185.628 us  |      synchronize_rcu_expedited();
 4) ! 189.275 us  |    }
 4)               |    udp_tunnel_sock_release [udp_tunnel]() {
 4) * 17084.18 us |      synchronize_rcu();
 4) * 17095.26 us |    }
 4) * 17395.50 us |  }
 4)               |  vxlan_sock_release [vxlan]() {
 4)               |    synchronize_net() {
 4) ! 115.096 us  |      synchronize_rcu_expedited();
 4) ! 117.681 us  |    }
 4)               |    udp_tunnel_sock_release [udp_tunnel]() {
 4) * 14560.28 us |      synchronize_rcu();
 4) * 14571.30 us |    }
 4) * 14809.97 us |  }
 4)               |  vxlan_sock_release [vxlan]() {
 4)               |    synchronize_net() {
 4) ! 175.228 us  |      synchronize_rcu_expedited();
 4) ! 178.675 us  |    }
 4)               |    udp_tunnel_sock_release [udp_tunnel]() {
 4) * 15716.71 us |      synchronize_rcu();
 4) * 15727.95 us |    }
 4) * 15986.41 us |  }
 4)               |  vxlan_sock_release [vxlan]() {
 4)               |    synchronize_net() {
 4) ! 176.221 us  |      synchronize_rcu_expedited();
 4) ! 179.707 us  |    }
 4)               |    udp_tunnel_sock_release [udp_tunnel]() {
 4) * 15507.60 us |      synchronize_rcu();
 4) * 15519.35 us |    }
 4) * 15769.23 us |  }
 4)               |  vxlan_sock_release [vxlan]() {
 4)               |    synchronize_net() {
 4) ! 173.115 us  |      synchronize_rcu_expedited();
 4) ! 176.561 us  |    }
 4)               |    udp_tunnel_sock_release [udp_tunnel]() {
 4) * 15804.96 us |      synchronize_rcu();
 4) * 15816.51 us |    }
 4) * 16126.05 us |  }
 4)               |  vxlan_sock_release [vxlan]() {
 4)               |    synchronize_net() {
 4) ! 176.381 us  |      synchronize_rcu_expedited();
 4) ! 179.898 us  |    }
 4)               |    udp_tunnel_sock_release [udp_tunnel]() {
 4) * 23512.28 us |      synchronize_rcu();
 4) * 23528.19 us |    }
 4) * 23840.09 us |  }
 4)               |  vxlan_sock_release [vxlan]() {
 4)               |    synchronize_net() {
 4) ! 175.649 us  |      synchronize_rcu_expedited();
 4) ! 179.096 us  |    }
 4)               |    udp_tunnel_sock_release [udp_tunnel]() {
 4) * 15623.41 us |      synchronize_rcu();
 4) * 15632.88 us |    }
 4) * 15940.81 us |  }
 4)               |  vxlan_sock_release [vxlan]() {
 4)               |    synchronize_net() {
 4) + 92.092 us   |      synchronize_rcu_expedited();
 4) + 94.427 us   |    }
 4)               |    udp_tunnel_sock_release [udp_tunnel]() {
 4) * 15735.78 us |      synchronize_rcu();
 4) * 15740.26 us |    }
 4) * 15935.44 us |  }
 4)               |  vxlan_sock_release [vxlan]() {
 4)               |    synchronize_net() {
 4) + 83.467 us   |      synchronize_rcu_expedited();
 4) + 84.518 us   |    }
 4)               |    udp_tunnel_sock_release [udp_tunnel]() {
 4) * 15905.57 us |      synchronize_rcu();
 4) * 15924.48 us |    }
 4) * 16101.21 us |  }
 4)               |  vxlan_sock_release [vxlan]() {
 4)               |    synchronize_net() {
 4) ! 177.393 us  |      synchronize_rcu_expedited();
 4) ! 181.000 us  |    }
 4)               |    udp_tunnel_sock_release [udp_tunnel]() {
 4) * 15624.50 us |      synchronize_rcu();
 4) * 15635.62 us |    }
 4) * 15940.30 us |  }
 4)               |  vxlan_sock_release [vxlan]() {
 4)               |    synchronize_net() {
 4) ! 175.789 us  |      synchronize_rcu_expedited();
 4) ! 179.266 us  |    }
 4)               |    udp_tunnel_sock_release [udp_tunnel]() {
 4) * 15668.28 us |      synchronize_rcu();
 4) * 15679.41 us |    }
 4) * 15981.30 us |  }
 4)               |  vxlan_sock_release [vxlan]() {
 4)               |    synchronize_net() {
 4) ! 180.499 us  |      synchronize_rcu_expedited();
 4) ! 185.187 us  |    }
 4)               |    udp_tunnel_sock_release [udp_tunnel]() {
 4) * 15672.75 us |      synchronize_rcu();
 4) * 15684.39 us |    }
 4) * 15991.56 us |  }
 4)               |  vxlan_sock_release [vxlan]() {
 4)               |    synchronize_net() {
 4) ! 177.242 us  |      synchronize_rcu_expedited();
 4) ! 181.060 us  |    }
 4)               |    udp_tunnel_sock_release [udp_tunnel]() {
 4) * 15697.48 us |      synchronize_rcu();
 4) * 15708.97 us |    }
 4) * 15962.76 us |  }
 4)               |  vxlan_sock_release [vxlan]() {
 4)               |    synchronize_net() {
 4) ! 175.629 us  |      synchronize_rcu_expedited();
 4) ! 179.116 us  |    }
 4)               |    udp_tunnel_sock_release [udp_tunnel]() {
 4) * 15672.56 us |      synchronize_rcu();
 4) * 15683.69 us |    }
 4) * 15978.42 us |  }
 4)               |  vxlan_sock_release [vxlan]() {
 4)               |    synchronize_net() {
 4) ! 174.758 us  |      synchronize_rcu_expedited();
 4) ! 178.274 us  |    }
 4)               |    udp_tunnel_sock_release [udp_tunnel]() {
 4) * 15674.89 us |      synchronize_rcu();
 4) * 15686.53 us |    }
 4) * 15981.63 us |  }
 4)               |  vxlan_sock_release [vxlan]() {
 4)               |    synchronize_net() {
 4) ! 191.148 us  |      synchronize_rcu_expedited();
 4) ! 194.555 us  |    }
 4)               |    udp_tunnel_sock_release [udp_tunnel]() {
 4) * 15786.37 us |      synchronize_rcu();
 4) * 15797.67 us |    }
 4) * 16062.94 us |  }
 4)               |  vxlan_sock_release [vxlan]() {
 4)               |    synchronize_net() {
 4) ! 224.421 us  |      synchronize_rcu_expedited();
 4) ! 227.908 us  |    }
 4)               |    udp_tunnel_sock_release [udp_tunnel]() {
 4) * 15559.04 us |      synchronize_rcu();
 4) * 15570.90 us |    }
 4) * 15910.89 us |  }
 4)               |  vxlan_sock_release [vxlan]() {
 4)               |    synchronize_net() {
 4) ! 181.571 us  |      synchronize_rcu_expedited();
 4) ! 185.197 us  |    }
 4)               |    udp_tunnel_sock_release [udp_tunnel]() {
 4) * 15650.16 us |      synchronize_rcu();
 4) * 15661.34 us |    }
 4) * 15960.25 us |  }
 4)               |  vxlan_sock_release [vxlan]() {
 4)               |    synchronize_net() {
 4) ! 175.158 us  |      synchronize_rcu_expedited();
 4) ! 178.605 us  |    }
 4)               |    udp_tunnel_sock_release [udp_tunnel]() {
 4) * 15676.76 us |      synchronize_rcu();
 4) * 15688.08 us |    }
 4) * 15980.23 us |  }
 4)               |  vxlan_sock_release [vxlan]() {
 4)               |    synchronize_net() {
 4) ! 175.449 us  |      synchronize_rcu_expedited();
 4) ! 178.906 us  |    }
 4)               |    udp_tunnel_sock_release [udp_tunnel]() {
 4) * 31616.39 us |      synchronize_rcu();
 4) * 31630.59 us |    }
 4) * 31923.94 us |  }
 4)               |  vxlan_sock_release [vxlan]() {
 4)               |    synchronize_net() {
 4) + 73.037 us   |      synchronize_rcu_expedited();
 4) + 74.470 us   |    }
 4)               |    udp_tunnel_sock_release [udp_tunnel]() {
 4) * 47716.51 us |      synchronize_rcu();
 4) * 47724.23 us |    }
 4) * 47964.69 us |  }
 4)               |  vxlan_sock_release [vxlan]() {
 4)               |    synchronize_net() {
 4) + 29.776 us   |      synchronize_rcu_expedited();
 4) + 30.968 us   |    }
 4)               |    udp_tunnel_sock_release [udp_tunnel]() {
 4) * 15839.01 us |      synchronize_rcu();
 4) * 15843.08 us |    }
 4) * 15989.80 us |  }
 4)               |  vxlan_sock_release [vxlan]() {
 4)               |    synchronize_net() {
 4) + 28.654 us   |      synchronize_rcu_expedited();
 4) + 29.596 us   |    }
 4)               |    udp_tunnel_sock_release [udp_tunnel]() {
 4) * 15912.08 us |      synchronize_rcu();
 4) * 15916.41 us |    }
 4) * 15985.16 us |  }
 4)               |  vxlan_sock_release [vxlan]() {
 4)               |    synchronize_net() {
 4) + 70.452 us   |      synchronize_rcu_expedited();
 4) + 71.354 us   |    }
 4)               |    udp_tunnel_sock_release [udp_tunnel]() {
 4) * 19864.37 us |      synchronize_rcu();
 5) * 15924.25 us |    }
 5) * 16086.06 us |  }
 5)               |  vxlan_sock_release [vxlan]() {
 5)               |    synchronize_net() {
 5) + 45.606 us   |      synchronize_rcu_expedited();
 5) + 47.459 us   |    }
 5)               |    udp_tunnel_sock_release [udp_tunnel]() {
 5) * 15818.54 us |      synchronize_rcu();
 5) * 15829.43 us |    }
 5) * 15960.60 us |  }
 5)               |  vxlan_sock_release [vxlan]() {
 5)               |    synchronize_net() {
 5) + 80.270 us   |      synchronize_rcu_expedited();
 5) + 83.206 us   |    }
 5)               |    udp_tunnel_sock_release [udp_tunnel]() {
 5) * 15780.94 us |      synchronize_rcu();
 5) * 15791.56 us |    }
 5) * 15979.02 us |  }
 5)               |  vxlan_sock_release [vxlan]() {
 5)               |    synchronize_net() {
 5) + 80.101 us   |      synchronize_rcu_expedited();
 5) + 82.264 us   |    }
 5)               |    udp_tunnel_sock_release [udp_tunnel]() {
 5) * 15781.79 us |      synchronize_rcu();
 5) * 15792.39 us |    }
 5) * 15979.64 us |  }
 5)               |  vxlan_sock_release [vxlan]() {
 5)               |    synchronize_net() {
 5) + 44.053 us   |      synchronize_rcu_expedited();
 5) + 46.027 us   |    }
 5)               |    udp_tunnel_sock_release [udp_tunnel]() {
 5) * 27827.40 us |      synchronize_rcu();
 5) * 27845.98 us |    }
 5) * 28002.57 us |  }
 5)               |  vxlan_sock_release [vxlan]() {
 5)               |    synchronize_net() {
 5) + 40.455 us   |      synchronize_rcu_expedited();
 5) + 42.340 us   |    }
 5)               |    udp_tunnel_sock_release [udp_tunnel]() {
 5) * 15779.73 us |      synchronize_rcu();
 5) * 15790.82 us |    }
 5) * 15969.76 us |  }
 5)               |  vxlan_sock_release [vxlan]() {
 5)               |    synchronize_net() {
 5) + 40.406 us   |      synchronize_rcu_expedited();
 5) + 42.319 us   |    }
 5)               |    udp_tunnel_sock_release [udp_tunnel]() {
 5) * 15790.28 us |      synchronize_rcu();
 5) * 15801.09 us |    }
 5) * 15973.65 us |  }
 5)               |  vxlan_sock_release [vxlan]() {
 5)               |    synchronize_net() {
 5) + 44.954 us   |      synchronize_rcu_expedited();
 5) + 46.216 us   |    }
 5)               |    udp_tunnel_sock_release [udp_tunnel]() {
 5) * 15783.23 us |      synchronize_rcu();
 4) * 19876.53 us |    }
 4) * 19974.33 us |  }
 4)               |  vxlan_sock_release [vxlan]() {
 4)               |    synchronize_net() {
 4) + 68.949 us   |      synchronize_rcu_expedited();
 4) + 72.256 us   |    }
 4)               |    udp_tunnel_sock_release [udp_tunnel]() {
 4) * 15778.01 us |      synchronize_rcu();
 4) * 15789.88 us |    }
 4) * 16001.01 us |  }
 4)               |  vxlan_sock_release [vxlan]() {
 4)               |    synchronize_net() {
 4) + 39.394 us   |      synchronize_rcu_expedited();
 4) + 41.257 us   |    }
 4)               |    udp_tunnel_sock_release [udp_tunnel]() {
 4)               |      synchronize_rcu() {
 5) * 15795.30 us |    }
 5) * 15981.28 us |  }
 5)               |  vxlan_sock_release [vxlan]() {
 5)               |    synchronize_net() {
 5) + 37.992 us   |      synchronize_rcu_expedited();
 5) + 39.965 us   |    }
 5)               |    udp_tunnel_sock_release [udp_tunnel]() {
 5) * 15741.22 us |      synchronize_rcu();
 5) * 15749.81 us |    }
 5) * 15934.70 us |  }
 5)               |  vxlan_sock_release [vxlan]() {
 5)               |    synchronize_net() {
 5) + 40.956 us   |      synchronize_rcu_expedited();
 5) + 42.269 us   |    }
 5)               |    udp_tunnel_sock_release [udp_tunnel]() {
 5) * 15861.85 us |      synchronize_rcu();
 5) * 15873.89 us |    }
 5) * 16030.89 us |  }
 5)               |  vxlan_sock_release [vxlan]() {
 5)               |    synchronize_net() {
 5) + 46.658 us   |      synchronize_rcu_expedited();
 5) + 48.791 us   |    }
 5)               |    udp_tunnel_sock_release [udp_tunnel]() {
 5) * 19768.75 us |      synchronize_rcu();
 5) * 19779.32 us |    }
 5) * 19969.06 us |  }
 5)               |  vxlan_sock_release [vxlan]() {
 5)               |    synchronize_net() {
 5) + 43.993 us   |      synchronize_rcu_expedited();
 5) + 45.886 us   |    }
 5)               |    udp_tunnel_sock_release [udp_tunnel]() {
 5) * 23780.71 us |      synchronize_rcu();
 5) * 23791.56 us |    }
 5) * 23972.72 us |  }
 5)               |  vxlan_sock_release [vxlan]() {
 5)               |    synchronize_net() {
 5) + 44.604 us   |      synchronize_rcu_expedited();
 5) + 46.518 us   |    }
 5)               |    udp_tunnel_sock_release [udp_tunnel]() {
 5) * 15787.78 us |      synchronize_rcu();
 5) * 15798.31 us |    }
 5) * 15977.60 us |  }
 5)               |  vxlan_sock_release [vxlan]() {
 5)               |    synchronize_net() {
 5) + 43.772 us   |      synchronize_rcu_expedited();
 5) + 45.655 us   |    }
 5)               |    udp_tunnel_sock_release [udp_tunnel]() {
 5) * 23792.76 us |      synchronize_rcu();
 5) * 23803.64 us |    }
 5) * 23976.21 us |  }
 5)               |  vxlan_sock_release [vxlan]() {
 5)               |    synchronize_net() {
 5) + 45.285 us   |      synchronize_rcu_expedited();
 5) + 47.148 us   |    }
 5)               |    udp_tunnel_sock_release [udp_tunnel]() {
 5) * 15796.42 us |      synchronize_rcu();
 5) * 15806.87 us |    }
 5) * 15978.50 us |  }
 5)               |  vxlan_sock_release [vxlan]() {
 5)               |    synchronize_net() {
 5) + 43.762 us   |      synchronize_rcu_expedited();
 5) + 45.686 us   |    }
 5)               |    udp_tunnel_sock_release [udp_tunnel]() {
 5) * 15802.11 us |      synchronize_rcu();
 5) * 15813.30 us |    }
 5) * 15982.39 us |  }
 5)               |  vxlan_sock_release [vxlan]() {
 5)               |    synchronize_net() {
 5) + 63.840 us   |      synchronize_rcu_expedited();
 5) + 65.673 us   |    }
 5)               |    udp_tunnel_sock_release [udp_tunnel]() {
 5) * 19786.90 us |      synchronize_rcu();
 5) * 19797.83 us |    }
 5) * 19986.67 us |  }
 5)               |  vxlan_sock_release [vxlan]() {
 5)               |    synchronize_net() {
 5) + 65.644 us   |      synchronize_rcu_expedited();
 5) + 67.587 us   |    }
 5)               |    udp_tunnel_sock_release [udp_tunnel]() {
 5) * 15785.77 us |      synchronize_rcu();
 5) * 15796.45 us |    }
 5) * 15987.70 us |  }
 5)               |  vxlan_sock_release [vxlan]() {
 5)               |    synchronize_net() {
 5) + 42.069 us   |      synchronize_rcu_expedited();
 5) + 43.872 us   |    }
 5)               |    udp_tunnel_sock_release [udp_tunnel]() {
 5) * 15804.73 us |      synchronize_rcu();
 5) * 15816.65 us |    }
 5) * 15983.65 us |  }
 5)               |  vxlan_sock_release [vxlan]() {
 5)               |    synchronize_net() {
 5) + 41.739 us   |      synchronize_rcu_expedited();
 5) + 44.564 us   |    }
 5)               |    udp_tunnel_sock_release [udp_tunnel]() {
 5) * 15783.66 us |      synchronize_rcu();
 5) * 15794.20 us |    }
 5) * 15961.06 us |  }
 5)               |  vxlan_sock_release [vxlan]() {
 5)               |    synchronize_net() {
 5) + 44.875 us   |      synchronize_rcu_expedited();
 5) + 46.808 us   |    }
 5)               |    udp_tunnel_sock_release [udp_tunnel]() {
 5) * 15802.11 us |      synchronize_rcu();
 5) * 15812.68 us |    }
 5) * 15978.40 us |  }
 5)               |  vxlan_sock_release [vxlan]() {
 5)               |    synchronize_net() {
 5) + 76.845 us   |      synchronize_rcu_expedited();
 5) + 78.738 us   |    }
 5)               |    udp_tunnel_sock_release [udp_tunnel]() {
 5) * 15772.42 us |      synchronize_rcu();
 5) * 15783.19 us |    }
 5) * 15981.60 us |  }
 5)               |  vxlan_sock_release [vxlan]() {
 5)               |    synchronize_net() {
 5) + 63.650 us   |      synchronize_rcu_expedited();
 5) + 65.573 us   |    }
 5)               |    udp_tunnel_sock_release [udp_tunnel]() {
 5) * 15792.30 us |      synchronize_rcu();
 5) * 15803.14 us |    }
 5) * 15989.62 us |  }
 5)               |  vxlan_sock_release [vxlan]() {
 5)               |    synchronize_net() {
 5) + 52.488 us   |      synchronize_rcu_expedited();
 5) + 54.342 us   |    }
 5)               |    udp_tunnel_sock_release [udp_tunnel]() {
 5) * 19782.01 us |      synchronize_rcu();
 5) * 19792.87 us |    }
 5) * 19970.02 us |  }
 5)               |  vxlan_sock_release [vxlan]() {
 5)               |    synchronize_net() {
 5) + 44.423 us   |      synchronize_rcu_expedited();
 5) + 46.246 us   |    }
 5)               |    udp_tunnel_sock_release [udp_tunnel]() {
 5) * 15797.59 us |      synchronize_rcu();
 5) * 15808.30 us |    }
 5) * 15980.72 us |  }
 5)               |  vxlan_sock_release [vxlan]() {
 5)               |    synchronize_net() {
 5) + 63.780 us   |      synchronize_rcu_expedited();
 5) + 65.743 us   |    }
 5)               |    udp_tunnel_sock_release [udp_tunnel]() {
 5) * 15776.91 us |      synchronize_rcu();
 5) * 15787.43 us |    }
 5) * 15980.35 us |  }
 5)               |  vxlan_sock_release [vxlan]() {
 5)               |    synchronize_net() {
 5) + 34.274 us   |      synchronize_rcu_expedited();
 5) + 36.147 us   |    }
 5)               |    udp_tunnel_sock_release [udp_tunnel]() {
 5) * 15808.50 us |      synchronize_rcu();
 5) * 15819.26 us |    }
 5) * 15977.22 us |  }
 5)               |  vxlan_sock_release [vxlan]() {
 5)               |    synchronize_net() {
 5) + 63.339 us   |      synchronize_rcu_expedited();
 5) + 65.212 us   |    }
 5)               |    udp_tunnel_sock_release [udp_tunnel]() {
 5) * 23787.96 us |      synchronize_rcu();
 5) * 23798.83 us |    }
 5) * 23986.74 us |  }
 5)               |  vxlan_sock_release [vxlan]() {
 5)               |    synchronize_net() {
 5) + 40.686 us   |      synchronize_rcu_expedited();
 5) + 42.589 us   |    }
 5)               |    udp_tunnel_sock_release [udp_tunnel]() {
 5) * 15798.19 us |      synchronize_rcu();
 5) * 15808.87 us |    }
 5) * 15972.20 us |  }
 5)               |  vxlan_sock_release [vxlan]() {
 5)               |    synchronize_net() {
 5) + 53.861 us   |      synchronize_rcu_expedited();
 5) + 55.744 us   |    }
 5)               |    udp_tunnel_sock_release [udp_tunnel]() {
 5) * 15796.46 us |      synchronize_rcu();
 5) * 15807.84 us |    }
 5) * 15984.05 us |  }
 5)               |  vxlan_sock_release [vxlan]() {
 5)               |    synchronize_net() {
 5) + 49.453 us   |      synchronize_rcu_expedited();
 5) + 51.406 us   |    }
 5)               |    udp_tunnel_sock_release [udp_tunnel]() {
 5) * 15733.37 us |      synchronize_rcu();
 5) * 15744.80 us |    }
 5) * 15971.43 us |  }
 5)               |  vxlan_sock_release [vxlan]() {
 5)               |    synchronize_net() {
 5) + 40.716 us   |      synchronize_rcu_expedited();
 5) + 42.790 us   |    }
 5)               |    udp_tunnel_sock_release [udp_tunnel]() {
 5) * 15812.02 us |      synchronize_rcu();
 5) * 15822.37 us |    }
 5) * 15986.64 us |  }
 5)               |  vxlan_sock_release [vxlan]() {
 5)               |    synchronize_net() {
 5) + 43.401 us   |      synchronize_rcu_expedited();
 5) + 45.234 us   |    }
 5)               |    udp_tunnel_sock_release [udp_tunnel]() {
 5) * 15790.35 us |      synchronize_rcu();
 5) * 15801.06 us |    }
 5) * 15967.29 us |  }
 5)               |  vxlan_sock_release [vxlan]() {
 5)               |    synchronize_net() {
 5)               |      synchronize_rcu_expedited() {
 4) + 98.013 us   |      } /* synchronize_rcu_expedited */
 4) ! 101.581 us  |    } /* synchronize_net */
 4)               |    udp_tunnel_sock_release [udp_tunnel]() {
 4) * 15737.72 us |      synchronize_rcu();
 4) * 15750.17 us |    }
 4) * 15973.06 us |  }
 4)               |  vxlan_sock_release [vxlan]() {
 4)               |    synchronize_net() {
 4) + 41.598 us   |      synchronize_rcu_expedited();
 4) + 43.803 us   |    }
 4)               |    udp_tunnel_sock_release [udp_tunnel]() {
 4) * 23806.82 us |      synchronize_rcu();
 4) * 23817.98 us |    }
 4) * 23981.43 us |  }
 4)               |  vxlan_sock_release [vxlan]() {
 4)               |    synchronize_net() {
 4) + 39.404 us   |      synchronize_rcu_expedited();
 4) + 40.936 us   |    }
 4)               |    udp_tunnel_sock_release [udp_tunnel]() {
 4) * 15829.19 us |      synchronize_rcu();
 4) * 15839.69 us |    }
 4) * 15978.01 us |  }
 4)               |  vxlan_sock_release [vxlan]() {
 4)               |    synchronize_net() {
 4) + 50.975 us   |      synchronize_rcu_expedited();
 4) + 52.920 us   |    }
 4)               |    udp_tunnel_sock_release [udp_tunnel]() {
 4) * 15853.28 us |      synchronize_rcu();
 5) * 27838.27 us |      } /* synchronize_rcu */
 5) * 27850.82 us |    } /* udp_tunnel_sock_release [udp_tunnel] */
 5) * 28022.55 us |  }
 5)               |  vxlan_sock_release [vxlan]() {
 5)               |    synchronize_net() {
 5) + 42.559 us   |      synchronize_rcu_expedited();
 5) + 44.624 us   |    }
 5)               |    udp_tunnel_sock_release [udp_tunnel]() {
 5) * 19746.54 us |      synchronize_rcu();
 5) * 19758.51 us |    }
 5) * 19942.74 us |  }
 5)               |  vxlan_sock_release [vxlan]() {
 5)               |    synchronize_net() {
 5) + 40.776 us   |      synchronize_rcu_expedited();
 5) + 42.690 us   |    }
 5)               |    udp_tunnel_sock_release [udp_tunnel]() {
 5) * 15786.45 us |      synchronize_rcu();
 5) * 15797.89 us |    }
 5) * 15975.26 us |  }
 5)               |  vxlan_sock_release [vxlan]() {
 5)               |    synchronize_net() {
 5) + 40.807 us   |      synchronize_rcu_expedited();
 5) + 42.690 us   |    }
 5)               |    udp_tunnel_sock_release [udp_tunnel]() {
 5) * 15789.07 us |      synchronize_rcu();
 5) * 15800.31 us |    }
 5) * 15974.43 us |  }
 5)               |  vxlan_sock_release [vxlan]() {
 5)               |    synchronize_net() {
 5) + 69.209 us   |      synchronize_rcu_expedited();
 5) + 71.013 us   |    }
 5)               |    udp_tunnel_sock_release [udp_tunnel]() {
 5) * 19826.30 us |      synchronize_rcu();
 5) * 19836.79 us |    }
 5) * 19987.36 us |  }
 5)               |  vxlan_sock_release [vxlan]() {
 5)               |    synchronize_net() {
 5) + 43.752 us   |      synchronize_rcu_expedited();
 5) + 45.595 us   |    }
 5)               |    udp_tunnel_sock_release [udp_tunnel]() {
 5) * 15804.45 us |      synchronize_rcu();
 5) * 15814.90 us |    }
 5) * 15977.70 us |  }
 5)               |  vxlan_sock_release [vxlan]() {
 5)               |    synchronize_net() {
 5) + 44.193 us   |      synchronize_rcu_expedited();
 5) + 46.296 us   |    }
 5)               |    udp_tunnel_sock_release [udp_tunnel]() {
 5) * 15808.04 us |      synchronize_rcu();
 5) * 15819.15 us |    }
 5) * 15984.94 us |  }
 5)               |  vxlan_sock_release [vxlan]() {
 5)               |    synchronize_net() {
 5) + 50.454 us   |      synchronize_rcu_expedited();
 5) + 52.288 us   |    }
 5)               |    udp_tunnel_sock_release [udp_tunnel]() {
 5) * 19794.95 us |      synchronize_rcu();
 5) * 19806.43 us |    }
 5) * 19973.93 us |  }
 5)               |  vxlan_sock_release [vxlan]() {
 5)               |    synchronize_net() {
 5) + 49.252 us   |      synchronize_rcu_expedited();
 5) + 51.236 us   |    }
 5)               |    udp_tunnel_sock_release [udp_tunnel]() {
 5) * 15740.37 us |      synchronize_rcu();
 5) * 15750.80 us |    }
 5) * 15976.68 us |  }
 5)               |  vxlan_sock_release [vxlan]() {
 5)               |    synchronize_net() {
 5) + 44.784 us   |      synchronize_rcu_expedited();
 5) + 46.587 us   |    }
 5)               |    udp_tunnel_sock_release [udp_tunnel]() {
 5) * 15751.09 us |      synchronize_rcu();
 6) * 15821.54 us |    }
 6) * 15990.28 us |  }
 6)               |  vxlan_sock_release [vxlan]() {
 6)               |    synchronize_net() {
 6) ! 161.022 us  |      synchronize_rcu_expedited();
 6) ! 164.017 us  |    }
 6)               |    udp_tunnel_sock_release [udp_tunnel]() {
 6) * 15550.96 us |      synchronize_rcu();
 6) * 15562.13 us |    }
 6) * 15893.65 us |  }
 6)               |  vxlan_sock_release [vxlan]() {
 6)               |    synchronize_net() {
 6) ! 100.779 us  |      synchronize_rcu_expedited();
 6) ! 102.031 us  |    }
 6)               |    udp_tunnel_sock_release [udp_tunnel]() {
 6) * 19784.09 us |      synchronize_rcu();
 6) * 19796.18 us |    }
 6) * 20057.24 us |  }
 6)               |  vxlan_sock_release [vxlan]() {
 6)               |    synchronize_net() {
 6) ! 179.546 us  |      synchronize_rcu_expedited();
 6) ! 182.873 us  |    }
 6)               |    udp_tunnel_sock_release [udp_tunnel]() {
 6) * 15938.73 us |      synchronize_rcu();
 6) * 15949.74 us |    }
 6) * 16279.61 us |  }
 6)               |  vxlan_sock_release [vxlan]() {
 6)               |    synchronize_net() {
 6) ! 179.497 us  |      synchronize_rcu_expedited();
 6) ! 182.713 us  |    }
 6)               |    udp_tunnel_sock_release [udp_tunnel]() {
 6) * 27348.28 us |      synchronize_rcu();
 6) * 27359.60 us |    }
 6) * 27613.44 us |  }
 6)               |  vxlan_sock_release [vxlan]() {
 6)               |    synchronize_net() {
 6) ! 182.832 us  |      synchronize_rcu_expedited();
 6) ! 186.058 us  |    }
 6)               |    udp_tunnel_sock_release [udp_tunnel]() {
 6) * 19444.60 us |      synchronize_rcu();
 5) * 15760.44 us |    }
 5) * 16058.92 us |  }
 5)               |  vxlan_sock_release [vxlan]() {
 5)               |    synchronize_net() {
 5) ! 110.107 us  |      synchronize_rcu_expedited();
 5) ! 111.319 us  |    }
 5)               |    udp_tunnel_sock_release [udp_tunnel]() {
 5) * 19639.50 us |      synchronize_rcu();
 5) * 19644.20 us |    }
 5) * 19880.66 us |  }
 5)               |  vxlan_sock_release [vxlan]() {
 5)               |    synchronize_net() {
 5) ! 113.563 us  |      synchronize_rcu_expedited();
 5) ! 114.514 us  |    }
 5)               |    udp_tunnel_sock_release [udp_tunnel]() {
 5) * 19767.26 us |      synchronize_rcu();
 5) * 19772.00 us |    }
 5) * 19991.38 us |  }
 5)               |  vxlan_sock_release [vxlan]() {
 5)               |    synchronize_net() {
 5) + 42.890 us   |      synchronize_rcu_expedited();
 5) + 43.912 us   |    }
 5)               |    udp_tunnel_sock_release [udp_tunnel]() {
 5) * 23845.06 us |      synchronize_rcu();
 5) * 23850.26 us |    }
 5) * 23991.10 us |  }
 5)               |  vxlan_sock_release [vxlan]() {
 5)               |    synchronize_net() {
 5) + 61.706 us   |      synchronize_rcu_expedited();
 5) + 62.667 us   |    }
 5)               |    udp_tunnel_sock_release [udp_tunnel]() {
 5) * 15800.12 us |      synchronize_rcu();
 5) * 15804.30 us |    }
 5) * 15985.66 us |  }
 5)               |  vxlan_sock_release [vxlan]() {
 5)               |    synchronize_net() {
 5) + 54.873 us   |      synchronize_rcu_expedited();
 5) + 55.804 us   |    }
 5)               |    udp_tunnel_sock_release [udp_tunnel]() {
 5) * 15835.94 us |      synchronize_rcu();
 5) * 15840.40 us |    }
 5) * 15989.09 us |  }
 5)               |  vxlan_sock_release [vxlan]() {
 5)               |    synchronize_net() {
 5) ! 106.038 us  |      synchronize_rcu_expedited();
 5) ! 106.980 us  |    }
 5)               |    udp_tunnel_sock_release [udp_tunnel]() {
 5) * 19758.24 us |      synchronize_rcu();
 5) * 19763.25 us |    }
 5) * 19988.01 us |  }
 5)               |  vxlan_sock_release [vxlan]() {
 5)               |    synchronize_net() {
 5) + 94.678 us   |      synchronize_rcu_expedited();
 5) + 95.679 us   |    }
 5)               |    udp_tunnel_sock_release [udp_tunnel]() {
 5) * 15786.82 us |      synchronize_rcu();
 5) * 15791.19 us |    }
 5) * 15992.45 us |  }
 5)               |  vxlan_sock_release [vxlan]() {
 5)               |    synchronize_net() {
 5) ! 108.133 us  |      synchronize_rcu_expedited();
 5) ! 109.095 us  |    }
 5)               |    udp_tunnel_sock_release [udp_tunnel]() {
 5) * 15711.07 us |      synchronize_rcu();
 5) * 15714.94 us |    }
 5) * 15984.43 us |  }
 5)               |  vxlan_sock_release [vxlan]() {
 5)               |    synchronize_net() {
 5) + 94.227 us   |      synchronize_rcu_expedited();
 5) + 95.158 us   |    }
 5)               |    udp_tunnel_sock_release [udp_tunnel]() {
 5) * 19768.06 us |      synchronize_rcu();
 5) * 19774.57 us |    }
 5) * 19999.35 us |  }
 5)               |  vxlan_sock_release [vxlan]() {
 5)               |    synchronize_net() {
 5) + 61.045 us   |      synchronize_rcu_expedited();
 5) + 62.418 us   |    }
 5)               |    udp_tunnel_sock_release [udp_tunnel]() {
 5) * 15803.31 us |      synchronize_rcu();
 5) * 15808.28 us |    }
 5) * 15981.81 us |  }
 5)               |  vxlan_sock_release [vxlan]() {
 5)               |    synchronize_net() {
 5) + 29.335 us   |      synchronize_rcu_expedited();
 5) + 30.277 us   |    }
 5)               |    udp_tunnel_sock_release [udp_tunnel]() {
 5) * 15847.34 us |      synchronize_rcu();
 5) * 15851.85 us |    }
 5) * 15986.83 us |  }
 5)               |  vxlan_sock_release [vxlan]() {
 5)               |    synchronize_net() {
 5) + 27.933 us   |      synchronize_rcu_expedited();
 5) + 28.905 us   |    }
 5)               |    udp_tunnel_sock_release [udp_tunnel]() {
 5) * 15858.68 us |      synchronize_rcu();
 5) * 15862.20 us |    }
 5) * 15987.72 us |  }
 5)               |  vxlan_sock_release [vxlan]() {
 5)               |    synchronize_net() {
 5) + 26.329 us   |      synchronize_rcu_expedited();
 5) + 27.291 us   |    }
 5)               |    udp_tunnel_sock_release [udp_tunnel]() {
 5) * 15850.61 us |      synchronize_rcu();
 5) * 15854.15 us |    }
 5) * 15991.68 us |  }
 5)               |  vxlan_sock_release [vxlan]() {
 5)               |    synchronize_net() {
 5) + 26.901 us   |      synchronize_rcu_expedited();
 5) + 27.912 us   |    }
 5)               |    udp_tunnel_sock_release [udp_tunnel]() {
 5) * 15868.11 us |      synchronize_rcu();
 5) * 15872.51 us |    }
 5) * 15989.63 us |  }
 5)               |  vxlan_sock_release [vxlan]() {
 5)               |    synchronize_net() {
 5) + 74.660 us   |      synchronize_rcu_expedited();
 5) + 76.324 us   |    }
 5)               |    udp_tunnel_sock_release [udp_tunnel]() {
 5) * 15804.82 us |      synchronize_rcu();
 5) * 15809.18 us |    }
 5) * 15988.24 us |  }
 5)               |  vxlan_sock_release [vxlan]() {
 5)               |    synchronize_net() {
 5) ! 102.091 us  |      synchronize_rcu_expedited();
 5) ! 103.464 us  |    }
 5)               |    udp_tunnel_sock_release [udp_tunnel]() {
 5) * 15808.59 us |      synchronize_rcu();
 5) * 15813.13 us |    }
 5) * 15988.79 us |  }
 5)               |  vxlan_sock_release [vxlan]() {
 5)               |    synchronize_net() {
 5) + 96.030 us   |      synchronize_rcu_expedited();
 5) + 97.102 us   |    }
 5)               |    udp_tunnel_sock_release [udp_tunnel]() {
 5) * 15771.90 us |      synchronize_rcu();
 5) * 15776.74 us |    }
 5) * 15990.68 us |  }
 5)               |  vxlan_sock_release [vxlan]() {
 5)               |    synchronize_net() {
 5) ! 111.719 us  |      synchronize_rcu_expedited();
 5) ! 112.771 us  |    }
 5)               |    udp_tunnel_sock_release [udp_tunnel]() {
 5) * 19768.75 us |      synchronize_rcu();
 5) * 19772.52 us |    }
 5) * 19984.38 us |  }
 5)               |  vxlan_sock_release [vxlan]() {
 5)               |    synchronize_net() {
 5) + 94.647 us   |      synchronize_rcu_expedited();
 5) + 95.679 us   |    }
 5)               |    udp_tunnel_sock_release [udp_tunnel]() {
 5) * 15797.69 us |      synchronize_rcu();
 5) * 15801.30 us |    }
 5) * 15992.03 us |  }
 5)               |  vxlan_sock_release [vxlan]() {
 5)               |    synchronize_net() {
 5) ! 105.558 us  |      synchronize_rcu_expedited();
 5) ! 106.901 us  |    }
 5)               |    udp_tunnel_sock_release [udp_tunnel]() {
 5) * 15779.74 us |      synchronize_rcu();
 5) * 15783.64 us |    }
 5) * 15987.57 us |  }
 5)               |  vxlan_sock_release [vxlan]() {
 5)               |    synchronize_net() {
 5) ! 191.299 us  |      synchronize_rcu_expedited();
 5) ! 192.251 us  |    }
 5)               |    udp_tunnel_sock_release [udp_tunnel]() {
 5) * 15757.87 us |      synchronize_rcu();
 5) * 15761.20 us |    }
 5) * 15987.49 us |  }
 5)               |  vxlan_sock_release [vxlan]() {
 5)               |    synchronize_net() {
 5) + 94.467 us   |      synchronize_rcu_expedited();
 5) + 95.419 us   |    }
 5)               |    udp_tunnel_sock_release [udp_tunnel]() {
 5) * 19810.02 us |      synchronize_rcu();
 5) * 19814.43 us |    }
 5) * 19994.76 us |  }
 5)               |  vxlan_sock_release [vxlan]() {
 5)               |    synchronize_net() {
 5) + 94.798 us   |      synchronize_rcu_expedited();
 5) + 95.830 us   |    }
 5)               |    udp_tunnel_sock_release [udp_tunnel]() {
 5) * 15794.10 us |      synchronize_rcu();
 5) * 15797.72 us |    }
 5) * 15984.87 us |  }
 5)               |  vxlan_sock_release [vxlan]() {
 5)               |    synchronize_net() {
 5) + 94.477 us   |      synchronize_rcu_expedited();
 5) + 95.459 us   |    }
 5)               |    udp_tunnel_sock_release [udp_tunnel]() {
 5) * 15599.77 us |      synchronize_rcu();
 7) * 15823.82 us |    }
 7) * 16009.88 us |  }
 7)               |  vxlan_sock_release [vxlan]() {
 7)               |    synchronize_net() {
 7) ! 102.803 us  |      synchronize_rcu_expedited();
 7) ! 103.945 us  |    }
 7)               |    udp_tunnel_sock_release [udp_tunnel]() {
 7) * 15746.35 us |      synchronize_rcu();
 7) * 15750.73 us |    }
 7) * 15981.11 us |  }
 7)               |  vxlan_sock_release [vxlan]() {
 7)               |    synchronize_net() {
 7) + 94.938 us   |      synchronize_rcu_expedited();
 7) + 95.970 us   |    }
 7)               |    udp_tunnel_sock_release [udp_tunnel]() {
 7) * 15776.39 us |      synchronize_rcu();
 7) * 15779.49 us |    }
 7) * 15971.79 us |  }
 7)               |  vxlan_sock_release [vxlan]() {
 7)               |    synchronize_net() {
 7) + 94.287 us   |      synchronize_rcu_expedited();
 7) + 95.299 us   |    }
 7)               |    udp_tunnel_sock_release [udp_tunnel]() {
 7) * 15801.55 us |      synchronize_rcu();
 7) * 15804.75 us |    }
 7) * 15989.83 us |  }
 7)               |  vxlan_sock_release [vxlan]() {
 7)               |    synchronize_net() {
 7) + 93.746 us   |      synchronize_rcu_expedited();
 7) + 94.688 us   |    }
 7)               |    udp_tunnel_sock_release [udp_tunnel]() {
 7) * 15829.10 us |      synchronize_rcu();
 7) * 15832.79 us |    }
 7) * 15990.10 us |  }
 7)               |  vxlan_sock_release [vxlan]() {
 7)               |    synchronize_net() {
 7) + 93.796 us   |      synchronize_rcu_expedited();
 7) + 94.738 us   |    }
 7)               |    udp_tunnel_sock_release [udp_tunnel]() {
 7) * 19802.60 us |      synchronize_rcu();
 7) * 19806.16 us |    }
 7) * 19993.03 us |  }
 7)               |  vxlan_sock_release [vxlan]() {
 7)               |    synchronize_net() {
 7) + 94.187 us   |      synchronize_rcu_expedited();
 7) + 95.118 us   |    }
 7)               |    udp_tunnel_sock_release [udp_tunnel]() {
 7) * 19799.22 us |      synchronize_rcu();
 7) * 19803.53 us |    }
 7) * 19989.56 us |  }
 7)               |  vxlan_sock_release [vxlan]() {
 7)               |    synchronize_net() {
 7) ! 102.231 us  |      synchronize_rcu_expedited();
 7) ! 103.284 us  |    }
 7)               |    udp_tunnel_sock_release [udp_tunnel]() {
 7) * 15849.08 us |      synchronize_rcu();
 7) * 15859.11 us |    }
 7) * 16077.70 us |  }
 7)               |  vxlan_sock_release [vxlan]() {
 7)               |    synchronize_net() {
 7) ! 177.263 us  |      synchronize_rcu_expedited();
 7) ! 182.001 us  |    }
 7)               |    udp_tunnel_sock_release [udp_tunnel]() {
 7) * 19658.83 us |      synchronize_rcu();
 7) * 19675.86 us |    }
 7) * 19988.63 us |  }
 7)               |  vxlan_sock_release [vxlan]() {
 7)               |    synchronize_net() {
 7) ! 177.022 us  |      synchronize_rcu_expedited();
 7) ! 180.348 us  |    }
 7)               |    udp_tunnel_sock_release [udp_tunnel]() {
 7) * 23648.21 us |      synchronize_rcu();
 7) * 23659.43 us |    }
 7) * 23971.94 us |  }
 7)               |  vxlan_sock_release [vxlan]() {
 7)               |    synchronize_net() {
 7) ! 185.037 us  |      synchronize_rcu_expedited();
 7) ! 188.374 us  |    }
 7)               |    udp_tunnel_sock_release [udp_tunnel]() {
 7) * 15648.96 us |      synchronize_rcu();
 7) * 15660.12 us |    }
 7) * 15979.32 us |  }
 7)               |  vxlan_sock_release [vxlan]() {
 7)               |    synchronize_net() {
 7) ! 176.411 us  |      synchronize_rcu_expedited();
 7) ! 179.707 us  |    }
 7)               |    udp_tunnel_sock_release [udp_tunnel]() {
 7) * 15701.69 us |      synchronize_rcu();
 7) * 15712.67 us |    }
 7) * 16020.89 us |  }
 7)               |  vxlan_sock_release [vxlan]() {
 7)               |    synchronize_net() {
 7) ! 213.751 us  |      synchronize_rcu_expedited();
 7) ! 217.067 us  |    }
 7)               |    udp_tunnel_sock_release [udp_tunnel]() {
 7) * 15901.11 us |      synchronize_rcu();
 5) * 15606.84 us |    }
 5) * 15948.38 us |  }
 5)               |  vxlan_sock_release [vxlan]() {
 5)               |    synchronize_net() {
 5) ! 112.571 us  |      synchronize_rcu_expedited();
 5) ! 113.603 us  |    }
 5)               |    udp_tunnel_sock_release [udp_tunnel]() {
 5) * 11656.79 us |      synchronize_rcu();
 5) * 11661.08 us |    }
 5) * 11888.08 us |  }
 5)               |  vxlan_sock_release [vxlan]() {
 5)               |    synchronize_net() {
 5) + 94.688 us   |      synchronize_rcu_expedited();
 5) + 95.639 us   |    }
 5)               |    udp_tunnel_sock_release [udp_tunnel]() {
 5) * 15779.39 us |      synchronize_rcu();
 5) * 15783.63 us |    }
 5) * 15985.30 us |  }
 5)               |  vxlan_sock_release [vxlan]() {
 5)               |    synchronize_net() {
 5) ! 109.385 us  |      synchronize_rcu_expedited();
 5) ! 110.317 us  |    }
 5)               |    udp_tunnel_sock_release [udp_tunnel]() {
 5) * 15979.44 us |      synchronize_rcu();
 7) * 15912.29 us |    }
 7) * 16085.40 us |  }
 7)               |  vxlan_sock_release [vxlan]() {
 7)               |    synchronize_net() {
 7) ! 200.526 us  |      synchronize_rcu_expedited();
 7) ! 204.914 us  |    }
 7)               |    udp_tunnel_sock_release [udp_tunnel]() {
 7) * 15641.91 us |      synchronize_rcu();
 7) * 15654.13 us |    }
 7) * 15969.61 us |  }
 7)               |  vxlan_sock_release [vxlan]() {
 7)               |    synchronize_net() {
 7) ! 177.603 us  |      synchronize_rcu_expedited();
 7) ! 180.919 us  |    }
 7)               |    udp_tunnel_sock_release [udp_tunnel]() {
 7) * 15673.57 us |      synchronize_rcu();
 7) * 15692.37 us |    }
 7) * 15989.00 us |  }
 7)               |  vxlan_sock_release [vxlan]() {
 7)               |    synchronize_net() {
 7) ! 176.701 us  |      synchronize_rcu_expedited();
 7) ! 180.047 us  |    }
 7)               |    udp_tunnel_sock_release [udp_tunnel]() {
 7) * 16931.92 us |      synchronize_rcu();
 7) * 16943.19 us |    }
 7) * 17242.90 us |  }
 7)               |  vxlan_sock_release [vxlan]() {
 7)               |    synchronize_net() {
 7) ! 186.220 us  |      synchronize_rcu_expedited();
 7) ! 189.535 us  |    }
 7)               |    udp_tunnel_sock_release [udp_tunnel]() {
 7) * 15740.92 us |      synchronize_rcu();
 7) * 15751.81 us |    }
 7) * 16081.78 us |  }
 7)               |  vxlan_sock_release [vxlan]() {
 7)               |    synchronize_net() {
 7) ! 205.655 us  |      synchronize_rcu_expedited();
 7) ! 211.036 us  |    }
 7)               |    udp_tunnel_sock_release [udp_tunnel]() {
 7) * 15650.39 us |      synchronize_rcu();
 7) * 15661.60 us |    }
 7) * 15994.32 us |  }
 7)               |  vxlan_sock_release [vxlan]() {
 7)               |    synchronize_net() {
 7) ! 108.744 us  |      synchronize_rcu_expedited();
 7) ! 110.948 us  |    }
 7)               |    udp_tunnel_sock_release [udp_tunnel]() {
 7) * 14503.24 us |      synchronize_rcu();
 7) * 14521.41 us |    }
 7) * 14767.19 us |  }
 7)               |  vxlan_sock_release [vxlan]() {
 7)               |    synchronize_net() {
 7) ! 179.466 us  |      synchronize_rcu_expedited();
 7) ! 182.813 us  |    }
 7)               |    udp_tunnel_sock_release [udp_tunnel]() {
 7) * 15857.58 us |      synchronize_rcu();
 5) * 15988.55 us |    }
 5) * 16252.62 us |  }
 5)               |  vxlan_sock_release [vxlan]() {
 5)               |    synchronize_net() {
 5) + 70.973 us   |      synchronize_rcu_expedited();
 5) + 72.186 us   |    }
 5)               |    udp_tunnel_sock_release [udp_tunnel]() {
 5) * 15272.71 us |      synchronize_rcu();
 5) * 15276.63 us |    }
 5) * 15447.64 us |  }
 5)               |  vxlan_sock_release [vxlan]() {
 5)               |    synchronize_net() {
 5) + 94.306 us   |      synchronize_rcu_expedited();
 5) + 95.218 us   |    }
 5)               |    udp_tunnel_sock_release [udp_tunnel]() {
 5) * 15781.94 us |      synchronize_rcu();
 5) * 15786.03 us |    }
 5) * 15993.48 us |  }
 5)               |  vxlan_sock_release [vxlan]() {
 5)               |    synchronize_net() {
 5) ! 114.905 us  |      synchronize_rcu_expedited();
 5) ! 115.887 us  |    }
 5)               |    udp_tunnel_sock_release [udp_tunnel]() {
 5) * 15770.00 us |      synchronize_rcu();
 7) * 15872.45 us |    }
 7) * 16085.88 us |  }
 7)               |  vxlan_sock_release [vxlan]() {
 7)               |    synchronize_net() {
 7) ! 178.905 us  |      synchronize_rcu_expedited();
 7) ! 183.143 us  |    }
 7)               |    udp_tunnel_sock_release [udp_tunnel]() {
 7) * 19631.28 us |      synchronize_rcu();
 7) * 19643.51 us |    }
 7) * 19904.49 us |  }
 7)               |  vxlan_sock_release [vxlan]() {
 7)               |    synchronize_net() {
 7) ! 109.656 us  |      synchronize_rcu_expedited();
 7) ! 111.579 us  |    }
 7)               |    udp_tunnel_sock_release [udp_tunnel]() {
 7) * 15880.38 us |      synchronize_rcu();
 5) * 15776.94 us |    }
 5) * 16056.28 us |  }
 5)               |  vxlan_sock_release [vxlan]() {
 5)               |    synchronize_net() {
 5) ! 113.092 us  |      synchronize_rcu_expedited();
 5) ! 114.215 us  |    }
 5)               |    udp_tunnel_sock_release [udp_tunnel]() {
 5) * 11694.72 us |      synchronize_rcu();
 5) * 11699.12 us |    }
 5) * 11887.61 us |  }
 5)               |  vxlan_sock_release [vxlan]() {
 5)               |    synchronize_net() {
 5) + 94.968 us   |      synchronize_rcu_expedited();
 5) + 96.170 us   |    }
 5)               |    udp_tunnel_sock_release [udp_tunnel]() {
 5) * 11660.42 us |      synchronize_rcu();
 7) * 15891.39 us |    }
 7) * 16077.52 us |  }
 7)               |  vxlan_sock_release [vxlan]() {
 7)               |    synchronize_net() {
 7) ! 180.389 us  |      synchronize_rcu_expedited();
 7) ! 184.085 us  |    }
 7)               |    udp_tunnel_sock_release [udp_tunnel]() {
 7) * 23738.99 us |      synchronize_rcu();
 5) * 11666.94 us |    }
 5) * 11978.51 us |  }
 5)               |  vxlan_sock_release [vxlan]() {
 5)               |    synchronize_net() {
 5) ! 103.915 us  |      synchronize_rcu_expedited();
 5) ! 105.017 us  |    }
 5)               |    udp_tunnel_sock_release [udp_tunnel]() {
 5) * 15698.98 us |      synchronize_rcu();
 5) * 15703.48 us |    }
 5) * 15903.76 us |  }
 5)               |  vxlan_sock_release [vxlan]() {
 5)               |    synchronize_net() {
 5) + 94.377 us   |      synchronize_rcu_expedited();
 5) + 95.409 us   |    }
 5)               |    udp_tunnel_sock_release [udp_tunnel]() {
 5) * 15778.57 us |      synchronize_rcu();
 5) * 15782.89 us |    }
 5) * 15987.80 us |  }
 5)               |  vxlan_sock_release [vxlan]() {
 5)               |    synchronize_net() {
 5) + 93.986 us   |      synchronize_rcu_expedited();
 5) + 95.088 us   |    }
 5)               |    udp_tunnel_sock_release [udp_tunnel]() {
 5) * 23797.41 us |      synchronize_rcu();
 5) * 23802.26 us |    }
 5) * 23990.44 us |  }
 5)               |  vxlan_sock_release [vxlan]() {
 5)               |    synchronize_net() {
 5) + 94.907 us   |      synchronize_rcu_expedited();
 5) + 95.920 us   |    }
 5)               |    udp_tunnel_sock_release [udp_tunnel]() {
 5) * 15792.67 us |      synchronize_rcu();
 5) * 15796.87 us |    }
 5) * 15987.35 us |  }
 5)               |  vxlan_sock_release [vxlan]() {
 5)               |    synchronize_net() {
 5) + 94.568 us   |      synchronize_rcu_expedited();
 5) + 95.750 us   |    }
 5)               |    udp_tunnel_sock_release [udp_tunnel]() {
 5) * 19801.28 us |      synchronize_rcu();
 5) * 19806.67 us |    }
 5) * 19999.31 us |  }
 5)               |  vxlan_sock_release [vxlan]() {
 5)               |    synchronize_net() {
 5) + 94.938 us   |      synchronize_rcu_expedited();
 5) + 96.040 us   |    }
 5)               |    udp_tunnel_sock_release [udp_tunnel]() {
 5) * 15765.16 us |      synchronize_rcu();
 5) * 15768.68 us |    }
 5) * 15973.78 us |  }
 5)               |  vxlan_sock_release [vxlan]() {
 5)               |    synchronize_net() {
 5) ! 101.010 us  |      synchronize_rcu_expedited();
 5) ! 102.052 us  |    }
 5)               |    udp_tunnel_sock_release [udp_tunnel]() {
 5) * 23787.70 us |      synchronize_rcu();
 5) * 23791.33 us |    }
 5) * 23994.93 us |  }
 5)               |  vxlan_sock_release [vxlan]() {
 5)               |    synchronize_net() {
 5) + 94.066 us   |      synchronize_rcu_expedited();
 5) + 95.088 us   |    }
 5)               |    udp_tunnel_sock_release [udp_tunnel]() {
 5) * 15789.82 us |      synchronize_rcu();
 5) * 15792.91 us |    }
 5) * 15983.21 us |  }
 5)               |  vxlan_sock_release [vxlan]() {
 5)               |    synchronize_net() {
 5) ! 102.472 us  |      synchronize_rcu_expedited();
 5) ! 103.504 us  |    }
 5)               |    udp_tunnel_sock_release [udp_tunnel]() {
 5) * 27800.43 us |      synchronize_rcu();
 5) * 27804.49 us |    }
 5) * 28011.22 us |  }
 5)               |  vxlan_sock_release [vxlan]() {
 5)               |    synchronize_net() {
 5) + 74.580 us   |      synchronize_rcu_expedited();
 5) + 75.201 us   |    }
 5)               |    udp_tunnel_sock_release [udp_tunnel]() {
 5) * 15877.88 us |      synchronize_rcu();
 5) * 15888.56 us |    }
 5) * 16068.30 us |  }
 5)               |  vxlan_sock_release [vxlan]() {
 5)               |    synchronize_net() {
 5) ! 175.469 us  |      synchronize_rcu_expedited();
 5) ! 178.826 us  |    }
 5)               |    udp_tunnel_sock_release [udp_tunnel]() {
 5) * 23651.86 us |      synchronize_rcu();
 5) * 23663.56 us |    }
 5) * 23973.43 us |  }
 5)               |  vxlan_sock_release [vxlan]() {
 5)               |    synchronize_net() {
 5) ! 174.928 us  |      synchronize_rcu_expedited();
 5) ! 178.184 us  |    }
 5)               |    udp_tunnel_sock_release [udp_tunnel]() {
 5) * 15657.90 us |      synchronize_rcu();
 5) * 15668.97 us |    }
 5) * 15976.10 us |  }
 5)               |  vxlan_sock_release [vxlan]() {
 5)               |    synchronize_net() {
 5) ! 173.806 us  |      synchronize_rcu_expedited();
 5) ! 177.773 us  |    }
 5)               |    udp_tunnel_sock_release [udp_tunnel]() {
 5) * 15664.79 us |      synchronize_rcu();
 5) * 15675.96 us |    }
 5) * 15981.21 us |  }
 5)               |  vxlan_sock_release [vxlan]() {
 5)               |    synchronize_net() {
 5) ! 177.523 us  |      synchronize_rcu_expedited();
 5) ! 180.789 us  |    }
 5)               |    udp_tunnel_sock_release [udp_tunnel]() {
 5) * 19665.47 us |      synchronize_rcu();
 5) * 19676.74 us |    }
 5) * 19986.45 us |  }
 5)               |  vxlan_sock_release [vxlan]() {
 5)               |    synchronize_net() {
 5) ! 176.952 us  |      synchronize_rcu_expedited();
 5) ! 180.669 us  |    }
 5)               |    udp_tunnel_sock_release [udp_tunnel]() {
 5) * 15654.30 us |      synchronize_rcu();
 5) * 15665.78 us |    }
 5) * 15974.55 us |  }
 5)               |  vxlan_sock_release [vxlan]() {
 5)               |    synchronize_net() {
 5) ! 174.096 us  |      synchronize_rcu_expedited();
 5) ! 177.403 us  |    }
 5)               |    udp_tunnel_sock_release [udp_tunnel]() {
 5) * 15660.73 us |      synchronize_rcu();
 5) * 15671.95 us |    }
 5) * 15975.75 us |  }
 5)               |  vxlan_sock_release [vxlan]() {
 5)               |    synchronize_net() {
 5) ! 178.555 us  |      synchronize_rcu_expedited();
 5) ! 181.901 us  |    }
 5)               |    udp_tunnel_sock_release [udp_tunnel]() {
 5) * 23707.90 us |      synchronize_rcu();
 5) * 23719.30 us |    }
 5) * 23981.63 us |  }
 5)               |  vxlan_sock_release [vxlan]() {
 5)               |    synchronize_net() {
 5) ! 174.718 us  |      synchronize_rcu_expedited();
 5) ! 178.064 us  |    }
 5)               |    udp_tunnel_sock_release [udp_tunnel]() {
 5) * 15649.99 us |      synchronize_rcu();
 5) * 15661.11 us |    }
 5) * 15977.46 us |  }
 5)               |  vxlan_sock_release [vxlan]() {
 5)               |    synchronize_net() {
 5) ! 174.237 us  |      synchronize_rcu_expedited();
 5) ! 177.583 us  |    }
 5)               |    udp_tunnel_sock_release [udp_tunnel]() {
 5) * 23659.82 us |      synchronize_rcu();
 5) * 23671.58 us |    }
 5) * 23981.65 us |  }
 5)               |  vxlan_sock_release [vxlan]() {
 5)               |    synchronize_net() {
 5) ! 167.694 us  |      synchronize_rcu_expedited();
 5) ! 171.021 us  |    }
 5)               |    udp_tunnel_sock_release [udp_tunnel]() {
 5) * 19683.50 us |      synchronize_rcu();
 5) * 19694.56 us |    }
 5) * 19998.08 us |  }
 5)               |  vxlan_sock_release [vxlan]() {
 5)               |    synchronize_net() {
 5) ! 174.277 us  |      synchronize_rcu_expedited();
 5) ! 177.733 us  |    }
 5)               |    udp_tunnel_sock_release [udp_tunnel]() {
 5) * 15649.26 us |      synchronize_rcu();
 5) * 15660.30 us |    }
 5) * 15970.20 us |  }
 5)               |  vxlan_sock_release [vxlan]() {
 5)               |    synchronize_net() {
 5) + 96.161 us   |      synchronize_rcu_expedited();
 5) + 98.935 us   |    }
 5)               |    udp_tunnel_sock_release [udp_tunnel]() {
 5) * 15729.94 us |      synchronize_rcu();
 5) * 15740.50 us |    }
 5) * 15974.18 us |  }
 5)               |  vxlan_sock_release [vxlan]() {
 5)               |    synchronize_net() {
 5) ! 177.613 us  |      synchronize_rcu_expedited();
 5) ! 180.869 us  |    }
 5)               |    udp_tunnel_sock_release [udp_tunnel]() {
 5) * 15659.84 us |      synchronize_rcu();
 5) * 15670.86 us |    }
 5) * 15983.22 us |  }
 5)               |  vxlan_sock_release [vxlan]() {
 5)               |    synchronize_net() {
 5) ! 175.699 us  |      synchronize_rcu_expedited();
 5) ! 178.925 us  |    }
 5)               |    udp_tunnel_sock_release [udp_tunnel]() {
 5) * 19650.48 us |      synchronize_rcu();
 5) * 19662.41 us |    }
 5) * 19968.67 us |  }
 5)               |  vxlan_sock_release [vxlan]() {
 5)               |    synchronize_net() {
 5) ! 175.469 us  |      synchronize_rcu_expedited();
 5) ! 178.705 us  |    }
 5)               |    udp_tunnel_sock_release [udp_tunnel]() {
 5) * 19391.49 us |      synchronize_rcu();
 7) * 23755.77 us |    }
 7) * 24067.64 us |  }
 7)               |  vxlan_sock_release [vxlan]() {
 7)               |    synchronize_net() {
 7) ! 176.972 us  |      synchronize_rcu_expedited();
 7) ! 180.979 us  |    }
 7)               |    udp_tunnel_sock_release [udp_tunnel]() {
 7) * 11577.99 us |      synchronize_rcu();
 7) * 11595.56 us |    }
 7) * 11908.16 us |  }
 7)               |  vxlan_sock_release [vxlan]() {
 7)               |    synchronize_net() {
 7) ! 176.340 us  |      synchronize_rcu_expedited();
 7) ! 179.617 us  |    }
 7)               |    udp_tunnel_sock_release [udp_tunnel]() {
 7) * 11644.14 us |      synchronize_rcu();
 7) * 11661.10 us |    }
 7) * 11968.69 us |  }
 7)               |  vxlan_sock_release [vxlan]() {
 7)               |    synchronize_net() {
 7) ! 185.778 us  |      synchronize_rcu_expedited();
 7) ! 189.005 us  |    }
 7)               |    udp_tunnel_sock_release [udp_tunnel]() {
 7) * 11989.28 us |      synchronize_rcu();
 7) * 12000.24 us |    }
 7) * 12314.94 us |  }
 7)               |  vxlan_sock_release [vxlan]() {
 7)               |    synchronize_net() {
 7) ! 183.244 us  |      synchronize_rcu_expedited();
 7) ! 186.520 us  |    }
 7)               |    udp_tunnel_sock_release [udp_tunnel]() {
 7) * 19775.05 us |      synchronize_rcu();
 5) * 19403.22 us |    }
 5) * 19665.51 us |  }
 5)               |  vxlan_sock_release [vxlan]() {
 5)               |    synchronize_net() {
 5) ! 122.760 us  |      synchronize_rcu_expedited();
 5) ! 125.455 us  |    }
 5)               |    udp_tunnel_sock_release [udp_tunnel]() {
 5) * 15686.16 us |      synchronize_rcu();
 5) * 15697.06 us |    }
 5) * 15950.96 us |  }
 5)               |  vxlan_sock_release [vxlan]() {
 5)               |    synchronize_net() {
 5) ! 180.098 us  |      synchronize_rcu_expedited();
 5) ! 183.424 us  |    }
 5)               |    udp_tunnel_sock_release [udp_tunnel]() {
 5) * 15596.01 us |      synchronize_rcu();
 5) * 15604.21 us |    }
 5) * 15904.60 us |  }
 5)               |  vxlan_sock_release [vxlan]() {
 5)               |    synchronize_net() {
 5) ! 161.443 us  |      synchronize_rcu_expedited();
 5) ! 164.648 us  |    }
 5)               |    udp_tunnel_sock_release [udp_tunnel]() {
 5) * 15638.38 us |      synchronize_rcu();
 5) * 15646.68 us |    }
 5) * 15984.22 us |  }
 5)               |  vxlan_sock_release [vxlan]() {
 5)               |    synchronize_net() {
 5) + 80.491 us   |      synchronize_rcu_expedited();
 5) + 83.937 us   |    }
 5)               |    udp_tunnel_sock_release [udp_tunnel]() {
 5) * 15753.14 us |      synchronize_rcu();
 5) * 15760.41 us |    }
 5) * 15985.44 us |  }
 5)               |  vxlan_sock_release [vxlan]() {
 5)               |    synchronize_net() {
 5) + 72.806 us   |      synchronize_rcu_expedited();
 5) + 73.838 us   |    }
 5)               |    udp_tunnel_sock_release [udp_tunnel]() {
 5) * 15812.83 us |      synchronize_rcu();
 5) * 15817.55 us |    }
 5) * 15986.66 us |  }
 5)               |  vxlan_sock_release [vxlan]() {
 5)               |    synchronize_net() {
 5) * 15774.60 us |      synchronize_rcu_expedited();
 5) * 15775.58 us |    }
 5)               |    udp_tunnel_sock_release [udp_tunnel]() {
 5) * 32107.31 us |      synchronize_rcu();
 5) * 32112.82 us |    }
 5) * 47990.74 us |  }
 5)               |  vxlan_sock_release [vxlan]() {
 5)               |    synchronize_net() {
 5) + 95.950 us   |      synchronize_rcu_expedited();
 5) + 97.092 us   |    }
 5)               |    udp_tunnel_sock_release [udp_tunnel]() {
 5) * 19784.55 us |      synchronize_rcu();
 7) * 19782.98 us |    }
 7) * 20008.38 us |  }
 7)               |  vxlan_sock_release [vxlan]() {
 7)               |    synchronize_net() {
 7) + 95.128 us   |      synchronize_rcu_expedited();
 7) + 96.280 us   |    }
 7)               |    udp_tunnel_sock_release [udp_tunnel]() {
 7) * 19741.44 us |      synchronize_rcu();
 7) * 19744.98 us |    }
 7) * 19970.22 us |  }
 7)               |  vxlan_sock_release [vxlan]() {
 7)               |    synchronize_net() {
 7) + 93.966 us   |      synchronize_rcu_expedited();
 7) + 95.048 us   |    }
 7)               |    udp_tunnel_sock_release [udp_tunnel]() {
 7) * 31781.74 us |      synchronize_rcu();
 7) * 31788.64 us |    }
 7) * 31993.07 us |  }
 7)               |  vxlan_sock_release [vxlan]() {
 7)               |    synchronize_net() {
 7) + 70.592 us   |      synchronize_rcu_expedited();
 7) + 71.764 us   |    }
 7)               |    udp_tunnel_sock_release [udp_tunnel]() {
 7) * 15713.35 us |      synchronize_rcu();
 5) * 19792.19 us |    }
 5) * 20005.39 us |  }
 5)               |  vxlan_sock_release [vxlan]() {
 5)               |    synchronize_net() {
 5) ! 104.305 us  |      synchronize_rcu_expedited();
 5) ! 105.388 us  |    }
 5)               |    udp_tunnel_sock_release [udp_tunnel]() {
 5) * 31726.43 us |      synchronize_rcu();
 5) * 31732.72 us |    }
 5) * 31999.86 us |  }
 5)               |  vxlan_sock_release [vxlan]() {
 5)               |    synchronize_net() {
 5) ! 105.458 us  |      synchronize_rcu_expedited();
 5) ! 106.640 us  |    }
 5)               |    udp_tunnel_sock_release [udp_tunnel]() {
 5) * 15697.18 us |      synchronize_rcu();
 7) * 15718.60 us |    }
 7) * 15969.30 us |  }
 7)               |  vxlan_sock_release [vxlan]() {
 7)               |    synchronize_net() {
 7) + 93.816 us   |      synchronize_rcu_expedited();
 7) + 94.847 us   |    }
 7)               |    udp_tunnel_sock_release [udp_tunnel]() {
 7) * 15803.29 us |      synchronize_rcu();
 7) * 15806.39 us |    }
 7) * 15975.20 us |  }
 7)               |  vxlan_sock_release [vxlan]() {
 7)               |    synchronize_net() {
 7) + 93.425 us   |      synchronize_rcu_expedited();
 7) + 94.317 us   |    }
 7)               |    udp_tunnel_sock_release [udp_tunnel]() {
 7) * 19804.90 us |      synchronize_rcu();
 7) * 19808.86 us |    }
 7) * 19988.18 us |  }
 7)               |  vxlan_sock_release [vxlan]() {
 7)               |    synchronize_net() {
 7) + 72.125 us   |      synchronize_rcu_expedited();
 7) + 73.167 us   |    }
 7)               |    udp_tunnel_sock_release [udp_tunnel]() {
 7) * 19813.30 us |      synchronize_rcu();
 7) * 19816.69 us |    }
 7) * 19988.64 us |  }
 7)               |  vxlan_sock_release [vxlan]() {
 7)               |    synchronize_net() {
 7) + 93.596 us   |      synchronize_rcu_expedited();
 7) + 94.528 us   |    }
 7)               |    udp_tunnel_sock_release [udp_tunnel]() {
 7) * 15821.89 us |      synchronize_rcu();
 7) * 15825.84 us |    }
 7) * 15993.56 us |  }
 7)               |  vxlan_sock_release [vxlan]() {
 7)               |    synchronize_net() {
 7) ! 104.556 us  |      synchronize_rcu_expedited();
 7) ! 105.508 us  |    }
 7)               |    udp_tunnel_sock_release [udp_tunnel]() {
 7) * 15787.70 us |      synchronize_rcu();
 7) * 15793.28 us |    }
 7) * 15994.32 us |  }
 7)               |  vxlan_sock_release [vxlan]() {
 7)               |    synchronize_net() {
 7) ! 104.336 us  |      synchronize_rcu_expedited();
 7) ! 105.378 us  |    }
 7)               |    udp_tunnel_sock_release [udp_tunnel]() {
 7) * 23771.19 us |      synchronize_rcu();
 7) * 23779.40 us |    }
 7) * 23991.23 us |  }
 7)               |  vxlan_sock_release [vxlan]() {
 7)               |    synchronize_net() {
 7) + 70.412 us   |      synchronize_rcu_expedited();
 7) + 71.655 us   |    }
 7)               |    udp_tunnel_sock_release [udp_tunnel]() {
 7) * 15849.16 us |      synchronize_rcu();
 7) * 15859.22 us |    }
 7) * 16069.28 us |  }
 7)               |  vxlan_sock_release [vxlan]() {
 7)               |    synchronize_net() {
 7) ! 177.143 us  |      synchronize_rcu_expedited();
 7) ! 180.459 us  |    }
 7)               |    udp_tunnel_sock_release [udp_tunnel]() {
 7) * 15677.60 us |      synchronize_rcu();
 7) * 15690.14 us |    }
 7) * 15991.34 us |  }
 7)               |  vxlan_sock_release [vxlan]() {
 7)               |    synchronize_net() {
 7) ! 128.030 us  |      synchronize_rcu_expedited();
 7) ! 130.595 us  |    }
 7)               |    udp_tunnel_sock_release [udp_tunnel]() {
 7) * 23844.56 us |      synchronize_rcu();
 5) * 15704.87 us |    }
 5) * 15968.87 us |  }
 5)               |  vxlan_sock_release [vxlan]() {
 5)               |    synchronize_net() {
 5) ! 104.176 us  |      synchronize_rcu_expedited();
 5) ! 105.197 us  |    }
 5)               |    udp_tunnel_sock_release [udp_tunnel]() {
 5) * 15719.14 us |      synchronize_rcu();
 5) * 15724.21 us |    }
 5) * 15895.04 us |  }
 5)               |  vxlan_sock_release [vxlan]() {
 5)               |    synchronize_net() {
 5) + 69.630 us   |      synchronize_rcu_expedited();
 5) + 70.622 us   |    }
 5)               |    udp_tunnel_sock_release [udp_tunnel]() {
 5) * 15809.21 us |      synchronize_rcu();
 5) * 15813.69 us |    }
 5) * 15986.13 us |  }
 5)               |  vxlan_sock_release [vxlan]() {
 5)               |    synchronize_net() {
 5) ! 110.748 us  |      synchronize_rcu_expedited();
 5) ! 111.760 us  |    }
 5)               |    udp_tunnel_sock_release [udp_tunnel]() {
 5) * 14464.59 us |      synchronize_rcu();
 7) * 23856.82 us |    }
 7) * 24063.16 us |  }
 7)               |  vxlan_sock_release [vxlan]() {
 7)               |    synchronize_net() {
 7) + 92.573 us   |      synchronize_rcu_expedited();
 7) + 95.139 us   |    }
 7)               |    udp_tunnel_sock_release [udp_tunnel]() {
 7) * 19750.57 us |      synchronize_rcu();
 7) * 19766.29 us |    }
 7) * 20002.50 us |  }
 7)               |  vxlan_sock_release [vxlan]() {
 7)               |    synchronize_net() {
 7) ! 177.673 us  |      synchronize_rcu_expedited();
 7) ! 180.929 us  |    }
 7)               |    udp_tunnel_sock_release [udp_tunnel]() {
 7) * 15692.58 us |      synchronize_rcu();
 7) * 15703.80 us |    }
 7) * 15972.42 us |  }
 7)               |  vxlan_sock_release [vxlan]() {
 7)               |    synchronize_net() {
 7) ! 178.054 us  |      synchronize_rcu_expedited();
 7) ! 181.411 us  |    }
 7)               |    udp_tunnel_sock_release [udp_tunnel]() {
 7) * 21019.79 us |      synchronize_rcu();
 7) * 21032.60 us |    }
 7) * 21331.46 us |  }
 7)               |  vxlan_sock_release [vxlan]() {
 7)               |    synchronize_net() {
 7) ! 100.699 us  |      synchronize_rcu_expedited();
 7) ! 104.195 us  |    }
 7)               |    udp_tunnel_sock_release [udp_tunnel]() {
 7) * 15790.31 us |      synchronize_rcu();
 7) * 15802.61 us |    }
 7) * 16040.23 us |  }
 7)               |  vxlan_sock_release [vxlan]() {
 7)               |    synchronize_net() {
 7) ! 106.239 us  |      synchronize_rcu_expedited();
 7) ! 109.676 us  |    }
 7)               |    udp_tunnel_sock_release [udp_tunnel]() {
 7) * 15680.88 us |      synchronize_rcu();
 7) * 15692.62 us |    }
 7) * 15946.23 us |  }
 7)               |  vxlan_sock_release [vxlan]() {
 7)               |    synchronize_net() {
 7) ! 164.488 us  |      synchronize_rcu_expedited();
 7) ! 167.784 us  |    }
 7)               |    udp_tunnel_sock_release [udp_tunnel]() {
 7) * 19910.90 us |      synchronize_rcu();
 5) * 14471.22 us |    }
 5) * 14753.62 us |  }
 5)               |  vxlan_sock_release [vxlan]() {
 5)               |    synchronize_net() {
 5) ! 103.504 us  |      synchronize_rcu_expedited();
 5) ! 104.506 us  |    }
 5)               |    udp_tunnel_sock_release [udp_tunnel]() {
 5) * 19678.46 us |      synchronize_rcu();
 7) * 19922.72 us |    }
 7) * 20070.86 us |  }
 7)               |  vxlan_sock_release [vxlan]() {
 7)               |    synchronize_net() {
 7) ! 191.940 us  |      synchronize_rcu_expedited();
 7) ! 195.737 us  |    }
 7)               |    udp_tunnel_sock_release [udp_tunnel]() {
 7) * 16779.18 us |      synchronize_rcu();
 7) * 16790.73 us |    }
 7) * 17097.04 us |  }
 7)               |  vxlan_sock_release [vxlan]() {
 7)               |    synchronize_net() {
 7) ! 129.253 us  |      synchronize_rcu_expedited();
 7) ! 132.118 us  |    }
 7)               |    udp_tunnel_sock_release [udp_tunnel]() {
 7) * 14313.57 us |      synchronize_rcu();
 7) * 14325.24 us |    }
 7) * 14620.51 us |  }
 7)               |  vxlan_sock_release [vxlan]() {
 7)               |    synchronize_net() {
 7) + 62.046 us   |      synchronize_rcu_expedited();
 7) + 64.020 us   |    }
 7)               |    udp_tunnel_sock_release [udp_tunnel]() {
 7) * 15832.82 us |      synchronize_rcu();
 7) * 15843.99 us |    }
 7) * 15977.83 us |  }
 7)               |  vxlan_sock_release [vxlan]() {
 7)               |    synchronize_net() {
 7) + 73.047 us   |      synchronize_rcu_expedited();
 7) + 75.482 us   |    }
 7)               |    udp_tunnel_sock_release [udp_tunnel]() {
 7) * 15762.65 us |      synchronize_rcu();
 7) * 15773.70 us |    }
 7) * 15972.06 us |  }
 7)               |  vxlan_sock_release [vxlan]() {
 7)               |    synchronize_net() {
 7) ! 177.102 us  |      synchronize_rcu_expedited();
 7) ! 180.509 us  |    }
 7)               |    udp_tunnel_sock_release [udp_tunnel]() {
 7) * 15674.94 us |      synchronize_rcu();
 7) * 15686.16 us |    }
 7) * 15978.41 us |  }
 7)               |  vxlan_sock_release [vxlan]() {
 7)               |    synchronize_net() {
 7) ! 108.614 us  |      synchronize_rcu_expedited();
 7) ! 110.527 us  |    }
 7)               |    udp_tunnel_sock_release [udp_tunnel]() {
 7) * 27495.18 us |      synchronize_rcu();
 5) * 19684.28 us |    }
 5) * 19927.24 us |  }
 5)               |  vxlan_sock_release [vxlan]() {
 5)               |    synchronize_net() {
 5) # 1472.762 us |      synchronize_rcu_expedited();
 5) # 1473.824 us |    }
 5)               |    udp_tunnel_sock_release [udp_tunnel]() {
 5) * 14335.09 us |      synchronize_rcu();
 5) * 14338.38 us |    }
 5) * 15958.72 us |  }
 5)               |  vxlan_sock_release [vxlan]() {
 5)               |    synchronize_net() {
 5) + 94.357 us   |      synchronize_rcu_expedited();
 5) + 95.339 us   |    }
 5)               |    udp_tunnel_sock_release [udp_tunnel]() {
 5) * 15793.86 us |      synchronize_rcu();
 5) * 15797.43 us |    }
 5) * 15988.55 us |  }
 5)               |  vxlan_sock_release [vxlan]() {
 5)               |    synchronize_net() {
 5) ! 442.460 us  |      synchronize_rcu_expedited();
 5) ! 443.471 us  |    }
 5)               |    udp_tunnel_sock_release [udp_tunnel]() {
 5) * 23796.11 us |      synchronize_rcu();
 6) * 19455.28 us |    }
 6) * 20019.50 us |  }
 6)               |  vxlan_sock_release [vxlan]() {
 6)               |    synchronize_net() {
 6) + 48.571 us   |      synchronize_rcu_expedited();
 6) + 49.963 us   |    }
 6)               |    udp_tunnel_sock_release [udp_tunnel]() {
 6) * 15697.51 us |      synchronize_rcu();
 5) * 23818.30 us |    }
 5) * 24011.31 us |  }
 5)               |  vxlan_sock_release [vxlan]() {
 5)               |    synchronize_net() {
 5) + 82.675 us   |      synchronize_rcu_expedited();
 5) + 84.548 us   |    }
 5)               |    udp_tunnel_sock_release [udp_tunnel]() {
 5) * 27668.44 us |      synchronize_rcu();
 5) * 27673.46 us |    }
 5) * 27940.97 us |  }
 5)               |  vxlan_sock_release [vxlan]() {
 5)               |    synchronize_net() {
 5) + 37.912 us   |      synchronize_rcu_expedited();
 5) + 38.933 us   |    }
 5)               |    udp_tunnel_sock_release [udp_tunnel]() {
 5) * 23819.70 us |      synchronize_rcu();
 5) * 23824.34 us |    }
 5) * 23985.34 us |  }
 5)               |  vxlan_sock_release [vxlan]() {
 5)               |    synchronize_net() {
 5) + 61.104 us   |      synchronize_rcu_expedited();
 5) + 62.317 us   |    }
 5)               |    udp_tunnel_sock_release [udp_tunnel]() {
 5) * 23793.14 us |      synchronize_rcu();
 5) * 23798.86 us |    }
 5) * 23989.81 us |  }
 5)               |  vxlan_sock_release [vxlan]() {
 5)               |    synchronize_net() {
 5) + 46.186 us   |      synchronize_rcu_expedited();
 5) + 47.679 us   |    }
 5)               |    udp_tunnel_sock_release [udp_tunnel]() {
 5) * 15815.08 us |      synchronize_rcu();
 5) * 15818.98 us |    }
 5) * 15983.12 us |  }
 5)               |  vxlan_sock_release [vxlan]() {
 5)               |    synchronize_net() {
 5) + 60.393 us   |      synchronize_rcu_expedited();
 5) + 61.495 us   |    }
 5)               |    udp_tunnel_sock_release [udp_tunnel]() {
 5) * 15813.74 us |      synchronize_rcu();
 5) * 15820.17 us |    }
 5) * 16000.60 us |  }
 5)               |  vxlan_sock_release [vxlan]() {
 5)               |    synchronize_net() {
 5) ! 174.567 us  |      synchronize_rcu_expedited();
 5) ! 175.739 us  |    }
 5)               |    udp_tunnel_sock_release [udp_tunnel]() {
 5) * 23838.65 us |      synchronize_rcu();
 6) * 15703.23 us |    }
 6) * 15990.21 us |  }
 6)               |  vxlan_sock_release [vxlan]() {
 6)               |    synchronize_net() {
 6) + 59.762 us   |      synchronize_rcu_expedited();
 6) + 60.744 us   |    }
 6)               |    udp_tunnel_sock_release [udp_tunnel]() {
 6) * 15799.58 us |      synchronize_rcu();
 6) * 15802.84 us |    }
 6) * 15970.78 us |  }
 6)               |  vxlan_sock_release [vxlan]() {
 6)               |    synchronize_net() {
 6) + 71.133 us   |      synchronize_rcu_expedited();
 6) + 72.145 us   |    }
 6)               |    udp_tunnel_sock_release [udp_tunnel]() {
 6) * 23827.96 us |      synchronize_rcu();
 6) * 23833.15 us |    }
 6) * 23997.00 us |  }
 6)               |  vxlan_sock_release [vxlan]() {
 6)               |    synchronize_net() {
 6) + 92.364 us   |      synchronize_rcu_expedited();
 6) + 93.475 us   |    }
 6)               |    udp_tunnel_sock_release [udp_tunnel]() {
 6) * 19748.90 us |      synchronize_rcu();
 6) * 19752.35 us |    }
 6) * 19984.14 us |  }
 6)               |  vxlan_sock_release [vxlan]() {
 6)               |    synchronize_net() {
 6) + 94.968 us   |      synchronize_rcu_expedited();
 6) + 95.960 us   |    }
 6)               |    udp_tunnel_sock_release [udp_tunnel]() {
 6) * 15779.84 us |      synchronize_rcu();
 6) * 15783.06 us |    }
 6) * 15987.70 us |  }
 6)               |  vxlan_sock_release [vxlan]() {
 6)               |    synchronize_net() {
 6) + 60.414 us   |      synchronize_rcu_expedited();
 6) + 61.435 us   |    }
 6)               |    udp_tunnel_sock_release [udp_tunnel]() {
 6) * 15818.65 us |      synchronize_rcu();
 6) * 15822.17 us |    }
 6) * 15991.32 us |  }
 6)               |  vxlan_sock_release [vxlan]() {
 6)               |    synchronize_net() {
 6) + 60.634 us   |      synchronize_rcu_expedited();
 6) + 61.626 us   |    }
 6)               |    udp_tunnel_sock_release [udp_tunnel]() {
 6) * 23818.28 us |      synchronize_rcu();
 6) * 23822.02 us |    }
 6) * 23992.29 us |  }
 6)               |  vxlan_sock_release [vxlan]() {
 6)               |    synchronize_net() {
 6) + 60.443 us   |      synchronize_rcu_expedited();
 6) + 61.395 us   |    }
 6)               |    udp_tunnel_sock_release [udp_tunnel]() {
 6) * 15817.10 us |      synchronize_rcu();
 6) * 15821.13 us |    }
 6) * 15989.47 us |  }
 6)               |  vxlan_sock_release [vxlan]() {
 6)               |    synchronize_net() {
 6) + 61.545 us   |      synchronize_rcu_expedited();
 6) + 62.567 us   |    }
 6)               |    udp_tunnel_sock_release [udp_tunnel]() {
 6) * 23800.84 us |      synchronize_rcu();
 6) * 23805.41 us |    }
 6) * 23989.27 us |  }
 6)               |  vxlan_sock_release [vxlan]() {
 6)               |    synchronize_net() {
 6) + 83.096 us   |      synchronize_rcu_expedited();
 6) + 84.279 us   |    }
 6)               |    udp_tunnel_sock_release [udp_tunnel]() {
 6) * 15779.52 us |      synchronize_rcu();
 6) * 15782.49 us |    }
 6) * 15987.96 us |  }
 6)               |  vxlan_sock_release [vxlan]() {
 6)               |    synchronize_net() {
 6) + 96.701 us   |      synchronize_rcu_expedited();
 6) + 97.673 us   |    }
 6)               |    udp_tunnel_sock_release [udp_tunnel]() {
 6) * 23774.10 us |      synchronize_rcu();
 6) * 23777.47 us |    }
 6) * 23987.30 us |  }
 6)               |  vxlan_sock_release [vxlan]() {
 6)               |    synchronize_net() {
 6) + 60.763 us   |      synchronize_rcu_expedited();
 6) + 61.735 us   |    }
 6)               |    udp_tunnel_sock_release [udp_tunnel]() {
 6) * 15823.47 us |      synchronize_rcu();
 6) * 15827.33 us |    }
 6) * 15996.54 us |  }
 6)               |  vxlan_sock_release [vxlan]() {
 6)               |    synchronize_net() {
 6) + 90.129 us   |      synchronize_rcu_expedited();
 6) + 91.402 us   |    }
 6)               |    udp_tunnel_sock_release [udp_tunnel]() {
 6) * 23748.44 us |      synchronize_rcu();
 6) * 23753.06 us |    }
 6) * 23983.38 us |  }
 6)               |  vxlan_sock_release [vxlan]() {
 6)               |    synchronize_net() {
 6) ! 152.245 us  |      synchronize_rcu_expedited();
 6) ! 153.317 us  |    }
 6)               |    udp_tunnel_sock_release [udp_tunnel]() {
 6) * 15715.24 us |      synchronize_rcu();
 6) * 15720.05 us |    }
 6) * 16036.66 us |  }
 6)               |  vxlan_sock_release [vxlan]() {
 6)               |    synchronize_net() {
 6) + 69.491 us   |      synchronize_rcu_expedited();
 6) + 71.044 us   |    }
 6)               |    udp_tunnel_sock_release [udp_tunnel]() {
 6) * 23768.44 us |      synchronize_rcu();
 6) * 23774.95 us |    }
 6) * 23950.25 us |  }
 6)               |  vxlan_sock_release [vxlan]() {
 6)               |    synchronize_net() {
 6) + 64.501 us   |      synchronize_rcu_expedited();
 6) + 65.603 us   |    }
 6)               |    udp_tunnel_sock_release [udp_tunnel]() {
 6) * 15762.79 us |      synchronize_rcu();
 6) * 15766.08 us |    }
 6) * 15977.09 us |  }
 6)               |  vxlan_sock_release [vxlan]() {
 6)               |    synchronize_net() {
 6) + 93.535 us   |      synchronize_rcu_expedited();
 6) + 94.517 us   |    }
 6)               |    udp_tunnel_sock_release [udp_tunnel]() {
 6) * 23778.15 us |      synchronize_rcu();
 6) * 23781.18 us |    }
 6) * 23987.59 us |  }
 6)               |  vxlan_sock_release [vxlan]() {
 6)               |    synchronize_net() {
 6) + 63.399 us   |      synchronize_rcu_expedited();
 6) + 64.661 us   |    }
 6)               |    udp_tunnel_sock_release [udp_tunnel]() {
 6) * 15805.53 us |      synchronize_rcu();
 6) * 15809.74 us |    }
 6) * 15993.30 us |  }
 6)               |  vxlan_sock_release [vxlan]() {
 6)               |    synchronize_net() {
 6) + 59.892 us   |      synchronize_rcu_expedited();
 6) + 61.044 us   |    }
 6)               |    udp_tunnel_sock_release [udp_tunnel]() {
 6) * 15818.28 us |      synchronize_rcu();
 6) * 15824.77 us |    }
 6) * 15991.20 us |  }
 6)               |  vxlan_sock_release [vxlan]() {
 6)               |    synchronize_net() {
 6) + 62.216 us   |      synchronize_rcu_expedited();
 6) + 63.339 us   |    }
 6)               |    udp_tunnel_sock_release [udp_tunnel]() {
 6)               |      synchronize_rcu() {
 5) * 23853.20 us |    }
 5) * 24080.48 us |  }
 5)               |  vxlan_sock_release [vxlan]() {
 5)               |    synchronize_net() {
 5) ! 176.581 us  |      synchronize_rcu_expedited();
 5) ! 179.838 us  |    }
 5)               |    udp_tunnel_sock_release [udp_tunnel]() {
 5) * 23635.75 us |      synchronize_rcu();
 5) * 23647.72 us |    }
 5) * 23962.61 us |  }
 5)               |  vxlan_sock_release [vxlan]() {
 5)               |    synchronize_net() {
 5) ! 172.413 us  |      synchronize_rcu_expedited();
 5) ! 175.669 us  |    }
 5)               |    udp_tunnel_sock_release [udp_tunnel]() {
 5) * 15607.78 us |      synchronize_rcu();
 5) * 15619.42 us |    }
 5) * 15922.20 us |  }
 5)               |  vxlan_sock_release [vxlan]() {
 5)               |    synchronize_net() {
 5) + 68.409 us   |      synchronize_rcu_expedited();
 5) + 70.261 us   |    }
 5)               |    udp_tunnel_sock_release [udp_tunnel]() {
 5) * 15737.96 us |      synchronize_rcu();
 5) * 15742.25 us |    }
 5) * 15956.64 us |  }
 5)               |  vxlan_sock_release [vxlan]() {
 5)               |    synchronize_net() {
 5) ! 139.612 us  |      synchronize_rcu_expedited();
 5) ! 140.593 us  |    }
 5)               |    udp_tunnel_sock_release [udp_tunnel]() {
 5) * 15735.79 us |      synchronize_rcu();
 5) * 15740.51 us |    }
 5) * 15986.78 us |  }
 5)               |  vxlan_sock_release [vxlan]() {
 5)               |    synchronize_net() {
 5) + 60.043 us   |      synchronize_rcu_expedited();
 5) + 61.025 us   |    }
 5)               |    udp_tunnel_sock_release [udp_tunnel]() {
 5) * 15858.83 us |      synchronize_rcu();
 5) * 15863.20 us |    }
 5) * 15990.40 us |  }
 5)               |  vxlan_sock_release [vxlan]() {
 5)               |    synchronize_net() {
 5) + 74.519 us   |      synchronize_rcu_expedited();
 5) + 75.551 us   |    }
 5)               |    udp_tunnel_sock_release [udp_tunnel]() {
 5) * 15801.46 us |      synchronize_rcu();
 5) * 15805.84 us |    }
 5) * 15986.90 us |  }
 5)               |  vxlan_sock_release [vxlan]() {
 5)               |    synchronize_net() {
 5) + 60.062 us   |      synchronize_rcu_expedited();
 5) + 61.094 us   |    }
 5)               |    udp_tunnel_sock_release [udp_tunnel]() {
 5) * 15832.38 us |      synchronize_rcu();
 5) * 15835.76 us |    }
 5) * 15991.14 us |  }
 5)               |  vxlan_sock_release [vxlan]() {
 5)               |    synchronize_net() {
 5) + 61.485 us   |      synchronize_rcu_expedited();
 5) + 62.487 us   |    }
 5)               |    udp_tunnel_sock_release [udp_tunnel]() {
 5) * 15836.76 us |      synchronize_rcu();
 5) * 15841.03 us |    }
 5) * 15992.41 us |  }
 5)               |  vxlan_sock_release [vxlan]() {
 5)               |    synchronize_net() {
 5) + 61.135 us   |      synchronize_rcu_expedited();
 5) + 62.167 us   |    }
 5)               |    udp_tunnel_sock_release [udp_tunnel]() {
 5) * 15819.39 us |      synchronize_rcu();
 5) * 15823.40 us |    }
 5) * 15981.92 us |  }
 5)               |  vxlan_sock_release [vxlan]() {
 5)               |    synchronize_net() {
 5) + 60.494 us   |      synchronize_rcu_expedited();
 5) + 61.485 us   |    }
 5)               |    udp_tunnel_sock_release [udp_tunnel]() {
 5) * 15877.20 us |      synchronize_rcu();
 5) * 15883.26 us |    }
 5) * 16004.36 us |  }
 5)               |  vxlan_sock_release [vxlan]() {
 5)               |    synchronize_net() {
 5) + 66.805 us   |      synchronize_rcu_expedited();
 5) + 68.559 us   |    }
 5)               |    udp_tunnel_sock_release [udp_tunnel]() {
 5) * 15797.27 us |      synchronize_rcu();
 5) * 15801.65 us |    }
 5) * 15983.22 us |  }
 5)               |  vxlan_sock_release [vxlan]() {
 5)               |    synchronize_net() {
 5) + 71.324 us   |      synchronize_rcu_expedited();
 5) + 72.316 us   |    }
 5)               |    udp_tunnel_sock_release [udp_tunnel]() {
 5) * 15911.36 us |      synchronize_rcu();
 5) * 15924.83 us |    }
 5) * 16073.11 us |  }
 5)               |  vxlan_sock_release [vxlan]() {
 5)               |    synchronize_net() {
 5) ! 177.022 us  |      synchronize_rcu_expedited();
 5) ! 180.328 us  |    }
 5)               |    udp_tunnel_sock_release [udp_tunnel]() {
 5) * 23669.05 us |      synchronize_rcu();
 5) * 23680.38 us |    }
 5) * 23975.11 us |  }
 5)               |  vxlan_sock_release [vxlan]() {
 5)               |    synchronize_net() {
 5) ! 178.645 us  |      synchronize_rcu_expedited();
 5) ! 182.152 us  |    }
 5)               |    udp_tunnel_sock_release [udp_tunnel]() {
 5) * 15670.60 us |      synchronize_rcu();
 5) * 15682.47 us |    }
 5) * 15980.88 us |  }
 5)               |  vxlan_sock_release [vxlan]() {
 5)               |    synchronize_net() {
 5) ! 181.070 us  |      synchronize_rcu_expedited();
 5) ! 184.285 us  |    }
 5)               |    udp_tunnel_sock_release [udp_tunnel]() {
 5) * 23666.27 us |      synchronize_rcu();
 5) * 23677.91 us |    }
 5) * 23978.76 us |  }
 5)               |  vxlan_sock_release [vxlan]() {
 5)               |    synchronize_net() {
 5) ! 174.036 us  |      synchronize_rcu_expedited();
 5) ! 177.492 us  |    }
 5)               |    udp_tunnel_sock_release [udp_tunnel]() {
 5) * 15836.79 us |      synchronize_rcu();
 5) * 15848.25 us |    }
 5) * 16160.54 us |  }
 5)               |  vxlan_sock_release [vxlan]() {
 5)               |    synchronize_net() {
 5) ! 185.678 us  |      synchronize_rcu_expedited();
 5) ! 188.954 us  |    }
 5)               |    udp_tunnel_sock_release [udp_tunnel]() {
 5)               |      synchronize_rcu() {
 7) * 27504.26 us |    }
 7) * 27778.57 us |  }
 7)               |  vxlan_sock_release [vxlan]() {
 7)               |    synchronize_net() {
 7) + 81.393 us   |      synchronize_rcu_expedited();
 7) + 82.555 us   |    }
 7)               |    udp_tunnel_sock_release [udp_tunnel]() {
 7) * 15699.83 us |      synchronize_rcu();
 7) * 15704.81 us |    }
 7) * 15911.67 us |  }
 7)               |  vxlan_sock_release [vxlan]() {
 7)               |    synchronize_net() {
 7) + 62.848 us   |      synchronize_rcu_expedited();
 7) + 64.311 us   |    }
 7)               |    udp_tunnel_sock_release [udp_tunnel]() {
 7) * 23801.64 us |      synchronize_rcu();
 7) * 23807.39 us |    }
 7) * 24035.17 us |  }
 7)               |  vxlan_sock_release [vxlan]() {
 7)               |    synchronize_net() {
 7) + 74.951 us   |      synchronize_rcu_expedited();
 7) + 76.083 us   |    }
 7)               |    udp_tunnel_sock_release [udp_tunnel]() {
 7) * 19690.48 us |      synchronize_rcu();
 7) * 19701.33 us |    }
 7) * 19962.18 us |  }
 7)               |  vxlan_sock_release [vxlan]() {
 7)               |    synchronize_net() {
 7) + 86.332 us   |      synchronize_rcu_expedited();
 7) + 88.156 us   |    }
 7)               |    udp_tunnel_sock_release [udp_tunnel]() {
 7) * 15782.96 us |      synchronize_rcu();
 7) * 15794.91 us |    }
 7) * 16050.53 us |  }
 7)               |  vxlan_sock_release [vxlan]() {
 7)               |    synchronize_net() {
 7) ! 112.411 us  |      synchronize_rcu_expedited();
 7) ! 114.665 us  |    }
 7)               |    udp_tunnel_sock_release [udp_tunnel]() {
 7) * 15696.97 us |      synchronize_rcu();
 7) * 15714.55 us |    }
 7) * 15976.29 us |  }
 7)               |  vxlan_sock_release [vxlan]() {
 7)               |    synchronize_net() {
 7) ! 176.701 us  |      synchronize_rcu_expedited();
 7) ! 180.168 us  |    }
 7)               |    udp_tunnel_sock_release [udp_tunnel]() {
 7) * 27717.61 us |      synchronize_rcu();
 7) * 27737.14 us |    }
 7) * 27996.18 us |  }
 7)               |  vxlan_sock_release [vxlan]() {
 7)               |    synchronize_net() {
 7) ! 178.565 us  |      synchronize_rcu_expedited();
 7) ! 181.861 us  |    }
 7)               |    udp_tunnel_sock_release [udp_tunnel]() {
 7) * 27623.55 us |      synchronize_rcu();
 7) * 27635.16 us |    }
 7) * 27954.07 us |  }
 7)               |  vxlan_sock_release [vxlan]() {
 7)               |    synchronize_net() {
 7) ! 179.818 us  |      synchronize_rcu_expedited();
 7) ! 183.214 us  |    }
 7)               |    udp_tunnel_sock_release [udp_tunnel]() {
 7) * 27599.03 us |      synchronize_rcu();
 7) * 27610.21 us |    }
 7) * 27929.22 us |  }
 7)               |  vxlan_sock_release [vxlan]() {
 7)               |    synchronize_net() {
 7) ! 104.265 us  |      synchronize_rcu_expedited();
 7) ! 106.349 us  |    }
 7)               |    udp_tunnel_sock_release [udp_tunnel]() {
 7) * 23700.73 us |      synchronize_rcu();
 7) * 23707.78 us |    }
 7) * 23958.63 us |  }
 7)               |  vxlan_sock_release [vxlan]() {
 7)               |    synchronize_net() {
 7) ! 102.161 us  |      synchronize_rcu_expedited();
 7) ! 103.394 us  |    }
 7)               |    udp_tunnel_sock_release [udp_tunnel]() {
 7) * 39741.35 us |      synchronize_rcu();
 7) * 39752.10 us |    }
 7) * 40000.83 us |  }
 7)               |  vxlan_sock_release [vxlan]() {
 7)               |    synchronize_net() {
 7) + 76.253 us   |      synchronize_rcu_expedited();
 7) + 77.646 us   |    }
 7)               |    udp_tunnel_sock_release [udp_tunnel]() {
 7) * 35826.62 us |      synchronize_rcu();
 7) * 35834.05 us |    }
 7) * 36085.88 us |  }
 7)               |  vxlan_sock_release [vxlan]() {
 7)               |    synchronize_net() {
 7) + 29.786 us   |      synchronize_rcu_expedited();
 7) + 31.059 us   |    }
 7)               |    udp_tunnel_sock_release [udp_tunnel]() {
 7) * 15807.95 us |      synchronize_rcu();
 7) * 15824.23 us |    }
 7) * 15962.90 us |  }
 7)               |  vxlan_sock_release [vxlan]() {
 7)               |    synchronize_net() {
 7) ! 175.940 us  |      synchronize_rcu_expedited();
 7) ! 179.246 us  |    }
 7)               |    udp_tunnel_sock_release [udp_tunnel]() {
 7) * 23573.71 us |      synchronize_rcu();
 7) * 23581.60 us |    }
 7) * 23887.26 us |  }
 7)               |  vxlan_sock_release [vxlan]() {
 7)               |    synchronize_net() {
 7) + 63.059 us   |      synchronize_rcu_expedited();
 7) + 64.191 us   |    }
 7)               |    udp_tunnel_sock_release [udp_tunnel]() {
 7) * 15781.42 us |      synchronize_rcu();
 7) * 15786.12 us |    }
 7) * 15984.48 us |  }
 7)               |  vxlan_sock_release [vxlan]() {
 7)               |    synchronize_net() {
 7) + 94.808 us   |      synchronize_rcu_expedited();
 7) + 95.850 us   |    }
 7)               |    udp_tunnel_sock_release [udp_tunnel]() {
 7) * 23883.12 us |      synchronize_rcu();
 7) * 23895.74 us |    }
 7) * 24113.76 us |  }
 7)               |  vxlan_sock_release [vxlan]() {
 7)               |    synchronize_net() {
 7) + 38.091 us   |      synchronize_rcu_expedited();
 7) + 39.163 us   |    }
 7)               |    udp_tunnel_sock_release [udp_tunnel]() {
 7) * 15722.25 us |      synchronize_rcu();
 7) * 15725.80 us |    }
 7) * 15870.79 us |  }
 7)               |  vxlan_sock_release [vxlan]() {
 7)               |    synchronize_net() {
 7) + 59.682 us   |      synchronize_rcu_expedited();
 7) + 60.634 us   |    }
 7)               |    udp_tunnel_sock_release [udp_tunnel]() {
 7) * 23814.71 us |      synchronize_rcu();
 7) * 23825.54 us |    }
 7) * 24001.88 us |  }
 7)               |  vxlan_sock_release [vxlan]() {
 7)               |    synchronize_net() {
 7) + 36.268 us   |      synchronize_rcu_expedited();
 7) + 39.474 us   |    }
 7)               |    udp_tunnel_sock_release [udp_tunnel]() {
 7) * 15852.52 us |      synchronize_rcu();
 7) * 15862.15 us |    }
 7) * 16034.42 us |  }
 7)               |  vxlan_sock_release [vxlan]() {
 7)               |    synchronize_net() {
 7) + 45.696 us   |      synchronize_rcu_expedited();
 7) + 46.938 us   |    }
 7)               |    udp_tunnel_sock_release [udp_tunnel]() {
 7) * 23831.49 us |      synchronize_rcu();
 7) * 23847.96 us |    }
 7) * 24025.42 us |  }
 7)               |  vxlan_sock_release [vxlan]() {
 7)               |    synchronize_net() {
 7) + 44.313 us   |      synchronize_rcu_expedited();
 7) + 46.207 us   |    }
 7)               |    udp_tunnel_sock_release [udp_tunnel]() {
 7) * 15770.51 us |      synchronize_rcu();
 7) * 15783.23 us |    }
 7) * 15975.94 us |  }
 7)               |  vxlan_sock_release [vxlan]() {
 7)               |    synchronize_net() {
 7) + 60.092 us   |      synchronize_rcu_expedited();
 7) + 61.956 us   |    }
 7)               |    udp_tunnel_sock_release [udp_tunnel]() {
 7) * 23679.02 us |      synchronize_rcu();
 7) * 23684.84 us |    }
 7) * 23876.98 us |  }
 7)               |  vxlan_sock_release [vxlan]() {
 7)               |    synchronize_net() {
 7) + 13.124 us   |      synchronize_rcu_expedited();
 7) + 13.776 us   |    }
 7)               |    udp_tunnel_sock_release [udp_tunnel]() {
 7) * 27873.54 us |      synchronize_rcu();
 7) * 27877.39 us |    }
 7) * 27989.08 us |  }
 7)               |  vxlan_sock_release [vxlan]() {
 7)               |    synchronize_net() {
 7) + 23.885 us   |      synchronize_rcu_expedited();
 7) + 24.966 us   |    }
 7)               |    udp_tunnel_sock_release [udp_tunnel]() {
 7)               |      synchronize_rcu() {
 4) * 15858.03 us |    }
 4) * 16012.65 us |  }
 4)               |  vxlan_sock_release [vxlan]() {
 4)               |    synchronize_net() {
 4) + 55.654 us   |      synchronize_rcu_expedited();
 4) + 58.249 us   |    }
 4)               |    udp_tunnel_sock_release [udp_tunnel]() {
 4) * 15782.16 us |      synchronize_rcu();
 4) * 15785.29 us |    }
 4) * 16107.60 us |  }
 4)               |  vxlan_sock_release [vxlan]() {
 4)               |    synchronize_net() {
 4) + 30.216 us   |      synchronize_rcu_expedited();
 4) + 31.158 us   |    }
 4)               |    udp_tunnel_sock_release [udp_tunnel]() {
 4) * 23762.93 us |      synchronize_rcu();
 4) * 23766.87 us |    }
 4) * 23847.10 us |  }
 4)               |  vxlan_sock_release [vxlan]() {
 4)               |    synchronize_net() {
 4) + 71.894 us   |      synchronize_rcu_expedited();
 4) + 72.876 us   |    }
 4)               |    udp_tunnel_sock_release [udp_tunnel]() {
 4) * 15820.92 us |      synchronize_rcu();
 4) * 15824.31 us |    }
 4) * 15987.28 us |  }
 4)               |  vxlan_sock_release [vxlan]() {
 4)               |    synchronize_net() {
 4) + 23.173 us   |      synchronize_rcu_expedited();
 4) + 24.145 us   |    }
 4)               |    udp_tunnel_sock_release [udp_tunnel]() {
 4) * 15891.25 us |      synchronize_rcu();
 4) * 15894.59 us |    }
 4) * 15988.96 us |  }
 4)               |  vxlan_sock_release [vxlan]() {
 4)               |    synchronize_net() {
 4) + 22.993 us   |      synchronize_rcu_expedited();
 4) + 23.975 us   |    }
 4)               |    udp_tunnel_sock_release [udp_tunnel]() {
 4) * 15893.90 us |      synchronize_rcu();
 4) * 15897.05 us |    }
 4) * 15988.77 us |  }
 4)               |  vxlan_sock_release [vxlan]() {
 4)               |    synchronize_net() {
 4) + 22.322 us   |      synchronize_rcu_expedited();
 4) + 23.294 us   |    }
 4)               |    udp_tunnel_sock_release [udp_tunnel]() {
 4) * 19900.62 us |      synchronize_rcu();
 4) * 19903.92 us |    }
 4) * 19994.72 us |  }
 4)               |  vxlan_sock_release [vxlan]() {
 4)               |    synchronize_net() {
 4) + 28.363 us   |      synchronize_rcu_expedited();
 4) + 29.335 us   |    }
 4)               |    udp_tunnel_sock_release [udp_tunnel]() {
 4) * 15857.07 us |      synchronize_rcu();
 4) * 15860.14 us |    }
 4) * 15988.84 us |  }
 4)               |  vxlan_sock_release [vxlan]() {
 4)               |    synchronize_net() {
 4) + 22.673 us   |      synchronize_rcu_expedited();
 4) + 23.595 us   |    }
 4)               |    udp_tunnel_sock_release [udp_tunnel]() {
 4) * 19922.63 us |      synchronize_rcu();
 4) * 19926.33 us |    }
 4) * 19990.23 us |  }
 4)               |  vxlan_sock_release [vxlan]() {
 4)               |    synchronize_net() {
 4) + 70.201 us   |      synchronize_rcu_expedited();
 4) + 71.143 us   |    }
 4)               |    udp_tunnel_sock_release [udp_tunnel]() {
 4) * 19823.53 us |      synchronize_rcu();
 4) * 19827.14 us |    }
 4) * 19990.58 us |  }
 4)               |  vxlan_sock_release [vxlan]() {
 4)               |    synchronize_net() {
 4) + 67.015 us   |      synchronize_rcu_expedited();
 4) + 67.927 us   |    }
 4)               |    udp_tunnel_sock_release [udp_tunnel]() {
 4) * 31828.75 us |      synchronize_rcu();
 4) * 31832.64 us |    }
 4) * 31990.58 us |  }
 4)               |  vxlan_sock_release [vxlan]() {
 4)               |    synchronize_net() {
 4) + 65.753 us   |      synchronize_rcu_expedited();
 4) + 66.775 us   |    }
 4)               |    udp_tunnel_sock_release [udp_tunnel]() {
 4) * 27798.31 us |      synchronize_rcu();
 4) * 27801.56 us |    }
 4) * 27984.00 us |  }
 4)               |  vxlan_sock_release [vxlan]() {
 4)               |    synchronize_net() {
 4) + 23.504 us   |      synchronize_rcu_expedited();
 4) + 24.496 us   |    }
 4)               |    udp_tunnel_sock_release [udp_tunnel]() {
 4) * 15843.71 us |      synchronize_rcu();
 4) * 15848.17 us |    }
 4) * 15992.33 us |  }
 4)               |  vxlan_sock_release [vxlan]() {
 4)               |    synchronize_net() {
 4) + 31.619 us   |      synchronize_rcu_expedited();
 4) + 32.751 us   |    }
 4)               |    udp_tunnel_sock_release [udp_tunnel]() {
 4) * 15847.19 us |      synchronize_rcu();
 4) * 15853.48 us |    }
 4) * 15996.22 us |  }
 4)               |  vxlan_sock_release [vxlan]() {
 4)               |    synchronize_net() {
 4) + 82.014 us   |      synchronize_rcu_expedited();
 4) + 83.236 us   |    }
 4)               |    udp_tunnel_sock_release [udp_tunnel]() {
 4) * 15757.48 us |      synchronize_rcu();
 4) * 15764.21 us |    }
 4) * 15981.15 us |  }
 4) + 62.357 us   |  synchronize_rcu_expedited();
 4) + 45.034 us   |  synchronize_rcu_expedited();
