# tracer: function_graph
#
# CPU  DURATION                  FUNCTION CALLS
# |     |   |                     |   |   |   |
 0)               |  synchronize_net() {
 0) + 80.852 us   |    synchronize_rcu_expedited();
 0) + 83.206 us   |  }
 0)               |  vxlan_sock_release [vxlan]() {
 0)               |    synchronize_net() {
 0) + 80.040 us   |      synchronize_rcu_expedited();
 0) + 81.443 us   |    }
 0) + 82.575 us   |  }
 0)               |  vxlan_sock_release [vxlan]() {
 0)               |    synchronize_net() {
 0) + 30.898 us   |      synchronize_rcu_expedited();
 0) + 32.161 us   |    }
 0) + 33.172 us   |  }
 0)               |  vxlan_sock_release [vxlan]() {
 0)               |    synchronize_net() {
 0) + 46.468 us   |      synchronize_rcu_expedited();
 0) + 47.359 us   |    }
 0) + 48.081 us   |  }
 0)               |  vxlan_sock_release [vxlan]() {
 0)               |    synchronize_net() {
 0) + 77.656 us   |      synchronize_rcu_expedited();
 0) + 78.647 us   |    }
 0) + 80.000 us   |  }
 0)               |  vxlan_sock_release [vxlan]() {
 0)               |    synchronize_net() {
 0) + 31.599 us   |      synchronize_rcu_expedited();
 0) + 32.381 us   |    }
 0) + 33.624 us   |  }
 0)               |  vxlan_sock_release [vxlan]() {
 0)               |    synchronize_net() {
 0) + 19.717 us   |      synchronize_rcu_expedited();
 0) + 20.158 us   |    }
 0) + 20.668 us   |  }
 0)               |  vxlan_sock_release [vxlan]() {
 0)               |    synchronize_net() {
 0) + 14.056 us   |      synchronize_rcu_expedited();
 0) + 14.467 us   |    }
 0) + 14.918 us   |  }
 0)               |  vxlan_sock_release [vxlan]() {
 0)               |    synchronize_net() {
 0) + 13.445 us   |      synchronize_rcu_expedited();
 0) + 13.856 us   |    }
 0) + 14.427 us   |  }
 0)               |  vxlan_sock_release [vxlan]() {
 0)               |    synchronize_net() {
 0) + 12.954 us   |      synchronize_rcu_expedited();
 0) + 13.415 us   |    }
 0) + 13.866 us   |  }
 0)               |  vxlan_sock_release [vxlan]() {
 0)               |    synchronize_net() {
 0) + 13.004 us   |      synchronize_rcu_expedited();
 0) + 13.425 us   |    }
 0) + 13.876 us   |  }
 0)               |  vxlan_sock_release [vxlan]() {
 0)               |    synchronize_net() {
 0) + 12.994 us   |      synchronize_rcu_expedited();
 0) + 13.416 us   |    }
 0) + 13.866 us   |  }
 0)               |  vxlan_sock_release [vxlan]() {
 0)               |    synchronize_net() {
 0) + 12.924 us   |      synchronize_rcu_expedited();
 0) + 13.345 us   |    }
 0) + 13.896 us   |  }
 0)               |  vxlan_sock_release [vxlan]() {
 0)               |    synchronize_net() {
 0) + 13.224 us   |      synchronize_rcu_expedited();
 0) + 13.646 us   |    }
 0) + 14.096 us   |  }
 0)               |  vxlan_sock_release [vxlan]() {
 0)               |    synchronize_net() {
 0) + 13.125 us   |      synchronize_rcu_expedited();
 0) + 13.555 us   |    }
 0) + 14.066 us   |  }
 0)               |  vxlan_sock_release [vxlan]() {
 0)               |    synchronize_net() {
 0) + 12.974 us   |      synchronize_rcu_expedited();
 0) + 13.406 us   |    }
 0) + 13.856 us   |  }
 0)               |  vxlan_sock_release [vxlan]() {
 0)               |    synchronize_net() {
 0) + 13.024 us   |      synchronize_rcu_expedited();
 0) + 13.455 us   |    }
 0) + 14.507 us   |  }
 0)               |  vxlan_sock_release [vxlan]() {
 0)               |    synchronize_net() {
 0) + 12.924 us   |      synchronize_rcu_expedited();
 0) + 13.355 us   |    }
 0) + 13.916 us   |  }
 0)               |  vxlan_sock_release [vxlan]() {
 0)               |    synchronize_net() {
 0) + 29.115 us   |      synchronize_rcu_expedited();
 0) + 29.545 us   |    }
 0) + 29.997 us   |  }
 0)               |  vxlan_sock_release [vxlan]() {
 0)               |    synchronize_net() {
 0) + 13.194 us   |      synchronize_rcu_expedited();
 0) + 13.626 us   |    }
 0) + 14.076 us   |  }
 0)               |  vxlan_sock_release [vxlan]() {
 0)               |    synchronize_net() {
 0) + 12.984 us   |      synchronize_rcu_expedited();
 0) + 13.405 us   |    }
 0) + 13.956 us   |  }
 0)               |  vxlan_sock_release [vxlan]() {
 0)               |    synchronize_net() {
 0) + 12.954 us   |      synchronize_rcu_expedited();
 0) + 13.385 us   |    }
 0) + 13.886 us   |  }
 0)               |  vxlan_sock_release [vxlan]() {
 0)               |    synchronize_net() {
 0) + 12.914 us   |      synchronize_rcu_expedited();
 0) + 13.365 us   |    }
 0) + 13.816 us   |  }
 0)               |  vxlan_sock_release [vxlan]() {
 0)               |    synchronize_net() {
 0) + 13.135 us   |      synchronize_rcu_expedited();
 0) + 13.565 us   |    }
 0) + 14.016 us   |  }
 0)               |  vxlan_sock_release [vxlan]() {
 0)               |    synchronize_net() {
 0) + 12.924 us   |      synchronize_rcu_expedited();
 0) + 13.345 us   |    }
 0) + 13.806 us   |  }
 0)               |  vxlan_sock_release [vxlan]() {
 0)               |    synchronize_net() {
 0) + 12.925 us   |      synchronize_rcu_expedited();
 0) + 13.395 us   |    }
 0) + 13.966 us   |  }
 0)               |  vxlan_sock_release [vxlan]() {
 0)               |    synchronize_net() {
 0) + 13.315 us   |      synchronize_rcu_expedited();
 0) + 13.806 us   |    }
 0) + 14.327 us   |  }
 0)               |  vxlan_sock_release [vxlan]() {
 0)               |    synchronize_net() {
 0) + 12.894 us   |      synchronize_rcu_expedited();
 0) + 13.325 us   |    }
 0) + 13.786 us   |  }
 0)               |  vxlan_sock_release [vxlan]() {
 0)               |    synchronize_net() {
 0) + 12.875 us   |      synchronize_rcu_expedited();
 0) + 13.335 us   |    }
 0) + 13.836 us   |  }
 0)               |  vxlan_sock_release [vxlan]() {
 0)               |    synchronize_net() {
 0) + 12.895 us   |      synchronize_rcu_expedited();
 0) + 13.325 us   |    }
 0) + 13.776 us   |  }
 0)               |  vxlan_sock_release [vxlan]() {
 0)               |    synchronize_net() {
 0) + 12.864 us   |      synchronize_rcu_expedited();
 0) + 13.375 us   |    }
 0) + 13.876 us   |  }
 0)               |  vxlan_sock_release [vxlan]() {
 0)               |    synchronize_net() {
 0) + 12.814 us   |      synchronize_rcu_expedited();
 0) + 13.235 us   |    }
 0) + 13.685 us   |  }
 0)               |  vxlan_sock_release [vxlan]() {
 0)               |    synchronize_net() {
 0) + 12.884 us   |      synchronize_rcu_expedited();
 0) + 13.315 us   |    }
 0) + 13.986 us   |  }
 0)               |  vxlan_sock_release [vxlan]() {
 0)               |    synchronize_net() {
 0) + 12.884 us   |      synchronize_rcu_expedited();
 0) + 13.315 us   |    }
 0) + 13.786 us   |  }
 0)               |  vxlan_sock_release [vxlan]() {
 0)               |    synchronize_net() {
 0) + 12.864 us   |      synchronize_rcu_expedited();
 0) + 13.285 us   |    }
 0) + 13.736 us   |  }
 0)               |  vxlan_sock_release [vxlan]() {
 0)               |    synchronize_net() {
 0) + 12.925 us   |      synchronize_rcu_expedited();
 0) + 13.355 us   |    }
 0) + 13.866 us   |  }
 0)               |  vxlan_sock_release [vxlan]() {
 0)               |    synchronize_net() {
 0) + 13.074 us   |      synchronize_rcu_expedited();
 0) + 13.505 us   |    }
 0) + 13.976 us   |  }
 0)               |  vxlan_sock_release [vxlan]() {
 0)               |    synchronize_net() {
 0) + 12.884 us   |      synchronize_rcu_expedited();
 0) + 13.335 us   |    }
 0) + 13.776 us   |  }
 0)               |  vxlan_sock_release [vxlan]() {
 0)               |    synchronize_net() {
 0) + 12.834 us   |      synchronize_rcu_expedited();
 0) + 13.275 us   |    }
 0) + 13.716 us   |  }
 0)               |  vxlan_sock_release [vxlan]() {
 0)               |    synchronize_net() {
 0) + 12.974 us   |      synchronize_rcu_expedited();
 0) + 13.445 us   |    }
 0) + 13.896 us   |  }
 0)               |  vxlan_sock_release [vxlan]() {
 0)               |    synchronize_net() {
 0) + 12.995 us   |      synchronize_rcu_expedited();
 0) + 13.425 us   |    }
 0) + 13.896 us   |  }
 0)               |  vxlan_sock_release [vxlan]() {
 0)               |    synchronize_net() {
 0) + 12.954 us   |      synchronize_rcu_expedited();
 0) + 13.446 us   |    }
 0) + 13.896 us   |  }
 0)               |  vxlan_sock_release [vxlan]() {
 0)               |    synchronize_net() {
 0) + 12.834 us   |      synchronize_rcu_expedited();
 0) + 13.475 us   |    }
 0) + 13.926 us   |  }
 0)               |  vxlan_sock_release [vxlan]() {
 0)               |    synchronize_net() {
 0) + 12.954 us   |      synchronize_rcu_expedited();
 0) + 13.385 us   |    }
 0) + 13.836 us   |  }
 0)               |  vxlan_sock_release [vxlan]() {
 0)               |    synchronize_net() {
 0) + 12.854 us   |      synchronize_rcu_expedited();
 0) + 13.275 us   |    }
 0) + 13.745 us   |  }
 0)               |  vxlan_sock_release [vxlan]() {
 0)               |    synchronize_net() {
 0) + 12.824 us   |      synchronize_rcu_expedited();
 0) + 13.245 us   |    }
 0) + 13.696 us   |  }
 0)               |  vxlan_sock_release [vxlan]() {
 0)               |    synchronize_net() {
 0) + 12.854 us   |      synchronize_rcu_expedited();
 0) + 13.285 us   |    }
 0) + 13.726 us   |  }
 0)               |  vxlan_sock_release [vxlan]() {
 0)               |    synchronize_net() {
 0) + 12.904 us   |      synchronize_rcu_expedited();
 0) + 13.335 us   |    }
 0) + 13.786 us   |  }
 0)               |  vxlan_sock_release [vxlan]() {
 0)               |    synchronize_net() {
 0) + 12.925 us   |      synchronize_rcu_expedited();
 0) + 13.355 us   |    }
 0) + 13.976 us   |  }
 0)               |  vxlan_sock_release [vxlan]() {
 0)               |    synchronize_net() {
 0) + 12.884 us   |      synchronize_rcu_expedited();
 0) + 13.315 us   |    }
 0) + 13.776 us   |  }
 0)               |  vxlan_sock_release [vxlan]() {
 0)               |    synchronize_net() {
 0) + 12.845 us   |      synchronize_rcu_expedited();
 0) + 13.275 us   |    }
 0) + 13.856 us   |  }
 0)               |  vxlan_sock_release [vxlan]() {
 0)               |    synchronize_net() {
 0) + 13.165 us   |      synchronize_rcu_expedited();
 0) + 13.595 us   |    }
 0) + 14.047 us   |  }
 0)               |  vxlan_sock_release [vxlan]() {
 0)               |    synchronize_net() {
 0) + 12.934 us   |      synchronize_rcu_expedited();
 0) + 13.365 us   |    }
 0) + 13.826 us   |  }
 0)               |  vxlan_sock_release [vxlan]() {
 0)               |    synchronize_net() {
 0) + 12.894 us   |      synchronize_rcu_expedited();
 0) + 13.335 us   |    }
 0) + 13.856 us   |  }
 0)               |  vxlan_sock_release [vxlan]() {
 0)               |    synchronize_net() {
 0) + 13.075 us   |      synchronize_rcu_expedited();
 0) + 13.505 us   |    }
 0) + 13.946 us   |  }
 0)               |  vxlan_sock_release [vxlan]() {
 0)               |    synchronize_net() {
 0) ! 142.898 us  |      synchronize_rcu_expedited();
 0) ! 146.424 us  |    }
 0) ! 150.111 us  |  }
 0)               |  vxlan_sock_release [vxlan]() {
 0)               |    synchronize_net() {
 0) + 49.924 us   |      synchronize_rcu_expedited();
 0) + 52.408 us   |    }
 0) + 55.134 us   |  }
 0)               |  vxlan_sock_release [vxlan]() {
 0)               |    synchronize_net() {
 0) + 49.373 us   |      synchronize_rcu_expedited();
 0) + 51.857 us   |    }
 0) + 54.572 us   |  }
 0)               |  vxlan_sock_release [vxlan]() {
 0)               |    synchronize_net() {
 0) + 48.140 us   |      synchronize_rcu_expedited();
 0) + 50.635 us   |    }
 0) + 53.310 us   |  }
 0)               |  vxlan_sock_release [vxlan]() {
 0)               |    synchronize_net() {
 0)   8.285 us    |      synchronize_rcu_expedited();
 0)   8.706 us    |    }
 0)   9.167 us    |  }
 0)               |  vxlan_sock_release [vxlan]() {
 0)               |    synchronize_net() {
 0)   8.205 us    |      synchronize_rcu_expedited();
 0)   8.626 us    |    }
 0)   9.187 us    |  }
 0)               |  vxlan_sock_release [vxlan]() {
 0)               |    synchronize_net() {
 0)   8.225 us    |      synchronize_rcu_expedited();
 0)   8.647 us    |    }
 0)   9.087 us    |  }
 0)               |  vxlan_sock_release [vxlan]() {
 0)               |    synchronize_net() {
 0)   8.215 us    |      synchronize_rcu_expedited();
 0)   8.646 us    |    }
 0)   9.107 us    |  }
 0)               |  vxlan_sock_release [vxlan]() {
 0)               |    synchronize_net() {
 0)   8.225 us    |      synchronize_rcu_expedited();
 0)   8.657 us    |    }
 0)   9.177 us    |  }
 0)               |  vxlan_sock_release [vxlan]() {
 0)               |    synchronize_net() {
 0)   8.315 us    |      synchronize_rcu_expedited();
 0)   8.747 us    |    }
 0)   9.638 us    |  }
 0)               |  vxlan_sock_release [vxlan]() {
 0)               |    synchronize_net() {
 0)   8.116 us    |      synchronize_rcu_expedited();
 0)   8.536 us    |    }
 0)   9.017 us    |  }
 0)               |  vxlan_sock_release [vxlan]() {
 0)               |    synchronize_net() {
 0)   7.905 us    |      synchronize_rcu_expedited();
 0)   8.315 us    |    }
 0)   8.787 us    |  }
 0)               |  vxlan_sock_release [vxlan]() {
 0)               |    synchronize_net() {
 0)   8.025 us    |      synchronize_rcu_expedited();
 0)   8.446 us    |    }
 0)   8.906 us    |  }
 0)               |  vxlan_sock_release [vxlan]() {
 0)               |    synchronize_net() {
 0)   7.915 us    |      synchronize_rcu_expedited();
 0)   8.336 us    |    }
 0)   8.816 us    |  }
 0)               |  vxlan_sock_release [vxlan]() {
 0)               |    synchronize_net() {
 0)   7.935 us    |      synchronize_rcu_expedited();
 0)   8.395 us    |    }
 0)   8.997 us    |  }
 0)               |  vxlan_sock_release [vxlan]() {
 0)               |    synchronize_net() {
 0)   7.895 us    |      synchronize_rcu_expedited();
 0)   8.306 us    |    }
 0)   8.926 us    |  }
 0)               |  vxlan_sock_release [vxlan]() {
 0)               |    synchronize_net() {
 0)   7.885 us    |      synchronize_rcu_expedited();
 0)   8.305 us    |    }
 0)   8.787 us    |  }
 0)               |  vxlan_sock_release [vxlan]() {
 0)               |    synchronize_net() {
 0)   7.785 us    |      synchronize_rcu_expedited();
 0)   8.195 us    |    }
 0)   8.697 us    |  }
 0)               |  vxlan_sock_release [vxlan]() {
 0)               |    synchronize_net() {
 0)   7.885 us    |      synchronize_rcu_expedited();
 0)   8.315 us    |    }
 0)   8.787 us    |  }
 0)               |  vxlan_sock_release [vxlan]() {
 0)               |    synchronize_net() {
 0)   8.226 us    |      synchronize_rcu_expedited();
 0)   8.646 us    |    }
 0)   9.117 us    |  }
 0)               |  vxlan_sock_release [vxlan]() {
 0)               |    synchronize_net() {
 0)   7.925 us    |      synchronize_rcu_expedited();
 0)   8.356 us    |    }
 0)   8.867 us    |  }
 0)               |  vxlan_sock_release [vxlan]() {
 0)               |    synchronize_net() {
 0)   7.825 us    |      synchronize_rcu_expedited();
 0)   8.246 us    |    }
 0)   8.726 us    |  }
 0)               |  vxlan_sock_release [vxlan]() {
 0)               |    synchronize_net() {
 0)   8.155 us    |      synchronize_rcu_expedited();
 0)   8.586 us    |    }
 0)   9.107 us    |  }
 0)               |  vxlan_sock_release [vxlan]() {
 0)               |    synchronize_net() {
 0)   7.825 us    |      synchronize_rcu_expedited();
 0)   8.255 us    |    }
 0)   8.787 us    |  }
 0)               |  vxlan_sock_release [vxlan]() {
 0)               |    synchronize_net() {
 0)   7.865 us    |      synchronize_rcu_expedited();
 0)   8.296 us    |    }
 0)   8.756 us    |  }
 0)               |  vxlan_sock_release [vxlan]() {
 0)               |    synchronize_net() {
 0)   7.774 us    |      synchronize_rcu_expedited();
 0)   8.206 us    |    }
 0)   8.886 us    |  }
 0)               |  vxlan_sock_release [vxlan]() {
 0)               |    synchronize_net() {
 0)   7.955 us    |      synchronize_rcu_expedited();
 0)   8.376 us    |    }
 0)   8.846 us    |  }
 0)               |  vxlan_sock_release [vxlan]() {
 0)               |    synchronize_net() {
 0)   7.815 us    |      synchronize_rcu_expedited();
 0)   8.235 us    |    }
 0)   8.706 us    |  }
 0)               |  vxlan_sock_release [vxlan]() {
 0)               |    synchronize_net() {
 0)   8.466 us    |      synchronize_rcu_expedited();
 0)   8.896 us    |    }
 0)   9.348 us    |  }
 0)               |  vxlan_sock_release [vxlan]() {
 0)               |    synchronize_net() {
 0)   7.904 us    |      synchronize_rcu_expedited();
 0)   8.336 us    |    }
 0)   8.796 us    |  }
 0)               |  vxlan_sock_release [vxlan]() {
 0)               |    synchronize_net() {
 0)   7.935 us    |      synchronize_rcu_expedited();
 0)   8.366 us    |    }
 0)   8.837 us    |  }
 0)               |  vxlan_sock_release [vxlan]() {
 0)               |    synchronize_net() {
 0)   7.835 us    |      synchronize_rcu_expedited();
 0)   8.255 us    |    }
 0)   8.727 us    |  }
 0)               |  vxlan_sock_release [vxlan]() {
 0)               |    synchronize_net() {
 0)   7.785 us    |      synchronize_rcu_expedited();
 0)   8.215 us    |    }
 0)   8.686 us    |  }
 0)               |  vxlan_sock_release [vxlan]() {
 0)               |    synchronize_net() {
 0)   7.795 us    |      synchronize_rcu_expedited();
 0)   8.215 us    |    }
 0)   8.757 us    |  }
 0)               |  vxlan_sock_release [vxlan]() {
 0)               |    synchronize_net() {
 0)   7.804 us    |      synchronize_rcu_expedited();
 0)   8.376 us    |    }
 0)   8.846 us    |  }
 0)               |  vxlan_sock_release [vxlan]() {
 0)               |    synchronize_net() {
 0)   7.854 us    |      synchronize_rcu_expedited();
 0)   8.276 us    |    }
 0)   8.746 us    |  }
 0)               |  vxlan_sock_release [vxlan]() {
 0)               |    synchronize_net() {
 0)   7.834 us    |      synchronize_rcu_expedited();
 0)   8.256 us    |    }
 0)   8.736 us    |  }
 0)               |  vxlan_sock_release [vxlan]() {
 0)               |    synchronize_net() {
 0)   8.275 us    |      synchronize_rcu_expedited();
 0)   8.697 us    |    }
 0)   9.167 us    |  }
 0)               |  vxlan_sock_release [vxlan]() {
 0)               |    synchronize_net() {
 0)   7.864 us    |      synchronize_rcu_expedited();
 0)   8.296 us    |    }
 0)   8.746 us    |  }
 0)               |  vxlan_sock_release [vxlan]() {
 0)               |    synchronize_net() {
 0) + 10.520 us   |      synchronize_rcu_expedited();
 0) + 10.960 us   |    }
 0) + 11.422 us   |  }
 0)               |  vxlan_sock_release [vxlan]() {
 0)               |    synchronize_net() {
 0)   8.215 us    |      synchronize_rcu_expedited();
 0)   8.646 us    |    }
 0)   9.107 us    |  }
 0)               |  vxlan_sock_release [vxlan]() {
 0)               |    synchronize_net() {
 0)   7.824 us    |      synchronize_rcu_expedited();
 0)   8.246 us    |    }
 0)   8.916 us    |  }
 0)               |  vxlan_sock_release [vxlan]() {
 0)               |    synchronize_net() {
 0)   7.815 us    |      synchronize_rcu_expedited();
 0)   8.256 us    |    }
 0)   8.796 us    |  }
 0)               |  vxlan_sock_release [vxlan]() {
 0)               |    synchronize_net() {
 0)   7.895 us    |      synchronize_rcu_expedited();
 0)   8.316 us    |    }
 0)   8.826 us    |  }
 0)               |  vxlan_sock_release [vxlan]() {
 0)               |    synchronize_net() {
 0)   7.805 us    |      synchronize_rcu_expedited();
 0)   8.235 us    |    }
 0)   8.896 us    |  }
 0)               |  vxlan_sock_release [vxlan]() {
 0)               |    synchronize_net() {
 0)   7.835 us    |      synchronize_rcu_expedited();
 0)   8.255 us    |    }
 0)   8.787 us    |  }
 0)               |  vxlan_sock_release [vxlan]() {
 0)               |    synchronize_net() {
 0)   8.326 us    |      synchronize_rcu_expedited();
 0)   8.756 us    |    }
 0)   9.278 us    |  }
 0)               |  vxlan_sock_release [vxlan]() {
 0)               |    synchronize_net() {
 0)   7.865 us    |      synchronize_rcu_expedited();
 0)   8.276 us    |    }
 0)   8.946 us    |  }
 0)               |  vxlan_sock_release [vxlan]() {
 0)               |    synchronize_net() {
 0)   7.885 us    |      synchronize_rcu_expedited();
 0)   8.315 us    |    }
 0)   8.827 us    |  }
 0)               |  vxlan_sock_release [vxlan]() {
 0)               |    synchronize_net() {
 0)   7.804 us    |      synchronize_rcu_expedited();
 0)   8.226 us    |    }
 0)   8.746 us    |  }
 0)               |  vxlan_sock_release [vxlan]() {
 0)               |    synchronize_net() {
 0)   7.885 us    |      synchronize_rcu_expedited();
 0)   8.346 us    |    }
 0)   8.877 us    |  }
 0)               |  vxlan_sock_release [vxlan]() {
 0)               |    synchronize_net() {
 0)   7.745 us    |      synchronize_rcu_expedited();
 0)   8.165 us    |    }
 0)   8.757 us    |  }
 0)               |  vxlan_sock_release [vxlan]() {
 0)               |    synchronize_net() {
 0)   7.855 us    |      synchronize_rcu_expedited();
 0)   8.285 us    |    }
 0)   8.927 us    |  }
 0)               |  vxlan_sock_release [vxlan]() {
 0)               |    synchronize_net() {
 0)   7.774 us    |      synchronize_rcu_expedited();
 0)   8.196 us    |    }
 0)   8.656 us    |  }
 0)               |  vxlan_sock_release [vxlan]() {
 0)               |    synchronize_net() {
 0)   7.844 us    |      synchronize_rcu_expedited();
 0)   8.266 us    |    }
 0)   8.786 us    |  }
 0)               |  vxlan_sock_release [vxlan]() {
 0)               |    synchronize_net() {
 0)   8.225 us    |      synchronize_rcu_expedited();
 0)   8.646 us    |    }
 0)   9.107 us    |  }
 0)               |  vxlan_sock_release [vxlan]() {
 0)               |    synchronize_net() {
 0)   7.955 us    |      synchronize_rcu_expedited();
 0)   8.375 us    |    }
 0)   8.997 us    |  }
 0)               |  vxlan_sock_release [vxlan]() {
 0)               |    synchronize_net() {
 0)   7.834 us    |      synchronize_rcu_expedited();
 0)   8.276 us    |    }
 0)   8.977 us    |  }
 0)               |  vxlan_sock_release [vxlan]() {
 0)               |    synchronize_net() {
 0)   7.875 us    |      synchronize_rcu_expedited();
 0)   8.296 us    |    }
 0)   8.836 us    |  }
 0)               |  vxlan_sock_release [vxlan]() {
 0)               |    synchronize_net() {
 0)   7.784 us    |      synchronize_rcu_expedited();
 0)   8.206 us    |    }
 0)   8.666 us    |  }
 0)               |  vxlan_sock_release [vxlan]() {
 0)               |    synchronize_net() {
 0)   7.855 us    |      synchronize_rcu_expedited();
 0)   8.286 us    |    }
 0)   8.756 us    |  }
 0)               |  vxlan_sock_release [vxlan]() {
 0)               |    synchronize_net() {
 0)   7.824 us    |      synchronize_rcu_expedited();
 0)   8.246 us    |    }
 0)   8.706 us    |  }
 0)               |  vxlan_sock_release [vxlan]() {
 0)               |    synchronize_net() {
 0)   7.814 us    |      synchronize_rcu_expedited();
 0)   8.236 us    |    }
 0)   8.706 us    |  }
 0)               |  vxlan_sock_release [vxlan]() {
 0)               |    synchronize_net() {
 0)   7.774 us    |      synchronize_rcu_expedited();
 0)   8.196 us    |    }
 0)   8.646 us    |  }
 0)               |  vxlan_sock_release [vxlan]() {
 0)               |    synchronize_net() {
 0)   8.155 us    |      synchronize_rcu_expedited();
 0)   8.576 us    |    }
 0)   9.047 us    |  }
 0)               |  vxlan_sock_release [vxlan]() {
 0)               |    synchronize_net() {
 0)   7.815 us    |      synchronize_rcu_expedited();
 0)   8.235 us    |    }
 0)   8.697 us    |  }
 0)               |  vxlan_sock_release [vxlan]() {
 0)               |    synchronize_net() {
 0)   7.844 us    |      synchronize_rcu_expedited();
 0)   8.296 us    |    }
 0)   8.816 us    |  }
 0)               |  vxlan_sock_release [vxlan]() {
 0)               |    synchronize_net() {
 0)   7.895 us    |      synchronize_rcu_expedited();
 0)   8.375 us    |    }
 0)   8.897 us    |  }
 0)               |  vxlan_sock_release [vxlan]() {
 0)               |    synchronize_net() {
 0)   7.825 us    |      synchronize_rcu_expedited();
 0)   8.245 us    |    }
 0)   8.717 us    |  }
 0)               |  vxlan_sock_release [vxlan]() {
 0)               |    synchronize_net() {
 0)   7.935 us    |      synchronize_rcu_expedited();
 0)   8.355 us    |    }
 0)   8.817 us    |  }
 0)               |  vxlan_sock_release [vxlan]() {
 0)               |    synchronize_net() {
 0)   7.845 us    |      synchronize_rcu_expedited();
 0)   8.265 us    |    }
 0)   8.736 us    |  }
 0)               |  vxlan_sock_release [vxlan]() {
 0)               |    synchronize_net() {
 0)   7.845 us    |      synchronize_rcu_expedited();
 0)   8.265 us    |    }
 0)   8.727 us    |  }
 0)               |  vxlan_sock_release [vxlan]() {
 0)               |    synchronize_net() {
 0)   7.905 us    |      synchronize_rcu_expedited();
 0)   8.325 us    |    }
 0)   8.827 us    |  }
 0)               |  vxlan_sock_release [vxlan]() {
 0)               |    synchronize_net() {
 0)   8.256 us    |      synchronize_rcu_expedited();
 0)   8.676 us    |    }
 0)   9.388 us    |  }
 0)               |  vxlan_sock_release [vxlan]() {
 0)               |    synchronize_net() {
 0)   7.935 us    |      synchronize_rcu_expedited();
 0)   8.356 us    |    }
 0)   8.846 us    |  }
 0)               |  vxlan_sock_release [vxlan]() {
 0)               |    synchronize_net() {
 0)   7.805 us    |      synchronize_rcu_expedited();
 0)   8.225 us    |    }
 0)   8.696 us    |  }
 0)               |  vxlan_sock_release [vxlan]() {
 0)               |    synchronize_net() {
 0)   7.925 us    |      synchronize_rcu_expedited();
 0)   8.345 us    |    }
 0)   8.807 us    |  }
 0)               |  vxlan_sock_release [vxlan]() {
 0)               |    synchronize_net() {
 0)   7.915 us    |      synchronize_rcu_expedited();
 0)   8.336 us    |    }
 0)   8.796 us    |  }
 0)               |  vxlan_sock_release [vxlan]() {
 0)               |    synchronize_net() {
 0) + 18.715 us   |      synchronize_rcu_expedited();
 0) + 19.145 us   |    }
 0) + 19.667 us   |  }
 0)               |  vxlan_sock_release [vxlan]() {
 0)               |    synchronize_net() {
 0)   8.295 us    |      synchronize_rcu_expedited();
 0)   8.737 us    |    }
 0)   9.247 us    |  }
 0)               |  vxlan_sock_release [vxlan]() {
 0)               |    synchronize_net() {
 0)   8.195 us    |      synchronize_rcu_expedited();
 0)   8.626 us    |    }
 0)   9.087 us    |  }
 0)               |  vxlan_sock_release [vxlan]() {
 0)               |    synchronize_net() {
 0)   8.236 us    |      synchronize_rcu_expedited();
 0)   8.676 us    |    }
 0)   9.127 us    |  }
 0)               |  vxlan_sock_release [vxlan]() {
 0)               |    synchronize_net() {
 0)   8.516 us    |      synchronize_rcu_expedited();
 0)   8.977 us    |    }
 0)   9.488 us    |  }
 0)               |  vxlan_sock_release [vxlan]() {
 0)               |    synchronize_net() {
 0)   8.335 us    |      synchronize_rcu_expedited();
 0)   8.767 us    |    }
 0)   9.237 us    |  }
 0)               |  vxlan_sock_release [vxlan]() {
 0)               |    synchronize_net() {
 0)   8.205 us    |      synchronize_rcu_expedited();
 0)   8.627 us    |    }
 0)   9.087 us    |  }
 0)               |  vxlan_sock_release [vxlan]() {
 0)               |    synchronize_net() {
 0)   8.266 us    |      synchronize_rcu_expedited();
 0)   8.696 us    |    }
 0)   9.347 us    |  }
 0)               |  vxlan_sock_release [vxlan]() {
 0)               |    synchronize_net() {
 0)   8.275 us    |      synchronize_rcu_expedited();
 0)   8.706 us    |    }
 0)   9.157 us    |  }
 0)               |  vxlan_sock_release [vxlan]() {
 0)               |    synchronize_net() {
 0)   7.805 us    |      synchronize_rcu_expedited();
 0)   8.235 us    |    }
 0)   8.687 us    |  }
 0)               |  vxlan_sock_release [vxlan]() {
 0)               |    synchronize_net() {
 0)   7.885 us    |      synchronize_rcu_expedited();
 0)   8.306 us    |    }
 0)   8.766 us    |  }
 0)               |  vxlan_sock_release [vxlan]() {
 0)               |    synchronize_net() {
 0)   7.965 us    |      synchronize_rcu_expedited();
 0)   8.396 us    |    }
 0)   9.097 us    |  }
 0)               |  vxlan_sock_release [vxlan]() {
 0)               |    synchronize_net() {
 0)   7.874 us    |      synchronize_rcu_expedited();
 0)   8.296 us    |    }
 0)   8.766 us    |  }
 0)               |  vxlan_sock_release [vxlan]() {
 0)               |    synchronize_net() {
 0)   7.865 us    |      synchronize_rcu_expedited();
 0)   8.285 us    |    }
 0)   8.746 us    |  }
 0)               |  vxlan_sock_release [vxlan]() {
 0)               |    synchronize_net() {
 0)   7.865 us    |      synchronize_rcu_expedited();
 0)   8.275 us    |    }
 0)   8.737 us    |  }
 0)               |  vxlan_sock_release [vxlan]() {
 0)               |    synchronize_net() {
 0)   7.795 us    |      synchronize_rcu_expedited();
 0)   8.225 us    |    }
 0)   8.676 us    |  }
 0)               |  vxlan_sock_release [vxlan]() {
 0)               |    synchronize_net() {
 0)   7.785 us    |      synchronize_rcu_expedited();
 0)   8.235 us    |    }
 0)   8.686 us    |  }
 0)               |  vxlan_sock_release [vxlan]() {
 0)               |    synchronize_net() {
 0) + 27.071 us   |      synchronize_rcu_expedited();
 0) + 27.753 us   |    }
 0) + 28.263 us   |  }
 0)               |  vxlan_sock_release [vxlan]() {
 0)               |    synchronize_net() {
 0) + 46.076 us   |      synchronize_rcu_expedited();
 0) + 46.538 us   |    }
 0) + 47.128 us   |  }
 0)               |  vxlan_sock_release [vxlan]() {
 0)               |    synchronize_net() {
 0) + 22.643 us   |      synchronize_rcu_expedited();
 0) + 23.073 us   |    }
 0) + 23.565 us   |  }
 0)               |  vxlan_sock_release [vxlan]() {
 0)               |    synchronize_net() {
 0)   8.306 us    |      synchronize_rcu_expedited();
 0)   8.736 us    |    }
 0)   9.187 us    |  }
 0)               |  vxlan_sock_release [vxlan]() {
 0)               |    synchronize_net() {
 0) + 11.872 us   |      synchronize_rcu_expedited();
 0) + 12.313 us   |    }
 0) + 13.055 us   |  }
 0)               |  vxlan_sock_release [vxlan]() {
 0)               |    synchronize_net() {
 0)   8.195 us    |      synchronize_rcu_expedited();
 0)   8.616 us    |    }
 0)   9.077 us    |  }
 0)               |  vxlan_sock_release [vxlan]() {
 0)               |    synchronize_net() {
 0)   8.245 us    |      synchronize_rcu_expedited();
 0)   8.676 us    |    }
 0)   9.137 us    |  }
 0)               |  vxlan_sock_release [vxlan]() {
 0)               |    synchronize_net() {
 0)   8.096 us    |      synchronize_rcu_expedited();
 0)   8.546 us    |    }
 0)   9.016 us    |  }
 0)               |  vxlan_sock_release [vxlan]() {
 0)               |    synchronize_net() {
 0)   8.115 us    |      synchronize_rcu_expedited();
 0)   8.526 us    |    }
 0)   8.977 us    |  }
 0)               |  vxlan_sock_release [vxlan]() {
 0)               |    synchronize_net() {
 0)   8.215 us    |      synchronize_rcu_expedited();
 0)   8.667 us    |    }
 0)   9.127 us    |  }
 0)               |  vxlan_sock_release [vxlan]() {
 0)               |    synchronize_net() {
 0)   8.225 us    |      synchronize_rcu_expedited();
 0)   8.656 us    |    }
 0)   9.197 us    |  }
 0)               |  vxlan_sock_release [vxlan]() {
 0)               |    synchronize_net() {
 0)   7.925 us    |      synchronize_rcu_expedited();
 0)   8.345 us    |    }
 0)   8.807 us    |  }
 0)               |  vxlan_sock_release [vxlan]() {
 0)               |    synchronize_net() {
 0)   7.725 us    |      synchronize_rcu_expedited();
 0)   8.145 us    |    }
 0)   8.646 us    |  }
 0)               |  vxlan_sock_release [vxlan]() {
 0)               |    synchronize_net() {
 0)   7.575 us    |      synchronize_rcu_expedited();
 0)   7.995 us    |    }
 0)   8.445 us    |  }
 0)               |  vxlan_sock_release [vxlan]() {
 0)               |    synchronize_net() {
 0)   7.714 us    |      synchronize_rcu_expedited();
 0)   8.135 us    |    }
 0)   8.586 us    |  }
 0)               |  vxlan_sock_release [vxlan]() {
 0)               |    synchronize_net() {
 0)   7.804 us    |      synchronize_rcu_expedited();
 0)   8.246 us    |    }
 0)   8.696 us    |  }
 0)               |  vxlan_sock_release [vxlan]() {
 0)               |    synchronize_net() {
 0)   7.815 us    |      synchronize_rcu_expedited();
 0)   8.235 us    |    }
 0)   8.686 us    |  }
 0)               |  vxlan_sock_release [vxlan]() {
 0)               |    synchronize_net() {
 0)   7.795 us    |      synchronize_rcu_expedited();
 0)   8.215 us    |    }
 0)   8.676 us    |  }
 0)               |  vxlan_sock_release [vxlan]() {
 0)               |    synchronize_net() {
 0)   7.845 us    |      synchronize_rcu_expedited();
 0)   8.316 us    |    }
 0)   8.766 us    |  }
 0)               |  vxlan_sock_release [vxlan]() {
 0)               |    synchronize_net() {
 0)   8.095 us    |      synchronize_rcu_expedited();
 0)   8.516 us    |    }
 0)   8.957 us    |  }
 0)               |  vxlan_sock_release [vxlan]() {
 0)               |    synchronize_net() {
 0)   7.834 us    |      synchronize_rcu_expedited();
 0)   8.256 us    |    }
 0)   8.776 us    |  }
 0)               |  vxlan_sock_release [vxlan]() {
 0)               |    synchronize_net() {
 0)   7.634 us    |      synchronize_rcu_expedited();
 0)   8.055 us    |    }
 0)   8.516 us    |  }
 0)               |  vxlan_sock_release [vxlan]() {
 0)               |    synchronize_net() {
 0)   7.865 us    |      synchronize_rcu_expedited();
 0)   8.285 us    |    }
 0)   8.747 us    |  }
 0)               |  vxlan_sock_release [vxlan]() {
 0)               |    synchronize_net() {
 0)   7.825 us    |      synchronize_rcu_expedited();
 0)   8.245 us    |    }
 0)   8.716 us    |  }
 0)               |  vxlan_sock_release [vxlan]() {
 0)               |    synchronize_net() {
 0)   7.685 us    |      synchronize_rcu_expedited();
 0)   8.115 us    |    }
 0)   8.586 us    |  }
 0)               |  vxlan_sock_release [vxlan]() {
 0)               |    synchronize_net() {
 0)   7.735 us    |      synchronize_rcu_expedited();
 0)   8.145 us    |    }
 0)   8.616 us    |  }
 0)               |  vxlan_sock_release [vxlan]() {
 0)               |    synchronize_net() {
 0)   7.724 us    |      synchronize_rcu_expedited();
 0)   8.145 us    |    }
 0)   8.787 us    |  }
 0)               |  vxlan_sock_release [vxlan]() {
 0)               |    synchronize_net() {
 0)   7.644 us    |      synchronize_rcu_expedited();
 0)   8.065 us    |    }
 0)   8.536 us    |  }
 0)               |  vxlan_sock_release [vxlan]() {
 0)               |    synchronize_net() {
 0)   8.125 us    |      synchronize_rcu_expedited();
 0)   8.557 us    |    }
 0)   9.007 us    |  }
 0)               |  vxlan_sock_release [vxlan]() {
 0)               |    synchronize_net() {
 0)   7.734 us    |      synchronize_rcu_expedited();
 0)   8.145 us    |    }
 0)   8.606 us    |  }
 0)               |  vxlan_sock_release [vxlan]() {
 0)               |    synchronize_net() {
 0) + 18.324 us   |      synchronize_rcu_expedited();
 0) + 18.735 us   |    }
 0) + 19.196 us   |  }
 0)               |  vxlan_sock_release [vxlan]() {
 0)               |    synchronize_net() {
 0)   8.236 us    |      synchronize_rcu_expedited();
 0)   8.666 us    |    }
 0)   9.168 us    |  }
 0)               |  vxlan_sock_release [vxlan]() {
 0)               |    synchronize_net() {
 0)   8.095 us    |      synchronize_rcu_expedited();
 0)   8.516 us    |    }
 0)   8.977 us    |  }
 0)               |  vxlan_sock_release [vxlan]() {
 0)               |    synchronize_net() {
 0)   8.035 us    |      synchronize_rcu_expedited();
 0)   8.476 us    |    }
 0)   8.927 us    |  }
 0)               |  vxlan_sock_release [vxlan]() {
 0)               |    synchronize_net() {
 0)   8.316 us    |      synchronize_rcu_expedited();
 0)   8.746 us    |    }
 0)   9.248 us    |  }
 0)               |  vxlan_sock_release [vxlan]() {
 0)               |    synchronize_net() {
 0)   8.165 us    |      synchronize_rcu_expedited();
 0)   8.786 us    |    }
 0)   9.248 us    |  }
 0)               |  vxlan_sock_release [vxlan]() {
 0)               |    synchronize_net() {
 0)   8.185 us    |      synchronize_rcu_expedited();
 0)   8.606 us    |    }
 0)   9.067 us    |  }
 0)               |  vxlan_sock_release [vxlan]() {
 0)               |    synchronize_net() {
 0)   8.125 us    |      synchronize_rcu_expedited();
 0)   8.556 us    |    }
 0)   9.017 us    |  }
 0)               |  vxlan_sock_release [vxlan]() {
 0)               |    synchronize_net() {
 0)   8.246 us    |      synchronize_rcu_expedited();
 0)   8.666 us    |    }
 0)   9.167 us    |  }
 0)               |  vxlan_sock_release [vxlan]() {
 0)               |    synchronize_net() {
 0)   7.835 us    |      synchronize_rcu_expedited();
 0)   8.265 us    |    }
 0)   8.726 us    |  }
 0)               |  vxlan_sock_release [vxlan]() {
 0)               |    synchronize_net() {
 0)   7.825 us    |      synchronize_rcu_expedited();
 0)   8.255 us    |    }
 0)   8.716 us    |  }
 0)               |  vxlan_sock_release [vxlan]() {
 0)               |    synchronize_net() {
 0)   7.915 us    |      synchronize_rcu_expedited();
 0)   8.335 us    |    }
 0)   8.877 us    |  }
 0)               |  vxlan_sock_release [vxlan]() {
 0)               |    synchronize_net() {
 0)   7.764 us    |      synchronize_rcu_expedited();
 0)   8.196 us    |    }
 0)   8.736 us    |  }
 0)               |  vxlan_sock_release [vxlan]() {
 0)               |    synchronize_net() {
 0)   7.744 us    |      synchronize_rcu_expedited();
 0)   8.175 us    |    }
 0)   8.696 us    |  }
 0)               |  vxlan_sock_release [vxlan]() {
 0)               |    synchronize_net() {
 0)   7.875 us    |      synchronize_rcu_expedited();
 0)   8.285 us    |    }
 0)   8.747 us    |  }
 0)               |  vxlan_sock_release [vxlan]() {
 0)               |    synchronize_net() {
 0)   7.855 us    |      synchronize_rcu_expedited();
 0)   8.285 us    |    }
 0)   8.777 us    |  }
 0)               |  vxlan_sock_release [vxlan]() {
 0)               |    synchronize_net() {
 0)   7.875 us    |      synchronize_rcu_expedited();
 0)   8.296 us    |    }
 0)   8.836 us    |  }
 0)               |  vxlan_sock_release [vxlan]() {
 0)               |    synchronize_net() {
 0)   8.296 us    |      synchronize_rcu_expedited();
 0)   8.726 us    |    }
 0)   9.167 us    |  }
 0)               |  vxlan_sock_release [vxlan]() {
 0)               |    synchronize_net() {
 0)   7.895 us    |      synchronize_rcu_expedited();
 0)   8.315 us    |    }
 0)   8.777 us    |  }
 0)               |  vxlan_sock_release [vxlan]() {
 0)               |    synchronize_net() {
 0)   7.755 us    |      synchronize_rcu_expedited();
 0)   8.175 us    |    }
 0)   8.636 us    |  }
 0)               |  vxlan_sock_release [vxlan]() {
 0)               |    synchronize_net() {
 0)   7.905 us    |      synchronize_rcu_expedited();
 0)   8.335 us    |    }
 0)   8.957 us    |  }
 0)               |  vxlan_sock_release [vxlan]() {
 0)               |    synchronize_net() {
 0)   7.775 us    |      synchronize_rcu_expedited();
 0)   8.235 us    |    }
 0)   8.697 us    |  }
 0)               |  vxlan_sock_release [vxlan]() {
 0)               |    synchronize_net() {
 0) + 15.179 us   |      synchronize_rcu_expedited();
 0) + 15.609 us   |    }
 0) + 16.070 us   |  }
 0)               |  vxlan_sock_release [vxlan]() {
 0)               |    synchronize_net() {
 0)   8.296 us    |      synchronize_rcu_expedited();
 0)   8.716 us    |    }
 0)   9.178 us    |  }
 0)               |  vxlan_sock_release [vxlan]() {
 0)               |    synchronize_net() {
 0)   8.125 us    |      synchronize_rcu_expedited();
 0)   8.556 us    |    }
 0)   9.037 us    |  }
 0)               |  vxlan_sock_release [vxlan]() {
 0)               |    synchronize_net() {
 0)   8.325 us    |      synchronize_rcu_expedited();
 0)   8.837 us    |    }
 0)   9.297 us    |  }
 0)               |  vxlan_sock_release [vxlan]() {
 0)               |    synchronize_net() {
 0)   8.255 us    |      synchronize_rcu_expedited();
 0)   8.686 us    |    }
 0)   9.137 us    |  }
 0)               |  vxlan_sock_release [vxlan]() {
 0)               |    synchronize_net() {
 0)   8.195 us    |      synchronize_rcu_expedited();
 0)   8.627 us    |    }
 0)   9.077 us    |  }
 0)               |  vxlan_sock_release [vxlan]() {
 0)               |    synchronize_net() {
 0)   8.295 us    |      synchronize_rcu_expedited();
 0)   8.717 us    |    }
 0)   9.337 us    |  }
 0)               |  vxlan_sock_release [vxlan]() {
 0)               |    synchronize_net() {
 0)   8.095 us    |      synchronize_rcu_expedited();
 0)   8.516 us    |    }
 0)   9.087 us    |  }
 0)               |  vxlan_sock_release [vxlan]() {
 0)               |    synchronize_net() {
 0)   8.105 us    |      synchronize_rcu_expedited();
 0)   8.536 us    |    }
 0)   9.067 us    |  }
 0)               |  vxlan_sock_release [vxlan]() {
 0)               |    synchronize_net() {
 0)   7.744 us    |      synchronize_rcu_expedited();
 0)   8.176 us    |    }
 0)   8.636 us    |  }
 0)               |  vxlan_sock_release [vxlan]() {
 0)               |    synchronize_net() {
 0)   7.864 us    |      synchronize_rcu_expedited();
 0)   8.276 us    |    }
 0)   8.736 us    |  }
 0)               |  vxlan_sock_release [vxlan]() {
 0)               |    synchronize_net() {
 0)   7.935 us    |      synchronize_rcu_expedited();
 0)   8.365 us    |    }
 0)   8.817 us    |  }
 0)               |  vxlan_sock_release [vxlan]() {
 0)               |    synchronize_net() {
 0)   7.735 us    |      synchronize_rcu_expedited();
 0)   8.155 us    |    }
 0)   8.607 us    |  }
 0)               |  vxlan_sock_release [vxlan]() {
 0)               |    synchronize_net() {
 0)   7.815 us    |      synchronize_rcu_expedited();
 0)   8.245 us    |    }
 0)   8.696 us    |  }
 0)               |  vxlan_sock_release [vxlan]() {
 0)               |    synchronize_net() {
 0)   8.015 us    |      synchronize_rcu_expedited();
 0)   8.435 us    |    }
 0)   8.917 us    |  }
 0)               |  vxlan_sock_release [vxlan]() {
 0)               |    synchronize_net() {
 0)   7.805 us    |      synchronize_rcu_expedited();
 0)   8.225 us    |    }
 0)   8.697 us    |  }
 0)               |  vxlan_sock_release [vxlan]() {
 0)               |    synchronize_net() {
 0)   7.855 us    |      synchronize_rcu_expedited();
 0)   8.275 us    |    }
 0)   8.807 us    |  }
 0)               |  vxlan_sock_release [vxlan]() {
 0)               |    synchronize_net() {
 0)   7.785 us    |      synchronize_rcu_expedited();
 0)   8.195 us    |    }
 0)   8.667 us    |  }
 0)               |  vxlan_sock_release [vxlan]() {
 0)               |    synchronize_net() {
 0)   7.785 us    |      synchronize_rcu_expedited();
 0)   8.215 us    |    }
 0)   8.696 us    |  }
 0)               |  vxlan_sock_release [vxlan]() {
 0)               |    synchronize_net() {
 0)   7.725 us    |      synchronize_rcu_expedited();
 0)   8.145 us    |    }
 0)   8.596 us    |  }
 0)               |  vxlan_sock_release [vxlan]() {
 0)               |    synchronize_net() {
 0)   7.785 us    |      synchronize_rcu_expedited();
 0)   8.205 us    |    }
 0)   8.657 us    |  }
 0)               |  vxlan_sock_release [vxlan]() {
 0)               |    synchronize_net() {
 0)   7.765 us    |      synchronize_rcu_expedited();
 0)   8.185 us    |    }
 0)   8.707 us    |  }
 0)               |  vxlan_sock_release [vxlan]() {
 0)               |    synchronize_net() {
 0)   7.875 us    |      synchronize_rcu_expedited();
 0)   8.296 us    |    }
 0)   9.006 us    |  }
 0)               |  vxlan_sock_release [vxlan]() {
 0)               |    synchronize_net() {
 0)   7.804 us    |      synchronize_rcu_expedited();
 0)   8.226 us    |    }
 0)   8.827 us    |  }
 0)               |  vxlan_sock_release [vxlan]() {
 0)               |    synchronize_net() {
 0)   7.754 us    |      synchronize_rcu_expedited();
 0)   8.186 us    |    }
 0)   8.636 us    |  }
 0)               |  vxlan_sock_release [vxlan]() {
 0)               |    synchronize_net() {
 0)   8.136 us    |      synchronize_rcu_expedited();
 0)   8.556 us    |    }
 0)   9.007 us    |  }
 0)               |  vxlan_sock_release [vxlan]() {
 0)               |    synchronize_net() {
 0)   7.865 us    |      synchronize_rcu_expedited();
 0)   8.285 us    |    }
 0)   8.747 us    |  }
 0)               |  vxlan_sock_release [vxlan]() {
 0)               |    synchronize_net() {
 0)   7.835 us    |      synchronize_rcu_expedited();
 0)   8.245 us    |    }
 0)   8.777 us    |  }
 0)               |  vxlan_sock_release [vxlan]() {
 0)               |    synchronize_net() {
 0)   7.865 us    |      synchronize_rcu_expedited();
 0)   8.285 us    |    }
 0)   8.737 us    |  }
 0)               |  vxlan_sock_release [vxlan]() {
 0)               |    synchronize_net() {
 0)   7.885 us    |      synchronize_rcu_expedited();
 0)   8.306 us    |    }
 0)   8.746 us    |  }
 0)               |  vxlan_sock_release [vxlan]() {
 0)               |    synchronize_net() {
 0)   7.775 us    |      synchronize_rcu_expedited();
 0)   8.205 us    |    }
 0)   8.696 us    |  }
 0)               |  vxlan_sock_release [vxlan]() {
 0)               |    synchronize_net() {
 0)   7.945 us    |      synchronize_rcu_expedited();
 0)   8.355 us    |    }
 0)   8.867 us    |  }
 0)               |  vxlan_sock_release [vxlan]() {
 0)               |    synchronize_net() {
 0)   7.805 us    |      synchronize_rcu_expedited();
 0)   8.225 us    |    }
 0)   8.686 us    |  }
 0)               |  vxlan_sock_release [vxlan]() {
 0)               |    synchronize_net() {
 0)   7.885 us    |      synchronize_rcu_expedited();
 0)   8.306 us    |    }
 0)   8.766 us    |  }
 0)               |  vxlan_sock_release [vxlan]() {
 0)               |    synchronize_net() {
 0)   8.236 us    |      synchronize_rcu_expedited();
 0)   8.656 us    |    }
 0)   9.107 us    |  }
 0)               |  vxlan_sock_release [vxlan]() {
 0)               |    synchronize_net() {
 0)   7.895 us    |      synchronize_rcu_expedited();
 0)   8.325 us    |    }
 0)   8.787 us    |  }
 0)               |  vxlan_sock_release [vxlan]() {
 0)               |    synchronize_net() {
 0)   7.855 us    |      synchronize_rcu_expedited();
 0)   8.286 us    |    }
 0)   8.736 us    |  }
 0)               |  vxlan_sock_release [vxlan]() {
 0)               |    synchronize_net() {
 0)   7.924 us    |      synchronize_rcu_expedited();
 0)   8.356 us    |    }
 0)   8.856 us    |  }
 0)               |  vxlan_sock_release [vxlan]() {
 0)               |    synchronize_net() {
 0)   7.915 us    |      synchronize_rcu_expedited();
 0)   8.336 us    |    }
 0)   9.248 us    |  }
 0)               |  vxlan_sock_release [vxlan]() {
 0)               |    synchronize_net() {
 0)   7.835 us    |      synchronize_rcu_expedited();
 0)   8.255 us    |    }
 0)   8.696 us    |  }
 0)               |  vxlan_sock_release [vxlan]() {
 0)               |    synchronize_net() {
 0)   7.814 us    |      synchronize_rcu_expedited();
 0)   8.236 us    |    }
 0)   8.676 us    |  }
 0)               |  vxlan_sock_release [vxlan]() {
 0)               |    synchronize_net() {
 0)   7.844 us    |      synchronize_rcu_expedited();
 0)   8.376 us    |    }
 0)   9.057 us    |  }
 0)               |  vxlan_sock_release [vxlan]() {
 0)               |    synchronize_net() {
 0)   7.915 us    |      synchronize_rcu_expedited();
 0)   8.336 us    |    }
 0)   8.787 us    |  }
 0)               |  vxlan_sock_release [vxlan]() {
 0)               |    synchronize_net() {
 0)   8.275 us    |      synchronize_rcu_expedited();
 0)   8.697 us    |    }
 0)   9.207 us    |  }
 0)               |  vxlan_sock_release [vxlan]() {
 0)               |    synchronize_net() {
 0)   7.924 us    |      synchronize_rcu_expedited();
 0)   8.346 us    |    }
 0)   8.806 us    |  }
 0)               |  vxlan_sock_release [vxlan]() {
 0)               |    synchronize_net() {
 0)   7.925 us    |      synchronize_rcu_expedited();
 0)   8.356 us    |    }
 0)   8.816 us    |  }
 0)               |  vxlan_sock_release [vxlan]() {
 0)               |    synchronize_net() {
 0)   7.875 us    |      synchronize_rcu_expedited();
 0)   8.295 us    |    }
 0)   8.757 us    |  }
 0)               |  vxlan_sock_release [vxlan]() {
 0)               |    synchronize_net() {
 0)   7.915 us    |      synchronize_rcu_expedited();
 0)   8.396 us    |    }
 0)   8.906 us    |  }
 0)               |  vxlan_sock_release [vxlan]() {
 0)               |    synchronize_net() {
 0)   7.925 us    |      synchronize_rcu_expedited();
 0)   8.356 us    |    }
 0)   8.807 us    |  }
 0)               |  vxlan_sock_release [vxlan]() {
 0)               |    synchronize_net() {
 0)   7.845 us    |      synchronize_rcu_expedited();
 0)   8.265 us    |    }
 0)   8.727 us    |  }
 0)               |  vxlan_sock_release [vxlan]() {
 0)               |    synchronize_net() {
 0)   7.894 us    |      synchronize_rcu_expedited();
 0)   8.316 us    |    }
 0)   8.846 us    |  }
 0)               |  vxlan_sock_release [vxlan]() {
 0)               |    synchronize_net() {
 0)   7.935 us    |      synchronize_rcu_expedited();
 0)   8.355 us    |    }
 0)   8.967 us    |  }
 0)               |  vxlan_sock_release [vxlan]() {
 0)               |    synchronize_net() {
 0) + 20.438 us   |      synchronize_rcu_expedited();
 0) + 20.869 us   |    }
 0) + 21.330 us   |  }
 0)               |  vxlan_sock_release [vxlan]() {
 0)               |    synchronize_net() {
 0)   8.396 us    |      synchronize_rcu_expedited();
 0)   8.977 us    |    }
 0)   9.438 us    |  }
 0)               |  vxlan_sock_release [vxlan]() {
 0)               |    synchronize_net() {
 0)   8.255 us    |      synchronize_rcu_expedited();
 0)   8.687 us    |    }
 0)   9.307 us    |  }
 0)               |  vxlan_sock_release [vxlan]() {
 0)               |    synchronize_net() {
 0)   8.286 us    |      synchronize_rcu_expedited();
 0)   8.716 us    |    }
 0)   9.188 us    |  }
 0)               |  vxlan_sock_release [vxlan]() {
 0)               |    synchronize_net() {
 0)   8.166 us    |      synchronize_rcu_expedited();
 0)   8.596 us    |    }
 0)   9.057 us    |  }
 0)               |  vxlan_sock_release [vxlan]() {
 0)               |    synchronize_net() {
 0)   8.245 us    |      synchronize_rcu_expedited();
 0)   8.666 us    |    }
 0)   9.127 us    |  }
 0)               |  vxlan_sock_release [vxlan]() {
 0)               |    synchronize_net() {
 0)   8.295 us    |      synchronize_rcu_expedited();
 0)   8.717 us    |    }
 0)   9.177 us    |  }
 0)               |  vxlan_sock_release [vxlan]() {
 0)               |    synchronize_net() {
 0)   8.205 us    |      synchronize_rcu_expedited();
 0)   8.636 us    |    }
 0)   9.077 us    |  }
 0)               |  vxlan_sock_release [vxlan]() {
 0)               |    synchronize_net() {
 0)   8.206 us    |      synchronize_rcu_expedited();
 0)   8.626 us    |    }
 0)   9.168 us    |  }
 0)               |  vxlan_sock_release [vxlan]() {
 0)               |    synchronize_net() {
 0)   7.765 us    |      synchronize_rcu_expedited();
 0)   8.185 us    |    }
 0)   8.636 us    |  }
 0)               |  vxlan_sock_release [vxlan]() {
 0)               |    synchronize_net() {
 0)   7.885 us    |      synchronize_rcu_expedited();
 0)   8.295 us    |    }
 0)   8.907 us    |  }
 0)               |  vxlan_sock_release [vxlan]() {
 0)               |    synchronize_net() {
 0)   7.864 us    |      synchronize_rcu_expedited();
 0)   8.276 us    |    }
 0)   8.736 us    |  }
 0)               |  vxlan_sock_release [vxlan]() {
 0)               |    synchronize_net() {
 0)   7.814 us    |      synchronize_rcu_expedited();
 0)   8.236 us    |    }
 0)   8.696 us    |  }
 0)               |  vxlan_sock_release [vxlan]() {
 0)               |    synchronize_net() {
 0)   7.935 us    |      synchronize_rcu_expedited();
 0)   8.356 us    |    }
 0)   8.796 us    |  }
 0)               |  vxlan_sock_release [vxlan]() {
 0)               |    synchronize_net() {
 0)   7.955 us    |      synchronize_rcu_expedited();
 0)   8.375 us    |    }
 0)   8.837 us    |  }
 0)               |  vxlan_sock_release [vxlan]() {
 0)               |    synchronize_net() {
 0) + 11.221 us   |      synchronize_rcu_expedited();
 0) + 12.573 us   |    }
 0) + 14.147 us   |  }
 0)               |  vxlan_sock_release [vxlan]() {
 0)               |    synchronize_net() {
 0) + 48.261 us   |      synchronize_rcu_expedited();
 0) + 50.755 us   |    }
 0) + 53.501 us   |  }
 0)               |  vxlan_sock_release [vxlan]() {
 0)               |    synchronize_net() {
 0) + 89.198 us   |      synchronize_rcu_expedited();
 0) + 91.682 us   |    }
 0) + 94.397 us   |  }
 0)               |  vxlan_sock_release [vxlan]() {
 0)               |    synchronize_net() {
 0) + 48.711 us   |      synchronize_rcu_expedited();
 0) + 51.216 us   |    }
 0) + 54.402 us   |  }
 0)               |  vxlan_sock_release [vxlan]() {
 0)               |    synchronize_net() {
 0) + 48.261 us   |      synchronize_rcu_expedited();
 0) + 50.765 us   |    }
 0) + 53.451 us   |  }
 0)               |  vxlan_sock_release [vxlan]() {
 0)               |    synchronize_net() {
 0) + 32.691 us   |      synchronize_rcu_expedited();
 0) + 34.264 us   |    }
 0) + 35.917 us   |  }
 0)               |  vxlan_sock_release [vxlan]() {
 0)               |    synchronize_net() {
 0)   8.366 us    |      synchronize_rcu_expedited();
 0)   8.796 us    |    }
 0)   9.248 us    |  }
 0)               |  vxlan_sock_release [vxlan]() {
 0)               |    synchronize_net() {
 0)   8.266 us    |      synchronize_rcu_expedited();
 0)   8.686 us    |    }
 0)   9.157 us    |  }
 0)               |  vxlan_sock_release [vxlan]() {
 0)               |    synchronize_net() {
 0)   8.376 us    |      synchronize_rcu_expedited();
 0)   8.806 us    |    }
 0)   9.268 us    |  }
 0)               |  vxlan_sock_release [vxlan]() {
 0)               |    synchronize_net() {
 0) + 10.059 us   |      synchronize_rcu_expedited();
 0) + 10.510 us   |    }
 0) + 10.991 us   |  }
 0)               |  vxlan_sock_release [vxlan]() {
 0)               |    synchronize_net() {
 0)   8.306 us    |      synchronize_rcu_expedited();
 0)   8.726 us    |    }
 0)   9.257 us    |  }
 0)               |  vxlan_sock_release [vxlan]() {
 0)               |    synchronize_net() {
 0) + 12.042 us   |      synchronize_rcu_expedited();
 0) + 12.463 us   |    }
 0) + 13.014 us   |  }
 0)               |  vxlan_sock_release [vxlan]() {
 0)               |    synchronize_net() {
 0)   8.185 us    |      synchronize_rcu_expedited();
 0)   8.606 us    |    }
 0)   9.077 us    |  }
 0)               |  vxlan_sock_release [vxlan]() {
 0)               |    synchronize_net() {
 0)   7.835 us    |      synchronize_rcu_expedited();
 0)   8.265 us    |    }
 0)   8.727 us    |  }
 0)               |  vxlan_sock_release [vxlan]() {
 0)               |    synchronize_net() {
 0)   7.905 us    |      synchronize_rcu_expedited();
 0)   8.326 us    |    }
 0)   8.796 us    |  }
 0)               |  vxlan_sock_release [vxlan]() {
 0)               |    synchronize_net() {
 0)   7.814 us    |      synchronize_rcu_expedited();
 0)   8.236 us    |    }
 0)   8.706 us    |  }
 0)               |  vxlan_sock_release [vxlan]() {
 0)               |    synchronize_net() {
 0)   7.895 us    |      synchronize_rcu_expedited();
 0)   8.336 us    |    }
 0)   8.786 us    |  }
 0)               |  vxlan_sock_release [vxlan]() {
 0)               |    synchronize_net() {
 0)   7.805 us    |      synchronize_rcu_expedited();
 0)   8.235 us    |    }
 0)   8.706 us    |  }
 0)               |  vxlan_sock_release [vxlan]() {
 0)               |    synchronize_net() {
 0)   8.125 us    |      synchronize_rcu_expedited();
 0)   8.556 us    |    }
 0)   9.007 us    |  }
 0)               |  vxlan_sock_release [vxlan]() {
 0)               |    synchronize_net() {
 0)   8.055 us    |      synchronize_rcu_expedited();
 0)   8.476 us    |    }
 0)   9.348 us    |  }
 0)               |  vxlan_sock_release [vxlan]() {
 0)               |    synchronize_net() {
 0)   7.955 us    |      synchronize_rcu_expedited();
 0)   8.386 us    |    }
 0)   8.946 us    |  }
 0)               |  vxlan_sock_release [vxlan]() {
 0)               |    synchronize_net() {
 0)   7.845 us    |      synchronize_rcu_expedited();
 0)   8.266 us    |    }
 0)   8.726 us    |  }
 0)               |  vxlan_sock_release [vxlan]() {
 0)               |    synchronize_net() {
 0)   7.905 us    |      synchronize_rcu_expedited();
 0)   8.335 us    |    }
 0)   8.857 us    |  }
 0)               |  vxlan_sock_release [vxlan]() {
 0)               |    synchronize_net() {
 0)   8.106 us    |      synchronize_rcu_expedited();
 0)   8.536 us    |    }
 0)   9.007 us    |  }
 0)               |  vxlan_sock_release [vxlan]() {
 0)               |    synchronize_net() {
 0)   7.885 us    |      synchronize_rcu_expedited();
 0)   8.316 us    |    }
 0)   8.777 us    |  }
 0)               |  vxlan_sock_release [vxlan]() {
 0)               |    synchronize_net() {
 0)   7.935 us    |      synchronize_rcu_expedited();
 0)   8.365 us    |    }
 0)   8.837 us    |  }
 0)               |  vxlan_sock_release [vxlan]() {
 0)               |    synchronize_net() {
 0)   7.895 us    |      synchronize_rcu_expedited();
 0)   8.316 us    |    }
 0)   8.767 us    |  }
 0)               |  vxlan_sock_release [vxlan]() {
 0)               |    synchronize_net() {
 0)   7.725 us    |      synchronize_rcu_expedited();
 0)   8.155 us    |    }
 0)   8.616 us    |  }
 0)               |  vxlan_sock_release [vxlan]() {
 0)               |    synchronize_net() {
 0)   8.246 us    |      synchronize_rcu_expedited();
 0)   8.676 us    |    }
 0)   9.127 us    |  }
 0)               |  vxlan_sock_release [vxlan]() {
 0)               |    synchronize_net() {
 0)   7.915 us    |      synchronize_rcu_expedited();
 0)   8.345 us    |    }
 0)   8.797 us    |  }
 0)               |  vxlan_sock_release [vxlan]() {
 0)               |    synchronize_net() {
 0)   7.875 us    |      synchronize_rcu_expedited();
 0)   8.305 us    |    }
 0)   8.767 us    |  }
 0)               |  vxlan_sock_release [vxlan]() {
 0)               |    synchronize_net() {
 0)   7.855 us    |      synchronize_rcu_expedited();
 0)   8.266 us    |    }
 0)   8.726 us    |  }
 0)               |  vxlan_sock_release [vxlan]() {
 0)               |    synchronize_net() {
 0)   7.834 us    |      synchronize_rcu_expedited();
 0)   8.256 us    |    }
 0)   8.706 us    |  }
 0)               |  vxlan_sock_release [vxlan]() {
 0)               |    synchronize_net() {
 0)   7.935 us    |      synchronize_rcu_expedited();
 0)   8.366 us    |    }
 0)   8.816 us    |  }
 0)               |  vxlan_sock_release [vxlan]() {
 0)               |    synchronize_net() {
 0) + 16.561 us   |      synchronize_rcu_expedited();
 0) + 16.981 us   |    }
 0) + 17.443 us   |  }
 0)               |  vxlan_sock_release [vxlan]() {
 0)               |    synchronize_net() {
 0)   8.416 us    |      synchronize_rcu_expedited();
 0)   8.847 us    |    }
 0)   9.477 us    |  }
 0)               |  vxlan_sock_release [vxlan]() {
 0)               |    synchronize_net() {
 0)   8.235 us    |      synchronize_rcu_expedited();
 0)   8.646 us    |    }
 0)   9.127 us    |  }
 0)               |  vxlan_sock_release [vxlan]() {
 0)               |    synchronize_net() {
 0)   8.216 us    |      synchronize_rcu_expedited();
 0)   8.646 us    |    }
 0)   9.107 us    |  }
 0)               |  vxlan_sock_release [vxlan]() {
 0)               |    synchronize_net() {
 0)   8.255 us    |      synchronize_rcu_expedited();
 0)   8.677 us    |    }
 0)   9.127 us    |  }
 0)               |  vxlan_sock_release [vxlan]() {
 0)               |    synchronize_net() {
 0)   8.236 us    |      synchronize_rcu_expedited();
 0)   8.666 us    |    }
 0)   9.137 us    |  }
 0)               |  vxlan_sock_release [vxlan]() {
 0)               |    synchronize_net() {
 0)   8.306 us    |      synchronize_rcu_expedited();
 0)   8.736 us    |    }
 0)   9.208 us    |  }
 0)               |  vxlan_sock_release [vxlan]() {
 0)               |    synchronize_net() {
 0)   8.125 us    |      synchronize_rcu_expedited();
 0)   8.546 us    |    }
 0)   8.997 us    |  }
 0)               |  vxlan_sock_release [vxlan]() {
 0)               |    synchronize_net() {
 0)   8.215 us    |      synchronize_rcu_expedited();
 0)   8.636 us    |    }
 0)   9.107 us    |  }
 0)               |  vxlan_sock_release [vxlan]() {
 0)               |    synchronize_net() {
 0)   7.814 us    |      synchronize_rcu_expedited();
 0)   8.236 us    |    }
 0)   8.696 us    |  }
 0)               |  vxlan_sock_release [vxlan]() {
 0)               |    synchronize_net() {
 0)   7.905 us    |      synchronize_rcu_expedited();
 0)   8.366 us    |    }
 0)   8.907 us    |  }
 0)               |  vxlan_sock_release [vxlan]() {
 0)               |    synchronize_net() {
 0)   7.905 us    |      synchronize_rcu_expedited();
 0)   8.385 us    |    }
 0)   8.847 us    |  }
 0)               |  vxlan_sock_release [vxlan]() {
 0)               |    synchronize_net() {
 0)   7.975 us    |      synchronize_rcu_expedited();
 0)   8.386 us    |    }
 0)   8.846 us    |  }
 0)               |  vxlan_sock_release [vxlan]() {
 0)               |    synchronize_net() {
 0)   7.905 us    |      synchronize_rcu_expedited();
 0)   8.326 us    |    }
 0)   8.816 us    |  }
 0)               |  vxlan_sock_release [vxlan]() {
 0)               |    synchronize_net() {
 0)   7.835 us    |      synchronize_rcu_expedited();
 0)   8.265 us    |    }
 0)   8.726 us    |  }
 0)               |  vxlan_sock_release [vxlan]() {
 0)               |    synchronize_net() {
 0)   7.815 us    |      synchronize_rcu_expedited();
 0)   8.235 us    |    }
 0)   8.697 us    |  }
 0)               |  vxlan_sock_release [vxlan]() {
 0)               |    synchronize_net() {
 0)   7.915 us    |      synchronize_rcu_expedited();
 0)   8.345 us    |    }
 0)   8.857 us    |  }
 0)               |  vxlan_sock_release [vxlan]() {
 0)               |    synchronize_net() {
 0)   8.215 us    |      synchronize_rcu_expedited();
 0)   8.636 us    |    }
 0)   9.257 us    |  }
 0)               |  vxlan_sock_release [vxlan]() {
 0)               |    synchronize_net() {
 0)   7.965 us    |      synchronize_rcu_expedited();
 0)   8.406 us    |    }
 0)   8.856 us    |  }
 0)               |  vxlan_sock_release [vxlan]() {
 0)               |    synchronize_net() {
 0)   7.975 us    |      synchronize_rcu_expedited();
 0)   8.395 us    |    }
 0)   8.997 us    |  }
 0)               |  vxlan_sock_release [vxlan]() {
 0)               |    synchronize_net() {
 0)   7.885 us    |      synchronize_rcu_expedited();
 0)   8.315 us    |    }
 0)   8.837 us    |  }
 0)               |  vxlan_sock_release [vxlan]() {
 0)               |    synchronize_net() {
 0)   7.945 us    |      synchronize_rcu_expedited();
 0)   8.366 us    |    }
 0)   8.837 us    |  }
 0)               |  vxlan_sock_release [vxlan]() {
 0)               |    synchronize_net() {
 0)   7.985 us    |      synchronize_rcu_expedited();
 0)   8.566 us    |    }
 0)   9.077 us    |  }
 0)               |  vxlan_sock_release [vxlan]() {
 0)               |    synchronize_net() {
 0)   7.965 us    |      synchronize_rcu_expedited();
 0)   8.396 us    |    }
 0)   8.917 us    |  }
 0)               |  vxlan_sock_release [vxlan]() {
 0)               |    synchronize_net() {
 0)   7.905 us    |      synchronize_rcu_expedited();
 0)   8.315 us    |    }
 0)   8.847 us    |  }
 0)               |  vxlan_sock_release [vxlan]() {
 0)               |    synchronize_net() {
 0)   7.734 us    |      synchronize_rcu_expedited();
 0)   8.166 us    |    }
 0)   8.616 us    |  }
 0)               |  vxlan_sock_release [vxlan]() {
 0)               |    synchronize_net() {
 0)   8.276 us    |      synchronize_rcu_expedited();
 0)   8.706 us    |    }
 0)   9.217 us    |  }
 0)               |  vxlan_sock_release [vxlan]() {
 0)               |    synchronize_net() {
 0) + 15.149 us   |      synchronize_rcu_expedited();
 0) + 15.569 us   |    }
 0) + 16.020 us   |  }
 0)               |  vxlan_sock_release [vxlan]() {
 0)               |    synchronize_net() {
 0)   8.225 us    |      synchronize_rcu_expedited();
 0)   8.646 us    |    }
 0)   9.197 us    |  }
 0)               |  vxlan_sock_release [vxlan]() {
 0)               |    synchronize_net() {
 0)   8.185 us    |      synchronize_rcu_expedited();
 0)   8.616 us    |    }
 0)   9.067 us    |  }
 0)               |  vxlan_sock_release [vxlan]() {
 0)               |    synchronize_net() {
 0)   8.245 us    |      synchronize_rcu_expedited();
 0)   8.677 us    |    }
 0)   9.187 us    |  }
 0)               |  vxlan_sock_release [vxlan]() {
 0)               |    synchronize_net() {
 0)   8.185 us    |      synchronize_rcu_expedited();
 0)   8.606 us    |    }
 0)   9.067 us    |  }
 0)               |  vxlan_sock_release [vxlan]() {
 0)               |    synchronize_net() {
 0)   8.206 us    |      synchronize_rcu_expedited();
 0)   8.636 us    |    }
 0)   9.097 us    |  }
 0)               |  vxlan_sock_release [vxlan]() {
 0)               |    synchronize_net() {
 0)   8.306 us    |      synchronize_rcu_expedited();
 0)   8.736 us    |    }
 0)   9.378 us    |  }
 0)               |  vxlan_sock_release [vxlan]() {
 0)               |    synchronize_net() {
 0)   8.176 us    |      synchronize_rcu_expedited();
 0)   8.606 us    |    }
 0)   9.077 us    |  }
 0)               |  vxlan_sock_release [vxlan]() {
 0)               |    synchronize_net() {
 0)   8.386 us    |      synchronize_rcu_expedited();
 0)   8.806 us    |    }
 0)   9.268 us    |  }
 0)               |  vxlan_sock_release [vxlan]() {
 0)               |    synchronize_net() {
 0)   8.005 us    |      synchronize_rcu_expedited();
 0)   8.436 us    |    }
 0)   8.896 us    |  }
 0)               |  vxlan_sock_release [vxlan]() {
 0)               |    synchronize_net() {
 0)   7.985 us    |      synchronize_rcu_expedited();
 0)   8.415 us    |    }
 0)   8.887 us    |  }
 0)               |  vxlan_sock_release [vxlan]() {
 0)               |    synchronize_net() {
 0)   7.975 us    |      synchronize_rcu_expedited();
 0)   8.396 us    |    }
 0)   8.846 us    |  }
 0)               |  vxlan_sock_release [vxlan]() {
 0)               |    synchronize_net() {
 0)   7.965 us    |      synchronize_rcu_expedited();
 0)   8.416 us    |    }
 0)   8.887 us    |  }
 0)               |  vxlan_sock_release [vxlan]() {
 0)               |    synchronize_net() {
 0)   7.915 us    |      synchronize_rcu_expedited();
 0)   8.335 us    |    }
 0)   8.797 us    |  }
 0)               |  vxlan_sock_release [vxlan]() {
 0)               |    synchronize_net() {
 0)   7.775 us    |      synchronize_rcu_expedited();
 0)   8.235 us    |    }
 0)   8.697 us    |  }
 0)               |  vxlan_sock_release [vxlan]() {
 0)               |    synchronize_net() {
 0)   8.005 us    |      synchronize_rcu_expedited();
 0)   8.426 us    |    }
 0)   8.887 us    |  }
 0)               |  vxlan_sock_release [vxlan]() {
 0)               |    synchronize_net() {
 0)   7.854 us    |      synchronize_rcu_expedited();
 0)   8.286 us    |    }
 0)   8.746 us    |  }
 0)               |  vxlan_sock_release [vxlan]() {
 0)               |    synchronize_net() {
 0)   8.566 us    |      synchronize_rcu_expedited();
 0)   8.987 us    |    }
 0)   9.458 us    |  }
 0)               |  vxlan_sock_release [vxlan]() {
 0)               |    synchronize_net() {
 0)   7.965 us    |      synchronize_rcu_expedited();
 0)   8.385 us    |    }
 0)   8.927 us    |  }
 0)               |  vxlan_sock_release [vxlan]() {
 0)               |    synchronize_net() {
 0)   8.035 us    |      synchronize_rcu_expedited();
 0)   8.456 us    |    }
 0)   8.927 us    |  }
 0)               |  vxlan_sock_release [vxlan]() {
 0)               |    synchronize_net() {
 0)   7.995 us    |      synchronize_rcu_expedited();
 0)   8.416 us    |    }
 0)   8.937 us    |  }
 0)               |  vxlan_sock_release [vxlan]() {
 0)               |    synchronize_net() {
 0)   7.875 us    |      synchronize_rcu_expedited();
 0)   8.305 us    |    }
 0)   8.757 us    |  }
 0)               |  vxlan_sock_release [vxlan]() {
 0)               |    synchronize_net() {
 0)   7.855 us    |      synchronize_rcu_expedited();
 0)   8.265 us    |    }
 0)   8.897 us    |  }
 0)               |  vxlan_sock_release [vxlan]() {
 0)               |    synchronize_net() {
 0)   7.975 us    |      synchronize_rcu_expedited();
 0)   8.406 us    |    }
 0)   8.876 us    |  }
 0)               |  vxlan_sock_release [vxlan]() {
 0)               |    synchronize_net() {
 0)   7.825 us    |      synchronize_rcu_expedited();
 0)   8.245 us    |    }
 0)   8.696 us    |  }
 0)               |  vxlan_sock_release [vxlan]() {
 0)               |    synchronize_net() {
 0)   7.845 us    |      synchronize_rcu_expedited();
 0)   8.275 us    |    }
 0)   8.737 us    |  }
 0)               |  vxlan_sock_release [vxlan]() {
 0)               |    synchronize_net() {
 0)   8.416 us    |      synchronize_rcu_expedited();
 0)   8.846 us    |    }
 0)   9.308 us    |  }
 0)               |  vxlan_sock_release [vxlan]() {
 0)               |    synchronize_net() {
 0)   7.865 us    |      synchronize_rcu_expedited();
 0)   8.285 us    |    }
 0)   8.757 us    |  }
 0)               |  vxlan_sock_release [vxlan]() {
 0)               |    synchronize_net() {
 0)   7.815 us    |      synchronize_rcu_expedited();
 0)   8.376 us    |    }
 0)   8.837 us    |  }
 0)               |  vxlan_sock_release [vxlan]() {
 0)               |    synchronize_net() {
 0)   8.035 us    |      synchronize_rcu_expedited();
 0)   8.456 us    |    }
 0)   8.916 us    |  }
 0)               |  vxlan_sock_release [vxlan]() {
 0)               |    synchronize_net() {
 0)   7.845 us    |      synchronize_rcu_expedited();
 0)   8.265 us    |    }
 0)   8.777 us    |  }
 0)               |  vxlan_sock_release [vxlan]() {
 0)               |    synchronize_net() {
 0)   7.914 us    |      synchronize_rcu_expedited();
 0)   8.376 us    |    }
 0)   8.886 us    |  }
 0)               |  vxlan_sock_release [vxlan]() {
 0)               |    synchronize_net() {
 0)   7.775 us    |      synchronize_rcu_expedited();
 0)   8.195 us    |    }
 0)   8.737 us    |  }
 0)               |  vxlan_sock_release [vxlan]() {
 0)               |    synchronize_net() {
 0)   7.905 us    |      synchronize_rcu_expedited();
 0)   8.325 us    |    }
 0)   8.797 us    |  }
 0)               |  vxlan_sock_release [vxlan]() {
 0)               |    synchronize_net() {
 0)   7.815 us    |      synchronize_rcu_expedited();
 0)   8.245 us    |    }
 0)   8.757 us    |  }
 0)               |  vxlan_sock_release [vxlan]() {
 0)               |    synchronize_net() {
 0)   8.346 us    |      synchronize_rcu_expedited();
 0)   8.766 us    |    }
 0)   9.287 us    |  }
 0)               |  vxlan_sock_release [vxlan]() {
 0)               |    synchronize_net() {
 0)   8.075 us    |      synchronize_rcu_expedited();
 0)   8.496 us    |    }
 0)   8.957 us    |  }
 0)               |  vxlan_sock_release [vxlan]() {
 0)               |    synchronize_net() {
 0)   7.914 us    |      synchronize_rcu_expedited();
 0)   8.336 us    |    }
 0)   8.937 us    |  }
 0)               |  vxlan_sock_release [vxlan]() {
 0)               |    synchronize_net() {
 0)   7.915 us    |      synchronize_rcu_expedited();
 0)   8.335 us    |    }
 0)   9.017 us    |  }
 0)               |  vxlan_sock_release [vxlan]() {
 0)               |    synchronize_net() {
 0)   7.845 us    |      synchronize_rcu_expedited();
 0)   8.265 us    |    }
 0)   8.777 us    |  }
 0)               |  vxlan_sock_release [vxlan]() {
 0)               |    synchronize_net() {
 0)   8.146 us    |      synchronize_rcu_expedited();
 0)   8.576 us    |    }
 0)   9.047 us    |  }
 0)               |  vxlan_sock_release [vxlan]() {
 0)               |    synchronize_net() {
 0)   7.885 us    |      synchronize_rcu_expedited();
 0)   8.315 us    |    }
 0)   8.777 us    |  }
 0)               |  vxlan_sock_release [vxlan]() {
 0)               |    synchronize_net() {
 0)   7.785 us    |      synchronize_rcu_expedited();
 0)   8.205 us    |    }
 0)   8.677 us    |  }
 0)               |  vxlan_sock_release [vxlan]() {
 0)               |    synchronize_net() {
 0)   7.945 us    |      synchronize_rcu_expedited();
 0)   8.375 us    |    }
 0)   8.837 us    |  }
 0)               |  vxlan_sock_release [vxlan]() {
 0)               |    synchronize_net() {
 0)   8.306 us    |      synchronize_rcu_expedited();
 0)   8.736 us    |    }
 0)   9.197 us    |  }
 0)               |  vxlan_sock_release [vxlan]() {
 0)               |    synchronize_net() {
 0)   7.915 us    |      synchronize_rcu_expedited();
 0)   8.346 us    |    }
 0)   8.806 us    |  }
 0)               |  vxlan_sock_release [vxlan]() {
 0)               |    synchronize_net() {
 0)   7.925 us    |      synchronize_rcu_expedited();
 0)   8.356 us    |    }
 0)   8.816 us    |  }
 0)               |  vxlan_sock_release [vxlan]() {
 0)               |    synchronize_net() {
 0) + 17.523 us   |      synchronize_rcu_expedited();
 0) + 17.954 us   |    }
 0) + 18.414 us   |  }
 0)               |  vxlan_sock_release [vxlan]() {
 0)               |    synchronize_net() {
 0)   8.286 us    |      synchronize_rcu_expedited();
 0)   8.716 us    |    }
 0)   9.187 us    |  }
 0)               |  vxlan_sock_release [vxlan]() {
 0)               |    synchronize_net() {
 0)   8.175 us    |      synchronize_rcu_expedited();
 0)   8.606 us    |    }
 0)   9.067 us    |  }
 0)               |  vxlan_sock_release [vxlan]() {
 0)               |    synchronize_net() {
 0)   8.215 us    |      synchronize_rcu_expedited();
 0)   8.637 us    |    }
 0)   9.157 us    |  }
 0)               |  vxlan_sock_release [vxlan]() {
 0)               |    synchronize_net() {
 0)   8.205 us    |      synchronize_rcu_expedited();
 0)   8.626 us    |    }
 0)   9.097 us    |  }
 0)               |  vxlan_sock_release [vxlan]() {
 0)               |    synchronize_net() {
 0)   8.266 us    |      synchronize_rcu_expedited();
 0)   8.696 us    |    }
 0)   9.228 us    |  }
 0)               |  vxlan_sock_release [vxlan]() {
 0)               |    synchronize_net() {
 0)   8.266 us    |      synchronize_rcu_expedited();
 0)   8.696 us    |    }
 0)   9.157 us    |  }
 0)               |  vxlan_sock_release [vxlan]() {
 0)               |    synchronize_net() {
 0)   8.236 us    |      synchronize_rcu_expedited();
 0)   8.656 us    |    }
 0)   9.298 us    |  }
 0)               |  vxlan_sock_release [vxlan]() {
 0)               |    synchronize_net() {
 0)   8.256 us    |      synchronize_rcu_expedited();
 0)   8.676 us    |    }
 0)   9.138 us    |  }
 0)               |  vxlan_sock_release [vxlan]() {
 0)               |    synchronize_net() {
 0)   8.025 us    |      synchronize_rcu_expedited();
 0)   8.456 us    |    }
 0)   8.917 us    |  }
 0)               |  vxlan_sock_release [vxlan]() {
 0)               |    synchronize_net() {
 0)   8.225 us    |      synchronize_rcu_expedited();
 0)   8.657 us    |    }
 0)   9.107 us    |  }
 0)               |  vxlan_sock_release [vxlan]() {
 0)               |    synchronize_net() {
 0)   7.964 us    |      synchronize_rcu_expedited();
 0)   8.406 us    |    }
 0)   8.866 us    |  }
 0)               |  vxlan_sock_release [vxlan]() {
 0)               |    synchronize_net() {
 0)   7.835 us    |      synchronize_rcu_expedited();
 0)   8.255 us    |    }
 0)   8.757 us    |  }
 0)               |  vxlan_sock_release [vxlan]() {
 0)               |    synchronize_net() {
 0)   7.785 us    |      synchronize_rcu_expedited();
 0)   8.235 us    |    }
 0)   8.687 us    |  }
 0)               |  vxlan_sock_release [vxlan]() {
 0)               |    synchronize_net() {
 0)   7.895 us    |      synchronize_rcu_expedited();
 0)   8.315 us    |    }
 0)   8.777 us    |  }
 0)               |  vxlan_sock_release [vxlan]() {
 0)               |    synchronize_net() {
 0)   8.035 us    |      synchronize_rcu_expedited();
 0)   8.456 us    |    }
 0)   8.967 us    |  }
 0)               |  vxlan_sock_release [vxlan]() {
 0)               |    synchronize_net() {
 0)   7.895 us    |      synchronize_rcu_expedited();
 0)   8.316 us    |    }
 0)   8.776 us    |  }
 0)               |  vxlan_sock_release [vxlan]() {
 0)               |    synchronize_net() {
 0)   8.315 us    |      synchronize_rcu_expedited();
 0)   8.747 us    |    }
 0)   9.207 us    |  }
 0)               |  vxlan_sock_release [vxlan]() {
 0)               |    synchronize_net() {
 0)   7.845 us    |      synchronize_rcu_expedited();
 0)   8.265 us    |    }
 0)   8.716 us    |  }
 0)               |  vxlan_sock_release [vxlan]() {
 0)               |    synchronize_net() {
 0)   7.975 us    |      synchronize_rcu_expedited();
 0)   8.396 us    |    }
 0)   8.856 us    |  }
 0)               |  vxlan_sock_release [vxlan]() {
 0)               |    synchronize_net() {
 0)   9.588 us    |      synchronize_rcu_expedited();
 0) + 10.028 us   |    }
 0) + 10.500 us   |  }
 0)               |  vxlan_sock_release [vxlan]() {
 0)               |    synchronize_net() {
 0) + 20.378 us   |      synchronize_rcu_expedited();
 0) + 20.920 us   |    }
 0) + 21.450 us   |  }
 0)               |  vxlan_sock_release [vxlan]() {
 0)               |    synchronize_net() {
 0) + 32.881 us   |      synchronize_rcu_expedited();
 0) + 33.353 us   |    }
 0) + 33.873 us   |  }
 0)               |  vxlan_sock_release [vxlan]() {
 0)               |    synchronize_net() {
 0) + 26.360 us   |      synchronize_rcu_expedited();
 0) + 26.780 us   |    }
 0) + 27.992 us   |  }
 0)               |  vxlan_sock_release [vxlan]() {
 0)               |    synchronize_net() {
 0) + 12.233 us   |      synchronize_rcu_expedited();
 0) + 12.654 us   |    }
 0) + 13.446 us   |  }
 0)               |  vxlan_sock_release [vxlan]() {
 0)               |    synchronize_net() {
 0) + 12.073 us   |      synchronize_rcu_expedited();
 0) + 12.503 us   |    }
 0) + 12.944 us   |  }
 0)               |  vxlan_sock_release [vxlan]() {
 0)               |    synchronize_net() {
 0)   8.305 us    |      synchronize_rcu_expedited();
 0)   8.727 us    |    }
 0)   9.187 us    |  }
 0)               |  vxlan_sock_release [vxlan]() {
 0)               |    synchronize_net() {
 0)   8.305 us    |      synchronize_rcu_expedited();
 0)   8.736 us    |    }
 0)   9.237 us    |  }
 0)               |  vxlan_sock_release [vxlan]() {
 0)               |    synchronize_net() {
 0)   8.245 us    |      synchronize_rcu_expedited();
 0)   8.677 us    |    }
 0)   9.117 us    |  }
 0)               |  vxlan_sock_release [vxlan]() {
 0)               |    synchronize_net() {
 0)   8.165 us    |      synchronize_rcu_expedited();
 0)   8.626 us    |    }
 0)   9.087 us    |  }
 0)               |  vxlan_sock_release [vxlan]() {
 0)               |    synchronize_net() {
 0)   8.265 us    |      synchronize_rcu_expedited();
 0)   8.696 us    |    }
 0)   9.157 us    |  }
 0)               |  vxlan_sock_release [vxlan]() {
 0)               |    synchronize_net() {
 0)   8.326 us    |      synchronize_rcu_expedited();
 0)   8.786 us    |    }
 0)   9.248 us    |  }
 0)               |  vxlan_sock_release [vxlan]() {
 0)               |    synchronize_net() {
 0)   7.955 us    |      synchronize_rcu_expedited();
 0)   8.376 us    |    }
 0)   8.837 us    |  }
 0)               |  vxlan_sock_release [vxlan]() {
 0)               |    synchronize_net() {
 0)   7.965 us    |      synchronize_rcu_expedited();
 0)   8.406 us    |    }
 0)   8.866 us    |  }
 0)               |  vxlan_sock_release [vxlan]() {
 0)               |    synchronize_net() {
 0)   7.915 us    |      synchronize_rcu_expedited();
 0)   8.346 us    |    }
 0)   8.787 us    |  }
 0)               |  vxlan_sock_release [vxlan]() {
 0)               |    synchronize_net() {
 0)   8.015 us    |      synchronize_rcu_expedited();
 0)   8.456 us    |    }
 0)   8.897 us    |  }
 0)               |  vxlan_sock_release [vxlan]() {
 0)               |    synchronize_net() {
 0)   7.814 us    |      synchronize_rcu_expedited();
 0)   8.246 us    |    }
 0)   8.776 us    |  }
 0)               |  vxlan_sock_release [vxlan]() {
 0)               |    synchronize_net() {
 0)   7.925 us    |      synchronize_rcu_expedited();
 0)   8.355 us    |    }
 0)   8.867 us    |  }
 0)               |  vxlan_sock_release [vxlan]() {
 0)               |    synchronize_net() {
 0)   7.865 us    |      synchronize_rcu_expedited();
 0)   8.286 us    |    }
 0)   8.726 us    |  }
 0)               |  vxlan_sock_release [vxlan]() {
 0)               |    synchronize_net() {
 0)   7.844 us    |      synchronize_rcu_expedited();
 0)   8.276 us    |    }
 0)   8.876 us    |  }
 0)               |  vxlan_sock_release [vxlan]() {
 0)               |    synchronize_net() {
 0)   8.346 us    |      synchronize_rcu_expedited();
 0)   8.766 us    |    }
 0)   9.328 us    |  }
 0)               |  vxlan_sock_release [vxlan]() {
 0)               |    synchronize_net() {
 0)   7.935 us    |      synchronize_rcu_expedited();
 0)   8.355 us    |    }
 0)   8.827 us    |  }
 0)               |  vxlan_sock_release [vxlan]() {
 0)               |    synchronize_net() {
 0)   7.985 us    |      synchronize_rcu_expedited();
 0)   8.416 us    |    }
 0)   8.876 us    |  }
 0)               |  vxlan_sock_release [vxlan]() {
 0)               |    synchronize_net() {
 0)   8.175 us    |      synchronize_rcu_expedited();
 0)   8.606 us    |    }
 0)   9.067 us    |  }
 0)               |  vxlan_sock_release [vxlan]() {
 0)               |    synchronize_net() {
 0)   7.985 us    |      synchronize_rcu_expedited();
 0)   8.416 us    |    }
 0)   8.876 us    |  }
 0)               |  vxlan_sock_release [vxlan]() {
 0)               |    synchronize_net() {
 0)   7.855 us    |      synchronize_rcu_expedited();
 0)   8.316 us    |    }
 0)   8.766 us    |  }
 0)               |  vxlan_sock_release [vxlan]() {
 0)               |    synchronize_net() {
 0)   7.794 us    |      synchronize_rcu_expedited();
 0)   8.226 us    |    }
 0)   8.676 us    |  }
 0)               |  vxlan_sock_release [vxlan]() {
 0)               |    synchronize_net() {
 0)   7.935 us    |      synchronize_rcu_expedited();
 0)   8.355 us    |    }
 0)   8.807 us    |  }
 0)               |  vxlan_sock_release [vxlan]() {
 0)               |    synchronize_net() {
 0)   7.885 us    |      synchronize_rcu_expedited();
 0)   8.316 us    |    }
 0)   8.766 us    |  }
 0)               |  vxlan_sock_release [vxlan]() {
 0)               |    synchronize_net() {
 0)   8.305 us    |      synchronize_rcu_expedited();
 0)   8.737 us    |    }
 0)   9.197 us    |  }
 0)               |  vxlan_sock_release [vxlan]() {
 0)               |    synchronize_net() {
 0)   7.945 us    |      synchronize_rcu_expedited();
 0)   8.366 us    |    }
 0)   8.816 us    |  }
 0)               |  vxlan_sock_release [vxlan]() {
 0)               |    synchronize_net() {
 0)   8.065 us    |      synchronize_rcu_expedited();
 0)   8.506 us    |    }
 0)   8.947 us    |  }
 0)               |  vxlan_sock_release [vxlan]() {
 0)               |    synchronize_net() {
 0)   7.904 us    |      synchronize_rcu_expedited();
 0)   8.336 us    |    }
 0)   8.796 us    |  }
 0)               |  vxlan_sock_release [vxlan]() {
 0)               |    synchronize_net() {
 0)   7.955 us    |      synchronize_rcu_expedited();
 0)   8.376 us    |    }
 0)   8.836 us    |  }
 0)               |  vxlan_sock_release [vxlan]() {
 0)               |    synchronize_net() {
 0)   7.855 us    |      synchronize_rcu_expedited();
 0)   8.286 us    |    }
 0)   8.726 us    |  }
 0)               |  vxlan_sock_release [vxlan]() {
 0)               |    synchronize_net() {
 0)   7.875 us    |      synchronize_rcu_expedited();
 0)   8.295 us    |    }
 0)   9.137 us    |  }
 0)               |  vxlan_sock_release [vxlan]() {
 0)               |    synchronize_net() {
 0)   7.895 us    |      synchronize_rcu_expedited();
 0)   8.316 us    |    }
 0)   8.796 us    |  }
 0)               |  vxlan_sock_release [vxlan]() {
 0)               |    synchronize_net() {
 0)   7.865 us    |      synchronize_rcu_expedited();
 0)   8.295 us    |    }
 0)   8.736 us    |  }
 0)               |  vxlan_sock_release [vxlan]() {
 0)               |    synchronize_net() {
 0)   8.416 us    |      synchronize_rcu_expedited();
 0)   8.846 us    |    }
 0)   9.288 us    |  }
 0)               |  vxlan_sock_release [vxlan]() {
 0)               |    synchronize_net() {
 0)   7.985 us    |      synchronize_rcu_expedited();
 0)   8.416 us    |    }
 0)   8.867 us    |  }
 0)               |  vxlan_sock_release [vxlan]() {
 0)               |    synchronize_net() {
 0)   7.955 us    |      synchronize_rcu_expedited();
 0)   8.386 us    |    }
 0)   8.846 us    |  }
 0)               |  vxlan_sock_release [vxlan]() {
 0)               |    synchronize_net() {
 0)   7.965 us    |      synchronize_rcu_expedited();
 0)   8.395 us    |    }
 0)   8.847 us    |  }
 0)               |  vxlan_sock_release [vxlan]() {
 0)               |    synchronize_net() {
 0)   7.825 us    |      synchronize_rcu_expedited();
 0)   8.276 us    |    }
 0)   8.726 us    |  }
 0)               |  vxlan_sock_release [vxlan]() {
 0)               |    synchronize_net() {
 0)   7.764 us    |      synchronize_rcu_expedited();
 0)   8.196 us    |    }
 0)   8.646 us    |  }
 0)               |  vxlan_sock_release [vxlan]() {
 0)               |    synchronize_net() {
 0)   7.835 us    |      synchronize_rcu_expedited();
 0)   8.296 us    |    }
 0)   8.786 us    |  }
 0)               |  vxlan_sock_release [vxlan]() {
 0)               |    synchronize_net() {
 0)   7.834 us    |      synchronize_rcu_expedited();
 0)   8.266 us    |    }
 0)   8.726 us    |  }
 0)               |  vxlan_sock_release [vxlan]() {
 0)               |    synchronize_net() {
 0)   7.784 us    |      synchronize_rcu_expedited();
 0)   8.216 us    |    }
 0)   8.666 us    |  }
 0)               |  vxlan_sock_release [vxlan]() {
 0)               |    synchronize_net() {
 0)   8.195 us    |      synchronize_rcu_expedited();
 0)   8.626 us    |    }
 0)   9.077 us    |  }
 0)               |  vxlan_sock_release [vxlan]() {
 0)               |    synchronize_net() {
 0)   7.865 us    |      synchronize_rcu_expedited();
 0)   8.296 us    |    }
 0)   8.796 us    |  }
 0)               |  vxlan_sock_release [vxlan]() {
 0)               |    synchronize_net() {
 0)   7.955 us    |      synchronize_rcu_expedited();
 0)   8.385 us    |    }
 0)   8.847 us    |  }
 0)               |  vxlan_sock_release [vxlan]() {
 0)               |    synchronize_net() {
 0) + 16.551 us   |      synchronize_rcu_expedited();
 0) + 16.982 us   |    }
 0) + 17.443 us   |  }
 0)               |  vxlan_sock_release [vxlan]() {
 0)               |    synchronize_net() {
 0)   8.355 us    |      synchronize_rcu_expedited();
 0)   8.777 us    |    }
 0)   9.838 us    |  }
 0)               |  vxlan_sock_release [vxlan]() {
 0)               |    synchronize_net() {
 0)   8.245 us    |      synchronize_rcu_expedited();
 0)   8.677 us    |    }
 0)   9.147 us    |  }
 0)               |  vxlan_sock_release [vxlan]() {
 0)               |    synchronize_net() {
 0)   8.326 us    |      synchronize_rcu_expedited();
 0)   8.756 us    |    }
 0)   9.217 us    |  }
 0)               |  vxlan_sock_release [vxlan]() {
 0)               |    synchronize_net() {
 0)   8.245 us    |      synchronize_rcu_expedited();
 0)   8.676 us    |    }
 0)   9.177 us    |  }
 0)               |  vxlan_sock_release [vxlan]() {
 0)               |    synchronize_net() {
 0)   8.285 us    |      synchronize_rcu_expedited();
 0)   8.716 us    |    }
 0)   9.177 us    |  }
 0)               |  vxlan_sock_release [vxlan]() {
 0)               |    synchronize_net() {
 0)   8.146 us    |      synchronize_rcu_expedited();
 0)   8.576 us    |    }
 0)   9.047 us    |  }
 0)               |  vxlan_sock_release [vxlan]() {
 0)               |    synchronize_net() {
 0)   8.176 us    |      synchronize_rcu_expedited();
 0)   8.616 us    |    }
 0)   9.067 us    |  }
 0)               |  vxlan_sock_release [vxlan]() {
 0)               |    synchronize_net() {
 0)   8.236 us    |      synchronize_rcu_expedited();
 0)   8.656 us    |    }
 0)   9.108 us    |  }
 0)               |  vxlan_sock_release [vxlan]() {
 0)               |    synchronize_net() {
 0)   7.845 us    |      synchronize_rcu_expedited();
 0)   8.275 us    |    }
 0)   8.727 us    |  }
 0)               |  vxlan_sock_release [vxlan]() {
 0)               |    synchronize_net() {
 0)   7.785 us    |      synchronize_rcu_expedited();
 0)   8.245 us    |    }
 0)   8.756 us    |  }
 0)               |  vxlan_sock_release [vxlan]() {
 0)               |    synchronize_net() {
 0)   7.905 us    |      synchronize_rcu_expedited();
 0)   8.336 us    |    }
 0)   8.846 us    |  }
 0)               |  vxlan_sock_release [vxlan]() {
 0)               |    synchronize_net() {
 0)   7.815 us    |      synchronize_rcu_expedited();
 0)   8.245 us    |    }
 0)   8.696 us    |  }
 0)               |  vxlan_sock_release [vxlan]() {
 0)               |    synchronize_net() {
 0)   7.905 us    |      synchronize_rcu_expedited();
 0)   8.335 us    |    }
 0)   8.777 us    |  }
 0)               |  vxlan_sock_release [vxlan]() {
 0)               |    synchronize_net() {
 0)   7.905 us    |      synchronize_rcu_expedited();
 0)   8.335 us    |    }
 0)   8.787 us    |  }
 0)               |  vxlan_sock_release [vxlan]() {
 0)               |    synchronize_net() {
 0)   7.865 us    |      synchronize_rcu_expedited();
 0)   8.285 us    |    }
 0)   8.797 us    |  }
 0)               |  vxlan_sock_release [vxlan]() {
 0)               |    synchronize_net() {
 0)   7.905 us    |      synchronize_rcu_expedited();
 0)   8.336 us    |    }
 0)   8.786 us    |  }
 0)               |  vxlan_sock_release [vxlan]() {
 0)               |    synchronize_net() {
 0)   8.285 us    |      synchronize_rcu_expedited();
 0)   8.716 us    |    }
 0)   9.447 us    |  }
 0)               |  vxlan_sock_release [vxlan]() {
 0)               |    synchronize_net() {
 0)   7.805 us    |      synchronize_rcu_expedited();
 0)   8.236 us    |    }
 0)   8.726 us    |  }
 0)               |  vxlan_sock_release [vxlan]() {
 0)               |    synchronize_net() {
 0)   8.035 us    |      synchronize_rcu_expedited();
 0)   8.466 us    |    }
 0)   8.917 us    |  }
 0)               |  vxlan_sock_release [vxlan]() {
 0)               |    synchronize_net() {
 0)   7.985 us    |      synchronize_rcu_expedited();
 0)   8.416 us    |    }
 0)   8.867 us    |  }
 0)               |  vxlan_sock_release [vxlan]() {
 0)               |    synchronize_net() {
 0)   7.885 us    |      synchronize_rcu_expedited();
 0)   8.316 us    |    }
 0)   8.766 us    |  }
 0)               |  vxlan_sock_release [vxlan]() {
 0)               |    synchronize_net() {
 0)   7.834 us    |      synchronize_rcu_expedited();
 0)   8.266 us    |    }
 0)   8.766 us    |  }
 0)               |  vxlan_sock_release [vxlan]() {
 0)               |    synchronize_net() {
 0)   7.835 us    |      synchronize_rcu_expedited();
 0)   8.285 us    |    }
 0)   8.777 us    |  }
 0)               |  vxlan_sock_release [vxlan]() {
 0)               |    synchronize_net() {
 0)   7.775 us    |      synchronize_rcu_expedited();
 0)   8.205 us    |    }
 0)   8.666 us    |  }
 0)               |  vxlan_sock_release [vxlan]() {
 0)               |    synchronize_net() {
 0)   7.894 us    |      synchronize_rcu_expedited();
 0)   8.326 us    |    }
 0)   8.846 us    |  }
 0)               |  vxlan_sock_release [vxlan]() {
 0)               |    synchronize_net() {
 0) + 19.807 us   |      synchronize_rcu_expedited();
 0) + 20.227 us   |    }
 0) + 20.679 us   |  }
 0)               |  vxlan_sock_release [vxlan]() {
 0)               |    synchronize_net() {
 0)   8.316 us    |      synchronize_rcu_expedited();
 0)   8.746 us    |    }
 0)   9.237 us    |  }
 0)               |  vxlan_sock_release [vxlan]() {
 0)               |    synchronize_net() {
 0)   8.235 us    |      synchronize_rcu_expedited();
 0)   8.666 us    |    }
 0)   9.177 us    |  }
 0)               |  vxlan_sock_release [vxlan]() {
 0)               |    synchronize_net() {
 0)   8.225 us    |      synchronize_rcu_expedited();
 0)   8.636 us    |    }
 0)   9.087 us    |  }
 0)               |  vxlan_sock_release [vxlan]() {
 0)               |    synchronize_net() {
 0)   8.125 us    |      synchronize_rcu_expedited();
 0)   8.556 us    |    }
 0)   9.067 us    |  }
 0)               |  vxlan_sock_release [vxlan]() {
 0)               |    synchronize_net() {
 0)   8.246 us    |      synchronize_rcu_expedited();
 0)   8.676 us    |    }
 0)   9.187 us    |  }
 0)               |  vxlan_sock_release [vxlan]() {
 0)               |    synchronize_net() {
 0)   8.166 us    |      synchronize_rcu_expedited();
 0)   8.586 us    |    }
 0)   9.037 us    |  }
 0)               |  vxlan_sock_release [vxlan]() {
 0)               |    synchronize_net() {
 0)   8.125 us    |      synchronize_rcu_expedited();
 0)   8.566 us    |    }
 0)   9.248 us    |  }
 0)               |  vxlan_sock_release [vxlan]() {
 0)               |    synchronize_net() {
 0)   8.376 us    |      synchronize_rcu_expedited();
 0)   8.797 us    |    }
 0)   9.277 us    |  }
 0)               |  vxlan_sock_release [vxlan]() {
 0)               |    synchronize_net() {
 0)   7.864 us    |      synchronize_rcu_expedited();
 0)   8.296 us    |    }
 0)   8.756 us    |  }
 0)               |  vxlan_sock_release [vxlan]() {
 0)               |    synchronize_net() {
 0)   8.005 us    |      synchronize_rcu_expedited();
 0)   8.446 us    |    }
 0)   8.887 us    |  }
 0)               |  vxlan_sock_release [vxlan]() {
 0)               |    synchronize_net() {
 0)   7.975 us    |      synchronize_rcu_expedited();
 0)   8.405 us    |    }
 0)   8.867 us    |  }
 0)               |  vxlan_sock_release [vxlan]() {
 0)               |    synchronize_net() {
 0)   7.834 us    |      synchronize_rcu_expedited();
 0)   8.286 us    |    }
 0)   8.746 us    |  }
 0)               |  vxlan_sock_release [vxlan]() {
 0)               |    synchronize_net() {
 0)   7.714 us    |      synchronize_rcu_expedited();
 0)   8.136 us    |    }
 0)   8.776 us    |  }
 0)               |  vxlan_sock_release [vxlan]() {
 0)               |    synchronize_net() {
 0)   7.814 us    |      synchronize_rcu_expedited();
 0)   8.246 us    |    }
 0)   8.716 us    |  }
 0)               |  vxlan_sock_release [vxlan]() {
 0)               |    synchronize_net() {
 0)   7.814 us    |      synchronize_rcu_expedited();
 0)   8.246 us    |    }
 0)   8.686 us    |  }
 0)               |  vxlan_sock_release [vxlan]() {
 0)               |    synchronize_net() {
 0)   7.844 us    |      synchronize_rcu_expedited();
 0)   8.276 us    |    }
 0)   8.726 us    |  }
 0)               |  vxlan_sock_release [vxlan]() {
 0)               |    synchronize_net() {
 0)   8.165 us    |      synchronize_rcu_expedited();
 0)   8.586 us    |    }
 0)   9.047 us    |  }
 0)               |  vxlan_sock_release [vxlan]() {
 0)               |    synchronize_net() {
 0)   7.825 us    |      synchronize_rcu_expedited();
 0)   8.245 us    |    }
 0)   8.706 us    |  }
 0)               |  vxlan_sock_release [vxlan]() {
 0)               |    synchronize_net() {
 0)   7.775 us    |      synchronize_rcu_expedited();
 0)   8.205 us    |    }
 0)   8.646 us    |  }
 0)               |  vxlan_sock_release [vxlan]() {
 0)               |    synchronize_net() {
 0)   7.845 us    |      synchronize_rcu_expedited();
 0)   8.265 us    |    }
 0)   8.727 us    |  }
 0)               |  vxlan_sock_release [vxlan]() {
 0)               |    synchronize_net() {
 0)   7.855 us    |      synchronize_rcu_expedited();
 0)   8.295 us    |    }
 0)   8.737 us    |  }
 0)               |  vxlan_sock_release [vxlan]() {
 0)               |    synchronize_net() {
 0)   7.905 us    |      synchronize_rcu_expedited();
 0)   8.336 us    |    }
 0)   8.796 us    |  }
 0)               |  vxlan_sock_release [vxlan]() {
 0)               |    synchronize_net() {
 0)   7.755 us    |      synchronize_rcu_expedited();
 0)   8.175 us    |    }
 0)   8.776 us    |  }
 0)               |  vxlan_sock_release [vxlan]() {
 0)               |    synchronize_net() {
 0)   7.774 us    |      synchronize_rcu_expedited();
 0)   8.195 us    |    }
 0)   8.676 us    |  }
 0)               |  vxlan_sock_release [vxlan]() {
 0)               |    synchronize_net() {
 0)   7.795 us    |      synchronize_rcu_expedited();
 0)   8.225 us    |    }
 0)   8.676 us    |  }
 0)               |  vxlan_sock_release [vxlan]() {
 0)               |    synchronize_net() {
 0)   8.155 us    |      synchronize_rcu_expedited();
 0)   8.586 us    |    }
 0)   9.217 us    |  }
 0)               |  vxlan_sock_release [vxlan]() {
 0)               |    synchronize_net() {
 0)   7.764 us    |      synchronize_rcu_expedited();
 0)   8.185 us    |    }
 0)   8.636 us    |  }
 0)               |  vxlan_sock_release [vxlan]() {
 0)               |    synchronize_net() {
 0)   7.904 us    |      synchronize_rcu_expedited();
 0)   8.336 us    |    }
 0)   8.846 us    |  }
 0)               |  vxlan_sock_release [vxlan]() {
 0)               |    synchronize_net() {
 0)   7.945 us    |      synchronize_rcu_expedited();
 0)   8.375 us    |    }
 0)   8.817 us    |  }
 0)               |  vxlan_sock_release [vxlan]() {
 0)               |    synchronize_net() {
 0)   7.825 us    |      synchronize_rcu_expedited();
 0)   8.245 us    |    }
 0)   8.707 us    |  }
 0)               |  vxlan_sock_release [vxlan]() {
 0)               |    synchronize_net() {
 0)   7.865 us    |      synchronize_rcu_expedited();
 0)   8.295 us    |    }
 0)   8.747 us    |  }
 0)               |  vxlan_sock_release [vxlan]() {
 0)               |    synchronize_net() {
 0)   7.805 us    |      synchronize_rcu_expedited();
 0)   8.215 us    |    }
 0)   8.676 us    |  }
 0)               |  vxlan_sock_release [vxlan]() {
 0)               |    synchronize_net() {
 0)   7.755 us    |      synchronize_rcu_expedited();
 0)   8.185 us    |    }
 0)   8.837 us    |  }
 0)               |  vxlan_sock_release [vxlan]() {
 0)               |    synchronize_net() {
 0)   7.915 us    |      synchronize_rcu_expedited();
 0)   8.346 us    |    }
 0)   8.806 us    |  }
 0)               |  vxlan_sock_release [vxlan]() {
 0)               |    synchronize_net() {
 0)   8.225 us    |      synchronize_rcu_expedited();
 0)   8.657 us    |    }
 0)   9.117 us    |  }
 0)               |  vxlan_sock_release [vxlan]() {
 0)               |    synchronize_net() {
 0)   7.854 us    |      synchronize_rcu_expedited();
 0)   8.306 us    |    }
 0)   8.746 us    |  }
 0)               |  vxlan_sock_release [vxlan]() {
 0)               |    synchronize_net() {
 0)   7.905 us    |      synchronize_rcu_expedited();
 0)   8.326 us    |    }
 0)   8.777 us    |  }
 0)               |  vxlan_sock_release [vxlan]() {
 0)               |    synchronize_net() {
 0)   8.015 us    |      synchronize_rcu_expedited();
 0)   8.446 us    |    }
 0)   8.907 us    |  }
 0)               |  vxlan_sock_release [vxlan]() {
 0)               |    synchronize_net() {
 0)   7.845 us    |      synchronize_rcu_expedited();
 0)   8.276 us    |    }
 0)   8.886 us    |  }
 0)               |  vxlan_sock_release [vxlan]() {
 0)               |    synchronize_net() {
 0)   7.985 us    |      synchronize_rcu_expedited();
 0)   8.415 us    |    }
 0)   8.897 us    |  }
 0)               |  vxlan_sock_release [vxlan]() {
 0)               |    synchronize_net() {
 0)   7.985 us    |      synchronize_rcu_expedited();
 0)   8.416 us    |    }
 0)   8.876 us    |  }
 0)               |  vxlan_sock_release [vxlan]() {
 0)               |    synchronize_net() {
 0)   7.804 us    |      synchronize_rcu_expedited();
 0)   8.246 us    |    }
 0)   8.696 us    |  }
 0)               |  vxlan_sock_release [vxlan]() {
 0)               |    synchronize_net() {
 0)   7.925 us    |      synchronize_rcu_expedited();
 0)   8.355 us    |    }
 0)   8.817 us    |  }
 0)               |  vxlan_sock_release [vxlan]() {
 0)               |    synchronize_net() {
 0)   8.236 us    |      synchronize_rcu_expedited();
 0)   8.676 us    |    }
 0)   9.127 us    |  }
 0)               |  vxlan_sock_release [vxlan]() {
 0)               |    synchronize_net() {
 0)   7.835 us    |      synchronize_rcu_expedited();
 0)   8.275 us    |    }
 0)   8.726 us    |  }
 0)               |  vxlan_sock_release [vxlan]() {
 0)               |    synchronize_net() {
 0)   7.875 us    |      synchronize_rcu_expedited();
 0)   8.325 us    |    }
 0)   8.787 us    |  }
 0)               |  vxlan_sock_release [vxlan]() {
 0)               |    synchronize_net() {
 0)   7.985 us    |      synchronize_rcu_expedited();
 0)   8.416 us    |    }
 0)   8.876 us    |  }
 0)               |  vxlan_sock_release [vxlan]() {
 0)               |    synchronize_net() {
 0) + 17.122 us   |      synchronize_rcu_expedited();
 0) + 17.623 us   |    }
 0) + 18.084 us   |  }
 0)               |  vxlan_sock_release [vxlan]() {
 0)               |    synchronize_net() {
 0)   8.355 us    |      synchronize_rcu_expedited();
 0)   8.777 us    |    }
 0)   9.237 us    |  }
 0)               |  vxlan_sock_release [vxlan]() {
 0)               |    synchronize_net() {
 0)   8.295 us    |      synchronize_rcu_expedited();
 0)   8.727 us    |    }
 0)   9.187 us    |  }
 0)               |  vxlan_sock_release [vxlan]() {
 0)               |    synchronize_net() {
 0)   8.206 us    |      synchronize_rcu_expedited();
 0)   8.636 us    |    }
 0)   9.097 us    |  }
 0)               |  vxlan_sock_release [vxlan]() {
 0)               |    synchronize_net() {
 0)   8.266 us    |      synchronize_rcu_expedited();
 0)   8.696 us    |    }
 0)   9.147 us    |  }
 0)               |  vxlan_sock_release [vxlan]() {
 0)               |    synchronize_net() {
 0)   8.245 us    |      synchronize_rcu_expedited();
 0)   8.667 us    |    }
 0)   9.117 us    |  }
 0)               |  vxlan_sock_release [vxlan]() {
 0)               |    synchronize_net() {
 0)   8.065 us    |      synchronize_rcu_expedited();
 0)   8.486 us    |    }
 0)   8.947 us    |  }
 0)               |  vxlan_sock_release [vxlan]() {
 0)               |    synchronize_net() {
 0)   8.266 us    |      synchronize_rcu_expedited();
 0)   8.686 us    |    }
 0)   9.298 us    |  }
 0)               |  vxlan_sock_release [vxlan]() {
 0)               |    synchronize_net() {
 0)   8.176 us    |      synchronize_rcu_expedited();
 0)   8.606 us    |    }
 0)   9.077 us    |  }
 0)               |  vxlan_sock_release [vxlan]() {
 0)               |    synchronize_net() {
 0)   7.735 us    |      synchronize_rcu_expedited();
 0)   8.165 us    |    }
 0)   8.676 us    |  }
 0)               |  vxlan_sock_release [vxlan]() {
 0)               |    synchronize_net() {
 0)   7.975 us    |      synchronize_rcu_expedited();
 0)   8.406 us    |    }
 0)   8.856 us    |  }
 0)               |  vxlan_sock_release [vxlan]() {
 0)               |    synchronize_net() {
 0)   7.895 us    |      synchronize_rcu_expedited();
 0)   8.326 us    |    }
 0)   8.826 us    |  }
 0)               |  vxlan_sock_release [vxlan]() {
 0)               |    synchronize_net() {
 0)   7.845 us    |      synchronize_rcu_expedited();
 0)   8.275 us    |    }
 0)   8.727 us    |  }
 0)               |  vxlan_sock_release [vxlan]() {
 0)               |    synchronize_net() {
 0)   7.905 us    |      synchronize_rcu_expedited();
 0)   8.335 us    |    }
 0)   8.777 us    |  }
 0)               |  vxlan_sock_release [vxlan]() {
 0)               |    synchronize_net() {
 0)   7.905 us    |      synchronize_rcu_expedited();
 0)   8.335 us    |    }
 0)   8.797 us    |  }
 0)               |  vxlan_sock_release [vxlan]() {
 0)               |    synchronize_net() {
 0)   7.865 us    |      synchronize_rcu_expedited();
 0)   8.326 us    |    }
 0)   8.776 us    |  }
 0)               |  vxlan_sock_release [vxlan]() {
 0)               |    synchronize_net() {
 0)   7.875 us    |      synchronize_rcu_expedited();
 0)   8.306 us    |    }
 0)   8.806 us    |  }
 0)               |  vxlan_sock_release [vxlan]() {
 0)               |    synchronize_net() {
 0)   8.266 us    |      synchronize_rcu_expedited();
 0)   8.686 us    |    }
 0)   9.137 us    |  }
 0)               |  vxlan_sock_release [vxlan]() {
 0)               |    synchronize_net() {
 0)   7.754 us    |      synchronize_rcu_expedited();
 0)   8.186 us    |    }
 0)   8.636 us    |  }
 0)               |  vxlan_sock_release [vxlan]() {
 0)               |    synchronize_net() {
 0)   7.895 us    |      synchronize_rcu_expedited();
 0)   8.325 us    |    }
 0)   8.777 us    |  }
 0)               |  vxlan_sock_release [vxlan]() {
 0)               |    synchronize_net() {
 0)   7.885 us    |      synchronize_rcu_expedited();
 0)   8.315 us    |    }
 0)   8.817 us    |  }
 0)               |  vxlan_sock_release [vxlan]() {
 0)               |    synchronize_net() {
 0)   7.905 us    |      synchronize_rcu_expedited();
 0)   8.325 us    |    }
 0)   8.787 us    |  }
 0)               |  vxlan_sock_release [vxlan]() {
 0)               |    synchronize_net() {
 0)   7.705 us    |      synchronize_rcu_expedited();
 0)   8.125 us    |    }
 0)   8.587 us    |  }
 0)               |  vxlan_sock_release [vxlan]() {
 0)               |    synchronize_net() {
 0)   7.935 us    |      synchronize_rcu_expedited();
 0)   8.355 us    |    }
 0)   9.167 us    |  }
 0)               |  vxlan_sock_release [vxlan]() {
 0)               |    synchronize_net() {
 0)   7.815 us    |      synchronize_rcu_expedited();
 0)   8.225 us    |    }
 0)   8.686 us    |  }
 0)               |  vxlan_sock_release [vxlan]() {
 0)               |    synchronize_net() {
 0)   7.805 us    |      synchronize_rcu_expedited();
 0)   8.225 us    |    }
 0)   8.686 us    |  }
 0)               |  vxlan_sock_release [vxlan]() {
 0)               |    synchronize_net() {
 0)   8.266 us    |      synchronize_rcu_expedited();
 0)   8.696 us    |    }
 0)   9.157 us    |  }
 0)               |  vxlan_sock_release [vxlan]() {
 0)               |    synchronize_net() {
 0) + 16.932 us   |      synchronize_rcu_expedited();
 0) + 17.352 us   |    }
 0) + 17.814 us   |  }
 0)               |  vxlan_sock_release [vxlan]() {
 0)               |    synchronize_net() {
 0)   8.376 us    |      synchronize_rcu_expedited();
 0)   8.807 us    |    }
 0)   9.257 us    |  }
 0)               |  vxlan_sock_release [vxlan]() {
 0)               |    synchronize_net() {
 0)   8.205 us    |      synchronize_rcu_expedited();
 0)   8.626 us    |    }
 0)   9.077 us    |  }
 0)               |  vxlan_sock_release [vxlan]() {
 0)               |    synchronize_net() {
 0) + 10.210 us   |      synchronize_rcu_expedited();
 0) + 10.660 us   |    }
 0) + 11.171 us   |  }
 0)               |  vxlan_sock_release [vxlan]() {
 0)               |    synchronize_net() {
 0)   8.496 us    |      synchronize_rcu_expedited();
 0)   8.977 us    |    }
 0)   9.478 us    |  }
 0)               |  vxlan_sock_release [vxlan]() {
 0)               |    synchronize_net() {
 0)   8.846 us    |      synchronize_rcu_expedited();
 0)   9.278 us    |    }
 0)   9.728 us    |  }
 0)               |  vxlan_sock_release [vxlan]() {
 0)               |    synchronize_net() {
 0)   9.427 us    |      synchronize_rcu_expedited();
 0)   9.849 us    |    }
 0) + 10.289 us   |  }
 0)               |  vxlan_sock_release [vxlan]() {
 0)               |    synchronize_net() {
 0)   8.185 us    |      synchronize_rcu_expedited();
 0)   8.617 us    |    }
 0)   9.067 us    |  }
 0)               |  vxlan_sock_release [vxlan]() {
 0)               |    synchronize_net() {
 0)   8.355 us    |      synchronize_rcu_expedited();
 0)   8.777 us    |    }
 0)   9.227 us    |  }
 0)               |  vxlan_sock_release [vxlan]() {
 0)               |    synchronize_net() {
 0)   8.005 us    |      synchronize_rcu_expedited();
 0)   8.426 us    |    }
 0)   8.876 us    |  }
 0)               |  vxlan_sock_release [vxlan]() {
 0)               |    synchronize_net() {
 0)   7.875 us    |      synchronize_rcu_expedited();
 0)   8.315 us    |    }
 0)   8.777 us    |  }
 0)               |  vxlan_sock_release [vxlan]() {
 0)               |    synchronize_net() {
 0)   7.864 us    |      synchronize_rcu_expedited();
 0)   8.296 us    |    }
 0)   8.756 us    |  }
 0)               |  vxlan_sock_release [vxlan]() {
 0)               |    synchronize_net() {
 0)   7.825 us    |      synchronize_rcu_expedited();
 0)   8.256 us    |    }
 0)   9.137 us    |  }
 0)               |  vxlan_sock_release [vxlan]() {
 0)               |    synchronize_net() {
 0)   7.985 us    |      synchronize_rcu_expedited();
 0)   8.415 us    |    }
 0)   8.897 us    |  }
 0)               |  vxlan_sock_release [vxlan]() {
 0)               |    synchronize_net() {
 0)   7.835 us    |      synchronize_rcu_expedited();
 0)   8.265 us    |    }
 0)   8.727 us    |  }
 0)               |  vxlan_sock_release [vxlan]() {
 0)               |    synchronize_net() {
 0)   7.925 us    |      synchronize_rcu_expedited();
 0)   8.336 us    |    }
 0)   8.797 us    |  }
 0)               |  vxlan_sock_release [vxlan]() {
 0)               |    synchronize_net() {
 0)   7.865 us    |      synchronize_rcu_expedited();
 0)   8.286 us    |    }
 0)   8.746 us    |  }
 0)               |  vxlan_sock_release [vxlan]() {
 0)               |    synchronize_net() {
 0)   8.255 us    |      synchronize_rcu_expedited();
 0)   8.687 us    |    }
 0)   9.147 us    |  }
 0)               |  vxlan_sock_release [vxlan]() {
 0)               |    synchronize_net() {
 0)   7.925 us    |      synchronize_rcu_expedited();
 0)   8.356 us    |    }
 0)   8.826 us    |  }
 0)               |  vxlan_sock_release [vxlan]() {
 0)               |    synchronize_net() {
 0)   7.805 us    |      synchronize_rcu_expedited();
 0)   8.225 us    |    }
 0)   8.697 us    |  }
 0)               |  vxlan_sock_release [vxlan]() {
 0)               |    synchronize_net() {
 0)   7.845 us    |      synchronize_rcu_expedited();
 0)   8.275 us    |    }
 0)   8.737 us    |  }
 0)               |  vxlan_sock_release [vxlan]() {
 0)               |    synchronize_net() {
 0)   7.864 us    |      synchronize_rcu_expedited();
 0)   8.326 us    |    }
 0)   8.836 us    |  }
 0)               |  vxlan_sock_release [vxlan]() {
 0)               |    synchronize_net() {
 0)   7.905 us    |      synchronize_rcu_expedited();
 0)   8.336 us    |    }
 0)   8.847 us    |  }
 0)               |  vxlan_sock_release [vxlan]() {
 0)               |    synchronize_net() {
 0)   7.945 us    |      synchronize_rcu_expedited();
 0)   8.375 us    |    }
 0)   8.837 us    |  }
 0)               |  vxlan_sock_release [vxlan]() {
 0)               |    synchronize_net() {
 0)   7.875 us    |      synchronize_rcu_expedited();
 0)   8.296 us    |    }
 0)   8.756 us    |  }
 0)               |  vxlan_sock_release [vxlan]() {
 0)               |    synchronize_net() {
 0)   7.845 us    |      synchronize_rcu_expedited();
 0)   8.265 us    |    }
 0)   8.717 us    |  }
 0)               |  vxlan_sock_release [vxlan]() {
 0)               |    synchronize_net() {
 0)   8.295 us    |      synchronize_rcu_expedited();
 0)   8.727 us    |    }
 0)   9.187 us    |  }
 0)               |  vxlan_sock_release [vxlan]() {
 0)               |    synchronize_net() {
 0)   7.914 us    |      synchronize_rcu_expedited();
 0)   8.336 us    |    }
 0)   8.786 us    |  }
 0)               |  vxlan_sock_release [vxlan]() {
 0)               |    synchronize_net() {
 0)   7.915 us    |      synchronize_rcu_expedited();
 0)   8.336 us    |    }
 0)   8.937 us    |  }
 0)               |  vxlan_sock_release [vxlan]() {
 0)               |    synchronize_net() {
 0)   8.035 us    |      synchronize_rcu_expedited();
 0)   8.466 us    |    }
 0)   8.997 us    |  }
 0)               |  vxlan_sock_release [vxlan]() {
 0)               |    synchronize_net() {
 0)   7.845 us    |      synchronize_rcu_expedited();
 0)   8.265 us    |    }
 0)   8.737 us    |  }
 0)               |  vxlan_sock_release [vxlan]() {
 0)               |    synchronize_net() {
 0)   7.885 us    |      synchronize_rcu_expedited();
 0)   8.316 us    |    }
 0)   8.827 us    |  }
 0)               |  vxlan_sock_release [vxlan]() {
 0)               |    synchronize_net() {
 0)   7.914 us    |      synchronize_rcu_expedited();
 0)   8.336 us    |    }
 0)   8.846 us    |  }
 0)               |  vxlan_sock_release [vxlan]() {
 0)               |    synchronize_net() {
 0)   8.085 us    |      synchronize_rcu_expedited();
 0)   8.536 us    |    }
 0)   9.047 us    |  }
 0)               |  vxlan_sock_release [vxlan]() {
 0)               |    synchronize_net() {
 0)   7.845 us    |      synchronize_rcu_expedited();
 0)   8.275 us    |    }
 0)   8.737 us    |  }
 0)               |  vxlan_sock_release [vxlan]() {
 0)               |    synchronize_net() {
 0)   8.266 us    |      synchronize_rcu_expedited();
 0)   8.696 us    |    }
 0)   9.158 us    |  }
 0)               |  vxlan_sock_release [vxlan]() {
 0)               |    synchronize_net() {
 0)   7.835 us    |      synchronize_rcu_expedited();
 0)   8.255 us    |    }
 0)   8.707 us    |  }
 0)               |  vxlan_sock_release [vxlan]() {
 0)               |    synchronize_net() {
 0)   7.935 us    |      synchronize_rcu_expedited();
 0)   8.365 us    |    }
 0)   8.827 us    |  }
 0)               |  vxlan_sock_release [vxlan]() {
 0)               |    synchronize_net() {
 0)   7.895 us    |      synchronize_rcu_expedited();
 0)   8.385 us    |    }
 0)   8.847 us    |  }
 0)               |  vxlan_sock_release [vxlan]() {
 0)               |    synchronize_net() {
 0)   7.865 us    |      synchronize_rcu_expedited();
 0)   8.296 us    |    }
 0)   8.746 us    |  }
 0)               |  vxlan_sock_release [vxlan]() {
 0)               |    synchronize_net() {
 0)   7.855 us    |      synchronize_rcu_expedited();
 0)   8.296 us    |    }
 0)   8.736 us    |  }
 0)               |  vxlan_sock_release [vxlan]() {
 0)               |    synchronize_net() {
 0)   7.965 us    |      synchronize_rcu_expedited();
 0)   8.395 us    |    }
 0)   8.897 us    |  }
 0)               |  vxlan_sock_release [vxlan]() {
 0)               |    synchronize_net() {
 0)   7.914 us    |      synchronize_rcu_expedited();
 0)   8.346 us    |    }
 0)   8.796 us    |  }
 0)               |  vxlan_sock_release [vxlan]() {
 0)               |    synchronize_net() {
 0)   7.865 us    |      synchronize_rcu_expedited();
 0)   8.286 us    |    }
 0)   8.796 us    |  }
 0)               |  vxlan_sock_release [vxlan]() {
 0)               |    synchronize_net() {
 0)   8.266 us    |      synchronize_rcu_expedited();
 0)   8.696 us    |    }
 0)   9.408 us    |  }
 0)               |  vxlan_sock_release [vxlan]() {
 0)               |    synchronize_net() {
 0)   7.895 us    |      synchronize_rcu_expedited();
 0)   8.326 us    |    }
 0)   8.796 us    |  }
 0)               |  vxlan_sock_release [vxlan]() {
 0)               |    synchronize_net() {
 0)   8.075 us    |      synchronize_rcu_expedited();
 0)   8.506 us    |    }
 0)   8.967 us    |  }
 0)               |  vxlan_sock_release [vxlan]() {
 0)               |    synchronize_net() {
 0) + 15.429 us   |      synchronize_rcu_expedited();
 0) + 15.860 us   |    }
 0) + 16.370 us   |  }
 0)               |  vxlan_sock_release [vxlan]() {
 0)               |    synchronize_net() {
 0)   8.716 us    |      synchronize_rcu_expedited();
 0)   9.148 us    |    }
 0)   9.608 us    |  }
 0)               |  vxlan_sock_release [vxlan]() {
 0)               |    synchronize_net() {
 0)   8.385 us    |      synchronize_rcu_expedited();
 0)   8.817 us    |    }
 0)   9.327 us    |  }
 0)               |  vxlan_sock_release [vxlan]() {
 0)               |    synchronize_net() {
 0)   8.165 us    |      synchronize_rcu_expedited();
 0)   8.606 us    |    }
 0)   9.057 us    |  }
 0)               |  vxlan_sock_release [vxlan]() {
 0)               |    synchronize_net() {
 0)   8.226 us    |      synchronize_rcu_expedited();
 0)   8.656 us    |    }
 0)   9.117 us    |  }
 0)               |  vxlan_sock_release [vxlan]() {
 0)               |    synchronize_net() {
 0)   8.195 us    |      synchronize_rcu_expedited();
 0)   8.636 us    |    }
 0)   9.077 us    |  }
 0)               |  vxlan_sock_release [vxlan]() {
 0)               |    synchronize_net() {
 0)   8.506 us    |      synchronize_rcu_expedited();
 0)   8.937 us    |    }
 0)   9.398 us    |  }
 0)               |  vxlan_sock_release [vxlan]() {
 0)               |    synchronize_net() {
 0)   8.256 us    |      synchronize_rcu_expedited();
 0)   8.706 us    |    }
 0)   9.198 us    |  }
 0)               |  vxlan_sock_release [vxlan]() {
 0)               |    synchronize_net() {
 0)   8.185 us    |      synchronize_rcu_expedited();
 0)   8.616 us    |    }
 0)   9.077 us    |  }
 0)               |  vxlan_sock_release [vxlan]() {
 0)               |    synchronize_net() {
 0)   7.855 us    |      synchronize_rcu_expedited();
 0)   8.286 us    |    }
 0)   8.817 us    |  }
 0)               |  vxlan_sock_release [vxlan]() {
 0)               |    synchronize_net() {
 0)   7.875 us    |      synchronize_rcu_expedited();
 0)   8.316 us    |    }
 0)   8.766 us    |  }
 0)               |  vxlan_sock_release [vxlan]() {
 0)               |    synchronize_net() {
 0)   7.995 us    |      synchronize_rcu_expedited();
 0)   8.436 us    |    }
 0)   8.897 us    |  }
 0)               |  vxlan_sock_release [vxlan]() {
 0)               |    synchronize_net() {
 0)   7.945 us    |      synchronize_rcu_expedited();
 0)   8.396 us    |    }
 0)   8.837 us    |  }
 0)               |  vxlan_sock_release [vxlan]() {
 0)               |    synchronize_net() {
 0)   7.965 us    |      synchronize_rcu_expedited();
 0)   8.395 us    |    }
 0)   9.087 us    |  }
 0)               |  vxlan_sock_release [vxlan]() {
 0)               |    synchronize_net() {
 0)   7.955 us    |      synchronize_rcu_expedited();
 0)   8.396 us    |    }
 0)   8.866 us    |  }
 0)               |  vxlan_sock_release [vxlan]() {
 0)               |    synchronize_net() {
 0)   7.895 us    |      synchronize_rcu_expedited();
 0)   8.336 us    |    }
 0)   8.777 us    |  }
 0)               |  vxlan_sock_release [vxlan]() {
 0)               |    synchronize_net() {
 0)   7.965 us    |      synchronize_rcu_expedited();
 0)   8.395 us    |    }
 0)   8.847 us    |  }
 0)               |  vxlan_sock_release [vxlan]() {
 0)               |    synchronize_net() {
 0)   8.436 us    |      synchronize_rcu_expedited();
 0)   8.867 us    |    }
 0)   9.367 us    |  }
 0)               |  vxlan_sock_release [vxlan]() {
 0)               |    synchronize_net() {
 0)   8.085 us    |      synchronize_rcu_expedited();
 0)   8.506 us    |    }
 0)   9.017 us    |  }
 0)               |  vxlan_sock_release [vxlan]() {
 0)               |    synchronize_net() {
 0)   7.844 us    |      synchronize_rcu_expedited();
 0)   8.266 us    |    }
 0)   8.726 us    |  }
 0)               |  vxlan_sock_release [vxlan]() {
 0)               |    synchronize_net() {
 0)   7.955 us    |      synchronize_rcu_expedited();
 0)   8.396 us    |    }
 0)   8.857 us    |  }
 0)               |  vxlan_sock_release [vxlan]() {
 0)               |    synchronize_net() {
 0)   7.995 us    |      synchronize_rcu_expedited();
 0)   8.416 us    |    }
 0)   8.877 us    |  }
 0)               |  vxlan_sock_release [vxlan]() {
 0)               |    synchronize_net() {
 0)   7.924 us    |      synchronize_rcu_expedited();
 0)   8.356 us    |    }
 0)   8.816 us    |  }
 0)               |  vxlan_sock_release [vxlan]() {
 0)               |    synchronize_net() {
 0)   7.875 us    |      synchronize_rcu_expedited();
 0)   8.366 us    |    }
 0)   8.866 us    |  }
 0)               |  vxlan_sock_release [vxlan]() {
 0)               |    synchronize_net() {
 0)   7.895 us    |      synchronize_rcu_expedited();
 0)   8.336 us    |    }
 0)   8.786 us    |  }
 0)               |  vxlan_sock_release [vxlan]() {
 0)               |    synchronize_net() {
 0)   7.805 us    |      synchronize_rcu_expedited();
 0)   8.235 us    |    }
 0)   8.686 us    |  }
 0)               |  vxlan_sock_release [vxlan]() {
 0)               |    synchronize_net() {
 0) + 16.120 us   |      synchronize_rcu_expedited();
 0) + 16.551 us   |    }
 0) + 17.012 us   |  }
 0)               |  vxlan_sock_release [vxlan]() {
 0)               |    synchronize_net() {
 0)   8.315 us    |      synchronize_rcu_expedited();
 0)   8.747 us    |    }
 0)   9.197 us    |  }
 0)               |  vxlan_sock_release [vxlan]() {
 0)               |    synchronize_net() {
 0)   8.316 us    |      synchronize_rcu_expedited();
 0)   8.736 us    |    }
 0)   9.187 us    |  }
 0)               |  vxlan_sock_release [vxlan]() {
 0)               |    synchronize_net() {
 0) + 15.780 us   |      synchronize_rcu_expedited();
 0) + 16.210 us   |    }
 0) + 16.951 us   |  }
 0)               |  vxlan_sock_release [vxlan]() {
 0)               |    synchronize_net() {
 0) + 15.730 us   |      synchronize_rcu_expedited();
 0) + 16.150 us   |    }
 0) + 16.671 us   |  }
 0)               |  vxlan_sock_release [vxlan]() {
 0)               |    synchronize_net() {
 0) + 16.361 us   |      synchronize_rcu_expedited();
 0) + 16.792 us   |    }
 0) + 17.252 us   |  }
 0)               |  vxlan_sock_release [vxlan]() {
 0)               |    synchronize_net() {
 0) + 15.399 us   |      synchronize_rcu_expedited();
 0) + 15.819 us   |    }
 0) + 16.331 us   |  }
 0)               |  vxlan_sock_release [vxlan]() {
 0)               |    synchronize_net() {
 0)   8.285 us    |      synchronize_rcu_expedited();
 0)   8.706 us    |    }
 0)   9.217 us    |  }
 0)               |  vxlan_sock_release [vxlan]() {
 0)               |    synchronize_net() {
 0)   8.285 us    |      synchronize_rcu_expedited();
 0)   8.707 us    |    }
 0)   9.157 us    |  }
 0)               |  vxlan_sock_release [vxlan]() {
 0)               |    synchronize_net() {
 0)   8.436 us    |      synchronize_rcu_expedited();
 0)   8.857 us    |    }
 0)   9.357 us    |  }
 0)               |  vxlan_sock_release [vxlan]() {
 0)               |    synchronize_net() {
 0)   8.396 us    |      synchronize_rcu_expedited();
 0)   8.827 us    |    }
 0)   9.277 us    |  }
 0)               |  vxlan_sock_release [vxlan]() {
 0)               |    synchronize_net() {
 0)   8.215 us    |      synchronize_rcu_expedited();
 0)   8.637 us    |    }
 0)   9.147 us    |  }
 0)               |  vxlan_sock_release [vxlan]() {
 0)               |    synchronize_net() {
 0)   8.255 us    |      synchronize_rcu_expedited();
 0)   8.686 us    |    }
 0)   9.137 us    |  }
 0)               |  vxlan_sock_release [vxlan]() {
 0)               |    synchronize_net() {
 0)   8.346 us    |      synchronize_rcu_expedited();
 0)   8.786 us    |    }
 0)   9.228 us    |  }
 0)               |  vxlan_sock_release [vxlan]() {
 0)               |    synchronize_net() {
 0)   7.934 us    |      synchronize_rcu_expedited();
 0)   8.356 us    |    }
 0)   8.806 us    |  }
 0)               |  vxlan_sock_release [vxlan]() {
 0)               |    synchronize_net() {
 0)   7.925 us    |      synchronize_rcu_expedited();
 0)   8.345 us    |    }
 0)   8.857 us    |  }
 0)               |  vxlan_sock_release [vxlan]() {
 0)               |    synchronize_net() {
 0)   8.165 us    |      synchronize_rcu_expedited();
 0)   8.626 us    |    }
 0)   9.137 us    |  }
 0)               |  vxlan_sock_release [vxlan]() {
 0)               |    synchronize_net() {
 0)   7.955 us    |      synchronize_rcu_expedited();
 0)   8.386 us    |    }
 0)   8.926 us    |  }
 0)               |  vxlan_sock_release [vxlan]() {
 0)               |    synchronize_net() {
 0)   7.875 us    |      synchronize_rcu_expedited();
 0)   8.306 us    |    }
 0)   8.766 us    |  }
 0)               |  vxlan_sock_release [vxlan]() {
 0)               |    synchronize_net() {
 0)   7.865 us    |      synchronize_rcu_expedited();
 0)   8.295 us    |    }
 0)   8.947 us    |  }
 0)               |  vxlan_sock_release [vxlan]() {
 0)               |    synchronize_net() {
 0)   8.045 us    |      synchronize_rcu_expedited();
 0)   8.475 us    |    }
 0)   8.957 us    |  }
 0)               |  vxlan_sock_release [vxlan]() {
 0)               |    synchronize_net() {
 0)   7.874 us    |      synchronize_rcu_expedited();
 0)   8.306 us    |    }
 0)   8.766 us    |  }
 0)               |  vxlan_sock_release [vxlan]() {
 0)               |    synchronize_net() {
 0)   8.456 us    |      synchronize_rcu_expedited();
 0)   8.887 us    |    }
 0)   9.347 us    |  }
 0)               |  vxlan_sock_release [vxlan]() {
 0)               |    synchronize_net() {
 0)   7.855 us    |      synchronize_rcu_expedited();
 0)   8.275 us    |    }
 0)   8.737 us    |  }
 0)               |  vxlan_sock_release [vxlan]() {
 0)               |    synchronize_net() {
 0)   7.915 us    |      synchronize_rcu_expedited();
 0)   8.356 us    |    }
 0)   8.807 us    |  }
 0)               |  vxlan_sock_release [vxlan]() {
 0)               |    synchronize_net() {
 0)   7.775 us    |      synchronize_rcu_expedited();
 0)   8.205 us    |    }
 0)   8.666 us    |  }
 0)               |  vxlan_sock_release [vxlan]() {
 0)               |    synchronize_net() {
 0)   7.805 us    |      synchronize_rcu_expedited();
 0)   8.235 us    |    }
 0)   8.676 us    |  }
 0)               |  vxlan_sock_release [vxlan]() {
 0)               |    synchronize_net() {
 0)   7.854 us    |      synchronize_rcu_expedited();
 0)   8.286 us    |    }
 0)   8.746 us    |  }
 0)               |  vxlan_sock_release [vxlan]() {
 0)               |    synchronize_net() {
 0)   7.985 us    |      synchronize_rcu_expedited();
 0)   8.406 us    |    }
 0)   8.917 us    |  }
 0)               |  vxlan_sock_release [vxlan]() {
 0)               |    synchronize_net() {
 0)   7.845 us    |      synchronize_rcu_expedited();
 0)   8.276 us    |    }
 0)   8.726 us    |  }
 0)               |  vxlan_sock_release [vxlan]() {
 0)               |    synchronize_net() {
 0)   7.874 us    |      synchronize_rcu_expedited();
 0)   8.296 us    |    }
 0)   8.756 us    |  }
 0)               |  vxlan_sock_release [vxlan]() {
 0)               |    synchronize_net() {
 0)   8.315 us    |      synchronize_rcu_expedited();
 0)   8.747 us    |    }
 0)   9.197 us    |  }
 0)               |  vxlan_sock_release [vxlan]() {
 0)               |    synchronize_net() {
 0)   7.824 us    |      synchronize_rcu_expedited();
 0)   8.246 us    |    }
 0)   8.746 us    |  }
 0)               |  vxlan_sock_release [vxlan]() {
 0)               |    synchronize_net() {
 0)   7.845 us    |      synchronize_rcu_expedited();
 0)   8.286 us    |    }
 0)   8.736 us    |  }
 0)               |  vxlan_sock_release [vxlan]() {
 0)               |    synchronize_net() {
 0)   8.075 us    |      synchronize_rcu_expedited();
 0)   8.496 us    |    }
 0)   8.967 us    |  }
 0)               |  vxlan_sock_release [vxlan]() {
 0)               |    synchronize_net() {
 0)   7.955 us    |      synchronize_rcu_expedited();
 0)   8.386 us    |    }
 0)   9.026 us    |  }
 0)               |  vxlan_sock_release [vxlan]() {
 0)               |    synchronize_net() {
 0)   7.835 us    |      synchronize_rcu_expedited();
 0)   8.245 us    |    }
 0)   8.787 us    |  }
 0)               |  vxlan_sock_release [vxlan]() {
 0)               |    synchronize_net() {
 0)   7.905 us    |      synchronize_rcu_expedited();
 0)   8.335 us    |    }
 0)   8.807 us    |  }
 0)               |  vxlan_sock_release [vxlan]() {
 0)               |    synchronize_net() {
 0)   7.924 us    |      synchronize_rcu_expedited();
 0)   8.356 us    |    }
 0)   8.816 us    |  }
 0)               |  vxlan_sock_release [vxlan]() {
 0)               |    synchronize_net() {
 0)   7.925 us    |      synchronize_rcu_expedited();
 0)   8.366 us    |    }
 0)   8.826 us    |  }
 0)               |  vxlan_sock_release [vxlan]() {
 0)               |    synchronize_net() {
 0)   8.306 us    |      synchronize_rcu_expedited();
 0)   8.776 us    |    }
 0)   9.287 us    |  }
 0)               |  vxlan_sock_release [vxlan]() {
 0)               |    synchronize_net() {
 0)   7.935 us    |      synchronize_rcu_expedited();
 0)   8.355 us    |    }
 0)   8.877 us    |  }
 0)               |  vxlan_sock_release [vxlan]() {
 0)               |    synchronize_net() {
 0)   7.925 us    |      synchronize_rcu_expedited();
 0)   8.356 us    |    }
 0)   8.816 us    |  }
 0)               |  vxlan_sock_release [vxlan]() {
 0)               |    synchronize_net() {
 0)   7.914 us    |      synchronize_rcu_expedited();
 0)   8.376 us    |    }
 0)   8.836 us    |  }
 0)               |  vxlan_sock_release [vxlan]() {
 0)               |    synchronize_net() {
 0)   7.995 us    |      synchronize_rcu_expedited();
 0)   8.425 us    |    }
 0)   9.047 us    |  }
 0)               |  vxlan_sock_release [vxlan]() {
 0)               |    synchronize_net() {
 0)   7.924 us    |      synchronize_rcu_expedited();
 0)   8.356 us    |    }
 0)   8.796 us    |  }
 0)               |  vxlan_sock_release [vxlan]() {
 0)               |    synchronize_net() {
 0) + 15.830 us   |      synchronize_rcu_expedited();
 0) + 16.260 us   |    }
 0) + 16.722 us   |  }
 0)               |  vxlan_sock_release [vxlan]() {
 0)               |    synchronize_net() {
 0)   8.867 us    |      synchronize_rcu_expedited();
 0)   9.307 us    |    }
 0) + 10.710 us   |  }
 0)               |  vxlan_sock_release [vxlan]() {
 0)               |    synchronize_net() {
 0) + 29.766 us   |      synchronize_rcu_expedited();
 0) + 30.246 us   |    }
 0) + 30.798 us   |  }
 0)               |  vxlan_sock_release [vxlan]() {
 0)               |    synchronize_net() {
 0) + 45.165 us   |      synchronize_rcu_expedited();
 0) + 45.636 us   |    }
 0) + 46.457 us   |  }
 0)               |  vxlan_sock_release [vxlan]() {
 0)               |    synchronize_net() {
 0) + 25.117 us   |      synchronize_rcu_expedited();
 0) + 25.548 us   |    }
 0) + 25.989 us   |  }
 0)               |  vxlan_sock_release [vxlan]() {
 0)               |    synchronize_net() {
 0)   8.275 us    |      synchronize_rcu_expedited();
 0)   8.697 us    |    }
 0)   9.367 us    |  }
 0)               |  vxlan_sock_release [vxlan]() {
 0)               |    synchronize_net() {
 0)   8.807 us    |      synchronize_rcu_expedited();
 0)   9.227 us    |    }
 0)   9.819 us    |  }
 0)               |  vxlan_sock_release [vxlan]() {
 0)               |    synchronize_net() {
 0) + 11.512 us   |      synchronize_rcu_expedited();
 0) + 11.982 us   |    }
 0) + 12.443 us   |  }
 0)               |  vxlan_sock_release [vxlan]() {
 0)               |    synchronize_net() {
 0)   8.206 us    |      synchronize_rcu_expedited();
 0)   8.626 us    |    }
 0)   9.087 us    |  }
 0)               |  vxlan_sock_release [vxlan]() {
 0)               |    synchronize_net() {
 0)   8.216 us    |      synchronize_rcu_expedited();
 0)   8.646 us    |    }
 0)   9.137 us    |  }
 0)               |  vxlan_sock_release [vxlan]() {
 0)               |    synchronize_net() {
 0)   8.596 us    |      synchronize_rcu_expedited();
 0)   9.067 us    |    }
 0)   9.568 us    |  }
 0)               |  vxlan_sock_release [vxlan]() {
 0)               |    synchronize_net() {
 0)   8.196 us    |      synchronize_rcu_expedited();
 0)   8.606 us    |    }
 0)   9.118 us    |  }
 0)               |  vxlan_sock_release [vxlan]() {
 0)               |    synchronize_net() {
 0)   8.106 us    |      synchronize_rcu_expedited();
 0)   8.536 us    |    }
 0)   8.987 us    |  }
 0)               |  vxlan_sock_release [vxlan]() {
 0)               |    synchronize_net() {
 0)   7.945 us    |      synchronize_rcu_expedited();
 0)   8.366 us    |    }
 0)   8.816 us    |  }
 0)               |  vxlan_sock_release [vxlan]() {
 0)               |    synchronize_net() {
 0)   7.855 us    |      synchronize_rcu_expedited();
 0)   8.275 us    |    }
 0)   8.717 us    |  }
 0)               |  vxlan_sock_release [vxlan]() {
 0)               |    synchronize_net() {
 0)   7.765 us    |      synchronize_rcu_expedited();
 0)   8.265 us    |    }
 0)   8.716 us    |  }
 0)               |  vxlan_sock_release [vxlan]() {
 0)               |    synchronize_net() {
 0)   7.915 us    |      synchronize_rcu_expedited();
 0)   8.335 us    |    }
 0)   8.777 us    |  }
 0)               |  vxlan_sock_release [vxlan]() {
 0)               |    synchronize_net() {
 0)   7.865 us    |      synchronize_rcu_expedited();
 0)   8.285 us    |    }
 0)   8.737 us    |  }
 0)               |  vxlan_sock_release [vxlan]() {
 0)               |    synchronize_net() {
 0)   7.725 us    |      synchronize_rcu_expedited();
 0)   8.145 us    |    }
 0)   8.586 us    |  }
 0)               |  vxlan_sock_release [vxlan]() {
 0)               |    synchronize_net() {
 0) + 15.199 us   |      synchronize_rcu_expedited();
 0) + 15.629 us   |    }
 0) + 16.080 us   |  }
 0)               |  vxlan_sock_release [vxlan]() {
 0)               |    synchronize_net() {
 0)   8.306 us    |      synchronize_rcu_expedited();
 0)   8.726 us    |    }
 0)   9.167 us    |  }
 0)               |  vxlan_sock_release [vxlan]() {
 0)               |    synchronize_net() {
 0)   8.215 us    |      synchronize_rcu_expedited();
 0)   8.637 us    |    }
 0)   9.347 us    |  }
 0)               |  vxlan_sock_release [vxlan]() {
 0)               |    synchronize_net() {
 0)   8.135 us    |      synchronize_rcu_expedited();
 0)   8.566 us    |    }
 0)   9.037 us    |  }
 0)               |  vxlan_sock_release [vxlan]() {
 0)               |    synchronize_net() {
 0)   8.385 us    |      synchronize_rcu_expedited();
 0)   8.807 us    |    }
 0)   9.257 us    |  }
 0)               |  vxlan_sock_release [vxlan]() {
 0)               |    synchronize_net() {
 0)   8.295 us    |      synchronize_rcu_expedited();
 0)   8.716 us    |    }
 0)   9.187 us    |  }
 0)               |  vxlan_sock_release [vxlan]() {
 0)               |    synchronize_net() {
 0)   8.045 us    |      synchronize_rcu_expedited();
 0)   8.466 us    |    }
 0)   8.967 us    |  }
 0)               |  vxlan_sock_release [vxlan]() {
 0)               |    synchronize_net() {
 0)   8.205 us    |      synchronize_rcu_expedited();
 0)   8.626 us    |    }
 0)   9.087 us    |  }
 0)               |  vxlan_sock_release [vxlan]() {
 0)               |    synchronize_net() {
 0)   8.175 us    |      synchronize_rcu_expedited();
 0)   8.626 us    |    }
 0)   9.077 us    |  }
 0)               |  vxlan_sock_release [vxlan]() {
 0)               |    synchronize_net() {
 0)   7.814 us    |      synchronize_rcu_expedited();
 0)   8.256 us    |    }
 0)   8.716 us    |  }
 0)               |  vxlan_sock_release [vxlan]() {
 0)               |    synchronize_net() {
 0)   7.795 us    |      synchronize_rcu_expedited();
 0)   8.225 us    |    }
 0)   8.736 us    |  }
 0)               |  vxlan_sock_release [vxlan]() {
 0)               |    synchronize_net() {
 0)   7.825 us    |      synchronize_rcu_expedited();
 0)   8.255 us    |    }
 0)   8.706 us    |  }
 0)               |  vxlan_sock_release [vxlan]() {
 0)               |    synchronize_net() {
 0)   7.925 us    |      synchronize_rcu_expedited();
 0)   8.386 us    |    }
 0)   8.837 us    |  }
 0)               |  vxlan_sock_release [vxlan]() {
 0)               |    synchronize_net() {
 0)   7.835 us    |      synchronize_rcu_expedited();
 0)   8.265 us    |    }
 0)   8.717 us    |  }
 0)               |  vxlan_sock_release [vxlan]() {
 0)               |    synchronize_net() {
 0)   7.775 us    |      synchronize_rcu_expedited();
 0)   8.285 us    |    }
 0)   8.747 us    |  }
 0)               |  vxlan_sock_release [vxlan]() {
 0)               |    synchronize_net() {
 0)   7.855 us    |      synchronize_rcu_expedited();
 0)   8.356 us    |    }
 0)   8.796 us    |  }
 0)               |  vxlan_sock_release [vxlan]() {
 0)               |    synchronize_net() {
 0)   7.794 us    |      synchronize_rcu_expedited();
 0)   8.216 us    |    }
 0)   8.676 us    |  }
 0)               |  vxlan_sock_release [vxlan]() {
 0)               |    synchronize_net() {
 0)   8.095 us    |      synchronize_rcu_expedited();
 0)   8.537 us    |    }
 0)   8.987 us    |  }
 0)               |  vxlan_sock_release [vxlan]() {
 0)               |    synchronize_net() {
 0)   7.854 us    |      synchronize_rcu_expedited();
 0)   8.286 us    |    }
 0)   8.876 us    |  }
 0)               |  vxlan_sock_release [vxlan]() {
 0)               |    synchronize_net() {
 0)   7.855 us    |      synchronize_rcu_expedited();
 0)   8.295 us    |    }
 0)   8.757 us    |  }
 0)               |  vxlan_sock_release [vxlan]() {
 0)               |    synchronize_net() {
 0)   7.844 us    |      synchronize_rcu_expedited();
 0)   8.266 us    |    }
 0)   8.736 us    |  }
 0)               |  vxlan_sock_release [vxlan]() {
 0)               |    synchronize_net() {
 0)   7.915 us    |      synchronize_rcu_expedited();
 0)   8.346 us    |    }
 0)   8.806 us    |  }
 0)               |  vxlan_sock_release [vxlan]() {
 0)               |    synchronize_net() {
 0)   7.795 us    |      synchronize_rcu_expedited();
 0)   8.225 us    |    }
 0)   8.837 us    |  }
 0)               |  vxlan_sock_release [vxlan]() {
 0)               |    synchronize_net() {
 0)   7.805 us    |      synchronize_rcu_expedited();
 0)   8.235 us    |    }
 0)   8.697 us    |  }
 0)               |  vxlan_sock_release [vxlan]() {
 0)               |    synchronize_net() {
 0)   7.745 us    |      synchronize_rcu_expedited();
 0)   8.165 us    |    }
 0)   8.616 us    |  }
 0)               |  vxlan_sock_release [vxlan]() {
 0)               |    synchronize_net() {
 0)   7.835 us    |      synchronize_rcu_expedited();
 0)   8.265 us    |    }
 0)   8.727 us    |  }
 0)               |  vxlan_sock_release [vxlan]() {
 0)               |    synchronize_net() {
 0)   8.105 us    |      synchronize_rcu_expedited();
 0)   8.536 us    |    }
 0)   9.017 us    |  }
 0)               |  vxlan_sock_release [vxlan]() {
 0)               |    synchronize_net() {
 0)   7.824 us    |      synchronize_rcu_expedited();
 0)   8.256 us    |    }
 0)   8.706 us    |  }
 0)               |  vxlan_sock_release [vxlan]() {
 0)               |    synchronize_net() {
 0)   7.925 us    |      synchronize_rcu_expedited();
 0)   8.356 us    |    }
 0)   8.816 us    |  }
 0)               |  vxlan_sock_release [vxlan]() {
 0)               |    synchronize_net() {
 0)   7.765 us    |      synchronize_rcu_expedited();
 0)   8.255 us    |    }
 0)   8.706 us    |  }
 0)               |  vxlan_sock_release [vxlan]() {
 0)               |    synchronize_net() {
 0)   7.855 us    |      synchronize_rcu_expedited();
 0)   8.325 us    |    }
 0)   8.787 us    |  }
 0)               |  vxlan_sock_release [vxlan]() {
 0)               |    synchronize_net() {
 0)   7.815 us    |      synchronize_rcu_expedited();
 0)   8.235 us    |    }
 0)   8.697 us    |  }
 0)               |  vxlan_sock_release [vxlan]() {
 0)               |    synchronize_net() {
 0)   7.895 us    |      synchronize_rcu_expedited();
 0)   8.315 us    |    }
 0)   8.767 us    |  }
 0)               |  vxlan_sock_release [vxlan]() {
 0)               |    synchronize_net() {
 0)   7.765 us    |      synchronize_rcu_expedited();
 0)   8.195 us    |    }
 0)   8.636 us    |  }
 0)               |  vxlan_sock_release [vxlan]() {
 0)               |    synchronize_net() {
 0)   7.734 us    |      synchronize_rcu_expedited();
 0)   8.166 us    |    }
 0)   8.867 us    |  }
 0)               |  vxlan_sock_release [vxlan]() {
 0)               |    synchronize_net() {
 0)   8.115 us    |      synchronize_rcu_expedited();
 0)   8.536 us    |    }
 0)   9.007 us    |  }
 0)               |  vxlan_sock_release [vxlan]() {
 0)               |    synchronize_net() {
 0)   7.764 us    |      synchronize_rcu_expedited();
 0)   8.186 us    |    }
 0)   8.636 us    |  }
 0)               |  vxlan_sock_release [vxlan]() {
 0)               |    synchronize_net() {
 0)   7.745 us    |      synchronize_rcu_expedited();
 0)   8.175 us    |    }
 0)   8.626 us    |  }
 0)               |  vxlan_sock_release [vxlan]() {
 0)               |    synchronize_net() {
 0)   7.744 us    |      synchronize_rcu_expedited();
 0)   8.176 us    |    }
 0)   8.636 us    |  }
 0)               |  vxlan_sock_release [vxlan]() {
 0)               |    synchronize_net() {
 0)   7.814 us    |      synchronize_rcu_expedited();
 0)   8.256 us    |    }
 0)   8.706 us    |  }
 0)               |  vxlan_sock_release [vxlan]() {
 0)               |    synchronize_net() {
 0)   7.794 us    |      synchronize_rcu_expedited();
 0)   8.216 us    |    }
 0)   8.676 us    |  }
 0)               |  vxlan_sock_release [vxlan]() {
 0)               |    synchronize_net() {
 0)   7.704 us    |      synchronize_rcu_expedited();
 0)   8.136 us    |    }
 0)   8.596 us    |  }
 0)               |  vxlan_sock_release [vxlan]() {
 0)               |    synchronize_net() {
 0)   7.775 us    |      synchronize_rcu_expedited();
 0)   8.195 us    |    }
 0)   8.656 us    |  }
 0)               |  vxlan_sock_release [vxlan]() {
 0)               |    synchronize_net() {
 0)   7.715 us    |      synchronize_rcu_expedited();
 0)   8.145 us    |    }
 0)   8.607 us    |  }
 0)               |  vxlan_sock_release [vxlan]() {
 0)               |    synchronize_net() {
 0)   8.296 us    |      synchronize_rcu_expedited();
 0)   8.726 us    |    }
 0)   9.228 us    |  }
 0)               |  vxlan_sock_release [vxlan]() {
 0)               |    synchronize_net() {
 0)   7.815 us    |      synchronize_rcu_expedited();
 0)   8.245 us    |    }
 0)   8.697 us    |  }
 0)               |  vxlan_sock_release [vxlan]() {
 0)               |    synchronize_net() {
 0)   7.865 us    |      synchronize_rcu_expedited();
 0)   8.295 us    |    }
 0)   8.747 us    |  }
 0)               |  vxlan_sock_release [vxlan]() {
 0)               |    synchronize_net() {
 0)   7.695 us    |      synchronize_rcu_expedited();
 0)   8.115 us    |    }
 0)   8.566 us    |  }
 0)               |  vxlan_sock_release [vxlan]() {
 0)               |    synchronize_net() {
 0)   7.915 us    |      synchronize_rcu_expedited();
 0)   8.336 us    |    }
 0)   8.796 us    |  }
 0)               |  vxlan_sock_release [vxlan]() {
 0)               |    synchronize_net() {
 0)   7.805 us    |      synchronize_rcu_expedited();
 0)   8.235 us    |    }
 0)   8.707 us    |  }
 0)               |  vxlan_sock_release [vxlan]() {
 0)               |    synchronize_net() {
 0)   8.055 us    |      synchronize_rcu_expedited();
 0)   8.486 us    |    }
 0)   9.197 us    |  }
 0)               |  vxlan_sock_release [vxlan]() {
 0)               |    synchronize_net() {
 0)   7.614 us    |      synchronize_rcu_expedited();
 0)   8.036 us    |    }
 0)   8.486 us    |  }
 0)               |  vxlan_sock_release [vxlan]() {
 0)               |    synchronize_net() {
 0)   7.815 us    |      synchronize_rcu_expedited();
 0)   8.226 us    |    }
 0)   8.696 us    |  }
 0)               |  vxlan_sock_release [vxlan]() {
 0)               |    synchronize_net() {
 0)   8.155 us    |      synchronize_rcu_expedited();
 0)   8.586 us    |    }
 0)   9.047 us    |  }
 0)               |  vxlan_sock_release [vxlan]() {
 0)               |    synchronize_net() {
 0)   8.035 us    |      synchronize_rcu_expedited();
 0)   8.456 us    |    }
 0)   8.907 us    |  }
 0)               |  vxlan_sock_release [vxlan]() {
 0)               |    synchronize_net() {
 0)   7.824 us    |      synchronize_rcu_expedited();
 0)   8.256 us    |    }
 0)   8.706 us    |  }
 0)               |  vxlan_sock_release [vxlan]() {
 0)               |    synchronize_net() {
 0)   7.854 us    |      synchronize_rcu_expedited();
 0)   8.306 us    |    }
 0)   8.766 us    |  }
 0)               |  vxlan_sock_release [vxlan]() {
 0)               |    synchronize_net() {
 0)   7.844 us    |      synchronize_rcu_expedited();
 0)   8.276 us    |    }
 0)   8.726 us    |  }
 0)               |  vxlan_sock_release [vxlan]() {
 0)               |    synchronize_net() {
 0)   7.734 us    |      synchronize_rcu_expedited();
 0)   8.156 us    |    }
 0)   8.606 us    |  }
 0)               |  vxlan_sock_release [vxlan]() {
 0)               |    synchronize_net() {
 0)   7.925 us    |      synchronize_rcu_expedited();
 0)   8.356 us    |    }
 0)   8.796 us    |  }
 0)               |  vxlan_sock_release [vxlan]() {
 0)               |    synchronize_net() {
 0)   7.835 us    |      synchronize_rcu_expedited();
 0)   8.265 us    |    }
 0)   8.716 us    |  }
 0)               |  vxlan_sock_release [vxlan]() {
 0)               |    synchronize_net() {
 0)   7.895 us    |      synchronize_rcu_expedited();
 0)   8.325 us    |    }
 0)   8.777 us    |  }
 0)               |  vxlan_sock_release [vxlan]() {
 0)               |    synchronize_net() {
 0)   8.286 us    |      synchronize_rcu_expedited();
 0)   8.716 us    |    }
 0)   9.167 us    |  }
 0)               |  vxlan_sock_release [vxlan]() {
 0)               |    synchronize_net() {
 0)   7.935 us    |      synchronize_rcu_expedited();
 0)   8.366 us    |    }
 0)   8.817 us    |  }
 0)               |  vxlan_sock_release [vxlan]() {
 0)               |    synchronize_net() {
 0)   7.835 us    |      synchronize_rcu_expedited();
 0)   8.265 us    |    }
 0)   8.717 us    |  }
 0)               |  vxlan_sock_release [vxlan]() {
 0)               |    synchronize_net() {
 0)   7.975 us    |      synchronize_rcu_expedited();
 0)   8.396 us    |    }
 0)   8.857 us    |  }
 0)               |  vxlan_sock_release [vxlan]() {
 0)               |    synchronize_net() {
 0)   7.844 us    |      synchronize_rcu_expedited();
 0)   8.276 us    |    }
 0)   8.957 us    |  }
 0)               |  vxlan_sock_release [vxlan]() {
 0)               |    synchronize_net() {
 0)   7.805 us    |      synchronize_rcu_expedited();
 0)   8.235 us    |    }
 0)   8.707 us    |  }
 0)               |  vxlan_sock_release [vxlan]() {
 0)               |    synchronize_net() {
 0)   7.924 us    |      synchronize_rcu_expedited();
 0)   8.356 us    |    }
 0)   8.816 us    |  }
 0)               |  vxlan_sock_release [vxlan]() {
 0)               |    synchronize_net() {
 0)   7.764 us    |      synchronize_rcu_expedited();
 0)   8.196 us    |    }
 0)   8.646 us    |  }
 0)               |  vxlan_sock_release [vxlan]() {
 0)               |    synchronize_net() {
 0)   7.884 us    |      synchronize_rcu_expedited();
 0)   8.316 us    |    }
 0)   8.776 us    |  }
 0)               |  vxlan_sock_release [vxlan]() {
 0)               |    synchronize_net() {
 0)   8.245 us    |      synchronize_rcu_expedited();
 0)   8.677 us    |    }
 0)   9.117 us    |  }
 0)               |  vxlan_sock_release [vxlan]() {
 0)               |    synchronize_net() {
 0)   7.775 us    |      synchronize_rcu_expedited();
 0)   8.205 us    |    }
 0)   8.646 us    |  }
 0)               |  vxlan_sock_release [vxlan]() {
 0)               |    synchronize_net() {
 0)   7.855 us    |      synchronize_rcu_expedited();
 0)   8.446 us    |    }
 0)   8.887 us    |  }
 0)               |  vxlan_sock_release [vxlan]() {
 0)               |    synchronize_net() {
 0)   7.855 us    |      synchronize_rcu_expedited();
 0)   8.285 us    |    }
 0)   8.737 us    |  }
 0)               |  vxlan_sock_release [vxlan]() {
 0)               |    synchronize_net() {
 0)   7.935 us    |      synchronize_rcu_expedited();
 0)   8.395 us    |    }
 0)   8.847 us    |  }
 0)               |  vxlan_sock_release [vxlan]() {
 0)               |    synchronize_net() {
 0) + 19.487 us   |      synchronize_rcu_expedited();
 0) + 19.917 us   |    }
 0) + 20.369 us   |  }
 0)               |  vxlan_sock_release [vxlan]() {
 0)               |    synchronize_net() {
 0)   8.356 us    |      synchronize_rcu_expedited();
 0)   8.786 us    |    }
 0)   9.238 us    |  }
 0)               |  vxlan_sock_release [vxlan]() {
 0)               |    synchronize_net() {
 0)   8.225 us    |      synchronize_rcu_expedited();
 0)   8.636 us    |    }
 0)   9.097 us    |  }
 0)               |  vxlan_sock_release [vxlan]() {
 0)               |    synchronize_net() {
 0)   8.155 us    |      synchronize_rcu_expedited();
 0)   8.576 us    |    }
 0)   9.027 us    |  }
 0)               |  vxlan_sock_release [vxlan]() {
 0)               |    synchronize_net() {
 0)   8.206 us    |      synchronize_rcu_expedited();
 0)   8.616 us    |    }
 0)   9.077 us    |  }
 0)               |  vxlan_sock_release [vxlan]() {
 0)               |    synchronize_net() {
 0)   8.135 us    |      synchronize_rcu_expedited();
 0)   8.556 us    |    }
 0)   9.017 us    |  }
 0)               |  vxlan_sock_release [vxlan]() {
 0)               |    synchronize_net() {
 0)   8.225 us    |      synchronize_rcu_expedited();
 0)   8.656 us    |    }
 0)   9.337 us    |  }
 0)               |  vxlan_sock_release [vxlan]() {
 0)               |    synchronize_net() {
 0)   8.195 us    |      synchronize_rcu_expedited();
 0)   8.626 us    |    }
 0)   9.087 us    |  }
 0)               |  vxlan_sock_release [vxlan]() {
 0)               |    synchronize_net() {
 0)   8.156 us    |      synchronize_rcu_expedited();
 0)   8.586 us    |    }
 0)   9.047 us    |  }
 0)               |  vxlan_sock_release [vxlan]() {
 0)               |    synchronize_net() {
 0)   7.825 us    |      synchronize_rcu_expedited();
 0)   8.255 us    |    }
 0)   8.707 us    |  }
 0)               |  vxlan_sock_release [vxlan]() {
 0)               |    synchronize_net() {
 0)   7.835 us    |      synchronize_rcu_expedited();
 0)   8.265 us    |    }
 0)   8.717 us    |  }
 0)               |  vxlan_sock_release [vxlan]() {
 0)               |    synchronize_net() {
 0)   7.805 us    |      synchronize_rcu_expedited();
 0)   8.225 us    |    }
 0)   8.686 us    |  }
 0)               |  vxlan_sock_release [vxlan]() {
 0)               |    synchronize_net() {
 0)   7.764 us    |      synchronize_rcu_expedited();
 0)   8.195 us    |    }
 0)   8.646 us    |  }
 0)               |  vxlan_sock_release [vxlan]() {
 0)               |    synchronize_net() {
 0)   7.774 us    |      synchronize_rcu_expedited();
 0)   8.206 us    |    }
 0)   8.676 us    |  }
 0)               |  vxlan_sock_release [vxlan]() {
 0)               |    synchronize_net() {
 0)   7.894 us    |      synchronize_rcu_expedited();
 0)   8.346 us    |    }
 0)   8.806 us    |  }
 0)               |  vxlan_sock_release [vxlan]() {
 0)               |    synchronize_net() {
 0)   7.845 us    |      synchronize_rcu_expedited();
 0)   8.266 us    |    }
 0)   8.706 us    |  }
 0)               |  vxlan_sock_release [vxlan]() {
 0)               |    synchronize_net() {
 0)   7.774 us    |      synchronize_rcu_expedited();
 0)   8.206 us    |    }
 0)   8.666 us    |  }
 0)               |  vxlan_sock_release [vxlan]() {
 0)               |    synchronize_net() {
 0)   8.255 us    |      synchronize_rcu_expedited();
 0)   8.687 us    |    }
 0)   9.127 us    |  }
 0)               |  vxlan_sock_release [vxlan]() {
 0)               |    synchronize_net() {
 0)   7.795 us    |      synchronize_rcu_expedited();
 0)   8.296 us    |    }
 0)   8.736 us    |  }
 0)               |  vxlan_sock_release [vxlan]() {
 0)               |    synchronize_net() {
 0)   7.905 us    |      synchronize_rcu_expedited();
 0)   8.346 us    |    }
 0)   8.796 us    |  }
 0)               |  vxlan_sock_release [vxlan]() {
 0)               |    synchronize_net() {
 0)   7.805 us    |      synchronize_rcu_expedited();
 0)   8.225 us    |    }
 0)   8.726 us    |  }
 0)               |  vxlan_sock_release [vxlan]() {
 0)               |    synchronize_net() {
 0)   7.915 us    |      synchronize_rcu_expedited();
 0)   8.346 us    |    }
 0)   8.797 us    |  }
 0)               |  vxlan_sock_release [vxlan]() {
 0)               |    synchronize_net() {
 0)   7.844 us    |      synchronize_rcu_expedited();
 0)   8.276 us    |    }
 0)   8.927 us    |  }
 0)               |  vxlan_sock_release [vxlan]() {
 0)               |    synchronize_net() {
 0)   7.855 us    |      synchronize_rcu_expedited();
 0)   8.275 us    |    }
 0)   8.747 us    |  }
 0)               |  vxlan_sock_release [vxlan]() {
 0)               |    synchronize_net() {
 0)   7.795 us    |      synchronize_rcu_expedited();
 0)   8.225 us    |    }
 0)   8.676 us    |  }
 0)               |  vxlan_sock_release [vxlan]() {
 0)               |    synchronize_net() {
 0)   7.825 us    |      synchronize_rcu_expedited();
 0)   8.245 us    |    }
 0)   8.707 us    |  }
 0)               |  vxlan_sock_release [vxlan]() {
 0)               |    synchronize_net() {
 0)   8.256 us    |      synchronize_rcu_expedited();
 0)   8.686 us    |    }
 0)   9.138 us    |  }
 0)               |  vxlan_sock_release [vxlan]() {
 0)               |    synchronize_net() {
 0)   7.905 us    |      synchronize_rcu_expedited();
 0)   8.356 us    |    }
 0)   8.806 us    |  }
 0)               |  vxlan_sock_release [vxlan]() {
 0)               |    synchronize_net() {
 0)   7.945 us    |      synchronize_rcu_expedited();
 0)   8.376 us    |    }
 0)   8.816 us    |  }
 0)               |  vxlan_sock_release [vxlan]() {
 0)               |    synchronize_net() {
 0)   7.845 us    |      synchronize_rcu_expedited();
 0)   8.276 us    |    }
 0)   8.726 us    |  }
 0)               |  vxlan_sock_release [vxlan]() {
 0)               |    synchronize_net() {
 0)   7.814 us    |      synchronize_rcu_expedited();
 0)   8.236 us    |    }
 0)   8.686 us    |  }
 0)               |  vxlan_sock_release [vxlan]() {
 0)               |    synchronize_net() {
 0)   7.914 us    |      synchronize_rcu_expedited();
 0)   8.336 us    |    }
 0)   8.786 us    |  }
 0)               |  vxlan_sock_release [vxlan]() {
 0)               |    synchronize_net() {
 0)   7.864 us    |      synchronize_rcu_expedited();
 0)   8.296 us    |    }
 0)   8.756 us    |  }
 0)               |  vxlan_sock_release [vxlan]() {
 0)               |    synchronize_net() {
 0)   7.824 us    |      synchronize_rcu_expedited();
 0)   8.246 us    |    }
 0)   8.706 us    |  }
 0)               |  vxlan_sock_release [vxlan]() {
 0)               |    synchronize_net() {
 0)   7.734 us    |      synchronize_rcu_expedited();
 0)   8.155 us    |    }
 0)   8.606 us    |  }
 0)               |  vxlan_sock_release [vxlan]() {
 0)               |    synchronize_net() {
 0)   8.136 us    |      synchronize_rcu_expedited();
 0)   8.566 us    |    }
 0)   9.017 us    |  }
 0)               |  vxlan_sock_release [vxlan]() {
 0)               |    synchronize_net() {
 0)   7.925 us    |      synchronize_rcu_expedited();
 0)   8.345 us    |    }
 0)   8.807 us    |  }
 0)               |  vxlan_sock_release [vxlan]() {
 0)               |    synchronize_net() {
 0)   7.915 us    |      synchronize_rcu_expedited();
 0)   8.345 us    |    }
 0)   8.797 us    |  }
 0)               |  vxlan_sock_release [vxlan]() {
 0)               |    synchronize_net() {
 0)   7.805 us    |      synchronize_rcu_expedited();
 0)   8.225 us    |    }
 0)   8.936 us    |  }
 0)               |  vxlan_sock_release [vxlan]() {
 0)               |    synchronize_net() {
 0)   7.835 us    |      synchronize_rcu_expedited();
 0)   8.255 us    |    }
 0)   8.767 us    |  }
 0)               |  vxlan_sock_release [vxlan]() {
 0)               |    synchronize_net() {
 0)   7.825 us    |      synchronize_rcu_expedited();
 0)   8.255 us    |    }
 0)   8.717 us    |  }
 0)               |  vxlan_sock_release [vxlan]() {
 0)               |    synchronize_net() {
 0)   7.715 us    |      synchronize_rcu_expedited();
 0)   8.135 us    |    }
 0)   8.636 us    |  }
 0)               |  vxlan_sock_release [vxlan]() {
 0)               |    synchronize_net() {
 0)   7.725 us    |      synchronize_rcu_expedited();
 0)   8.155 us    |    }
 0)   8.616 us    |  }
 0)               |  vxlan_sock_release [vxlan]() {
 0)               |    synchronize_net() {
 0)   7.765 us    |      synchronize_rcu_expedited();
 0)   8.185 us    |    }
 0)   8.646 us    |  }
 0)               |  vxlan_sock_release [vxlan]() {
 0)               |    synchronize_net() {
 0)   8.185 us    |      synchronize_rcu_expedited();
 0)   8.637 us    |    }
 0)   9.077 us    |  }
 0)               |  vxlan_sock_release [vxlan]() {
 0)               |    synchronize_net() {
 0)   7.904 us    |      synchronize_rcu_expedited();
 0)   8.336 us    |    }
 0)   8.776 us    |  }
 0)               |  vxlan_sock_release [vxlan]() {
 0)               |    synchronize_net() {
 0)   7.874 us    |      synchronize_rcu_expedited();
 0)   8.306 us    |    }
 0)   8.766 us    |  }
 0)               |  vxlan_sock_release [vxlan]() {
 0)               |    synchronize_net() {
 0)   7.814 us    |      synchronize_rcu_expedited();
 0)   8.246 us    |    }
 0)   8.686 us    |  }
 0)               |  vxlan_sock_release [vxlan]() {
 0)               |    synchronize_net() {
 0) + 16.611 us   |      synchronize_rcu_expedited();
 0) + 17.042 us   |    }
 0) + 17.553 us   |  }
 0)               |  vxlan_sock_release [vxlan]() {
 0)               |    synchronize_net() {
 0)   8.306 us    |      synchronize_rcu_expedited();
 0)   8.726 us    |    }
 0)   9.177 us    |  }
 0)               |  vxlan_sock_release [vxlan]() {
 0)               |    synchronize_net() {
 0)   8.215 us    |      synchronize_rcu_expedited();
 0)   8.637 us    |    }
 0)   9.087 us    |  }
 0)               |  vxlan_sock_release [vxlan]() {
 0)               |    synchronize_net() {
 0)   8.355 us    |      synchronize_rcu_expedited();
 0)   8.777 us    |    }
 0)   9.217 us    |  }
 0)               |  vxlan_sock_release [vxlan]() {
 0)               |    synchronize_net() {
 0)   8.215 us    |      synchronize_rcu_expedited();
 0)   8.646 us    |    }
 0)   9.097 us    |  }
 0)               |  vxlan_sock_release [vxlan]() {
 0)               |    synchronize_net() {
 0)   8.186 us    |      synchronize_rcu_expedited();
 0)   8.616 us    |    }
 0)   9.067 us    |  }
 0)               |  vxlan_sock_release [vxlan]() {
 0)               |    synchronize_net() {
 0)   8.136 us    |      synchronize_rcu_expedited();
 0)   8.566 us    |    }
 0)   9.147 us    |  }
 0)               |  vxlan_sock_release [vxlan]() {
 0)               |    synchronize_net() {
 0)   8.305 us    |      synchronize_rcu_expedited();
 0)   8.726 us    |    }
 0)   9.187 us    |  }
 0)               |  vxlan_sock_release [vxlan]() {
 0)               |    synchronize_net() {
 0)   8.186 us    |      synchronize_rcu_expedited();
 0)   8.606 us    |    }
 0)   9.057 us    |  }
 0)               |  vxlan_sock_release [vxlan]() {
 0)               |    synchronize_net() {
 0)   7.885 us    |      synchronize_rcu_expedited();
 0)   8.315 us    |    }
 0)   8.757 us    |  }
 0)               |  vxlan_sock_release [vxlan]() {
 0)               |    synchronize_net() {
 0)   7.915 us    |      synchronize_rcu_expedited();
 0)   8.346 us    |    }
 0)   8.797 us    |  }
 0)               |  vxlan_sock_release [vxlan]() {
 0)               |    synchronize_net() {
 0)   7.845 us    |      synchronize_rcu_expedited();
 0)   8.286 us    |    }
 0)   8.736 us    |  }
 0)               |  vxlan_sock_release [vxlan]() {
 0)               |    synchronize_net() {
 0)   7.835 us    |      synchronize_rcu_expedited();
 0)   8.266 us    |    }
 0)   8.716 us    |  }
 0)               |  vxlan_sock_release [vxlan]() {
 0)               |    synchronize_net() {
 0)   8.095 us    |      synchronize_rcu_expedited();
 0)   8.576 us    |    }
 0)   9.167 us    |  }
 0)               |  vxlan_sock_release [vxlan]() {
 0)               |    synchronize_net() {
 0)   7.754 us    |      synchronize_rcu_expedited();
 0)   8.176 us    |    }
 0)   8.636 us    |  }
 0)               |  vxlan_sock_release [vxlan]() {
 0)               |    synchronize_net() {
 0) + 10.119 us   |      synchronize_rcu_expedited();
 0) + 10.570 us   |    }
 0) + 11.221 us   |  }
 0)               |  vxlan_sock_release [vxlan]() {
 0)               |    synchronize_net() {
 0)   7.785 us    |      synchronize_rcu_expedited();
 0)   8.205 us    |    }
 0)   8.667 us    |  }
 0)               |  vxlan_sock_release [vxlan]() {
 0)               |    synchronize_net() {
 0)   7.725 us    |      synchronize_rcu_expedited();
 0)   8.155 us    |    }
 0)   8.626 us    |  }
 0)               |  vxlan_sock_release [vxlan]() {
 0)               |    synchronize_net() {
 0)   7.835 us    |      synchronize_rcu_expedited();
 0)   8.265 us    |    }
 0)   8.726 us    |  }
 0)               |  vxlan_sock_release [vxlan]() {
 0)               |    synchronize_net() {
 0)   7.774 us    |      synchronize_rcu_expedited();
 0)   8.216 us    |    }
 0)   8.666 us    |  }
 0)               |  vxlan_sock_release [vxlan]() {
 0)               |    synchronize_net() {
 0)   7.895 us    |      synchronize_rcu_expedited();
 0)   8.326 us    |    }
 0)   8.776 us    |  }
 0)               |  vxlan_sock_release [vxlan]() {
 0)               |    synchronize_net() {
 0)   7.885 us    |      synchronize_rcu_expedited();
 0)   8.316 us    |    }
 0)   8.766 us    |  }
 0)               |  vxlan_sock_release [vxlan]() {
 0)               |    synchronize_net() {
 0)   8.205 us    |      synchronize_rcu_expedited();
 0)   8.656 us    |    }
 0)   9.298 us    |  }
 0)               |  vxlan_sock_release [vxlan]() {
 0)               |    synchronize_net() {
 0)   7.855 us    |      synchronize_rcu_expedited();
 0)   8.285 us    |    }
 0)   8.727 us    |  }
 0)               |  vxlan_sock_release [vxlan]() {
 0)               |    synchronize_net() {
 0)   7.855 us    |      synchronize_rcu_expedited();
 0)   8.275 us    |    }
 0)   8.787 us    |  }
 0)               |  vxlan_sock_release [vxlan]() {
 0)               |    synchronize_net() {
 0) + 18.795 us   |      synchronize_rcu_expedited();
 0) + 19.226 us   |    }
 0) + 19.667 us   |  }
 0)               |  vxlan_sock_release [vxlan]() {
 0)               |    synchronize_net() {
 0)   8.365 us    |      synchronize_rcu_expedited();
 0)   8.797 us    |    }
 0)   9.237 us    |  }
 0)               |  vxlan_sock_release [vxlan]() {
 0)               |    synchronize_net() {
 0)   8.205 us    |      synchronize_rcu_expedited();
 0)   8.636 us    |    }
 0)   9.077 us    |  }
 0)               |  vxlan_sock_release [vxlan]() {
 0)               |    synchronize_net() {
 0)   8.176 us    |      synchronize_rcu_expedited();
 0)   8.586 us    |    }
 0)   9.047 us    |  }
 0)               |  vxlan_sock_release [vxlan]() {
 0)               |    synchronize_net() {
 0)   8.175 us    |      synchronize_rcu_expedited();
 0)   8.626 us    |    }
 0)   9.067 us    |  }
 0)               |  vxlan_sock_release [vxlan]() {
 0)               |    synchronize_net() {
 0)   8.285 us    |      synchronize_rcu_expedited();
 0)   8.717 us    |    }
 0)   9.157 us    |  }
 0)               |  vxlan_sock_release [vxlan]() {
 0)               |    synchronize_net() {
 0)   8.196 us    |      synchronize_rcu_expedited();
 0)   8.626 us    |    }
 0)   9.077 us    |  }
 0)               |  vxlan_sock_release [vxlan]() {
 0)               |    synchronize_net() {
 0)   8.176 us    |      synchronize_rcu_expedited();
 0)   8.596 us    |    }
 0)   9.057 us    |  }
 0)               |  vxlan_sock_release [vxlan]() {
 0)               |    synchronize_net() {
 0)   8.286 us    |      synchronize_rcu_expedited();
 0)   8.706 us    |    }
 0)   9.157 us    |  }
 0)               |  vxlan_sock_release [vxlan]() {
 0)               |    synchronize_net() {
 0)   7.925 us    |      synchronize_rcu_expedited();
 0)   8.346 us    |    }
 0)   8.807 us    |  }
 0)               |  vxlan_sock_release [vxlan]() {
 0)               |    synchronize_net() {
 0)   7.885 us    |      synchronize_rcu_expedited();
 0)   8.315 us    |    }
 0)   8.757 us    |  }
 0)               |  vxlan_sock_release [vxlan]() {
 0)               |    synchronize_net() {
 0)   7.955 us    |      synchronize_rcu_expedited();
 0)   8.375 us    |    }
 0)   8.827 us    |  }
 0)               |  vxlan_sock_release [vxlan]() {
 0)               |    synchronize_net() {
 0)   7.875 us    |      synchronize_rcu_expedited();
 0)   8.305 us    |    }
 0)   8.757 us    |  }
 0)               |  vxlan_sock_release [vxlan]() {
 0)               |    synchronize_net() {
 0)   7.925 us    |      synchronize_rcu_expedited();
 0)   8.335 us    |    }
 0)   8.927 us    |  }
 0)               |  vxlan_sock_release [vxlan]() {
 0)               |    synchronize_net() {
 0)   7.784 us    |      synchronize_rcu_expedited();
 0)   8.226 us    |    }
 0)   8.686 us    |  }
 0)               |  vxlan_sock_release [vxlan]() {
 0)               |    synchronize_net() {
 0)   7.864 us    |      synchronize_rcu_expedited();
 0)   8.296 us    |    }
 0)   8.736 us    |  }
 0)               |  vxlan_sock_release [vxlan]() {
 0)               |    synchronize_net() {
 0)   7.965 us    |      synchronize_rcu_expedited();
 0)   8.396 us    |    }
 0)   8.846 us    |  }
 0)               |  vxlan_sock_release [vxlan]() {
 0)               |    synchronize_net() {
 0)   8.316 us    |      synchronize_rcu_expedited();
 0)   8.746 us    |    }
 0)   9.197 us    |  }
 0)               |  vxlan_sock_release [vxlan]() {
 0)               |    synchronize_net() {
 0)   7.875 us    |      synchronize_rcu_expedited();
 0)   8.306 us    |    }
 0)   8.746 us    |  }
 0)               |  vxlan_sock_release [vxlan]() {
 0)               |    synchronize_net() {
 0)   7.895 us    |      synchronize_rcu_expedited();
 0)   8.316 us    |    }
 0)   8.766 us    |  }
 0)               |  vxlan_sock_release [vxlan]() {
 0)               |    synchronize_net() {
 0)   7.764 us    |      synchronize_rcu_expedited();
 0)   8.185 us    |    }
 0)   8.646 us    |  }
 0)               |  vxlan_sock_release [vxlan]() {
 0)               |    synchronize_net() {
 0)   7.804 us    |      synchronize_rcu_expedited();
 0)   8.226 us    |    }
 0)   8.676 us    |  }
 0)               |  vxlan_sock_release [vxlan]() {
 0)               |    synchronize_net() {
 0)   7.794 us    |      synchronize_rcu_expedited();
 0)   8.216 us    |    }
 0)   8.676 us    |  }
 0)               |  vxlan_sock_release [vxlan]() {
 0)               |    synchronize_net() {
 0)   7.945 us    |      synchronize_rcu_expedited();
 0)   8.366 us    |    }
 0)   8.816 us    |  }
 0)               |  vxlan_sock_release [vxlan]() {
 0)               |    synchronize_net() {
 0)   7.915 us    |      synchronize_rcu_expedited();
 0)   8.346 us    |    }
 0)   8.786 us    |  }
 0)               |  vxlan_sock_release [vxlan]() {
 0)               |    synchronize_net() {
 0)   7.905 us    |      synchronize_rcu_expedited();
 0)   8.336 us    |    }
 0)   8.786 us    |  }
 0)               |  vxlan_sock_release [vxlan]() {
 0)               |    synchronize_net() {
 0)   8.316 us    |      synchronize_rcu_expedited();
 0)   8.746 us    |    }
 0)   9.197 us    |  }
 0)               |  vxlan_sock_release [vxlan]() {
 0)               |    synchronize_net() {
 0)   7.744 us    |      synchronize_rcu_expedited();
 0)   8.175 us    |    }
 0)   8.616 us    |  }
 0)               |  vxlan_sock_release [vxlan]() {
 0)               |    synchronize_net() {
 0)   7.854 us    |      synchronize_rcu_expedited();
 0)   8.276 us    |    }
 0)   8.736 us    |  }
 0)               |  vxlan_sock_release [vxlan]() {
 0)               |    synchronize_net() {
 0)   7.734 us    |      synchronize_rcu_expedited();
 0)   8.156 us    |    }
 0)   8.866 us    |  }
 0)               |  vxlan_sock_release [vxlan]() {
 0)               |    synchronize_net() {
 0)   7.775 us    |      synchronize_rcu_expedited();
 0)   8.205 us    |    }
 0)   8.666 us    |  }
 0)               |  vxlan_sock_release [vxlan]() {
 0)               |    synchronize_net() {
 0)   7.995 us    |      synchronize_rcu_expedited();
 0)   8.415 us    |    }
 0)   8.867 us    |  }
 0)               |  vxlan_sock_release [vxlan]() {
 0)               |    synchronize_net() {
 0)   7.924 us    |      synchronize_rcu_expedited();
 0)   8.346 us    |    }
 0)   8.796 us    |  }
 0)               |  vxlan_sock_release [vxlan]() {
 0)               |    synchronize_net() {
 0)   7.804 us    |      synchronize_rcu_expedited();
 0)   8.226 us    |    }
 0)   8.676 us    |  }
 0)               |  vxlan_sock_release [vxlan]() {
 0)               |    synchronize_net() {
 0)   7.884 us    |      synchronize_rcu_expedited();
 0)   8.316 us    |    }
 0)   8.756 us    |  }
 0)               |  vxlan_sock_release [vxlan]() {
 0)               |    synchronize_net() {
 0)   8.255 us    |      synchronize_rcu_expedited();
 0)   8.676 us    |    }
 0)   9.127 us    |  }
 0)               |  vxlan_sock_release [vxlan]() {
 0)               |    synchronize_net() {
 0)   7.845 us    |      synchronize_rcu_expedited();
 0)   8.286 us    |    }
 0)   8.746 us    |  }
 0)               |  vxlan_sock_release [vxlan]() {
 0)               |    synchronize_net() {
 0)   7.794 us    |      synchronize_rcu_expedited();
 0)   8.266 us    |    }
 0)   8.706 us    |  }
 0)               |  vxlan_sock_release [vxlan]() {
 0)               |    synchronize_net() {
 0)   7.895 us    |      synchronize_rcu_expedited();
 0)   8.326 us    |    }
 0)   8.766 us    |  }
 0)               |  vxlan_sock_release [vxlan]() {
 0)               |    synchronize_net() {
 0)   7.824 us    |      synchronize_rcu_expedited();
 0)   8.256 us    |    }
 0)   8.706 us    |  }
 0)               |  vxlan_sock_release [vxlan]() {
 0)               |    synchronize_net() {
 0)   7.955 us    |      synchronize_rcu_expedited();
 0)   8.386 us    |    }
 0)   8.837 us    |  }
 0)               |  vxlan_sock_release [vxlan]() {
 0)               |    synchronize_net() {
 0)   7.805 us    |      synchronize_rcu_expedited();
 0)   8.235 us    |    }
 0)   8.687 us    |  }
 0)               |  vxlan_sock_release [vxlan]() {
 0)               |    synchronize_net() {
 0)   7.835 us    |      synchronize_rcu_expedited();
 0)   8.266 us    |    }
 0)   8.716 us    |  }
 0)               |  vxlan_sock_release [vxlan]() {
 0)               |    synchronize_net() {
 0)   7.855 us    |      synchronize_rcu_expedited();
 0)   8.276 us    |    }
 0)   8.726 us    |  }
 0)               |  vxlan_sock_release [vxlan]() {
 0)               |    synchronize_net() {
 0)   8.226 us    |      synchronize_rcu_expedited();
 0)   8.646 us    |    }
 0)   9.087 us    |  }
 0)               |  vxlan_sock_release [vxlan]() {
 0)               |    synchronize_net() {
 0)   7.825 us    |      synchronize_rcu_expedited();
 0)   8.255 us    |    }
 0)   8.947 us    |  }
 0)               |  vxlan_sock_release [vxlan]() {
 0)               |    synchronize_net() {
 0)   7.914 us    |      synchronize_rcu_expedited();
 0)   8.346 us    |    }
 0)   8.826 us    |  }
 0)               |  vxlan_sock_release [vxlan]() {
 0)               |    synchronize_net() {
 0)   7.884 us    |      synchronize_rcu_expedited();
 0)   8.296 us    |    }
 0)   8.746 us    |  }
 0)               |  vxlan_sock_release [vxlan]() {
 0)               |    synchronize_net() {
 0)   7.804 us    |      synchronize_rcu_expedited();
 0)   8.236 us    |    }
 0)   8.686 us    |  }
 0)               |  vxlan_sock_release [vxlan]() {
 0)               |    synchronize_net() {
 0) + 18.655 us   |      synchronize_rcu_expedited();
 0) + 19.076 us   |    }
 0) + 19.526 us   |  }
 0)               |  vxlan_sock_release [vxlan]() {
 0)               |    synchronize_net() {
 0)   8.275 us    |      synchronize_rcu_expedited();
 0)   8.737 us    |    }
 0)   9.187 us    |  }
 0)               |  vxlan_sock_release [vxlan]() {
 0)               |    synchronize_net() {
 0)   8.325 us    |      synchronize_rcu_expedited();
 0)   8.747 us    |    }
 0)   9.197 us    |  }
 0)               |  vxlan_sock_release [vxlan]() {
 0)               |    synchronize_net() {
 0)   8.115 us    |      synchronize_rcu_expedited();
 0)   8.546 us    |    }
 0)   8.997 us    |  }
 0)               |  vxlan_sock_release [vxlan]() {
 0)               |    synchronize_net() {
 0)   8.255 us    |      synchronize_rcu_expedited();
 0)   8.676 us    |    }
 0)   9.137 us    |  }
 0)               |  vxlan_sock_release [vxlan]() {
 0)               |    synchronize_net() {
 0)   8.186 us    |      synchronize_rcu_expedited();
 0)   8.606 us    |    }
 0)   9.067 us    |  }
 0)               |  vxlan_sock_release [vxlan]() {
 0)               |    synchronize_net() {
 0)   8.166 us    |      synchronize_rcu_expedited();
 0)   8.586 us    |    }
 0)   9.037 us    |  }
 0)               |  vxlan_sock_release [vxlan]() {
 0)               |    synchronize_net() {
 0)   8.135 us    |      synchronize_rcu_expedited();
 0)   8.567 us    |    }
 0)   9.007 us    |  }
 0)               |  vxlan_sock_release [vxlan]() {
 0)               |    synchronize_net() {
 0)   8.176 us    |      synchronize_rcu_expedited();
 0)   8.606 us    |    }
 0)   9.046 us    |  }
 0)               |  vxlan_sock_release [vxlan]() {
 0)               |    synchronize_net() {
 0)   7.795 us    |      synchronize_rcu_expedited();
 0)   8.215 us    |    }
 0)   8.667 us    |  }
 0)               |  vxlan_sock_release [vxlan]() {
 0)               |    synchronize_net() {
 0)   7.915 us    |      synchronize_rcu_expedited();
 0)   8.345 us    |    }
 0)   8.787 us    |  }
 0)               |  vxlan_sock_release [vxlan]() {
 0)               |    synchronize_net() {
 0)   7.975 us    |      synchronize_rcu_expedited();
 0)   8.455 us    |    }
 0)   8.907 us    |  }
 0)               |  vxlan_sock_release [vxlan]() {
 0)               |    synchronize_net() {
 0)   7.735 us    |      synchronize_rcu_expedited();
 0)   8.155 us    |    }
 0)   8.837 us    |  }
 0)               |  vxlan_sock_release [vxlan]() {
 0)               |    synchronize_net() {
 0)   7.855 us    |      synchronize_rcu_expedited();
 0)   8.286 us    |    }
 0)   8.746 us    |  }
 0)               |  vxlan_sock_release [vxlan]() {
 0)               |    synchronize_net() {
 0)   7.855 us    |      synchronize_rcu_expedited();
 0)   8.266 us    |    }
 0)   8.726 us    |  }
 0)               |  vxlan_sock_release [vxlan]() {
 0)               |    synchronize_net() {
 0)   7.955 us    |      synchronize_rcu_expedited();
 0)   8.376 us    |    }
 0)   8.836 us    |  }
 0)               |  vxlan_sock_release [vxlan]() {
 0)               |    synchronize_net() {
 0)   7.914 us    |      synchronize_rcu_expedited();
 0)   8.336 us    |    }
 0)   8.786 us    |  }
 0)               |  vxlan_sock_release [vxlan]() {
 0)               |    synchronize_net() {
 0)   7.935 us    |      synchronize_rcu_expedited();
 0)   8.366 us    |    }
 0)   8.826 us    |  }
 0)               |  vxlan_sock_release [vxlan]() {
 0)               |    synchronize_net() {
 0)   7.875 us    |      synchronize_rcu_expedited();
 0)   8.295 us    |    }
 0)   8.757 us    |  }
 0)               |  vxlan_sock_release [vxlan]() {
 0)               |    synchronize_net() {
 0)   7.775 us    |      synchronize_rcu_expedited();
 0)   8.195 us    |    }
 0)   8.647 us    |  }
 0)               |  vxlan_sock_release [vxlan]() {
 0)               |    synchronize_net() {
 0)   7.845 us    |      synchronize_rcu_expedited();
 0)   8.285 us    |    }
 0)   8.877 us    |  }
 0)               |  vxlan_sock_release [vxlan]() {
 0)               |    synchronize_net() {
 0)   7.854 us    |      synchronize_rcu_expedited();
 0)   8.286 us    |    }
 0)   8.746 us    |  }
 0)               |  vxlan_sock_release [vxlan]() {
 0)               |    synchronize_net() {
 0)   7.835 us    |      synchronize_rcu_expedited();
 0)   8.255 us    |    }
 0)   8.706 us    |  }
 0)               |  vxlan_sock_release [vxlan]() {
 0)               |    synchronize_net() {
 0)   8.225 us    |      synchronize_rcu_expedited();
 0)   8.656 us    |    }
 0)   9.097 us    |  }
 0)               |  vxlan_sock_release [vxlan]() {
 0)               |    synchronize_net() {
 0)   7.914 us    |      synchronize_rcu_expedited();
 0)   8.336 us    |    }
 0)   8.776 us    |  }
 0)               |  vxlan_sock_release [vxlan]() {
 0)               |    synchronize_net() {
 0)   7.885 us    |      synchronize_rcu_expedited();
 0)   8.296 us    |    }
 0)   8.756 us    |  }
 0)               |  vxlan_sock_release [vxlan]() {
 0)               |    synchronize_net() {
 0) + 19.045 us   |      synchronize_rcu_expedited();
 0) + 19.467 us   |    }
 0) + 19.917 us   |  }
 0)               |  vxlan_sock_release [vxlan]() {
 0)               |    synchronize_net() {
 0)   8.255 us    |      synchronize_rcu_expedited();
 0)   8.667 us    |    }
 0)   9.127 us    |  }
 0)               |  vxlan_sock_release [vxlan]() {
 0)               |    synchronize_net() {
 0)   8.195 us    |      synchronize_rcu_expedited();
 0)   8.627 us    |    }
 0)   9.337 us    |  }
 0)               |  vxlan_sock_release [vxlan]() {
 0)               |    synchronize_net() {
 0)   8.266 us    |      synchronize_rcu_expedited();
 0)   8.686 us    |    }
 0)   9.158 us    |  }
 0)               |  vxlan_sock_release [vxlan]() {
 0)               |    synchronize_net() {
 0)   8.276 us    |      synchronize_rcu_expedited();
 0)   8.706 us    |    }
 0)   9.157 us    |  }
 0)               |  vxlan_sock_release [vxlan]() {
 0)               |    synchronize_net() {
 0)   8.286 us    |      synchronize_rcu_expedited();
 0)   8.716 us    |    }
 0)   9.167 us    |  }
 0)               |  vxlan_sock_release [vxlan]() {
 0)               |    synchronize_net() {
 0)   8.195 us    |      synchronize_rcu_expedited();
 0)   8.617 us    |    }
 0)   9.067 us    |  }
 0)               |  vxlan_sock_release [vxlan]() {
 0)               |    synchronize_net() {
 0)   8.245 us    |      synchronize_rcu_expedited();
 0)   8.677 us    |    }
 0)   9.127 us    |  }
 0)               |  vxlan_sock_release [vxlan]() {
 0)               |    synchronize_net() {
 0)   8.326 us    |      synchronize_rcu_expedited();
 0)   8.746 us    |    }
 0)   9.187 us    |  }
 0)               |  vxlan_sock_release [vxlan]() {
 0)               |    synchronize_net() {
 0)   8.076 us    |      synchronize_rcu_expedited();
 0)   8.496 us    |    }
 0)   8.946 us    |  }
 0)               |  vxlan_sock_release [vxlan]() {
 0)               |    synchronize_net() {
 0)   7.905 us    |      synchronize_rcu_expedited();
 0)   8.326 us    |    }
 0)   8.776 us    |  }
 0)               |  vxlan_sock_release [vxlan]() {
 0)               |    synchronize_net() {
 0)   7.885 us    |      synchronize_rcu_expedited();
 0)   8.315 us    |    }
 0)   8.766 us    |  }
 0)               |  vxlan_sock_release [vxlan]() {
 0)               |    synchronize_net() {
 0)   7.895 us    |      synchronize_rcu_expedited();
 0)   8.315 us    |    }
 0)   8.767 us    |  }
 0)               |  vxlan_sock_release [vxlan]() {
 0)               |    synchronize_net() {
 0)   7.835 us    |      synchronize_rcu_expedited();
 0)   8.265 us    |    }
 0)   8.707 us    |  }
 0)               |  vxlan_sock_release [vxlan]() {
 0)               |    synchronize_net() {
 0)   8.025 us    |      synchronize_rcu_expedited();
 0)   8.456 us    |    }
 0)   8.907 us    |  }
 0)               |  vxlan_sock_release [vxlan]() {
 0)               |    synchronize_net() {
 0)   7.805 us    |      synchronize_rcu_expedited();
 0)   8.235 us    |    }
 0)   8.676 us    |  }
 0)               |  vxlan_sock_release [vxlan]() {
 0)               |    synchronize_net() {
 0)   7.885 us    |      synchronize_rcu_expedited();
 0)   8.305 us    |    }
 0)   8.747 us    |  }
 0)               |  vxlan_sock_release [vxlan]() {
 0)               |    synchronize_net() {
 0)   8.175 us    |      synchronize_rcu_expedited();
 0)   8.596 us    |    }
 0)   9.037 us    |  }
 0)               |  vxlan_sock_release [vxlan]() {
 0)               |    synchronize_net() {
 0)   7.955 us    |      synchronize_rcu_expedited();
 0)   8.376 us    |    }
 0)   9.057 us    |  }
 0)               |  vxlan_sock_release [vxlan]() {
 0)               |    synchronize_net() {
 0)   7.875 us    |      synchronize_rcu_expedited();
 0)   8.305 us    |    }
 0)   8.767 us    |  }
 0)               |  vxlan_sock_release [vxlan]() {
 0)               |    synchronize_net() {
 0)   7.905 us    |      synchronize_rcu_expedited();
 0)   8.326 us    |    }
 0)   8.787 us    |  }
 0)               |  vxlan_sock_release [vxlan]() {
 0)               |    synchronize_net() {
 0)   7.905 us    |      synchronize_rcu_expedited();
 0)   8.336 us    |    }
 0)   8.776 us    |  }
 0)               |  vxlan_sock_release [vxlan]() {
 0)               |    synchronize_net() {
 0)   7.924 us    |      synchronize_rcu_expedited();
 0)   8.346 us    |    }
 0)   8.786 us    |  }
 0)               |  vxlan_sock_release [vxlan]() {
 0)               |    synchronize_net() {
 0)   7.814 us    |      synchronize_rcu_expedited();
 0)   8.226 us    |    }
 0)   8.676 us    |  }
 0)               |  vxlan_sock_release [vxlan]() {
 0)               |    synchronize_net() {
 0)   7.684 us    |      synchronize_rcu_expedited();
 0)   8.105 us    |    }
 0)   8.546 us    |  }
 0)               |  vxlan_sock_release [vxlan]() {
 0)               |    synchronize_net() {
 0)   7.885 us    |      synchronize_rcu_expedited();
 0)   8.335 us    |    }
 0)   8.787 us    |  }
 0)               |  vxlan_sock_release [vxlan]() {
 0)               |    synchronize_net() {
 0)   8.286 us    |      synchronize_rcu_expedited();
 0)   8.706 us    |    }
 0)   9.148 us    |  }
 0)               |  vxlan_sock_release [vxlan]() {
 0)               |    synchronize_net() {
 0)   7.815 us    |      synchronize_rcu_expedited();
 0)   8.266 us    |    }
 0)   8.706 us    |  }
 0)               |  vxlan_sock_release [vxlan]() {
 0)               |    synchronize_net() {
 0)   7.764 us    |      synchronize_rcu_expedited();
 0)   8.196 us    |    }
 0)   8.646 us    |  }
 0)               |  vxlan_sock_release [vxlan]() {
 0)               |    synchronize_net() {
 0)   7.924 us    |      synchronize_rcu_expedited();
 0)   8.356 us    |    }
 0)   8.806 us    |  }
 0)               |  vxlan_sock_release [vxlan]() {
 0)               |    synchronize_net() {
 0)   7.925 us    |      synchronize_rcu_expedited();
 0)   8.356 us    |    }
 0)   8.806 us    |  }
 0)               |  vxlan_sock_release [vxlan]() {
 0)               |    synchronize_net() {
 0)   7.855 us    |      synchronize_rcu_expedited();
 0)   8.286 us    |    }
 0)   8.726 us    |  }
 0)               |  vxlan_sock_release [vxlan]() {
 0)               |    synchronize_net() {
 0)   7.794 us    |      synchronize_rcu_expedited();
 0)   8.226 us    |    }
 0)   8.666 us    |  }
 0)               |  vxlan_sock_release [vxlan]() {
 0)               |    synchronize_net() {
 0) + 10.210 us   |      synchronize_rcu_expedited();
 0) + 10.660 us   |    }
 0) + 11.251 us   |  }
 0)               |  vxlan_sock_release [vxlan]() {
 0)               |    synchronize_net() {
 0)   9.969 us    |      synchronize_rcu_expedited();
 0) + 10.379 us   |    }
 0) + 11.291 us   |  }
 0)               |  vxlan_sock_release [vxlan]() {
 0)               |    synchronize_net() {
 0) + 10.620 us   |      synchronize_rcu_expedited();
 0) + 11.100 us   |    }
 0) + 11.782 us   |  }
 0)               |  vxlan_sock_release [vxlan]() {
 0)               |    synchronize_net() {
 0)   8.106 us    |      synchronize_rcu_expedited();
 0)   8.536 us    |    }
 0)   8.986 us    |  }
 0)               |  vxlan_sock_release [vxlan]() {
 0)               |    synchronize_net() {
 0)   7.835 us    |      synchronize_rcu_expedited();
 0)   8.265 us    |    }
 0)   8.717 us    |  }
 0)               |  vxlan_sock_release [vxlan]() {
 0)               |    synchronize_net() {
 0)   7.995 us    |      synchronize_rcu_expedited();
 0)   8.425 us    |    }
 0)   8.877 us    |  }
 0)               |  vxlan_sock_release [vxlan]() {
 0)               |    synchronize_net() {
 0)   7.985 us    |      synchronize_rcu_expedited();
 0)   8.416 us    |    }
 0)   8.857 us    |  }
 0)               |  vxlan_sock_release [vxlan]() {
 0)               |    synchronize_net() {
 0)   7.955 us    |      synchronize_rcu_expedited();
 0)   8.406 us    |    }
 0)   8.856 us    |  }
 0)               |  vxlan_sock_release [vxlan]() {
 0)               |    synchronize_net() {
 0)   7.935 us    |      synchronize_rcu_expedited();
 0)   8.366 us    |    }
 0)   8.816 us    |  }
 0)               |  vxlan_sock_release [vxlan]() {
 0)               |    synchronize_net() {
 0) + 21.129 us   |      synchronize_rcu_expedited();
 0) + 21.641 us   |    }
 0) + 22.081 us   |  }
 0)               |  vxlan_sock_release [vxlan]() {
 0)               |    synchronize_net() {
 0)   8.305 us    |      synchronize_rcu_expedited();
 0)   8.737 us    |    }
 0)   9.187 us    |  }
 0)               |  vxlan_sock_release [vxlan]() {
 0)               |    synchronize_net() {
 0)   8.285 us    |      synchronize_rcu_expedited();
 0)   8.727 us    |    }
 0)   9.177 us    |  }
 0)               |  vxlan_sock_release [vxlan]() {
 0)               |    synchronize_net() {
 0)   8.196 us    |      synchronize_rcu_expedited();
 0)   8.626 us    |    }
 0)   9.077 us    |  }
 0)               |  vxlan_sock_release [vxlan]() {
 0)               |    synchronize_net() {
 0)   8.175 us    |      synchronize_rcu_expedited();
 0)   8.596 us    |    }
 0)   9.057 us    |  }
 0)               |  vxlan_sock_release [vxlan]() {
 0)               |    synchronize_net() {
 0)   8.305 us    |      synchronize_rcu_expedited();
 0)   8.737 us    |    }
 0)   9.177 us    |  }
 0)               |  vxlan_sock_release [vxlan]() {
 0)               |    synchronize_net() {
 0)   8.215 us    |      synchronize_rcu_expedited();
 0)   8.636 us    |    }
 0)   9.087 us    |  }
 0)               |  vxlan_sock_release [vxlan]() {
 0)               |    synchronize_net() {
 0)   8.186 us    |      synchronize_rcu_expedited();
 0)   8.616 us    |    }
 0)   9.067 us    |  }
 0)               |  vxlan_sock_release [vxlan]() {
 0)               |    synchronize_net() {
 0)   8.255 us    |      synchronize_rcu_expedited();
 0)   8.686 us    |    }
 0)   9.318 us    |  }
 0)               |  vxlan_sock_release [vxlan]() {
 0)               |    synchronize_net() {
 0)   7.845 us    |      synchronize_rcu_expedited();
 0)   8.285 us    |    }
 0)   8.737 us    |  }
 0)               |  vxlan_sock_release [vxlan]() {
 0)               |    synchronize_net() {
 0)   7.854 us    |      synchronize_rcu_expedited();
 0)   8.286 us    |    }
 0)   8.736 us    |  }
 0)               |  vxlan_sock_release [vxlan]() {
 0)               |    synchronize_net() {
 0)   7.834 us    |      synchronize_rcu_expedited();
 0)   8.266 us    |    }
 0)   8.716 us    |  }
 0)               |  vxlan_sock_release [vxlan]() {
 0)               |    synchronize_net() {
 0)   7.894 us    |      synchronize_rcu_expedited();
 0)   8.316 us    |    }
 0)   8.766 us    |  }
 0)               |  vxlan_sock_release [vxlan]() {
 0)               |    synchronize_net() {
 0)   7.834 us    |      synchronize_rcu_expedited();
 0)   8.266 us    |    }
 0)   8.716 us    |  }
 0)               |  vxlan_sock_release [vxlan]() {
 0)               |    synchronize_net() {
 0)   7.965 us    |      synchronize_rcu_expedited();
 0)   8.396 us    |    }
 0)   8.846 us    |  }
 0)               |  vxlan_sock_release [vxlan]() {
 0)               |    synchronize_net() {
 0)   7.905 us    |      synchronize_rcu_expedited();
 0)   8.376 us    |    }
 0)   8.837 us    |  }
 0)               |  vxlan_sock_release [vxlan]() {
 0)               |    synchronize_net() {
 0)   7.925 us    |      synchronize_rcu_expedited();
 0)   8.395 us    |    }
 0)   8.847 us    |  }
 0)               |  vxlan_sock_release [vxlan]() {
 0)               |    synchronize_net() {
 0)   7.775 us    |      synchronize_rcu_expedited();
 0)   8.205 us    |    }
 0)   8.667 us    |  }
 0)               |  vxlan_sock_release [vxlan]() {
 0)               |    synchronize_net() {
 0)   7.825 us    |      synchronize_rcu_expedited();
 0)   8.325 us    |    }
 0)   8.777 us    |  }
 0)               |  vxlan_sock_release [vxlan]() {
 0)               |    synchronize_net() {
 0)   7.715 us    |      synchronize_rcu_expedited();
 0)   8.145 us    |    }
 0)   8.606 us    |  }
 0)               |  vxlan_sock_release [vxlan]() {
 0)               |    synchronize_net() {
 0)   7.875 us    |      synchronize_rcu_expedited();
 0)   8.305 us    |    }
 0)   8.757 us    |  }
 0)               |  vxlan_sock_release [vxlan]() {
 0)               |    synchronize_net() {
 0)   8.185 us    |      synchronize_rcu_expedited();
 0)   8.616 us    |    }
 0)   9.067 us    |  }
 0)               |  vxlan_sock_release [vxlan]() {
 0)               |    synchronize_net() {
 0)   7.985 us    |      synchronize_rcu_expedited();
 0)   8.426 us    |    }
 0)   8.866 us    |  }
 0)               |  vxlan_sock_release [vxlan]() {
 0)               |    synchronize_net() {
 0)   7.815 us    |      synchronize_rcu_expedited();
 0)   8.255 us    |    }
 0)   8.706 us    |  }
 0)               |  vxlan_sock_release [vxlan]() {
 0)               |    synchronize_net() {
 0)   7.865 us    |      synchronize_rcu_expedited();
 0)   8.336 us    |    }
 0)   8.967 us    |  }
 0)               |  vxlan_sock_release [vxlan]() {
 0)               |    synchronize_net() {
 0) + 16.181 us   |      synchronize_rcu_expedited();
 0) + 16.611 us   |    }
 0) + 17.082 us   |  }
 0)               |  vxlan_sock_release [vxlan]() {
 0)               |    synchronize_net() {
 0)   8.456 us    |      synchronize_rcu_expedited();
 0)   8.887 us    |    }
 0)   9.338 us    |  }
 0)               |  vxlan_sock_release [vxlan]() {
 0)               |    synchronize_net() {
 0)   8.255 us    |      synchronize_rcu_expedited();
 0)   8.686 us    |    }
 0)   9.127 us    |  }
 0)               |  vxlan_sock_release [vxlan]() {
 0)               |    synchronize_net() {
 0)   8.195 us    |      synchronize_rcu_expedited();
 0)   8.627 us    |    }
 0)   9.097 us    |  }
 0)               |  vxlan_sock_release [vxlan]() {
 0)               |    synchronize_net() {
 0)   8.265 us    |      synchronize_rcu_expedited();
 0)   8.686 us    |    }
 0)   9.197 us    |  }
 0)               |  vxlan_sock_release [vxlan]() {
 0)               |    synchronize_net() {
 0)   8.196 us    |      synchronize_rcu_expedited();
 0)   8.626 us    |    }
 0)   9.067 us    |  }
 0)               |  vxlan_sock_release [vxlan]() {
 0)               |    synchronize_net() {
 0)   8.105 us    |      synchronize_rcu_expedited();
 0)   8.536 us    |    }
 0)   8.977 us    |  }
 0)               |  vxlan_sock_release [vxlan]() {
 0)               |    synchronize_net() {
 0)   8.215 us    |      synchronize_rcu_expedited();
 0)   8.647 us    |    }
 0)   9.107 us    |  }
 0)               |  vxlan_sock_release [vxlan]() {
 0)               |    synchronize_net() {
 0)   8.156 us    |      synchronize_rcu_expedited();
 0)   8.586 us    |    }
 0)   9.037 us    |  }
 0)               |  vxlan_sock_release [vxlan]() {
 0)               |    synchronize_net() {
 0)   7.755 us    |      synchronize_rcu_expedited();
 0)   8.175 us    |    }
 0)   8.636 us    |  }
 0)               |  vxlan_sock_release [vxlan]() {
 0)               |    synchronize_net() {
 0)   7.805 us    |      synchronize_rcu_expedited();
 0)   8.235 us    |    }
 0)   8.676 us    |  }
 0)               |  vxlan_sock_release [vxlan]() {
 0)               |    synchronize_net() {
 0)   7.794 us    |      synchronize_rcu_expedited();
 0)   8.226 us    |    }
 0)   8.676 us    |  }
 0)               |  vxlan_sock_release [vxlan]() {
 0)               |    synchronize_net() {
 0)   7.814 us    |      synchronize_rcu_expedited();
 0)   8.246 us    |    }
 0)   8.696 us    |  }
 0)               |  vxlan_sock_release [vxlan]() {
 0)               |    synchronize_net() {
 0)   7.784 us    |      synchronize_rcu_expedited();
 0)   8.216 us    |    }
 0)   8.666 us    |  }
 0)               |  vxlan_sock_release [vxlan]() {
 0)               |    synchronize_net() {
 0)   7.955 us    |      synchronize_rcu_expedited();
 0)   8.386 us    |    }
 0)   8.836 us    |  }
 0)               |  vxlan_sock_release [vxlan]() {
 0)               |    synchronize_net() {
 0)   7.754 us    |      synchronize_rcu_expedited();
 0)   8.185 us    |    }
 0)   9.057 us    |  }
 0)               |  vxlan_sock_release [vxlan]() {
 0)               |    synchronize_net() {
 0)   7.755 us    |      synchronize_rcu_expedited();
 0)   8.195 us    |    }
 0)   8.777 us    |  }
 0)               |  vxlan_sock_release [vxlan]() {
 0)               |    synchronize_net() {
 0)   8.075 us    |      synchronize_rcu_expedited();
 0)   8.506 us    |    }
 0)   8.957 us    |  }
 0)               |  vxlan_sock_release [vxlan]() {
 0)               |    synchronize_net() {
 0)   7.714 us    |      synchronize_rcu_expedited();
 0)   8.146 us    |    }
 0)   8.596 us    |  }
 0)               |  vxlan_sock_release [vxlan]() {
 0)               |    synchronize_net() {
 0)   7.945 us    |      synchronize_rcu_expedited();
 0)   8.376 us    |    }
 0)   8.826 us    |  }
 0)               |  vxlan_sock_release [vxlan]() {
 0)               |    synchronize_net() {
 0)   7.975 us    |      synchronize_rcu_expedited();
 0)   8.406 us    |    }
 0)   8.846 us    |  }
 0)               |  vxlan_sock_release [vxlan]() {
 0)               |    synchronize_net() {
 0)   7.854 us    |      synchronize_rcu_expedited();
 0)   8.286 us    |    }
 0)   8.756 us    |  }
 0)               |  vxlan_sock_release [vxlan]() {
 0)               |    synchronize_net() {
 0)   7.794 us    |      synchronize_rcu_expedited();
 0)   8.236 us    |    }
 0)   8.696 us    |  }
 0)               |  vxlan_sock_release [vxlan]() {
 0)               |    synchronize_net() {
 0)   7.784 us    |      synchronize_rcu_expedited();
 0)   8.256 us    |    }
 0)               |    udp_tunnel_sock_release [udp_tunnel]() {
 0) * 23137.09 us |      synchronize_rcu();
 0) * 23157.84 us |    }
 0) * 23199.65 us |  }
 0) + 93.435 us   |  synchronize_rcu_expedited();
 0) + 92.464 us   |  synchronize_rcu_expedited();
