# tracer: function_graph
#
# CPU  DURATION                  FUNCTION CALLS
# |     |   |                     |   |   |   |
 0)               |  synchronize_net() {
 0) + 77.536 us   |    synchronize_rcu_expedited();
 0) + 79.529 us   |  }
 0)               |  vxlan_sock_release [vxlan]() {
 0)               |    synchronize_net() {
 0) + 55.234 us   |      synchronize_rcu_expedited();
 0) + 55.694 us   |    }
 0) + 56.446 us   |  }
 0)               |  vxlan_sock_release [vxlan]() {
 0)               |    synchronize_net() {
 0) + 17.663 us   |      synchronize_rcu_expedited();
 0) + 18.094 us   |    }
 0) + 18.605 us   |  }
 0)               |  vxlan_sock_release [vxlan]() {
 0)               |    synchronize_net() {
 0) + 16.401 us   |      synchronize_rcu_expedited();
 0) + 16.832 us   |    }
 0) + 17.312 us   |  }
 0)               |  vxlan_sock_release [vxlan]() {
 0)               |    synchronize_net() {
 0) + 16.120 us   |      synchronize_rcu_expedited();
 0) + 16.551 us   |    }
 0) + 17.022 us   |  }
 0)               |  vxlan_sock_release [vxlan]() {
 0)               |    synchronize_net() {
 0) + 14.477 us   |      synchronize_rcu_expedited();
 0) + 14.898 us   |    }
 0) + 15.379 us   |  }
 0)               |  vxlan_sock_release [vxlan]() {
 0)               |    synchronize_net() {
 0) + 14.217 us   |      synchronize_rcu_expedited();
 0) + 14.637 us   |    }
 0) + 15.108 us   |  }
 0)               |  vxlan_sock_release [vxlan]() {
 0)               |    synchronize_net() {
 0) + 14.097 us   |      synchronize_rcu_expedited();
 0) + 14.517 us   |    }
 0) + 15.038 us   |  }
 0)               |  vxlan_sock_release [vxlan]() {
 0)               |    synchronize_net() {
 0) + 13.565 us   |      synchronize_rcu_expedited();
 0) + 14.067 us   |    }
 0) + 14.597 us   |  }
 0)               |  vxlan_sock_release [vxlan]() {
 0)               |    synchronize_net() {
 0) + 13.335 us   |      synchronize_rcu_expedited();
 0) + 13.796 us   |    }
 0) + 14.257 us   |  }
 0)               |  vxlan_sock_release [vxlan]() {
 0)               |    synchronize_net() {
 0) + 13.155 us   |      synchronize_rcu_expedited();
 0) + 13.575 us   |    }
 0) + 14.046 us   |  }
 0)               |  vxlan_sock_release [vxlan]() {
 0)               |    synchronize_net() {
 0) + 13.045 us   |      synchronize_rcu_expedited();
 0) + 13.475 us   |    }
 0) + 13.946 us   |  }
 0)               |  vxlan_sock_release [vxlan]() {
 0)               |    synchronize_net() {
 0) + 13.034 us   |      synchronize_rcu_expedited();
 0) + 13.466 us   |    }
 0) + 13.936 us   |  }
 0)               |  vxlan_sock_release [vxlan]() {
 0)               |    synchronize_net() {
 0) + 13.134 us   |      synchronize_rcu_expedited();
 0) + 13.566 us   |    }
 0) + 14.116 us   |  }
 0)               |  vxlan_sock_release [vxlan]() {
 0)               |    synchronize_net() {
 0) + 12.924 us   |      synchronize_rcu_expedited();
 0) + 13.345 us   |    }
 0) + 13.816 us   |  }
 0)               |  vxlan_sock_release [vxlan]() {
 0)               |    synchronize_net() {
 0) + 13.084 us   |      synchronize_rcu_expedited();
 0) + 13.516 us   |    }
 0) + 13.996 us   |  }
 0)               |  vxlan_sock_release [vxlan]() {
 0)               |    synchronize_net() {
 0) + 13.034 us   |      synchronize_rcu_expedited();
 0) + 13.466 us   |    }
 0) + 14.337 us   |  }
 0)               |  vxlan_sock_release [vxlan]() {
 0)               |    synchronize_net() {
 0) + 13.045 us   |      synchronize_rcu_expedited();
 0) + 13.465 us   |    }
 0) + 13.936 us   |  }
 0)               |  vxlan_sock_release [vxlan]() {
 0)               |    synchronize_net() {
 0) + 12.994 us   |      synchronize_rcu_expedited();
 0) + 13.415 us   |    }
 0) + 13.916 us   |  }
 0)               |  vxlan_sock_release [vxlan]() {
 0)               |    synchronize_net() {
 0) + 13.045 us   |      synchronize_rcu_expedited();
 0) + 13.475 us   |    }
 0) + 13.946 us   |  }
 0)               |  vxlan_sock_release [vxlan]() {
 0)               |    synchronize_net() {
 0) + 13.055 us   |      synchronize_rcu_expedited();
 0) + 13.485 us   |    }
 0) + 13.957 us   |  }
 0)               |  vxlan_sock_release [vxlan]() {
 0)               |    synchronize_net() {
 0) + 13.135 us   |      synchronize_rcu_expedited();
 0) + 13.565 us   |    }
 0) + 14.107 us   |  }
 0)               |  vxlan_sock_release [vxlan]() {
 0)               |    synchronize_net() {
 0) + 13.094 us   |      synchronize_rcu_expedited();
 0) + 13.505 us   |    }
 0) + 13.986 us   |  }
 0)               |  vxlan_sock_release [vxlan]() {
 0)               |    synchronize_net() {
 0) + 13.506 us   |      synchronize_rcu_expedited();
 0) + 13.926 us   |    }
 0) + 14.457 us   |  }
 0)               |  vxlan_sock_release [vxlan]() {
 0)               |    synchronize_net() {
 0) + 13.215 us   |      synchronize_rcu_expedited();
 0) + 13.635 us   |    }
 0) + 14.177 us   |  }
 0)               |  vxlan_sock_release [vxlan]() {
 0)               |    synchronize_net() {
 0) + 13.064 us   |      synchronize_rcu_expedited();
 0) + 13.496 us   |    }
 0) + 13.956 us   |  }
 0)               |  vxlan_sock_release [vxlan]() {
 0)               |    synchronize_net() {
 0) + 13.024 us   |      synchronize_rcu_expedited();
 0) + 13.456 us   |    }
 0) + 14.096 us   |  }
 0)               |  vxlan_sock_release [vxlan]() {
 0)               |    synchronize_net() {
 0) + 13.195 us   |      synchronize_rcu_expedited();
 0) + 13.625 us   |    }
 0) + 14.097 us   |  }
 0)               |  vxlan_sock_release [vxlan]() {
 0)               |    synchronize_net() {
 0) + 13.035 us   |      synchronize_rcu_expedited();
 0) + 13.455 us   |    }
 0) + 13.926 us   |  }
 0)               |  vxlan_sock_release [vxlan]() {
 0)               |    synchronize_net() {
 0) + 12.964 us   |      synchronize_rcu_expedited();
 0) + 13.465 us   |    }
 0) + 13.916 us   |  }
 0)               |  vxlan_sock_release [vxlan]() {
 0)               |    synchronize_net() {
 0) + 16.210 us   |      synchronize_rcu_expedited();
 0) + 16.732 us   |    }
 0) + 17.302 us   |  }
 0)               |  vxlan_sock_release [vxlan]() {
 0)               |    synchronize_net() {
 0) + 36.759 us   |      synchronize_rcu_expedited();
 0) + 37.230 us   |    }
 0) + 37.821 us   |  }
 0)               |  vxlan_sock_release [vxlan]() {
 0)               |    synchronize_net() {
 0)   8.446 us    |      synchronize_rcu_expedited();
 0)   8.887 us    |    }
 0)   9.567 us    |  }
 0)               |  vxlan_sock_release [vxlan]() {
 0)               |    synchronize_net() {
 0)   8.266 us    |      synchronize_rcu_expedited();
 0)   8.696 us    |    }
 0)   9.168 us    |  }
 0)               |  vxlan_sock_release [vxlan]() {
 0)               |    synchronize_net() {
 0)   8.236 us    |      synchronize_rcu_expedited();
 0)   8.646 us    |    }
 0)   9.107 us    |  }
 0)               |  vxlan_sock_release [vxlan]() {
 0)               |    synchronize_net() {
 0)   8.155 us    |      synchronize_rcu_expedited();
 0)   8.576 us    |    }
 0)   9.047 us    |  }
 0)               |  vxlan_sock_release [vxlan]() {
 0)               |    synchronize_net() {
 0)   8.206 us    |      synchronize_rcu_expedited();
 0)   8.636 us    |    }
 0)   9.168 us    |  }
 0)               |  vxlan_sock_release [vxlan]() {
 0)               |    synchronize_net() {
 0)   8.246 us    |      synchronize_rcu_expedited();
 0)   8.666 us    |    }
 0)   9.258 us    |  }
 0)               |  vxlan_sock_release [vxlan]() {
 0)               |    synchronize_net() {
 0)   8.286 us    |      synchronize_rcu_expedited();
 0)   8.706 us    |    }
 0)   9.177 us    |  }
 0)               |  vxlan_sock_release [vxlan]() {
 0)               |    synchronize_net() {
 0)   8.105 us    |      synchronize_rcu_expedited();
 0)   8.536 us    |    }
 0)   9.067 us    |  }
 0)               |  vxlan_sock_release [vxlan]() {
 0)               |    synchronize_net() {
 0)   7.785 us    |      synchronize_rcu_expedited();
 0)   8.215 us    |    }
 0)   8.756 us    |  }
 0)               |  vxlan_sock_release [vxlan]() {
 0)               |    synchronize_net() {
 0)   7.844 us    |      synchronize_rcu_expedited();
 0)   8.266 us    |    }
 0)   8.726 us    |  }
 0)               |  vxlan_sock_release [vxlan]() {
 0)               |    synchronize_net() {
 0)   7.935 us    |      synchronize_rcu_expedited();
 0)   8.365 us    |    }
 0)   8.847 us    |  }
 0)               |  vxlan_sock_release [vxlan]() {
 0)               |    synchronize_net() {
 0)   7.695 us    |      synchronize_rcu_expedited();
 0)   8.115 us    |    }
 0)   8.577 us    |  }
 0)               |  vxlan_sock_release [vxlan]() {
 0)               |    synchronize_net() {
 0)   7.765 us    |      synchronize_rcu_expedited();
 0)   8.255 us    |    }
 0)   8.787 us    |  }
 0)               |  vxlan_sock_release [vxlan]() {
 0)               |    synchronize_net() {
 0)   7.745 us    |      synchronize_rcu_expedited();
 0)   8.175 us    |    }
 0)   8.646 us    |  }
 0)               |  vxlan_sock_release [vxlan]() {
 0)               |    synchronize_net() {
 0)   7.715 us    |      synchronize_rcu_expedited();
 0)   8.125 us    |    }
 0)   8.656 us    |  }
 0)               |  vxlan_sock_release [vxlan]() {
 0)               |    synchronize_net() {
 0)   7.745 us    |      synchronize_rcu_expedited();
 0)   8.165 us    |    }
 0)   8.636 us    |  }
 0)               |  vxlan_sock_release [vxlan]() {
 0)               |    synchronize_net() {
 0)   8.335 us    |      synchronize_rcu_expedited();
 0)   8.747 us    |    }
 0)   9.478 us    |  }
 0)               |  vxlan_sock_release [vxlan]() {
 0)               |    synchronize_net() {
 0)   7.865 us    |      synchronize_rcu_expedited();
 0)   8.295 us    |    }
 0)   8.767 us    |  }
 0)               |  vxlan_sock_release [vxlan]() {
 0)               |    synchronize_net() {
 0)   7.895 us    |      synchronize_rcu_expedited();
 0)   8.316 us    |    }
 0)   8.856 us    |  }
 0)               |  vxlan_sock_release [vxlan]() {
 0)               |    synchronize_net() {
 0)   7.815 us    |      synchronize_rcu_expedited();
 0)   8.246 us    |    }
 0)   8.706 us    |  }
 0)               |  vxlan_sock_release [vxlan]() {
 0)               |    synchronize_net() {
 0)   7.855 us    |      synchronize_rcu_expedited();
 0)   8.275 us    |    }
 0)   8.757 us    |  }
 0)               |  vxlan_sock_release [vxlan]() {
 0)               |    synchronize_net() {
 0)   7.825 us    |      synchronize_rcu_expedited();
 0)   8.246 us    |    }
 0)   8.716 us    |  }
 0)               |  vxlan_sock_release [vxlan]() {
 0)               |    synchronize_net() {
 0)   7.995 us    |      synchronize_rcu_expedited();
 0)   8.426 us    |    }
 0)   8.896 us    |  }
 0)               |  vxlan_sock_release [vxlan]() {
 0)               |    synchronize_net() {
 0)   7.805 us    |      synchronize_rcu_expedited();
 0)   8.215 us    |    }
 0)   8.686 us    |  }
 0)               |  vxlan_sock_release [vxlan]() {
 0)               |    synchronize_net() {
 0)   7.795 us    |      synchronize_rcu_expedited();
 0)   8.215 us    |    }
 0)   8.697 us    |  }
 0)               |  vxlan_sock_release [vxlan]() {
 0)               |    synchronize_net() {
 0)   7.695 us    |      synchronize_rcu_expedited();
 0)   8.115 us    |    }
 0)   8.576 us    |  }
 0)               |  vxlan_sock_release [vxlan]() {
 0)               |    synchronize_net() {
 0)   7.815 us    |      synchronize_rcu_expedited();
 0)   8.225 us    |    }
 0)   8.706 us    |  }
 0)               |  vxlan_sock_release [vxlan]() {
 0)               |    synchronize_net() {
 0)   7.735 us    |      synchronize_rcu_expedited();
 0)   8.165 us    |    }
 0)   8.626 us    |  }
 0)               |  vxlan_sock_release [vxlan]() {
 0)               |    synchronize_net() {
 0)   7.644 us    |      synchronize_rcu_expedited();
 0)   8.065 us    |    }
 0)   8.536 us    |  }
 0)               |  vxlan_sock_release [vxlan]() {
 0)               |    synchronize_net() {
 0)   8.105 us    |      synchronize_rcu_expedited();
 0)   8.526 us    |    }
 0)   8.987 us    |  }
 0)               |  vxlan_sock_release [vxlan]() {
 0)               |    synchronize_net() {
 0)   7.854 us    |      synchronize_rcu_expedited();
 0)   8.286 us    |    }
 0)   8.806 us    |  }
 0)               |  vxlan_sock_release [vxlan]() {
 0)               |    synchronize_net() {
 0)   7.794 us    |      synchronize_rcu_expedited();
 0)   8.226 us    |    }
 0)   8.686 us    |  }
 0)               |  vxlan_sock_release [vxlan]() {
 0)               |    synchronize_net() {
 0)   7.995 us    |      synchronize_rcu_expedited();
 0)   8.426 us    |    }
 0)   9.208 us    |  }
 0)               |  vxlan_sock_release [vxlan]() {
 0)               |    synchronize_net() {
 0)   7.805 us    |      synchronize_rcu_expedited();
 0)   8.235 us    |    }
 0)   8.697 us    |  }
 0)               |  vxlan_sock_release [vxlan]() {
 0)               |    synchronize_net() {
 0)   7.835 us    |      synchronize_rcu_expedited();
 0)   8.265 us    |    }
 0)   8.757 us    |  }
 0)               |  vxlan_sock_release [vxlan]() {
 0)               |    synchronize_net() {
 0)   7.634 us    |      synchronize_rcu_expedited();
 0)   8.055 us    |    }
 0)   8.526 us    |  }
 0)               |  vxlan_sock_release [vxlan]() {
 0)               |    synchronize_net() {
 0)   7.665 us    |      synchronize_rcu_expedited();
 0)   8.085 us    |    }
 0)   8.566 us    |  }
 0)               |  vxlan_sock_release [vxlan]() {
 0)               |    synchronize_net() {
 0)   7.894 us    |      synchronize_rcu_expedited();
 0)   8.326 us    |    }
 0)   8.786 us    |  }
 0)               |  vxlan_sock_release [vxlan]() {
 0)               |    synchronize_net() {
 0)   8.216 us    |      synchronize_rcu_expedited();
 0)   8.636 us    |    }
 0)   9.167 us    |  }
 0)               |  vxlan_sock_release [vxlan]() {
 0)               |    synchronize_net() {
 0)   7.865 us    |      synchronize_rcu_expedited();
 0)   8.285 us    |    }
 0)   8.777 us    |  }
 0)               |  vxlan_sock_release [vxlan]() {
 0)               |    synchronize_net() {
 0)   7.765 us    |      synchronize_rcu_expedited();
 0)   8.195 us    |    }
 0)   8.747 us    |  }
 0)               |  vxlan_sock_release [vxlan]() {
 0)               |    synchronize_net() {
 0)   8.086 us    |      synchronize_rcu_expedited();
 0)   8.566 us    |    }
 0)   9.037 us    |  }
 0)               |  vxlan_sock_release [vxlan]() {
 0)               |    synchronize_net() {
 0)   7.825 us    |      synchronize_rcu_expedited();
 0)   8.315 us    |    }
 0)   8.797 us    |  }
 0)               |  vxlan_sock_release [vxlan]() {
 0)               |    synchronize_net() {
 0)   7.775 us    |      synchronize_rcu_expedited();
 0)   8.205 us    |    }
 0)   8.986 us    |  }
 0)               |  vxlan_sock_release [vxlan]() {
 0)               |    synchronize_net() {
 0) + 26.029 us   |      synchronize_rcu_expedited();
 0) + 26.459 us   |    }
 0) + 26.921 us   |  }
 0)               |  vxlan_sock_release [vxlan]() {
 0)               |    synchronize_net() {
 0)   8.236 us    |      synchronize_rcu_expedited();
 0)   8.656 us    |    }
 0)   9.138 us    |  }
 0)               |  vxlan_sock_release [vxlan]() {
 0)               |    synchronize_net() {
 0)   8.155 us    |      synchronize_rcu_expedited();
 0)   8.586 us    |    }
 0)   9.057 us    |  }
 0)               |  vxlan_sock_release [vxlan]() {
 0)               |    synchronize_net() {
 0)   8.225 us    |      synchronize_rcu_expedited();
 0)   8.657 us    |    }
 0)   9.117 us    |  }
 0)               |  vxlan_sock_release [vxlan]() {
 0)               |    synchronize_net() {
 0)   8.115 us    |      synchronize_rcu_expedited();
 0)   8.556 us    |    }
 0)   9.227 us    |  }
 0)               |  vxlan_sock_release [vxlan]() {
 0)               |    synchronize_net() {
 0)   8.185 us    |      synchronize_rcu_expedited();
 0)   8.606 us    |    }
 0)   9.087 us    |  }
 0)               |  vxlan_sock_release [vxlan]() {
 0)               |    synchronize_net() {
 0)   8.175 us    |      synchronize_rcu_expedited();
 0)   8.606 us    |    }
 0)   9.067 us    |  }
 0)               |  vxlan_sock_release [vxlan]() {
 0)               |    synchronize_net() {
 0)   8.085 us    |      synchronize_rcu_expedited();
 0)   8.506 us    |    }
 0)   8.977 us    |  }
 0)               |  vxlan_sock_release [vxlan]() {
 0)               |    synchronize_net() {
 0)   8.255 us    |      synchronize_rcu_expedited();
 0)   8.677 us    |    }
 0)   9.147 us    |  }
 0)               |  vxlan_sock_release [vxlan]() {
 0)               |    synchronize_net() {
 0)   7.795 us    |      synchronize_rcu_expedited();
 0)   8.355 us    |    }
 0)   8.827 us    |  }
 0)               |  vxlan_sock_release [vxlan]() {
 0)               |    synchronize_net() {
 0)   7.855 us    |      synchronize_rcu_expedited();
 0)   8.275 us    |    }
 0)   8.747 us    |  }
 0)               |  vxlan_sock_release [vxlan]() {
 0)               |    synchronize_net() {
 0)   7.715 us    |      synchronize_rcu_expedited();
 0)   8.145 us    |    }
 0)   8.656 us    |  }
 0)               |  vxlan_sock_release [vxlan]() {
 0)               |    synchronize_net() {
 0)   7.735 us    |      synchronize_rcu_expedited();
 0)   8.165 us    |    }
 0)   8.637 us    |  }
 0)               |  vxlan_sock_release [vxlan]() {
 0)               |    synchronize_net() {
 0)   7.795 us    |      synchronize_rcu_expedited();
 0)   8.225 us    |    }
 0)   8.687 us    |  }
 0)               |  vxlan_sock_release [vxlan]() {
 0)               |    synchronize_net() {
 0)   7.795 us    |      synchronize_rcu_expedited();
 0)   8.205 us    |    }
 0)   8.746 us    |  }
 0)               |  vxlan_sock_release [vxlan]() {
 0)               |    synchronize_net() {
 0)   7.845 us    |      synchronize_rcu_expedited();
 0)   8.265 us    |    }
 0)   8.827 us    |  }
 0)               |  vxlan_sock_release [vxlan]() {
 0)               |    synchronize_net() {
 0) + 10.480 us   |      synchronize_rcu_expedited();
 0) + 10.920 us   |    }
 0) + 11.462 us   |  }
 0)               |  vxlan_sock_release [vxlan]() {
 0)               |    synchronize_net() {
 0)   8.246 us    |      synchronize_rcu_expedited();
 0)   8.716 us    |    }
 0)   9.178 us    |  }
 0)               |  vxlan_sock_release [vxlan]() {
 0)               |    synchronize_net() {
 0)   9.517 us    |      synchronize_rcu_expedited();
 0)   9.959 us    |    }
 0) + 10.860 us   |  }
 0)               |  vxlan_sock_release [vxlan]() {
 0)               |    synchronize_net() {
 0)   7.774 us    |      synchronize_rcu_expedited();
 0)   8.216 us    |    }
 0)   8.676 us    |  }
 0)               |  vxlan_sock_release [vxlan]() {
 0)               |    synchronize_net() {
 0)   7.794 us    |      synchronize_rcu_expedited();
 0)   8.226 us    |    }
 0)   9.037 us    |  }
 0)               |  vxlan_sock_release [vxlan]() {
 0)               |    synchronize_net() {
 0)   7.825 us    |      synchronize_rcu_expedited();
 0)   8.255 us    |    }
 0)   8.797 us    |  }
 0)               |  vxlan_sock_release [vxlan]() {
 0)               |    synchronize_net() {
 0)   7.915 us    |      synchronize_rcu_expedited();
 0)   8.326 us    |    }
 0)   8.866 us    |  }
 0)               |  vxlan_sock_release [vxlan]() {
 0)               |    synchronize_net() {
 0)   7.855 us    |      synchronize_rcu_expedited();
 0)   8.285 us    |    }
 0)   8.897 us    |  }
 0)               |  vxlan_sock_release [vxlan]() {
 0)               |    synchronize_net() {
 0)   7.875 us    |      synchronize_rcu_expedited();
 0)   8.306 us    |    }
 0)   8.997 us    |  }
 0)               |  vxlan_sock_release [vxlan]() {
 0)               |    synchronize_net() {
 0)   9.117 us    |      synchronize_rcu_expedited();
 0)   9.578 us    |    }
 0) + 10.309 us   |  }
 0)               |  vxlan_sock_release [vxlan]() {
 0)               |    synchronize_net() {
 0) + 16.380 us   |      synchronize_rcu_expedited();
 0) + 16.842 us   |    }
 0) + 17.543 us   |  }
 0)               |  vxlan_sock_release [vxlan]() {
 0)               |    synchronize_net() {
 0)   8.326 us    |      synchronize_rcu_expedited();
 0)   8.736 us    |    }
 0)   9.278 us    |  }
 0)               |  vxlan_sock_release [vxlan]() {
 0)               |    synchronize_net() {
 0)   8.165 us    |      synchronize_rcu_expedited();
 0)   8.586 us    |    }
 0)   9.167 us    |  }
 0)               |  vxlan_sock_release [vxlan]() {
 0)               |    synchronize_net() {
 0)   8.216 us    |      synchronize_rcu_expedited();
 0)   8.706 us    |    }
 0)   9.228 us    |  }
 0)               |  vxlan_sock_release [vxlan]() {
 0)               |    synchronize_net() {
 0)   8.286 us    |      synchronize_rcu_expedited();
 0)   8.716 us    |    }
 0)   9.238 us    |  }
 0)               |  vxlan_sock_release [vxlan]() {
 0)               |    synchronize_net() {
 0)   8.176 us    |      synchronize_rcu_expedited();
 0)   8.606 us    |    }
 0)   9.127 us    |  }
 0)               |  vxlan_sock_release [vxlan]() {
 0)               |    synchronize_net() {
 0)   8.256 us    |      synchronize_rcu_expedited();
 0)   8.686 us    |    }
 0)   9.218 us    |  }
 0)               |  vxlan_sock_release [vxlan]() {
 0)               |    synchronize_net() {
 0)   8.295 us    |      synchronize_rcu_expedited();
 0)   8.716 us    |    }
 0)   9.317 us    |  }
 0)               |  vxlan_sock_release [vxlan]() {
 0)               |    synchronize_net() {
 0)   7.995 us    |      synchronize_rcu_expedited();
 0)   8.566 us    |    }
 0)   9.097 us    |  }
 0)               |  vxlan_sock_release [vxlan]() {
 0)               |    synchronize_net() {
 0)   7.824 us    |      synchronize_rcu_expedited();
 0)   8.306 us    |    }
 0)   8.836 us    |  }
 0)               |  vxlan_sock_release [vxlan]() {
 0)               |    synchronize_net() {
 0) + 21.520 us   |      synchronize_rcu_expedited();
 0) + 21.951 us   |    }
 0) + 22.783 us   |  }
 0)               |  vxlan_sock_release [vxlan]() {
 0)               |    synchronize_net() {
 0)   8.355 us    |      synchronize_rcu_expedited();
 0)   8.787 us    |    }
 0)   9.417 us    |  }
 0)               |  vxlan_sock_release [vxlan]() {
 0)               |    synchronize_net() {
 0) + 36.519 us   |      synchronize_rcu_expedited();
 0) + 36.939 us   |    }
 0) + 37.401 us   |  }
 0)               |  vxlan_sock_release [vxlan]() {
 0)               |    synchronize_net() {
 0) + 25.347 us   |      synchronize_rcu_expedited();
 0) + 25.778 us   |    }
 0) + 26.369 us   |  }
 0)               |  vxlan_sock_release [vxlan]() {
 0)               |    synchronize_net() {
 0)   8.626 us    |      synchronize_rcu_expedited();
 0)   9.047 us    |    }
 0)   9.638 us    |  }
 0)               |  vxlan_sock_release [vxlan]() {
 0)               |    synchronize_net() {
 0)   8.215 us    |      synchronize_rcu_expedited();
 0)   8.626 us    |    }
 0)   9.147 us    |  }
 0)               |  vxlan_sock_release [vxlan]() {
 0)               |    synchronize_net() {
 0)   8.235 us    |      synchronize_rcu_expedited();
 0)   8.656 us    |    }
 0)   9.187 us    |  }
 0)               |  vxlan_sock_release [vxlan]() {
 0)               |    synchronize_net() {
 0)   8.455 us    |      synchronize_rcu_expedited();
 0)   8.897 us    |    }
 0)   9.427 us    |  }
 0)               |  vxlan_sock_release [vxlan]() {
 0)               |    synchronize_net() {
 0)   8.265 us    |      synchronize_rcu_expedited();
 0)   8.706 us    |    }
 0)   9.227 us    |  }
 0)               |  vxlan_sock_release [vxlan]() {
 0)               |    synchronize_net() {
 0)   8.216 us    |      synchronize_rcu_expedited();
 0)   8.636 us    |    }
 0)   9.157 us    |  }
 0)               |  vxlan_sock_release [vxlan]() {
 0)               |    synchronize_net() {
 0)   8.306 us    |      synchronize_rcu_expedited();
 0)   8.766 us    |    }
 0)   9.378 us    |  }
 0)               |  vxlan_sock_release [vxlan]() {
 0)               |    synchronize_net() {
 0)   8.205 us    |      synchronize_rcu_expedited();
 0)   8.616 us    |    }
 0)   9.137 us    |  }
 0)               |  vxlan_sock_release [vxlan]() {
 0)               |    synchronize_net() {
 0)   7.915 us    |      synchronize_rcu_expedited();
 0)   8.346 us    |    }
 0)   8.866 us    |  }
 0)               |  vxlan_sock_release [vxlan]() {
 0)               |    synchronize_net() {
 0)   7.835 us    |      synchronize_rcu_expedited();
 0)   8.255 us    |    }
 0)   8.777 us    |  }
 0)               |  vxlan_sock_release [vxlan]() {
 0)               |    synchronize_net() {
 0)   7.885 us    |      synchronize_rcu_expedited();
 0)   8.305 us    |    }
 0)   8.837 us    |  }
 0)               |  vxlan_sock_release [vxlan]() {
 0)               |    synchronize_net() {
 0)   7.894 us    |      synchronize_rcu_expedited();
 0)   8.316 us    |    }
 0)   8.907 us    |  }
 0)               |  vxlan_sock_release [vxlan]() {
 0)               |    synchronize_net() {
 0)   7.915 us    |      synchronize_rcu_expedited();
 0)   8.346 us    |    }
 0)   9.107 us    |  }
 0)               |  vxlan_sock_release [vxlan]() {
 0)               |    synchronize_net() {
 0)   7.885 us    |      synchronize_rcu_expedited();
 0)   8.306 us    |    }
 0)   8.836 us    |  }
 0)               |  vxlan_sock_release [vxlan]() {
 0)               |    synchronize_net() {
 0)   7.844 us    |      synchronize_rcu_expedited();
 0)   8.266 us    |    }
 0)   8.806 us    |  }
 0)               |  vxlan_sock_release [vxlan]() {
 0)               |    synchronize_net() {
 0)   7.935 us    |      synchronize_rcu_expedited();
 0)   8.356 us    |    }
 0)   8.957 us    |  }
 0)               |  vxlan_sock_release [vxlan]() {
 0)               |    synchronize_net() {
 0)   8.256 us    |      synchronize_rcu_expedited();
 0)   8.686 us    |    }
 0)   9.137 us    |  }
 0)               |  vxlan_sock_release [vxlan]() {
 0)               |    synchronize_net() {
 0)   7.845 us    |      synchronize_rcu_expedited();
 0)   8.256 us    |    }
 0)   8.796 us    |  }
 0)               |  vxlan_sock_release [vxlan]() {
 0)               |    synchronize_net() {
 0)   7.845 us    |      synchronize_rcu_expedited();
 0)   8.275 us    |    }
 0)   8.797 us    |  }
 0)               |  vxlan_sock_release [vxlan]() {
 0)               |    synchronize_net() {
 0)   7.885 us    |      synchronize_rcu_expedited();
 0)   8.316 us    |    }
 0)   8.856 us    |  }
 0)               |  vxlan_sock_release [vxlan]() {
 0)               |    synchronize_net() {
 0)   7.794 us    |      synchronize_rcu_expedited();
 0)   8.266 us    |    }
 0)   8.716 us    |  }
 0)               |  vxlan_sock_release [vxlan]() {
 0)               |    synchronize_net() {
 0)   7.804 us    |      synchronize_rcu_expedited();
 0)   8.236 us    |    }
 0)   8.756 us    |  }
 0)               |  vxlan_sock_release [vxlan]() {
 0)               |    synchronize_net() {
 0)   7.885 us    |      synchronize_rcu_expedited();
 0)   8.315 us    |    }
 0)   8.917 us    |  }
 0)               |  vxlan_sock_release [vxlan]() {
 0)               |    synchronize_net() {
 0)   7.935 us    |      synchronize_rcu_expedited();
 0)   8.356 us    |    }
 0)   8.956 us    |  }
 0)               |  vxlan_sock_release [vxlan]() {
 0)               |    synchronize_net() {
 0)   8.085 us    |      synchronize_rcu_expedited();
 0)   8.586 us    |    }
 0)   9.107 us    |  }
 0)               |  vxlan_sock_release [vxlan]() {
 0)               |    synchronize_net() {
 0)   8.315 us    |      synchronize_rcu_expedited();
 0)   8.737 us    |    }
 0)   9.257 us    |  }
 0)               |  vxlan_sock_release [vxlan]() {
 0)               |    synchronize_net() {
 0)   7.845 us    |      synchronize_rcu_expedited();
 0)   8.265 us    |    }
 0)   8.797 us    |  }
 0)               |  vxlan_sock_release [vxlan]() {
 0)               |    synchronize_net() {
 0)   8.025 us    |      synchronize_rcu_expedited();
 0)   8.456 us    |    }
 0)   8.977 us    |  }
 0)               |  vxlan_sock_release [vxlan]() {
 0)               |    synchronize_net() {
 0)   7.855 us    |      synchronize_rcu_expedited();
 0)   8.275 us    |    }
 0)   9.047 us    |  }
 0)               |  vxlan_sock_release [vxlan]() {
 0)               |    synchronize_net() {
 0)   7.835 us    |      synchronize_rcu_expedited();
 0)   8.256 us    |    }
 0)   8.776 us    |  }
 0)               |  vxlan_sock_release [vxlan]() {
 0)               |    synchronize_net() {
 0)   7.855 us    |      synchronize_rcu_expedited();
 0)   8.275 us    |    }
 0)   8.817 us    |  }
 0)               |  vxlan_sock_release [vxlan]() {
 0)               |    synchronize_net() {
 0)   7.785 us    |      synchronize_rcu_expedited();
 0)   8.215 us    |    }
 0)   8.807 us    |  }
 0)               |  vxlan_sock_release [vxlan]() {
 0)               |    synchronize_net() {
 0)   7.944 us    |      synchronize_rcu_expedited();
 0)   8.366 us    |    }
 0)   8.816 us    |  }
 0)               |  vxlan_sock_release [vxlan]() {
 0)               |    synchronize_net() {
 0)   7.865 us    |      synchronize_rcu_expedited();
 0)   8.296 us    |    }
 0)   8.817 us    |  }
 0)               |  vxlan_sock_release [vxlan]() {
 0)               |    synchronize_net() {
 0)   8.196 us    |      synchronize_rcu_expedited();
 0)   8.626 us    |    }
 0)   9.087 us    |  }
 0)               |  vxlan_sock_release [vxlan]() {
 0)               |    synchronize_net() {
 0)   7.785 us    |      synchronize_rcu_expedited();
 0)   8.205 us    |    }
 0)   8.797 us    |  }
 0)               |  vxlan_sock_release [vxlan]() {
 0)               |    synchronize_net() {
 0)   7.905 us    |      synchronize_rcu_expedited();
 0)   8.325 us    |    }
 0)   8.867 us    |  }
 0)               |  vxlan_sock_release [vxlan]() {
 0)               |    synchronize_net() {
 0)   7.864 us    |      synchronize_rcu_expedited();
 0)   8.296 us    |    }
 0)   8.806 us    |  }
 0)               |  vxlan_sock_release [vxlan]() {
 0)               |    synchronize_net() {
 0)   7.865 us    |      synchronize_rcu_expedited();
 0)   8.295 us    |    }
 0)   8.927 us    |  }
 0)               |  vxlan_sock_release [vxlan]() {
 0)               |    synchronize_net() {
 0)   7.825 us    |      synchronize_rcu_expedited();
 0)   8.336 us    |    }
 0)   8.927 us    |  }
 0)               |  vxlan_sock_release [vxlan]() {
 0)               |    synchronize_net() {
 0)   7.814 us    |      synchronize_rcu_expedited();
 0)   8.316 us    |    }
 0)   8.836 us    |  }
 0)               |  vxlan_sock_release [vxlan]() {
 0)               |    synchronize_net() {
 0)   7.785 us    |      synchronize_rcu_expedited();
 0)   8.215 us    |    }
 0)   8.817 us    |  }
 0)               |  vxlan_sock_release [vxlan]() {
 0)               |    synchronize_net() {
 0)   7.854 us    |      synchronize_rcu_expedited();
 0)   8.286 us    |    }
 0)   8.836 us    |  }
 0)               |  vxlan_sock_release [vxlan]() {
 0)               |    synchronize_net() {
 0)   8.325 us    |      synchronize_rcu_expedited();
 0)   8.757 us    |    }
 0)   9.277 us    |  }
 0)               |  vxlan_sock_release [vxlan]() {
 0)               |    synchronize_net() {
 0)   7.844 us    |      synchronize_rcu_expedited();
 0)   8.266 us    |    }
 0)   9.177 us    |  }
 0)               |  vxlan_sock_release [vxlan]() {
 0)               |    synchronize_net() {
 0)   7.814 us    |      synchronize_rcu_expedited();
 0)   8.246 us    |    }
 0)   8.766 us    |  }
 0)               |  vxlan_sock_release [vxlan]() {
 0)               |    synchronize_net() {
 0)   7.804 us    |      synchronize_rcu_expedited();
 0)   8.236 us    |    }
 0)   8.786 us    |  }
 0)               |  vxlan_sock_release [vxlan]() {
 0)               |    synchronize_net() {
 0)   7.905 us    |      synchronize_rcu_expedited();
 0)   8.335 us    |    }
 0)   8.807 us    |  }
 0)               |  vxlan_sock_release [vxlan]() {
 0)               |    synchronize_net() {
 0)   7.874 us    |      synchronize_rcu_expedited();
 0)   8.296 us    |    }
 0)   8.896 us    |  }
 0)               |  vxlan_sock_release [vxlan]() {
 0)               |    synchronize_net() {
 0)   7.845 us    |      synchronize_rcu_expedited();
 0)   8.335 us    |    }
 0)   8.857 us    |  }
 0)               |  vxlan_sock_release [vxlan]() {
 0)               |    synchronize_net() {
 0)   7.875 us    |      synchronize_rcu_expedited();
 0)   8.296 us    |    }
 0)   8.816 us    |  }
 0)               |  vxlan_sock_release [vxlan]() {
 0)               |    synchronize_net() {
 0)   7.814 us    |      synchronize_rcu_expedited();
 0)   8.246 us    |    }
 0)   8.786 us    |  }
 0)               |  vxlan_sock_release [vxlan]() {
 0)               |    synchronize_net() {
 0)   8.205 us    |      synchronize_rcu_expedited();
 0)   8.636 us    |    }
 0)   9.127 us    |  }
 0)               |  vxlan_sock_release [vxlan]() {
 0)               |    synchronize_net() {
 0)   7.875 us    |      synchronize_rcu_expedited();
 0)   8.305 us    |    }
 0)   8.907 us    |  }
 0)               |  vxlan_sock_release [vxlan]() {
 0)               |    synchronize_net() {
 0)   7.905 us    |      synchronize_rcu_expedited();
 0)   8.336 us    |    }
 0)   8.856 us    |  }
 0)               |  vxlan_sock_release [vxlan]() {
 0)               |    synchronize_net() {
 0)   9.518 us    |      synchronize_rcu_expedited();
 0)   9.999 us    |    }
 0) + 10.670 us   |  }
 0)               |  vxlan_sock_release [vxlan]() {
 0)               |    synchronize_net() {
 0)   8.846 us    |      synchronize_rcu_expedited();
 0)   9.288 us    |    }
 0)   9.818 us    |  }
 0)               |  vxlan_sock_release [vxlan]() {
 0)               |    synchronize_net() {
 0)   8.065 us    |      synchronize_rcu_expedited();
 0)   8.486 us    |    }
 0)   9.087 us    |  }
 0)               |  vxlan_sock_release [vxlan]() {
 0)               |    synchronize_net() {
 0)   7.815 us    |      synchronize_rcu_expedited();
 0)   8.246 us    |    }
 0)   8.796 us    |  }
 0)               |  vxlan_sock_release [vxlan]() {
 0)               |    synchronize_net() {
 0)   7.705 us    |      synchronize_rcu_expedited();
 0)   8.135 us    |    }
 0)   8.667 us    |  }
 0)               |  vxlan_sock_release [vxlan]() {
 0)               |    synchronize_net() {
 0)   7.815 us    |      synchronize_rcu_expedited();
 0)   8.245 us    |    }
 0)   9.027 us    |  }
 0)               |  vxlan_sock_release [vxlan]() {
 0)               |    synchronize_net() {
 0)   8.266 us    |      synchronize_rcu_expedited();
 0)   8.696 us    |    }
 0)   9.308 us    |  }
 0)               |  vxlan_sock_release [vxlan]() {
 0)               |    synchronize_net() {
 0)   7.775 us    |      synchronize_rcu_expedited();
 0)   8.205 us    |    }
 0)   8.727 us    |  }
 0)               |  vxlan_sock_release [vxlan]() {
 0)               |    synchronize_net() {
 0)   7.805 us    |      synchronize_rcu_expedited();
 0)   8.235 us    |    }
 0)   8.707 us    |  }
 0)               |  vxlan_sock_release [vxlan]() {
 0)               |    synchronize_net() {
 0)   7.815 us    |      synchronize_rcu_expedited();
 0)   8.245 us    |    }
 0)   8.847 us    |  }
 0)               |  vxlan_sock_release [vxlan]() {
 0)               |    synchronize_net() {
 0)   7.815 us    |      synchronize_rcu_expedited();
 0)   8.235 us    |    }
 0)   8.777 us    |  }
 0)               |  vxlan_sock_release [vxlan]() {
 0)               |    synchronize_net() {
 0)   7.845 us    |      synchronize_rcu_expedited();
 0)   8.275 us    |    }
 0)   8.727 us    |  }
 0)               |  vxlan_sock_release [vxlan]() {
 0)               |    synchronize_net() {
 0)   7.885 us    |      synchronize_rcu_expedited();
 0)   8.306 us    |    }
 0)   8.777 us    |  }
 0)               |  vxlan_sock_release [vxlan]() {
 0)               |    synchronize_net() {
 0)   7.804 us    |      synchronize_rcu_expedited();
 0)   8.236 us    |    }
 0)   8.716 us    |  }
 0)               |  vxlan_sock_release [vxlan]() {
 0)               |    synchronize_net() {
 0)   7.804 us    |      synchronize_rcu_expedited();
 0)   8.236 us    |    }
 0)   8.706 us    |  }
 0)               |  vxlan_sock_release [vxlan]() {
 0)               |    synchronize_net() {
 0)   7.795 us    |      synchronize_rcu_expedited();
 0)   8.235 us    |    }
 0)   8.706 us    |  }
 0)               |  vxlan_sock_release [vxlan]() {
 0)               |    synchronize_net() {
 0)   8.185 us    |      synchronize_rcu_expedited();
 0)   8.616 us    |    }
 0)   9.087 us    |  }
 0)               |  vxlan_sock_release [vxlan]() {
 0)               |    synchronize_net() {
 0)   7.755 us    |      synchronize_rcu_expedited();
 0)   8.285 us    |    }
 0)   8.757 us    |  }
 0)               |  vxlan_sock_release [vxlan]() {
 0)               |    synchronize_net() {
 0)   7.845 us    |      synchronize_rcu_expedited();
 0)   8.275 us    |    }
 0)   8.747 us    |  }
 0)               |  vxlan_sock_release [vxlan]() {
 0)               |    synchronize_net() {
 0)   7.835 us    |      synchronize_rcu_expedited();
 0)   8.266 us    |    }
 0)   8.746 us    |  }
 0)               |  vxlan_sock_release [vxlan]() {
 0)               |    synchronize_net() {
 0)   7.724 us    |      synchronize_rcu_expedited();
 0)   8.146 us    |    }
 0)   8.626 us    |  }
 0)               |  vxlan_sock_release [vxlan]() {
 0)               |    synchronize_net() {
 0)   7.864 us    |      synchronize_rcu_expedited();
 0)   8.296 us    |    }
 0)   9.277 us    |  }
 0)               |  vxlan_sock_release [vxlan]() {
 0)               |    synchronize_net() {
 0)   7.845 us    |      synchronize_rcu_expedited();
 0)   8.266 us    |    }
 0)   8.746 us    |  }
 0)               |  vxlan_sock_release [vxlan]() {
 0)               |    synchronize_net() {
 0)   7.805 us    |      synchronize_rcu_expedited();
 0)   8.235 us    |    }
 0)   8.707 us    |  }
 0)               |  vxlan_sock_release [vxlan]() {
 0)               |    synchronize_net() {
 0)   7.795 us    |      synchronize_rcu_expedited();
 0)   8.215 us    |    }
 0)   8.687 us    |  }
 0)               |  vxlan_sock_release [vxlan]() {
 0)               |    synchronize_net() {
 0)   7.805 us    |      synchronize_rcu_expedited();
 0)   8.235 us    |    }
 0)   8.807 us    |  }
 0)               |  vxlan_sock_release [vxlan]() {
 0)               |    synchronize_net() {
 0)   7.844 us    |      synchronize_rcu_expedited();
 0)   8.276 us    |    }
 0)   8.796 us    |  }
 0)               |  vxlan_sock_release [vxlan]() {
 0)               |    synchronize_net() {
 0)   7.785 us    |      synchronize_rcu_expedited();
 0)   8.246 us    |    }
 0)   8.706 us    |  }
 0)               |  vxlan_sock_release [vxlan]() {
 0)               |    synchronize_net() {
 0)   7.825 us    |      synchronize_rcu_expedited();
 0)   8.245 us    |    }
 0)   8.716 us    |  }
 0)               |  vxlan_sock_release [vxlan]() {
 0)               |    synchronize_net() {
 0)   7.815 us    |      synchronize_rcu_expedited();
 0)   8.245 us    |    }
 0)   8.727 us    |  }
 0)               |  vxlan_sock_release [vxlan]() {
 0)               |    synchronize_net() {
 0)   7.825 us    |      synchronize_rcu_expedited();
 0)   8.255 us    |    }
 0)   8.727 us    |  }
 0)               |  vxlan_sock_release [vxlan]() {
 0)               |    synchronize_net() {
 0)   8.616 us    |      synchronize_rcu_expedited();
 0)   9.107 us    |    }
 0)   9.578 us    |  }
 0)               |  vxlan_sock_release [vxlan]() {
 0)               |    synchronize_net() {
 0)   7.784 us    |      synchronize_rcu_expedited();
 0)   8.216 us    |    }
 0)   8.686 us    |  }
 0)               |  vxlan_sock_release [vxlan]() {
 0)               |    synchronize_net() {
 0)   7.855 us    |      synchronize_rcu_expedited();
 0)   8.286 us    |    }
 0)   8.766 us    |  }
 0)               |  vxlan_sock_release [vxlan]() {
 0)               |    synchronize_net() {
 0)   7.845 us    |      synchronize_rcu_expedited();
 0)   8.265 us    |    }
 0)   8.737 us    |  }
 0)               |  vxlan_sock_release [vxlan]() {
 0)               |    synchronize_net() {
 0)   7.785 us    |      synchronize_rcu_expedited();
 0)   8.215 us    |    }
 0)   8.747 us    |  }
 0)               |  vxlan_sock_release [vxlan]() {
 0)               |    synchronize_net() {
 0)   7.774 us    |      synchronize_rcu_expedited();
 0)   8.206 us    |    }
 0)   8.666 us    |  }
 0)               |  vxlan_sock_release [vxlan]() {
 0)               |    synchronize_net() {
 0)   8.086 us    |      synchronize_rcu_expedited();
 0)   8.566 us    |    }
 0)   9.408 us    |  }
 0)               |  vxlan_sock_release [vxlan]() {
 0)               |    synchronize_net() {
 0)   7.744 us    |      synchronize_rcu_expedited();
 0)   8.166 us    |    }
 0)   8.636 us    |  }
 0)               |  vxlan_sock_release [vxlan]() {
 0)               |    synchronize_net() {
 0)   7.814 us    |      synchronize_rcu_expedited();
 0)   8.246 us    |    }
 0)   8.716 us    |  }
 0)               |  vxlan_sock_release [vxlan]() {
 0)               |    synchronize_net() {
 0)   7.824 us    |      synchronize_rcu_expedited();
 0)   8.246 us    |    }
 0)   8.716 us    |  }
 0)               |  vxlan_sock_release [vxlan]() {
 0)               |    synchronize_net() {
 0)   7.995 us    |      synchronize_rcu_expedited();
 0)   8.415 us    |    }
 0)   8.887 us    |  }
 0)               |  vxlan_sock_release [vxlan]() {
 0)               |    synchronize_net() {
 0)   7.814 us    |      synchronize_rcu_expedited();
 0)   8.236 us    |    }
 0)   8.756 us    |  }
 0)               |  vxlan_sock_release [vxlan]() {
 0)               |    synchronize_net() {
 0)   7.985 us    |      synchronize_rcu_expedited();
 0)   8.416 us    |    }
 0)   9.057 us    |  }
 0)               |  vxlan_sock_release [vxlan]() {
 0)               |    synchronize_net() {
 0) + 10.620 us   |      synchronize_rcu_expedited();
 0) + 11.051 us   |    }
 0) + 11.652 us   |  }
 0)               |  vxlan_sock_release [vxlan]() {
 0)               |    synchronize_net() {
 0)   8.015 us    |      synchronize_rcu_expedited();
 0)   8.456 us    |    }
 0)   8.997 us    |  }
 0)               |  vxlan_sock_release [vxlan]() {
 0)               |    synchronize_net() {
 0)   8.186 us    |      synchronize_rcu_expedited();
 0)   8.616 us    |    }
 0)   9.087 us    |  }
 0)               |  vxlan_sock_release [vxlan]() {
 0)               |    synchronize_net() {
 0) + 16.200 us   |      synchronize_rcu_expedited();
 0) + 16.631 us   |    }
 0) + 17.102 us   |  }
 0)               |  vxlan_sock_release [vxlan]() {
 0)               |    synchronize_net() {
 0)   8.306 us    |      synchronize_rcu_expedited();
 0)   8.796 us    |    }
 0)   9.257 us    |  }
 0)               |  vxlan_sock_release [vxlan]() {
 0)               |    synchronize_net() {
 0)   8.195 us    |      synchronize_rcu_expedited();
 0)   8.616 us    |    }
 0)   9.107 us    |  }
 0)               |  vxlan_sock_release [vxlan]() {
 0)               |    synchronize_net() {
 0)   8.215 us    |      synchronize_rcu_expedited();
 0)   8.647 us    |    }
 0)   9.107 us    |  }
 0)               |  vxlan_sock_release [vxlan]() {
 0)               |    synchronize_net() {
 0)   8.185 us    |      synchronize_rcu_expedited();
 0)   8.616 us    |    }
 0)   9.087 us    |  }
 0)               |  vxlan_sock_release [vxlan]() {
 0)               |    synchronize_net() {
 0)   8.306 us    |      synchronize_rcu_expedited();
 0)   8.726 us    |    }
 0)   9.198 us    |  }
 0)               |  vxlan_sock_release [vxlan]() {
 0)               |    synchronize_net() {
 0)   8.166 us    |      synchronize_rcu_expedited();
 0)   8.596 us    |    }
 0)   9.238 us    |  }
 0)               |  vxlan_sock_release [vxlan]() {
 0)               |    synchronize_net() {
 0)   8.025 us    |      synchronize_rcu_expedited();
 0)   8.446 us    |    }
 0)   8.937 us    |  }
 0)               |  vxlan_sock_release [vxlan]() {
 0)               |    synchronize_net() {
 0)   8.205 us    |      synchronize_rcu_expedited();
 0)   8.637 us    |    }
 0)   9.107 us    |  }
 0)               |  vxlan_sock_release [vxlan]() {
 0)               |    synchronize_net() {
 0)   7.714 us    |      synchronize_rcu_expedited();
 0)   8.135 us    |    }
 0)   8.626 us    |  }
 0)               |  vxlan_sock_release [vxlan]() {
 0)               |    synchronize_net() {
 0)   7.835 us    |      synchronize_rcu_expedited();
 0)   8.256 us    |    }
 0)   8.787 us    |  }
 0)               |  vxlan_sock_release [vxlan]() {
 0)               |    synchronize_net() {
 0)   7.764 us    |      synchronize_rcu_expedited();
 0)   8.206 us    |    }
 0)   8.736 us    |  }
 0)               |  vxlan_sock_release [vxlan]() {
 0)               |    synchronize_net() {
 0)   7.834 us    |      synchronize_rcu_expedited();
 0)   8.256 us    |    }
 0)   8.726 us    |  }
 0)               |  vxlan_sock_release [vxlan]() {
 0)               |    synchronize_net() {
 0)   7.744 us    |      synchronize_rcu_expedited();
 0)   8.166 us    |    }
 0)   8.796 us    |  }
 0)               |  vxlan_sock_release [vxlan]() {
 0)               |    synchronize_net() {
 0) + 13.124 us   |      synchronize_rcu_expedited();
 0) + 13.556 us   |    }
 0) + 14.036 us   |  }
 0)               |  vxlan_sock_release [vxlan]() {
 0)               |    synchronize_net() {
 0)   8.145 us    |      synchronize_rcu_expedited();
 0)   8.576 us    |    }
 0)   9.037 us    |  }
 0)               |  vxlan_sock_release [vxlan]() {
 0)               |    synchronize_net() {
 0)   8.155 us    |      synchronize_rcu_expedited();
 0)   8.586 us    |    }
 0)   9.057 us    |  }
 0)               |  vxlan_sock_release [vxlan]() {
 0)               |    synchronize_net() {
 0)   8.045 us    |      synchronize_rcu_expedited();
 0)   8.536 us    |    }
 0)   9.077 us    |  }
 0)               |  vxlan_sock_release [vxlan]() {
 0)               |    synchronize_net() {
 0)   7.865 us    |      synchronize_rcu_expedited();
 0)   8.285 us    |    }
 0)   8.767 us    |  }
 0)               |  vxlan_sock_release [vxlan]() {
 0)               |    synchronize_net() {
 0)   7.835 us    |      synchronize_rcu_expedited();
 0)   8.335 us    |    }
 0)   8.897 us    |  }
 0)               |  vxlan_sock_release [vxlan]() {
 0)               |    synchronize_net() {
 0)   7.795 us    |      synchronize_rcu_expedited();
 0)   8.296 us    |    }
 0)   8.836 us    |  }
 0)               |  vxlan_sock_release [vxlan]() {
 0)               |    synchronize_net() {
 0)   7.775 us    |      synchronize_rcu_expedited();
 0)   8.205 us    |    }
 0)   8.747 us    |  }
 0)               |  vxlan_sock_release [vxlan]() {
 0)               |    synchronize_net() {
 0)   7.874 us    |      synchronize_rcu_expedited();
 0)   8.306 us    |    }
 0)   9.177 us    |  }
 0)               |  vxlan_sock_release [vxlan]() {
 0)               |    synchronize_net() {
 0)   7.775 us    |      synchronize_rcu_expedited();
 0)   8.195 us    |    }
 0)   8.646 us    |  }
 0)               |  vxlan_sock_release [vxlan]() {
 0)               |    synchronize_net() {
 0)   7.835 us    |      synchronize_rcu_expedited();
 0)   8.266 us    |    }
 0)   8.746 us    |  }
 0)               |  vxlan_sock_release [vxlan]() {
 0)               |    synchronize_net() {
 0)   7.834 us    |      synchronize_rcu_expedited();
 0)   8.256 us    |    }
 0)   8.726 us    |  }
 0)               |  vxlan_sock_release [vxlan]() {
 0)               |    synchronize_net() {
 0)   9.317 us    |      synchronize_rcu_expedited();
 0)   9.889 us    |    }
 0) + 10.450 us   |  }
 0)               |  vxlan_sock_release [vxlan]() {
 0)               |    synchronize_net() {
 0)   9.488 us    |      synchronize_rcu_expedited();
 0)   9.959 us    |    }
 0) + 10.539 us   |  }
 0)               |  vxlan_sock_release [vxlan]() {
 0)               |    synchronize_net() {
 0)   7.975 us    |      synchronize_rcu_expedited();
 0)   8.416 us    |    }
 0)   8.877 us    |  }
 0)               |  vxlan_sock_release [vxlan]() {
 0)               |    synchronize_net() {
 0)   7.805 us    |      synchronize_rcu_expedited();
 0)   8.225 us    |    }
 0)   8.697 us    |  }
 0)               |  vxlan_sock_release [vxlan]() {
 0)               |    synchronize_net() {
 0)   7.795 us    |      synchronize_rcu_expedited();
 0)   8.225 us    |    }
 0)   8.687 us    |  }
 0)               |  vxlan_sock_release [vxlan]() {
 0)               |    synchronize_net() {
 0)   7.865 us    |      synchronize_rcu_expedited();
 0)   8.296 us    |    }
 0)   8.826 us    |  }
 0)               |  vxlan_sock_release [vxlan]() {
 0)               |    synchronize_net() {
 0)   7.805 us    |      synchronize_rcu_expedited();
 0)   8.235 us    |    }
 0)   8.706 us    |  }
 0)               |  vxlan_sock_release [vxlan]() {
 0)               |    synchronize_net() {
 0)   7.805 us    |      synchronize_rcu_expedited();
 0)   8.225 us    |    }
 0)   8.697 us    |  }
 0)               |  vxlan_sock_release [vxlan]() {
 0)               |    synchronize_net() {
 0)   7.855 us    |      synchronize_rcu_expedited();
 0)   8.286 us    |    }
 0)   8.777 us    |  }
 0)               |  vxlan_sock_release [vxlan]() {
 0)               |    synchronize_net() {
 0)   8.215 us    |      synchronize_rcu_expedited();
 0)   8.646 us    |    }
 0)   9.107 us    |  }
 0)               |  vxlan_sock_release [vxlan]() {
 0)               |    synchronize_net() {
 0)   7.835 us    |      synchronize_rcu_expedited();
 0)   8.255 us    |    }
 0)   8.717 us    |  }
 0)               |  vxlan_sock_release [vxlan]() {
 0)               |    synchronize_net() {
 0)   7.725 us    |      synchronize_rcu_expedited();
 0)   8.185 us    |    }
 0)   8.647 us    |  }
 0)               |  vxlan_sock_release [vxlan]() {
 0)               |    synchronize_net() {
 0)   7.865 us    |      synchronize_rcu_expedited();
 0)   8.295 us    |    }
 0)   9.097 us    |  }
 0)               |  vxlan_sock_release [vxlan]() {
 0)               |    synchronize_net() {
 0)   7.845 us    |      synchronize_rcu_expedited();
 0)   8.276 us    |    }
 0)   8.746 us    |  }
 0)               |  vxlan_sock_release [vxlan]() {
 0)               |    synchronize_net() {
 0)   7.785 us    |      synchronize_rcu_expedited();
 0)   8.215 us    |    }
 0)   8.686 us    |  }
 0)               |  vxlan_sock_release [vxlan]() {
 0)               |    synchronize_net() {
 0)   7.785 us    |      synchronize_rcu_expedited();
 0)   8.205 us    |    }
 0)   8.667 us    |  }
 0)               |  vxlan_sock_release [vxlan]() {
 0)               |    synchronize_net() {
 0)   7.795 us    |      synchronize_rcu_expedited();
 0)   8.215 us    |    }
 0)   8.677 us    |  }
 0)               |  vxlan_sock_release [vxlan]() {
 0)               |    synchronize_net() {
 0)   7.805 us    |      synchronize_rcu_expedited();
 0)   8.226 us    |    }
 0)   8.756 us    |  }
 0)               |  vxlan_sock_release [vxlan]() {
 0)               |    synchronize_net() {
 0)   8.185 us    |      synchronize_rcu_expedited();
 0)   8.616 us    |    }
 0)   9.077 us    |  }
 0)               |  vxlan_sock_release [vxlan]() {
 0)               |    synchronize_net() {
 0)   7.734 us    |      synchronize_rcu_expedited();
 0)   8.165 us    |    }
 0)   8.616 us    |  }
 0)               |  vxlan_sock_release [vxlan]() {
 0)               |    synchronize_net() {
 0)   7.834 us    |      synchronize_rcu_expedited();
 0)   8.256 us    |    }
 0)   8.736 us    |  }
 0)               |  vxlan_sock_release [vxlan]() {
 0)               |    synchronize_net() {
 0)   7.704 us    |      synchronize_rcu_expedited();
 0)   8.135 us    |    }
 0)   8.656 us    |  }
 0)               |  vxlan_sock_release [vxlan]() {
 0)               |    synchronize_net() {
 0)   7.865 us    |      synchronize_rcu_expedited();
 0)   8.325 us    |    }
 0)   8.857 us    |  }
 0)               |  vxlan_sock_release [vxlan]() {
 0)               |    synchronize_net() {
 0)   7.825 us    |      synchronize_rcu_expedited();
 0)   8.256 us    |    }
 0)   8.786 us    |  }
 0)               |  vxlan_sock_release [vxlan]() {
 0)               |    synchronize_net() {
 0)   7.714 us    |      synchronize_rcu_expedited();
 0)   8.136 us    |    }
 0)   8.666 us    |  }
 0)               |  vxlan_sock_release [vxlan]() {
 0)               |    synchronize_net() {
 0)   7.775 us    |      synchronize_rcu_expedited();
 0)   8.205 us    |    }
 0)   8.807 us    |  }
 0)               |  vxlan_sock_release [vxlan]() {
 0)               |    synchronize_net() {
 0)   7.855 us    |      synchronize_rcu_expedited();
 0)   8.275 us    |    }
 0)   8.827 us    |  }
 0)               |  vxlan_sock_release [vxlan]() {
 0)               |    synchronize_net() {
 0)   8.285 us    |      synchronize_rcu_expedited();
 0)   8.727 us    |    }
 0)   9.247 us    |  }
 0)               |  vxlan_sock_release [vxlan]() {
 0)               |    synchronize_net() {
 0)   7.805 us    |      synchronize_rcu_expedited();
 0)   8.235 us    |    }
 0)   8.887 us    |  }
 0)               |  vxlan_sock_release [vxlan]() {
 0)               |    synchronize_net() {
 0)   7.825 us    |      synchronize_rcu_expedited();
 0)   8.255 us    |    }
 0)   8.726 us    |  }
 0)               |  vxlan_sock_release [vxlan]() {
 0)               |    synchronize_net() {
 0)   7.765 us    |      synchronize_rcu_expedited();
 0)   8.195 us    |    }
 0)   8.646 us    |  }
 0)               |  vxlan_sock_release [vxlan]() {
 0)               |    synchronize_net() {
 0)   7.844 us    |      synchronize_rcu_expedited();
 0)   8.276 us    |    }
 0)   8.746 us    |  }
 0)               |  vxlan_sock_release [vxlan]() {
 0)               |    synchronize_net() {
 0)   7.945 us    |      synchronize_rcu_expedited();
 0)   8.376 us    |    }
 0)   8.906 us    |  }
 0)               |  vxlan_sock_release [vxlan]() {
 0)               |    synchronize_net() {
 0)   7.855 us    |      synchronize_rcu_expedited();
 0)   8.285 us    |    }
 0)   8.817 us    |  }
 0)               |  vxlan_sock_release [vxlan]() {
 0)               |    synchronize_net() {
 0)   7.795 us    |      synchronize_rcu_expedited();
 0)   8.215 us    |    }
 0)   8.686 us    |  }
 0)               |  vxlan_sock_release [vxlan]() {
 0)               |    synchronize_net() {
 0)   7.734 us    |      synchronize_rcu_expedited();
 0)   8.175 us    |    }
 0)   8.636 us    |  }
 0)               |  vxlan_sock_release [vxlan]() {
 0)               |    synchronize_net() {
 0)   8.166 us    |      synchronize_rcu_expedited();
 0)   8.596 us    |    }
 0)   9.067 us    |  }
 0)               |  vxlan_sock_release [vxlan]() {
 0)               |    synchronize_net() {
 0)   7.825 us    |      synchronize_rcu_expedited();
 0)   8.245 us    |    }
 0)   8.747 us    |  }
 0)               |  vxlan_sock_release [vxlan]() {
 0)               |    synchronize_net() {
 0)   7.765 us    |      synchronize_rcu_expedited();
 0)   8.416 us    |    }
 0)   8.886 us    |  }
 0)               |  vxlan_sock_release [vxlan]() {
 0)               |    synchronize_net() {
 0)   7.865 us    |      synchronize_rcu_expedited();
 0)   8.325 us    |    }
 0)   8.797 us    |  }
 0)               |  vxlan_sock_release [vxlan]() {
 0)               |    synchronize_net() {
 0)   7.775 us    |      synchronize_rcu_expedited();
 0)   8.215 us    |    }
 0)   8.677 us    |  }
 0)               |  vxlan_sock_release [vxlan]() {
 0)               |    synchronize_net() {
 0)   7.845 us    |      synchronize_rcu_expedited();
 0)   8.275 us    |    }
 0)   8.727 us    |  }
 0)               |  vxlan_sock_release [vxlan]() {
 0)               |    synchronize_net() {
 0)   7.794 us    |      synchronize_rcu_expedited();
 0)   8.216 us    |    }
 0)   8.686 us    |  }
 0)               |  vxlan_sock_release [vxlan]() {
 0)               |    synchronize_net() {
 0)   7.864 us    |      synchronize_rcu_expedited();
 0)   8.296 us    |    }
 0)   8.766 us    |  }
 0)               |  vxlan_sock_release [vxlan]() {
 0)               |    synchronize_net() {
 0)   7.824 us    |      synchronize_rcu_expedited();
 0)   8.256 us    |    }
 0)   8.977 us    |  }
 0)               |  vxlan_sock_release [vxlan]() {
 0)               |    synchronize_net() {
 0)   7.865 us    |      synchronize_rcu_expedited();
 0)   8.295 us    |    }
 0)   8.767 us    |  }
 0)               |  vxlan_sock_release [vxlan]() {
 0)               |    synchronize_net() {
 0)   7.815 us    |      synchronize_rcu_expedited();
 0)   8.235 us    |    }
 0)   8.696 us    |  }
 0)               |  vxlan_sock_release [vxlan]() {
 0)               |    synchronize_net() {
 0)   7.825 us    |      synchronize_rcu_expedited();
 0)   8.255 us    |    }
 0)   8.717 us    |  }
 0)               |  vxlan_sock_release [vxlan]() {
 0)               |    synchronize_net() {
 0) + 16.151 us   |      synchronize_rcu_expedited();
 0) + 16.571 us   |    }
 0) + 17.042 us   |  }
 0)               |  vxlan_sock_release [vxlan]() {
 0)               |    synchronize_net() {
 0)   8.426 us    |      synchronize_rcu_expedited();
 0)   8.856 us    |    }
 0)   9.318 us    |  }
 0)               |  vxlan_sock_release [vxlan]() {
 0)               |    synchronize_net() {
 0)   8.196 us    |      synchronize_rcu_expedited();
 0)   8.626 us    |    }
 0)   9.107 us    |  }
 0)               |  vxlan_sock_release [vxlan]() {
 0)               |    synchronize_net() {
 0)   8.175 us    |      synchronize_rcu_expedited();
 0)   8.596 us    |    }
 0)   9.057 us    |  }
 0)               |  vxlan_sock_release [vxlan]() {
 0)               |    synchronize_net() {
 0)   8.166 us    |      synchronize_rcu_expedited();
 0)   8.596 us    |    }
 0)   9.067 us    |  }
 0)               |  vxlan_sock_release [vxlan]() {
 0)               |    synchronize_net() {
 0)   8.175 us    |      synchronize_rcu_expedited();
 0)   8.606 us    |    }
 0)   9.077 us    |  }
 0)               |  vxlan_sock_release [vxlan]() {
 0)               |    synchronize_net() {
 0)   8.315 us    |      synchronize_rcu_expedited();
 0)   8.807 us    |    }
 0)   9.277 us    |  }
 0)               |  vxlan_sock_release [vxlan]() {
 0)               |    synchronize_net() {
 0)   8.206 us    |      synchronize_rcu_expedited();
 0)   8.626 us    |    }
 0)   9.158 us    |  }
 0)               |  vxlan_sock_release [vxlan]() {
 0)               |    synchronize_net() {
 0)   8.146 us    |      synchronize_rcu_expedited();
 0)   8.566 us    |    }
 0)   9.047 us    |  }
 0)               |  vxlan_sock_release [vxlan]() {
 0)               |    synchronize_net() {
 0)   7.775 us    |      synchronize_rcu_expedited();
 0)   8.205 us    |    }
 0)   8.676 us    |  }
 0)               |  vxlan_sock_release [vxlan]() {
 0)               |    synchronize_net() {
 0)   7.825 us    |      synchronize_rcu_expedited();
 0)   8.256 us    |    }
 0)   8.726 us    |  }
 0)               |  vxlan_sock_release [vxlan]() {
 0)               |    synchronize_net() {
 0)   7.895 us    |      synchronize_rcu_expedited();
 0)   8.325 us    |    }
 0)   8.787 us    |  }
 0)               |  vxlan_sock_release [vxlan]() {
 0)               |    synchronize_net() {
 0)   7.755 us    |      synchronize_rcu_expedited();
 0)   8.175 us    |    }
 0)   8.887 us    |  }
 0)               |  vxlan_sock_release [vxlan]() {
 0)               |    synchronize_net() {
 0)   7.985 us    |      synchronize_rcu_expedited();
 0)   8.406 us    |    }
 0)   8.956 us    |  }
 0)               |  vxlan_sock_release [vxlan]() {
 0)               |    synchronize_net() {
 0)   7.825 us    |      synchronize_rcu_expedited();
 0)   8.255 us    |    }
 0)   8.727 us    |  }
 0)               |  vxlan_sock_release [vxlan]() {
 0)               |    synchronize_net() {
 0)   7.795 us    |      synchronize_rcu_expedited();
 0)   8.235 us    |    }
 0)   8.697 us    |  }
 0)               |  vxlan_sock_release [vxlan]() {
 0)               |    synchronize_net() {
 0)   7.735 us    |      synchronize_rcu_expedited();
 0)   8.155 us    |    }
 0)   8.626 us    |  }
 0)               |  vxlan_sock_release [vxlan]() {
 0)               |    synchronize_net() {
 0)   8.195 us    |      synchronize_rcu_expedited();
 0)   8.616 us    |    }
 0)   9.097 us    |  }
 0)               |  vxlan_sock_release [vxlan]() {
 0)               |    synchronize_net() {
 0)   7.845 us    |      synchronize_rcu_expedited();
 0)   8.345 us    |    }
 0)   8.807 us    |  }
 0)               |  vxlan_sock_release [vxlan]() {
 0)               |    synchronize_net() {
 0)   7.815 us    |      synchronize_rcu_expedited();
 0)   8.235 us    |    }
 0)   8.697 us    |  }
 0)               |  vxlan_sock_release [vxlan]() {
 0)               |    synchronize_net() {
 0)   7.825 us    |      synchronize_rcu_expedited();
 0)   8.255 us    |    }
 0)   8.727 us    |  }
 0)               |  vxlan_sock_release [vxlan]() {
 0)               |    synchronize_net() {
 0)   7.945 us    |      synchronize_rcu_expedited();
 0)   8.406 us    |    }
 0)   8.867 us    |  }
 0)               |  vxlan_sock_release [vxlan]() {
 0)               |    synchronize_net() {
 0)   7.865 us    |      synchronize_rcu_expedited();
 0)   8.296 us    |    }
 0)   8.766 us    |  }
 0)               |  vxlan_sock_release [vxlan]() {
 0)               |    synchronize_net() {
 0)   7.785 us    |      synchronize_rcu_expedited();
 0)   8.215 us    |    }
 0)   8.686 us    |  }
 0)               |  vxlan_sock_release [vxlan]() {
 0)               |    synchronize_net() {
 0)   7.765 us    |      synchronize_rcu_expedited();
 0)   8.205 us    |    }
 0)   8.666 us    |  }
 0)               |  vxlan_sock_release [vxlan]() {
 0)               |    synchronize_net() {
 0)   7.815 us    |      synchronize_rcu_expedited();
 0)   8.235 us    |    }
 0)   8.697 us    |  }
 0)               |  vxlan_sock_release [vxlan]() {
 0)               |    synchronize_net() {
 0)   8.997 us    |      synchronize_rcu_expedited();
 0)   9.458 us    |    }
 0) + 10.029 us   |  }
 0)               |  vxlan_sock_release [vxlan]() {
 0)               |    synchronize_net() {
 0) + 15.649 us   |      synchronize_rcu_expedited();
 0) + 16.110 us   |    }
 0) + 16.701 us   |  }
 0)               |  vxlan_sock_release [vxlan]() {
 0)               |    synchronize_net() {
 0)   8.395 us    |      synchronize_rcu_expedited();
 0)   8.827 us    |    }
 0)   9.758 us    |  }
 0)               |  vxlan_sock_release [vxlan]() {
 0)               |    synchronize_net() {
 0)   8.265 us    |      synchronize_rcu_expedited();
 0)   8.697 us    |    }
 0)   9.297 us    |  }
 0)               |  vxlan_sock_release [vxlan]() {
 0)               |    synchronize_net() {
 0)   8.185 us    |      synchronize_rcu_expedited();
 0)   8.616 us    |    }
 0)   9.278 us    |  }
 0)               |  vxlan_sock_release [vxlan]() {
 0)               |    synchronize_net() {
 0)   8.246 us    |      synchronize_rcu_expedited();
 0)   8.666 us    |    }
 0)   9.208 us    |  }
 0)               |  vxlan_sock_release [vxlan]() {
 0)               |    synchronize_net() {
 0)   8.186 us    |      synchronize_rcu_expedited();
 0)   8.616 us    |    }
 0)   9.148 us    |  }
 0)               |  vxlan_sock_release [vxlan]() {
 0)               |    synchronize_net() {
 0)   8.226 us    |      synchronize_rcu_expedited();
 0)   8.776 us    |    }
 0)   9.318 us    |  }
 0)               |  vxlan_sock_release [vxlan]() {
 0)               |    synchronize_net() {
 0)   7.834 us    |      synchronize_rcu_expedited();
 0)   8.266 us    |    }
 0)   8.796 us    |  }
 0)               |  vxlan_sock_release [vxlan]() {
 0)               |    synchronize_net() {
 0)   8.125 us    |      synchronize_rcu_expedited();
 0)   8.546 us    |    }
 0)   9.097 us    |  }
 0)               |  vxlan_sock_release [vxlan]() {
 0)               |    synchronize_net() {
 0)   7.834 us    |      synchronize_rcu_expedited();
 0)   8.266 us    |    }
 0)   8.887 us    |  }
 0)               |  vxlan_sock_release [vxlan]() {
 0)               |    synchronize_net() {
 0)   7.825 us    |      synchronize_rcu_expedited();
 0)   8.295 us    |    }
 0)   8.827 us    |  }
 0)               |  vxlan_sock_release [vxlan]() {
 0)               |    synchronize_net() {
 0)   7.774 us    |      synchronize_rcu_expedited();
 0)   8.206 us    |    }
 0)   8.736 us    |  }
 0)               |  vxlan_sock_release [vxlan]() {
 0)               |    synchronize_net() {
 0)   7.864 us    |      synchronize_rcu_expedited();
 0)   8.356 us    |    }
 0)   8.967 us    |  }
 0)               |  vxlan_sock_release [vxlan]() {
 0)               |    synchronize_net() {
 0)   7.815 us    |      synchronize_rcu_expedited();
 0)   8.245 us    |    }
 0)   8.847 us    |  }
 0)               |  vxlan_sock_release [vxlan]() {
 0)               |    synchronize_net() {
 0)   7.744 us    |      synchronize_rcu_expedited();
 0)   8.175 us    |    }
 0)   8.786 us    |  }
 0)               |  vxlan_sock_release [vxlan]() {
 0)               |    synchronize_net() {
 0)   7.784 us    |      synchronize_rcu_expedited();
 0)   8.206 us    |    }
 0)   8.736 us    |  }
 0)               |  vxlan_sock_release [vxlan]() {
 0)               |    synchronize_net() {
 0)   7.745 us    |      synchronize_rcu_expedited();
 0)   8.175 us    |    }
 0)   8.777 us    |  }
 0)               |  vxlan_sock_release [vxlan]() {
 0)               |    synchronize_net() {
 0)   8.186 us    |      synchronize_rcu_expedited();
 0)   8.606 us    |    }
 0)   9.438 us    |  }
 0)               |  vxlan_sock_release [vxlan]() {
 0)               |    synchronize_net() {
 0)   7.774 us    |      synchronize_rcu_expedited();
 0)   8.206 us    |    }
 0)   8.726 us    |  }
 0)               |  vxlan_sock_release [vxlan]() {
 0)               |    synchronize_net() {
 0)   7.794 us    |      synchronize_rcu_expedited();
 0)   8.226 us    |    }
 0)   8.756 us    |  }
 0)               |  vxlan_sock_release [vxlan]() {
 0)               |    synchronize_net() {
 0)   7.804 us    |      synchronize_rcu_expedited();
 0)   8.236 us    |    }
 0)   8.776 us    |  }
 0)               |  vxlan_sock_release [vxlan]() {
 0)               |    synchronize_net() {
 0)   7.825 us    |      synchronize_rcu_expedited();
 0)   8.255 us    |    }
 0)   8.847 us    |  }
 0)               |  vxlan_sock_release [vxlan]() {
 0)               |    synchronize_net() {
 0)   7.765 us    |      synchronize_rcu_expedited();
 0)   8.205 us    |    }
 0)   8.657 us    |  }
 0)               |  vxlan_sock_release [vxlan]() {
 0)               |    synchronize_net() {
 0)   7.805 us    |      synchronize_rcu_expedited();
 0)   8.255 us    |    }
 0)   8.786 us    |  }
 0)               |  vxlan_sock_release [vxlan]() {
 0)               |    synchronize_net() {
 0)   7.764 us    |      synchronize_rcu_expedited();
 0)   8.186 us    |    }
 0)   8.726 us    |  }
 0)               |  vxlan_sock_release [vxlan]() {
 0)               |    synchronize_net() {
 0)   7.754 us    |      synchronize_rcu_expedited();
 0)   8.186 us    |    }
 0)   8.706 us    |  }
 0)               |  vxlan_sock_release [vxlan]() {
 0)               |    synchronize_net() {
 0)   7.765 us    |      synchronize_rcu_expedited();
 0)   8.185 us    |    }
 0)   8.726 us    |  }
 0)               |  vxlan_sock_release [vxlan]() {
 0)               |    synchronize_net() {
 0)   7.745 us    |      synchronize_rcu_expedited();
 0)   8.265 us    |    }
 0)   8.797 us    |  }
 0)               |  vxlan_sock_release [vxlan]() {
 0)               |    synchronize_net() {
 0)   7.765 us    |      synchronize_rcu_expedited();
 0)   8.185 us    |    }
 0)   8.727 us    |  }
 0)               |  vxlan_sock_release [vxlan]() {
 0)               |    synchronize_net() {
 0)   8.256 us    |      synchronize_rcu_expedited();
 0)   8.686 us    |    }
 0)   9.217 us    |  }
 0)               |  vxlan_sock_release [vxlan]() {
 0)               |    synchronize_net() {
 0)   7.794 us    |      synchronize_rcu_expedited();
 0)   8.306 us    |    }
 0)   8.846 us    |  }
 0)               |  vxlan_sock_release [vxlan]() {
 0)               |    synchronize_net() {
 0)   7.864 us    |      synchronize_rcu_expedited();
 0)   8.336 us    |    }
 0)   8.856 us    |  }
 0)               |  vxlan_sock_release [vxlan]() {
 0)               |    synchronize_net() {
 0)   7.795 us    |      synchronize_rcu_expedited();
 0)   8.215 us    |    }
 0)   8.747 us    |  }
 0)               |  vxlan_sock_release [vxlan]() {
 0)               |    synchronize_net() {
 0)   7.885 us    |      synchronize_rcu_expedited();
 0)   8.305 us    |    }
 0)   9.097 us    |  }
 0)               |  vxlan_sock_release [vxlan]() {
 0)               |    synchronize_net() {
 0)   7.825 us    |      synchronize_rcu_expedited();
 0)   8.255 us    |    }
 0)   8.726 us    |  }
 0)               |  vxlan_sock_release [vxlan]() {
 0)               |    synchronize_net() {
 0)   7.905 us    |      synchronize_rcu_expedited();
 0)   8.335 us    |    }
 0)   8.807 us    |  }
 0)               |  vxlan_sock_release [vxlan]() {
 0)               |    synchronize_net() {
 0)   7.835 us    |      synchronize_rcu_expedited();
 0)   8.255 us    |    }
 0)   8.747 us    |  }
 0)               |  vxlan_sock_release [vxlan]() {
 0)               |    synchronize_net() {
 0)   7.905 us    |      synchronize_rcu_expedited();
 0)   8.336 us    |    }
 0)   8.867 us    |  }
 0)               |  vxlan_sock_release [vxlan]() {
 0)               |    synchronize_net() {
 0)   8.225 us    |      synchronize_rcu_expedited();
 0)   8.656 us    |    }
 0)   9.167 us    |  }
 0)               |  vxlan_sock_release [vxlan]() {
 0)               |    synchronize_net() {
 0)   7.765 us    |      synchronize_rcu_expedited();
 0)   8.215 us    |    }
 0)   8.676 us    |  }
 0)               |  vxlan_sock_release [vxlan]() {
 0)               |    synchronize_net() {
 0)   7.865 us    |      synchronize_rcu_expedited();
 0)   8.295 us    |    }
 0)   8.757 us    |  }
 0)               |  vxlan_sock_release [vxlan]() {
 0)               |    synchronize_net() {
 0)   7.845 us    |      synchronize_rcu_expedited();
 0)   8.316 us    |    }
 0)   8.767 us    |  }
 0)               |  vxlan_sock_release [vxlan]() {
 0)               |    synchronize_net() {
 0)   7.804 us    |      synchronize_rcu_expedited();
 0)   8.236 us    |    }
 0)   8.706 us    |  }
 0)               |  vxlan_sock_release [vxlan]() {
 0)               |    synchronize_net() {
 0)   7.854 us    |      synchronize_rcu_expedited();
 0)   8.306 us    |    }
 0)   8.776 us    |  }
 0)               |  vxlan_sock_release [vxlan]() {
 0)               |    synchronize_net() {
 0)   7.865 us    |      synchronize_rcu_expedited();
 0)   8.285 us    |    }
 0)   8.757 us    |  }
 0)               |  vxlan_sock_release [vxlan]() {
 0)               |    synchronize_net() {
 0)   7.795 us    |      synchronize_rcu_expedited();
 0)   8.225 us    |    }
 0)   8.697 us    |  }
 0)               |  vxlan_sock_release [vxlan]() {
 0)               |    synchronize_net() {
 0)   7.895 us    |      synchronize_rcu_expedited();
 0)   8.406 us    |    }
 0)   8.937 us    |  }
 0)               |  vxlan_sock_release [vxlan]() {
 0)               |    synchronize_net() {
 0) + 24.145 us   |      synchronize_rcu_expedited();
 0) + 24.596 us   |    }
 0) + 25.087 us   |  }
 0)               |  vxlan_sock_release [vxlan]() {
 0)               |    synchronize_net() {
 0)   8.586 us    |      synchronize_rcu_expedited();
 0)   9.007 us    |    }
 0)   9.548 us    |  }
 0)               |  vxlan_sock_release [vxlan]() {
 0)               |    synchronize_net() {
 0) + 11.081 us   |      synchronize_rcu_expedited();
 0) + 11.512 us   |    }
 0) + 12.203 us   |  }
 0)               |  vxlan_sock_release [vxlan]() {
 0)               |    synchronize_net() {
 0)   8.326 us    |      synchronize_rcu_expedited();
 0)   8.746 us    |    }
 0)   9.217 us    |  }
 0)               |  vxlan_sock_release [vxlan]() {
 0)               |    synchronize_net() {
 0)   8.175 us    |      synchronize_rcu_expedited();
 0)   8.596 us    |    }
 0)   9.087 us    |  }
 0)               |  vxlan_sock_release [vxlan]() {
 0)               |    synchronize_net() {
 0)   8.325 us    |      synchronize_rcu_expedited();
 0)   8.767 us    |    }
 0)   9.287 us    |  }
 0)               |  vxlan_sock_release [vxlan]() {
 0)               |    synchronize_net() {
 0)   8.285 us    |      synchronize_rcu_expedited();
 0)   8.717 us    |    }
 0)   9.267 us    |  }
 0)               |  vxlan_sock_release [vxlan]() {
 0)               |    synchronize_net() {
 0)   8.286 us    |      synchronize_rcu_expedited();
 0)   8.716 us    |    }
 0)   9.247 us    |  }
 0)               |  vxlan_sock_release [vxlan]() {
 0)               |    synchronize_net() {
 0)   8.205 us    |      synchronize_rcu_expedited();
 0)   8.656 us    |    }
 0)   9.187 us    |  }
 0)               |  vxlan_sock_release [vxlan]() {
 0)               |    synchronize_net() {
 0)   7.854 us    |      synchronize_rcu_expedited();
 0)   8.296 us    |    }
 0)   8.766 us    |  }
 0)               |  vxlan_sock_release [vxlan]() {
 0)               |    synchronize_net() {
 0)   7.955 us    |      synchronize_rcu_expedited();
 0)   8.385 us    |    }
 0)   8.857 us    |  }
 0)               |  vxlan_sock_release [vxlan]() {
 0)               |    synchronize_net() {
 0)   8.005 us    |      synchronize_rcu_expedited();
 0)   8.436 us    |    }
 0)   8.906 us    |  }
 0)               |  vxlan_sock_release [vxlan]() {
 0)               |    synchronize_net() {
 0)   7.805 us    |      synchronize_rcu_expedited();
 0)   8.235 us    |    }
 0)   8.717 us    |  }
 0)               |  vxlan_sock_release [vxlan]() {
 0)               |    synchronize_net() {
 0)   7.855 us    |      synchronize_rcu_expedited();
 0)   8.276 us    |    }
 0)   8.746 us    |  }
 0)               |  vxlan_sock_release [vxlan]() {
 0)               |    synchronize_net() {
 0)   7.945 us    |      synchronize_rcu_expedited();
 0)   8.366 us    |    }
 0)   8.846 us    |  }
 0)               |  vxlan_sock_release [vxlan]() {
 0)               |    synchronize_net() {
 0)   7.815 us    |      synchronize_rcu_expedited();
 0)   8.245 us    |    }
 0)   8.706 us    |  }
 0)               |  vxlan_sock_release [vxlan]() {
 0)               |    synchronize_net() {
 0)   7.855 us    |      synchronize_rcu_expedited();
 0)   8.285 us    |    }
 0)   8.817 us    |  }
 0)               |  vxlan_sock_release [vxlan]() {
 0)               |    synchronize_net() {
 0)   8.265 us    |      synchronize_rcu_expedited();
 0)   8.696 us    |    }
 0)   9.167 us    |  }
 0)               |  vxlan_sock_release [vxlan]() {
 0)               |    synchronize_net() {
 0)   7.824 us    |      synchronize_rcu_expedited();
 0)   8.246 us    |    }
 0)   8.947 us    |  }
 0)               |  vxlan_sock_release [vxlan]() {
 0)               |    synchronize_net() {
 0)   7.845 us    |      synchronize_rcu_expedited();
 0)   8.275 us    |    }
 0)   8.727 us    |  }
 0)               |  vxlan_sock_release [vxlan]() {
 0)               |    synchronize_net() {
 0)   7.895 us    |      synchronize_rcu_expedited();
 0)   8.326 us    |    }
 0)   8.776 us    |  }
 0)               |  vxlan_sock_release [vxlan]() {
 0)               |    synchronize_net() {
 0) + 14.507 us   |      synchronize_rcu_expedited();
 0) + 14.948 us   |    }
 0) + 15.509 us   |  }
 0)               |  vxlan_sock_release [vxlan]() {
 0)               |    synchronize_net() {
 0) + 44.754 us   |      synchronize_rcu_expedited();
 0) + 45.195 us   |    }
 0) + 45.655 us   |  }
 0)               |  vxlan_sock_release [vxlan]() {
 0)               |    synchronize_net() {
 0) + 24.306 us   |      synchronize_rcu_expedited();
 0) + 24.736 us   |    }
 0) + 25.338 us   |  }
 0)               |  vxlan_sock_release [vxlan]() {
 0)               |    synchronize_net() {
 0)   8.335 us    |      synchronize_rcu_expedited();
 0)   8.767 us    |    }
 0)   9.237 us    |  }
 0)               |  vxlan_sock_release [vxlan]() {
 0)               |    synchronize_net() {
 0)   8.315 us    |      synchronize_rcu_expedited();
 0)   8.747 us    |    }
 0)   9.207 us    |  }
 0)               |  vxlan_sock_release [vxlan]() {
 0)               |    synchronize_net() {
 0)   8.225 us    |      synchronize_rcu_expedited();
 0)   8.647 us    |    }
 0)   9.117 us    |  }
 0)               |  vxlan_sock_release [vxlan]() {
 0)               |    synchronize_net() {
 0)   8.355 us    |      synchronize_rcu_expedited();
 0)   8.837 us    |    }
 0)   9.307 us    |  }
 0)               |  vxlan_sock_release [vxlan]() {
 0)               |    synchronize_net() {
 0)   8.246 us    |      synchronize_rcu_expedited();
 0)   8.686 us    |    }
 0)   9.157 us    |  }
 0)               |  vxlan_sock_release [vxlan]() {
 0)               |    synchronize_net() {
 0)   8.306 us    |      synchronize_rcu_expedited();
 0)   8.746 us    |    }
 0)   9.207 us    |  }
 0)               |  vxlan_sock_release [vxlan]() {
 0)               |    synchronize_net() {
 0)   8.216 us    |      synchronize_rcu_expedited();
 0)   8.626 us    |    }
 0)   9.117 us    |  }
 0)               |  vxlan_sock_release [vxlan]() {
 0)               |    synchronize_net() {
 0)   8.235 us    |      synchronize_rcu_expedited();
 0)   8.676 us    |    }
 0)   9.147 us    |  }
 0)               |  vxlan_sock_release [vxlan]() {
 0)               |    synchronize_net() {
 0)   7.845 us    |      synchronize_rcu_expedited();
 0)   8.275 us    |    }
 0)   8.757 us    |  }
 0)               |  vxlan_sock_release [vxlan]() {
 0)               |    synchronize_net() {
 0)   7.875 us    |      synchronize_rcu_expedited();
 0)   8.305 us    |    }
 0)   8.787 us    |  }
 0)               |  vxlan_sock_release [vxlan]() {
 0)               |    synchronize_net() {
 0)   7.844 us    |      synchronize_rcu_expedited();
 0)   8.266 us    |    }
 0)   9.067 us    |  }
 0)               |  vxlan_sock_release [vxlan]() {
 0)               |    synchronize_net() {
 0)   7.995 us    |      synchronize_rcu_expedited();
 0)   8.426 us    |    }
 0)   8.897 us    |  }
 0)               |  vxlan_sock_release [vxlan]() {
 0)               |    synchronize_net() {
 0)   7.834 us    |      synchronize_rcu_expedited();
 0)   8.256 us    |    }
 0)   8.726 us    |  }
 0)               |  vxlan_sock_release [vxlan]() {
 0)               |    synchronize_net() {
 0)   7.834 us    |      synchronize_rcu_expedited();
 0)   8.256 us    |    }
 0)   8.726 us    |  }
 0)               |  vxlan_sock_release [vxlan]() {
 0)               |    synchronize_net() {
 0)   7.855 us    |      synchronize_rcu_expedited();
 0)   8.275 us    |    }
 0)   8.747 us    |  }
 0)               |  vxlan_sock_release [vxlan]() {
 0)               |    synchronize_net() {
 0)   7.915 us    |      synchronize_rcu_expedited();
 0)   8.345 us    |    }
 0)   8.817 us    |  }
 0)               |  vxlan_sock_release [vxlan]() {
 0)               |    synchronize_net() {
 0)   8.305 us    |      synchronize_rcu_expedited();
 0)   8.737 us    |    }
 0)   9.207 us    |  }
 0)               |  vxlan_sock_release [vxlan]() {
 0)               |    synchronize_net() {
 0)   7.814 us    |      synchronize_rcu_expedited();
 0)   8.246 us    |    }
 0)   8.716 us    |  }
 0)               |  vxlan_sock_release [vxlan]() {
 0)               |    synchronize_net() {
 0)   7.805 us    |      synchronize_rcu_expedited();
 0)   8.235 us    |    }
 0)   8.707 us    |  }
 0)               |  vxlan_sock_release [vxlan]() {
 0)               |    synchronize_net() {
 0)   7.875 us    |      synchronize_rcu_expedited();
 0)   8.305 us    |    }
 0)   8.777 us    |  }
 0)               |  vxlan_sock_release [vxlan]() {
 0)               |    synchronize_net() {
 0)   7.845 us    |      synchronize_rcu_expedited();
 0)   8.276 us    |    }
 0)   8.746 us    |  }
 0)               |  vxlan_sock_release [vxlan]() {
 0)               |    synchronize_net() {
 0)   7.834 us    |      synchronize_rcu_expedited();
 0)   8.266 us    |    }
 0)   8.736 us    |  }
 0)               |  vxlan_sock_release [vxlan]() {
 0)               |    synchronize_net() {
 0)   7.874 us    |      synchronize_rcu_expedited();
 0)   8.296 us    |    }
 0)   8.766 us    |  }
 0)               |  vxlan_sock_release [vxlan]() {
 0)               |    synchronize_net() {
 0)   7.845 us    |      synchronize_rcu_expedited();
 0)   8.346 us    |    }
 0)   8.817 us    |  }
 0)               |  vxlan_sock_release [vxlan]() {
 0)               |    synchronize_net() {
 0)   7.825 us    |      synchronize_rcu_expedited();
 0)   8.295 us    |    }
 0)   8.757 us    |  }
 0)               |  vxlan_sock_release [vxlan]() {
 0)               |    synchronize_net() {
 0)   7.805 us    |      synchronize_rcu_expedited();
 0)   8.235 us    |    }
 0)   8.707 us    |  }
 0)               |  vxlan_sock_release [vxlan]() {
 0)               |    synchronize_net() {
 0)   8.236 us    |      synchronize_rcu_expedited();
 0)   8.666 us    |    }
 0)   9.477 us    |  }
 0)               |  vxlan_sock_release [vxlan]() {
 0)               |    synchronize_net() {
 0)   7.935 us    |      synchronize_rcu_expedited();
 0)   8.356 us    |    }
 0)   8.837 us    |  }
 0)               |  vxlan_sock_release [vxlan]() {
 0)               |    synchronize_net() {
 0)   7.875 us    |      synchronize_rcu_expedited();
 0)   8.306 us    |    }
 0)   8.897 us    |  }
 0)               |  vxlan_sock_release [vxlan]() {
 0)               |    synchronize_net() {
 0)   7.894 us    |      synchronize_rcu_expedited();
 0)   8.326 us    |    }
 0)   8.796 us    |  }
 0)               |  vxlan_sock_release [vxlan]() {
 0)               |    synchronize_net() {
 0)   7.925 us    |      synchronize_rcu_expedited();
 0)   8.356 us    |    }
 0)   8.806 us    |  }
 0)               |  vxlan_sock_release [vxlan]() {
 0)               |    synchronize_net() {
 0)   7.844 us    |      synchronize_rcu_expedited();
 0)   8.296 us    |    }
 0)   8.766 us    |  }
 0)               |  vxlan_sock_release [vxlan]() {
 0)               |    synchronize_net() {
 0)   7.885 us    |      synchronize_rcu_expedited();
 0)   8.306 us    |    }
 0)   8.826 us    |  }
 0)               |  vxlan_sock_release [vxlan]() {
 0)               |    synchronize_net() {
 0)   7.845 us    |      synchronize_rcu_expedited();
 0)   8.276 us    |    }
 0)   8.887 us    |  }
 0)               |  vxlan_sock_release [vxlan]() {
 0)               |    synchronize_net() {
 0)   7.885 us    |      synchronize_rcu_expedited();
 0)   8.326 us    |    }
 0)   8.786 us    |  }
 0)               |  vxlan_sock_release [vxlan]() {
 0)               |    synchronize_net() {
 0)   8.226 us    |      synchronize_rcu_expedited();
 0)   8.656 us    |    }
 0)   9.127 us    |  }
 0)               |  vxlan_sock_release [vxlan]() {
 0)               |    synchronize_net() {
 0)   7.845 us    |      synchronize_rcu_expedited();
 0)   8.265 us    |    }
 0)   8.736 us    |  }
 0)               |  vxlan_sock_release [vxlan]() {
 0)               |    synchronize_net() {
 0)   7.815 us    |      synchronize_rcu_expedited();
 0)   8.255 us    |    }
 0)   8.727 us    |  }
 0)               |  vxlan_sock_release [vxlan]() {
 0)               |    synchronize_net() {
 0)   7.945 us    |      synchronize_rcu_expedited();
 0)   8.375 us    |    }
 0)   8.907 us    |  }
 0)               |  vxlan_sock_release [vxlan]() {
 0)               |    synchronize_net() {
 0)   7.814 us    |      synchronize_rcu_expedited();
 0)   8.246 us    |    }
 0)   8.706 us    |  }
 0)               |  vxlan_sock_release [vxlan]() {
 0)               |    synchronize_net() {
 0)   7.834 us    |      synchronize_rcu_expedited();
 0)   8.256 us    |    }
 0)   8.726 us    |  }
 0)               |  vxlan_sock_release [vxlan]() {
 0)               |    synchronize_net() {
 0)   7.865 us    |      synchronize_rcu_expedited();
 0)   8.296 us    |    }
 0)   8.756 us    |  }
 0)               |  vxlan_sock_release [vxlan]() {
 0)               |    synchronize_net() {
 0)   7.835 us    |      synchronize_rcu_expedited();
 0)   8.265 us    |    }
 0)   9.087 us    |  }
 0)               |  vxlan_sock_release [vxlan]() {
 0)               |    synchronize_net() {
 0)   7.795 us    |      synchronize_rcu_expedited();
 0)   8.225 us    |    }
 0)   8.707 us    |  }
 0)               |  vxlan_sock_release [vxlan]() {
 0)               |    synchronize_net() {
 0)   8.336 us    |      synchronize_rcu_expedited();
 0)   8.756 us    |    }
 0)   9.238 us    |  }
 0)               |  vxlan_sock_release [vxlan]() {
 0)               |    synchronize_net() {
 0)   7.935 us    |      synchronize_rcu_expedited();
 0)   8.376 us    |    }
 0)   8.857 us    |  }
 0)               |  vxlan_sock_release [vxlan]() {
 0)               |    synchronize_net() {
 0) + 21.851 us   |      synchronize_rcu_expedited();
 0) + 22.281 us   |    }
 0) + 23.374 us   |  }
 0)               |  vxlan_sock_release [vxlan]() {
 0)               |    synchronize_net() {
 0)   8.416 us    |      synchronize_rcu_expedited();
 0)   8.847 us    |    }
 0)   9.378 us    |  }
 0)               |  vxlan_sock_release [vxlan]() {
 0)               |    synchronize_net() {
 0)   8.275 us    |      synchronize_rcu_expedited();
 0)   8.737 us    |    }
 0)   9.207 us    |  }
 0)               |  vxlan_sock_release [vxlan]() {
 0)               |    synchronize_net() {
 0)   8.365 us    |      synchronize_rcu_expedited();
 0)   8.797 us    |    }
 0)   9.267 us    |  }
 0)               |  vxlan_sock_release [vxlan]() {
 0)               |    synchronize_net() {
 0)   8.236 us    |      synchronize_rcu_expedited();
 0)   8.666 us    |    }
 0)   9.147 us    |  }
 0)               |  vxlan_sock_release [vxlan]() {
 0)               |    synchronize_net() {
 0)   8.226 us    |      synchronize_rcu_expedited();
 0)   8.656 us    |    }
 0)   9.117 us    |  }
 0)               |  vxlan_sock_release [vxlan]() {
 0)               |    synchronize_net() {
 0)   8.165 us    |      synchronize_rcu_expedited();
 0)   8.607 us    |    }
 0)   9.067 us    |  }
 0)               |  vxlan_sock_release [vxlan]() {
 0)               |    synchronize_net() {
 0)   8.245 us    |      synchronize_rcu_expedited();
 0)   8.757 us    |    }
 0)   9.217 us    |  }
 0)               |  vxlan_sock_release [vxlan]() {
 0)               |    synchronize_net() {
 0)   8.316 us    |      synchronize_rcu_expedited();
 0)   8.776 us    |    }
 0)   9.308 us    |  }
 0)               |  vxlan_sock_release [vxlan]() {
 0)               |    synchronize_net() {
 0)   7.875 us    |      synchronize_rcu_expedited();
 0)   8.306 us    |    }
 0)   8.787 us    |  }
 0)               |  vxlan_sock_release [vxlan]() {
 0)               |    synchronize_net() {
 0)   7.914 us    |      synchronize_rcu_expedited();
 0)   8.336 us    |    }
 0)   8.876 us    |  }
 0)               |  vxlan_sock_release [vxlan]() {
 0)               |    synchronize_net() {
 0)   7.845 us    |      synchronize_rcu_expedited();
 0)   8.275 us    |    }
 0)   8.746 us    |  }
 0)               |  vxlan_sock_release [vxlan]() {
 0)               |    synchronize_net() {
 0)   7.935 us    |      synchronize_rcu_expedited();
 0)   8.366 us    |    }
 0)   9.097 us    |  }
 0)               |  vxlan_sock_release [vxlan]() {
 0)               |    synchronize_net() {
 0)   7.885 us    |      synchronize_rcu_expedited();
 0)   8.315 us    |    }
 0)   8.787 us    |  }
 0)               |  vxlan_sock_release [vxlan]() {
 0)               |    synchronize_net() {
 0)   7.805 us    |      synchronize_rcu_expedited();
 0)   8.235 us    |    }
 0)   8.707 us    |  }
 0)               |  vxlan_sock_release [vxlan]() {
 0)               |    synchronize_net() {
 0)   7.904 us    |      synchronize_rcu_expedited();
 0)   8.346 us    |    }
 0)   8.806 us    |  }
 0)               |  vxlan_sock_release [vxlan]() {
 0)               |    synchronize_net() {
 0)   7.835 us    |      synchronize_rcu_expedited();
 0)   8.275 us    |    }
 0)   8.737 us    |  }
 0)               |  vxlan_sock_release [vxlan]() {
 0)               |    synchronize_net() {
 0)   8.226 us    |      synchronize_rcu_expedited();
 0)   8.656 us    |    }
 0)   9.127 us    |  }
 0)               |  vxlan_sock_release [vxlan]() {
 0)               |    synchronize_net() {
 0)   7.905 us    |      synchronize_rcu_expedited();
 0)   8.345 us    |    }
 0)   8.827 us    |  }
 0)               |  vxlan_sock_release [vxlan]() {
 0)               |    synchronize_net() {
 0)   7.905 us    |      synchronize_rcu_expedited();
 0)   8.336 us    |    }
 0)   8.806 us    |  }
 0)               |  vxlan_sock_release [vxlan]() {
 0)               |    synchronize_net() {
 0)   7.844 us    |      synchronize_rcu_expedited();
 0)   8.276 us    |    }
 0)   8.746 us    |  }
 0)               |  vxlan_sock_release [vxlan]() {
 0)               |    synchronize_net() {
 0)   7.855 us    |      synchronize_rcu_expedited();
 0)   8.286 us    |    }
 0)   8.766 us    |  }
 0)               |  vxlan_sock_release [vxlan]() {
 0)               |    synchronize_net() {
 0)   7.825 us    |      synchronize_rcu_expedited();
 0)   8.255 us    |    }
 0)   8.727 us    |  }
 0)               |  vxlan_sock_release [vxlan]() {
 0)               |    synchronize_net() {
 0)   7.845 us    |      synchronize_rcu_expedited();
 0)   8.275 us    |    }
 0)   8.737 us    |  }
 0)               |  vxlan_sock_release [vxlan]() {
 0)               |    synchronize_net() {
 0) + 16.070 us   |      synchronize_rcu_expedited();
 0) + 16.541 us   |    }
 0) + 17.102 us   |  }
 0)               |  vxlan_sock_release [vxlan]() {
 0)               |    synchronize_net() {
 0)   9.919 us    |      synchronize_rcu_expedited();
 0) + 10.399 us   |    }
 0) + 10.871 us   |  }
 0)               |  vxlan_sock_release [vxlan]() {
 0)               |    synchronize_net() {
 0)   8.266 us    |      synchronize_rcu_expedited();
 0)   8.706 us    |    }
 0)   9.167 us    |  }
 0)               |  vxlan_sock_release [vxlan]() {
 0)               |    synchronize_net() {
 0)   8.206 us    |      synchronize_rcu_expedited();
 0)   8.646 us    |    }
 0)   9.107 us    |  }
 0)               |  vxlan_sock_release [vxlan]() {
 0)               |    synchronize_net() {
 0)   8.266 us    |      synchronize_rcu_expedited();
 0)   8.696 us    |    }
 0)   9.638 us    |  }
 0)               |  vxlan_sock_release [vxlan]() {
 0)               |    synchronize_net() {
 0)   8.246 us    |      synchronize_rcu_expedited();
 0)   8.676 us    |    }
 0)   9.148 us    |  }
 0)               |  vxlan_sock_release [vxlan]() {
 0)               |    synchronize_net() {
 0)   8.276 us    |      synchronize_rcu_expedited();
 0)   8.706 us    |    }
 0)   9.178 us    |  }
 0)               |  vxlan_sock_release [vxlan]() {
 0)               |    synchronize_net() {
 0)   8.286 us    |      synchronize_rcu_expedited();
 0)   8.726 us    |    }
 0)   9.188 us    |  }
 0)               |  vxlan_sock_release [vxlan]() {
 0)               |    synchronize_net() {
 0)   8.365 us    |      synchronize_rcu_expedited();
 0)   8.787 us    |    }
 0)   9.257 us    |  }
 0)               |  vxlan_sock_release [vxlan]() {
 0)               |    synchronize_net() {
 0)   7.975 us    |      synchronize_rcu_expedited();
 0)   8.406 us    |    }
 0)   8.866 us    |  }
 0)               |  vxlan_sock_release [vxlan]() {
 0)               |    synchronize_net() {
 0)   7.835 us    |      synchronize_rcu_expedited();
 0)   8.336 us    |    }
 0)   8.867 us    |  }
 0)               |  vxlan_sock_release [vxlan]() {
 0)               |    synchronize_net() {
 0)   7.905 us    |      synchronize_rcu_expedited();
 0)   8.346 us    |    }
 0)   8.807 us    |  }
 0)               |  vxlan_sock_release [vxlan]() {
 0)               |    synchronize_net() {
 0)   7.885 us    |      synchronize_rcu_expedited();
 0)   8.315 us    |    }
 0)   8.777 us    |  }
 0)               |  vxlan_sock_release [vxlan]() {
 0)               |    synchronize_net() {
 0)   7.865 us    |      synchronize_rcu_expedited();
 0)   8.296 us    |    }
 0)   8.756 us    |  }
 0)               |  vxlan_sock_release [vxlan]() {
 0)               |    synchronize_net() {
 0)   7.864 us    |      synchronize_rcu_expedited();
 0)   8.296 us    |    }
 0)   8.776 us    |  }
 0)               |  vxlan_sock_release [vxlan]() {
 0)               |    synchronize_net() {
 0)   7.935 us    |      synchronize_rcu_expedited();
 0)   8.355 us    |    }
 0)   8.827 us    |  }
 0)               |  vxlan_sock_release [vxlan]() {
 0)               |    synchronize_net() {
 0)   7.805 us    |      synchronize_rcu_expedited();
 0)   8.235 us    |    }
 0)   8.696 us    |  }
 0)               |  vxlan_sock_release [vxlan]() {
 0)               |    synchronize_net() {
 0)   8.326 us    |      synchronize_rcu_expedited();
 0)   8.757 us    |    }
 0)   9.207 us    |  }
 0)               |  vxlan_sock_release [vxlan]() {
 0)               |    synchronize_net() {
 0)   7.904 us    |      synchronize_rcu_expedited();
 0)   8.326 us    |    }
 0)   8.796 us    |  }
 0)               |  vxlan_sock_release [vxlan]() {
 0)               |    synchronize_net() {
 0)   7.845 us    |      synchronize_rcu_expedited();
 0)   8.276 us    |    }
 0)   8.736 us    |  }
 0)               |  vxlan_sock_release [vxlan]() {
 0)               |    synchronize_net() {
 0)   8.015 us    |      synchronize_rcu_expedited();
 0)   8.486 us    |    }
 0)   9.287 us    |  }
 0)               |  vxlan_sock_release [vxlan]() {
 0)               |    synchronize_net() {
 0)   7.724 us    |      synchronize_rcu_expedited();
 0)   8.156 us    |    }
 0)   8.586 us    |  }
 0)               |  vxlan_sock_release [vxlan]() {
 0)               |    synchronize_net() {
 0)   7.794 us    |      synchronize_rcu_expedited();
 0)   8.226 us    |    }
 0)   8.816 us    |  }
 0)               |  vxlan_sock_release [vxlan]() {
 0)               |    synchronize_net() {
 0)   7.835 us    |      synchronize_rcu_expedited();
 0)   8.256 us    |    }
 0)   8.716 us    |  }
 0)               |  vxlan_sock_release [vxlan]() {
 0)               |    synchronize_net() {
 0) + 10.790 us   |      synchronize_rcu_expedited();
 0) + 11.211 us   |    }
 0) + 12.213 us   |  }
 0)               |  vxlan_sock_release [vxlan]() {
 0)               |    synchronize_net() {
 0)   7.734 us    |      synchronize_rcu_expedited();
 0)   8.156 us    |    }
 0)   8.606 us    |  }
 0)               |  vxlan_sock_release [vxlan]() {
 0)               |    synchronize_net() {
 0)   8.265 us    |      synchronize_rcu_expedited();
 0)   8.687 us    |    }
 0)   9.157 us    |  }
 0)               |  vxlan_sock_release [vxlan]() {
 0)               |    synchronize_net() {
 0)   7.794 us    |      synchronize_rcu_expedited();
 0)   8.216 us    |    }
 0)   8.686 us    |  }
 0)               |  vxlan_sock_release [vxlan]() {
 0)               |    synchronize_net() {
 0)   7.824 us    |      synchronize_rcu_expedited();
 0)   8.266 us    |    }
 0)   8.716 us    |  }
 0)               |  vxlan_sock_release [vxlan]() {
 0)               |    synchronize_net() {
 0)   7.914 us    |      synchronize_rcu_expedited();
 0)   8.336 us    |    }
 0)   8.866 us    |  }
 0)               |  vxlan_sock_release [vxlan]() {
 0)               |    synchronize_net() {
 0)   7.915 us    |      synchronize_rcu_expedited();
 0)   8.395 us    |    }
 0)   8.847 us    |  }
 0)               |  vxlan_sock_release [vxlan]() {
 0)               |    synchronize_net() {
 0)   7.825 us    |      synchronize_rcu_expedited();
 0)   8.245 us    |    }
 0)   8.716 us    |  }
 0)               |  vxlan_sock_release [vxlan]() {
 0)               |    synchronize_net() {
 0)   7.844 us    |      synchronize_rcu_expedited();
 0)   8.276 us    |    }
 0)   8.816 us    |  }
 0)               |  vxlan_sock_release [vxlan]() {
 0)               |    synchronize_net() {
 0)   7.995 us    |      synchronize_rcu_expedited();
 0)   8.496 us    |    }
 0)   8.957 us    |  }
 0)               |  vxlan_sock_release [vxlan]() {
 0)               |    synchronize_net() {
 0)   7.905 us    |      synchronize_rcu_expedited();
 0)   8.426 us    |    }
 0)   8.876 us    |  }
 0)               |  vxlan_sock_release [vxlan]() {
 0)               |    synchronize_net() {
 0)   7.834 us    |      synchronize_rcu_expedited();
 0)   8.256 us    |    }
 0)   8.726 us    |  }
 0)               |  vxlan_sock_release [vxlan]() {
 0)               |    synchronize_net() {
 0)   8.235 us    |      synchronize_rcu_expedited();
 0)   8.657 us    |    }
 0)   9.578 us    |  }
 0)               |  vxlan_sock_release [vxlan]() {
 0)               |    synchronize_net() {
 0)   7.935 us    |      synchronize_rcu_expedited();
 0)   8.356 us    |    }
 0)   8.826 us    |  }
 0)               |  vxlan_sock_release [vxlan]() {
 0)               |    synchronize_net() {
 0)   8.226 us    |      synchronize_rcu_expedited();
 0)   8.656 us    |    }
 0)   9.147 us    |  }
 0)               |  vxlan_sock_release [vxlan]() {
 0)               |    synchronize_net() {
 0) + 12.223 us   |      synchronize_rcu_expedited();
 0) + 12.724 us   |    }
 0) + 13.906 us   |  }
 0)               |  vxlan_sock_release [vxlan]() {
 0)               |    synchronize_net() {
 0)   8.316 us    |      synchronize_rcu_expedited();
 0)   8.746 us    |    }
 0)   9.228 us    |  }
 0)               |  vxlan_sock_release [vxlan]() {
 0)               |    synchronize_net() {
 0)   8.196 us    |      synchronize_rcu_expedited();
 0)   8.616 us    |    }
 0)   9.097 us    |  }
 0)               |  vxlan_sock_release [vxlan]() {
 0)               |    synchronize_net() {
 0)   7.845 us    |      synchronize_rcu_expedited();
 0)   8.265 us    |    }
 0)   8.726 us    |  }
 0)               |  vxlan_sock_release [vxlan]() {
 0)               |    synchronize_net() {
 0)   7.704 us    |      synchronize_rcu_expedited();
 0)   8.165 us    |    }
 0)   8.626 us    |  }
 0)               |  vxlan_sock_release [vxlan]() {
 0)               |    synchronize_net() {
 0)   7.854 us    |      synchronize_rcu_expedited();
 0)   8.276 us    |    }
 0)   8.736 us    |  }
 0)               |  vxlan_sock_release [vxlan]() {
 0)               |    synchronize_net() {
 0)   8.245 us    |      synchronize_rcu_expedited();
 0)   8.676 us    |    }
 0)   9.197 us    |  }
 0)               |  vxlan_sock_release [vxlan]() {
 0)               |    synchronize_net() {
 0)   7.865 us    |      synchronize_rcu_expedited();
 0)   8.295 us    |    }
 0)   8.757 us    |  }
 0)               |  vxlan_sock_release [vxlan]() {
 0)               |    synchronize_net() {
 0)   7.785 us    |      synchronize_rcu_expedited();
 0)   8.215 us    |    }
 0)   8.687 us    |  }
 0)               |  vxlan_sock_release [vxlan]() {
 0)               |    synchronize_net() {
 0) + 18.836 us   |      synchronize_rcu_expedited();
 0) + 19.296 us   |    }
 0) + 19.757 us   |  }
 0)               |  vxlan_sock_release [vxlan]() {
 0)               |    synchronize_net() {
 0)   8.356 us    |      synchronize_rcu_expedited();
 0)   8.776 us    |    }
 0)   9.248 us    |  }
 0)               |  vxlan_sock_release [vxlan]() {
 0)               |    synchronize_net() {
 0)   8.306 us    |      synchronize_rcu_expedited();
 0)   8.726 us    |    }
 0)   9.197 us    |  }
 0)               |  vxlan_sock_release [vxlan]() {
 0)               |    synchronize_net() {
 0)   8.125 us    |      synchronize_rcu_expedited();
 0)   8.557 us    |    }
 0)   9.027 us    |  }
 0)               |  vxlan_sock_release [vxlan]() {
 0)               |    synchronize_net() {
 0)   8.156 us    |      synchronize_rcu_expedited();
 0)   8.576 us    |    }
 0)   9.467 us    |  }
 0)               |  vxlan_sock_release [vxlan]() {
 0)               |    synchronize_net() {
 0)   8.195 us    |      synchronize_rcu_expedited();
 0)   8.626 us    |    }
 0)   9.087 us    |  }
 0)               |  vxlan_sock_release [vxlan]() {
 0)               |    synchronize_net() {
 0)   8.195 us    |      synchronize_rcu_expedited();
 0)   8.617 us    |    }
 0)   9.087 us    |  }
 0)               |  vxlan_sock_release [vxlan]() {
 0)               |    synchronize_net() {
 0)   8.255 us    |      synchronize_rcu_expedited();
 0)   8.677 us    |    }
 0)   9.147 us    |  }
 0)               |  vxlan_sock_release [vxlan]() {
 0)               |    synchronize_net() {
 0)   8.386 us    |      synchronize_rcu_expedited();
 0)   8.817 us    |    }
 0)   9.277 us    |  }
 0)               |  vxlan_sock_release [vxlan]() {
 0)               |    synchronize_net() {
 0)   8.035 us    |      synchronize_rcu_expedited();
 0)   8.466 us    |    }
 0)   9.007 us    |  }
 0)               |  vxlan_sock_release [vxlan]() {
 0)               |    synchronize_net() {
 0)   7.845 us    |      synchronize_rcu_expedited();
 0)   8.275 us    |    }
 0)   8.727 us    |  }
 0)               |  vxlan_sock_release [vxlan]() {
 0)               |    synchronize_net() {
 0)   7.755 us    |      synchronize_rcu_expedited();
 0)   8.185 us    |    }
 0)   8.726 us    |  }
 0)               |  vxlan_sock_release [vxlan]() {
 0)               |    synchronize_net() {
 0)   7.845 us    |      synchronize_rcu_expedited();
 0)   8.276 us    |    }
 0)   8.876 us    |  }
 0)               |  vxlan_sock_release [vxlan]() {
 0)               |    synchronize_net() {
 0)   7.945 us    |      synchronize_rcu_expedited();
 0)   8.385 us    |    }
 0)   8.847 us    |  }
 0)               |  vxlan_sock_release [vxlan]() {
 0)               |    synchronize_net() {
 0)   7.805 us    |      synchronize_rcu_expedited();
 0)   8.225 us    |    }
 0)   8.697 us    |  }
 0)               |  vxlan_sock_release [vxlan]() {
 0)               |    synchronize_net() {
 0)   7.915 us    |      synchronize_rcu_expedited();
 0)   8.346 us    |    }
 0)   8.906 us    |  }
 0)               |  vxlan_sock_release [vxlan]() {
 0)               |    synchronize_net() {
 0)   7.795 us    |      synchronize_rcu_expedited();
 0)   8.215 us    |    }
 0)   8.736 us    |  }
 0)               |  vxlan_sock_release [vxlan]() {
 0)               |    synchronize_net() {
 0)   7.715 us    |      synchronize_rcu_expedited();
 0)   8.175 us    |    }
 0)   8.646 us    |  }
 0)               |  vxlan_sock_release [vxlan]() {
 0)               |    synchronize_net() {
 0)   7.825 us    |      synchronize_rcu_expedited();
 0)   8.245 us    |    }
 0)   8.717 us    |  }
 0)               |  vxlan_sock_release [vxlan]() {
 0)               |    synchronize_net() {
 0)   7.835 us    |      synchronize_rcu_expedited();
 0)   8.265 us    |    }
 0)   8.737 us    |  }
 0)               |  vxlan_sock_release [vxlan]() {
 0)               |    synchronize_net() {
 0)   7.915 us    |      synchronize_rcu_expedited();
 0)   8.345 us    |    }
 0)   9.198 us    |  }
 0)               |  vxlan_sock_release [vxlan]() {
 0)               |    synchronize_net() {
 0)   7.895 us    |      synchronize_rcu_expedited();
 0)   8.316 us    |    }
 0)   8.787 us    |  }
 0)               |  vxlan_sock_release [vxlan]() {
 0)               |    synchronize_net() {
 0)   7.834 us    |      synchronize_rcu_expedited();
 0)   8.256 us    |    }
 0)   8.746 us    |  }
 0)               |  vxlan_sock_release [vxlan]() {
 0)               |    synchronize_net() {
 0)   8.175 us    |      synchronize_rcu_expedited();
 0)   8.596 us    |    }
 0)   9.057 us    |  }
 0)               |  vxlan_sock_release [vxlan]() {
 0)               |    synchronize_net() {
 0)   9.668 us    |      synchronize_rcu_expedited();
 0) + 10.189 us   |    }
 0) + 10.730 us   |  }
 0)               |  vxlan_sock_release [vxlan]() {
 0)               |    synchronize_net() {
 0) + 16.360 us   |      synchronize_rcu_expedited();
 0) + 16.862 us   |    }
 0) + 17.462 us   |  }
 0)               |  vxlan_sock_release [vxlan]() {
 0)               |    synchronize_net() {
 0)   8.345 us    |      synchronize_rcu_expedited();
 0)   8.777 us    |    }
 0)   9.237 us    |  }
 0)               |  vxlan_sock_release [vxlan]() {
 0)               |    synchronize_net() {
 0)   8.185 us    |      synchronize_rcu_expedited();
 0)   8.607 us    |    }
 0)   9.087 us    |  }
 0)               |  vxlan_sock_release [vxlan]() {
 0)               |    synchronize_net() {
 0)   8.245 us    |      synchronize_rcu_expedited();
 0)   8.686 us    |    }
 0)   9.147 us    |  }
 0)               |  vxlan_sock_release [vxlan]() {
 0)               |    synchronize_net() {
 0)   8.236 us    |      synchronize_rcu_expedited();
 0)   8.656 us    |    }
 0)   9.118 us    |  }
 0)               |  vxlan_sock_release [vxlan]() {
 0)               |    synchronize_net() {
 0)   8.206 us    |      synchronize_rcu_expedited();
 0)   8.636 us    |    }
 0)   9.097 us    |  }
 0)               |  vxlan_sock_release [vxlan]() {
 0)               |    synchronize_net() {
 0)   8.165 us    |      synchronize_rcu_expedited();
 0)   8.586 us    |    }
 0)   9.117 us    |  }
 0)               |  vxlan_sock_release [vxlan]() {
 0)               |    synchronize_net() {
 0)   8.266 us    |      synchronize_rcu_expedited();
 0)   8.696 us    |    }
 0)   9.167 us    |  }
 0)               |  vxlan_sock_release [vxlan]() {
 0)               |    synchronize_net() {
 0)   8.255 us    |      synchronize_rcu_expedited();
 0)   8.676 us    |    }
 0)   9.147 us    |  }
 0)               |  vxlan_sock_release [vxlan]() {
 0)               |    synchronize_net() {
 0)   7.915 us    |      synchronize_rcu_expedited();
 0)   8.346 us    |    }
 0)   8.806 us    |  }
 0)               |  vxlan_sock_release [vxlan]() {
 0)               |    synchronize_net() {
 0)   7.904 us    |      synchronize_rcu_expedited();
 0)   8.316 us    |    }
 0)   8.786 us    |  }
 0)               |  vxlan_sock_release [vxlan]() {
 0)               |    synchronize_net() {
 0)   7.905 us    |      synchronize_rcu_expedited();
 0)   8.326 us    |    }
 0)   9.137 us    |  }
 0)               |  vxlan_sock_release [vxlan]() {
 0)               |    synchronize_net() {
 0)   8.005 us    |      synchronize_rcu_expedited();
 0)   8.436 us    |    }
 0)   8.967 us    |  }
 0)               |  vxlan_sock_release [vxlan]() {
 0)               |    synchronize_net() {
 0)   7.975 us    |      synchronize_rcu_expedited();
 0)   8.406 us    |    }
 0)   8.857 us    |  }
 0)               |  vxlan_sock_release [vxlan]() {
 0)               |    synchronize_net() {
 0)   7.814 us    |      synchronize_rcu_expedited();
 0)   8.236 us    |    }
 0)   8.766 us    |  }
 0)               |  vxlan_sock_release [vxlan]() {
 0)               |    synchronize_net() {
 0)   7.905 us    |      synchronize_rcu_expedited();
 0)   8.336 us    |    }
 0)   8.857 us    |  }
 0)               |  vxlan_sock_release [vxlan]() {
 0)               |    synchronize_net() {
 0)   7.955 us    |      synchronize_rcu_expedited();
 0)   8.385 us    |    }
 0)   8.847 us    |  }
 0)               |  vxlan_sock_release [vxlan]() {
 0)               |    synchronize_net() {
 0)   8.326 us    |      synchronize_rcu_expedited();
 0)   8.756 us    |    }
 0)   9.207 us    |  }
 0)               |  vxlan_sock_release [vxlan]() {
 0)               |    synchronize_net() {
 0)   7.834 us    |      synchronize_rcu_expedited();
 0)   8.276 us    |    }
 0)   8.796 us    |  }
 0)               |  vxlan_sock_release [vxlan]() {
 0)               |    synchronize_net() {
 0)   7.925 us    |      synchronize_rcu_expedited();
 0)   8.356 us    |    }
 0)   8.836 us    |  }
 0)               |  vxlan_sock_release [vxlan]() {
 0)               |    synchronize_net() {
 0)   7.965 us    |      synchronize_rcu_expedited();
 0)   8.386 us    |    }
 0)   8.847 us    |  }
 0)               |  vxlan_sock_release [vxlan]() {
 0)               |    synchronize_net() {
 0)   7.895 us    |      synchronize_rcu_expedited();
 0)   8.325 us    |    }
 0)   8.787 us    |  }
 0)               |  vxlan_sock_release [vxlan]() {
 0)               |    synchronize_net() {
 0)   7.825 us    |      synchronize_rcu_expedited();
 0)   8.246 us    |    }
 0)   8.716 us    |  }
 0)               |  vxlan_sock_release [vxlan]() {
 0)               |    synchronize_net() {
 0)   7.854 us    |      synchronize_rcu_expedited();
 0)   8.286 us    |    }
 0)   8.736 us    |  }
 0)               |  vxlan_sock_release [vxlan]() {
 0)               |    synchronize_net() {
 0)   7.874 us    |      synchronize_rcu_expedited();
 0)   8.296 us    |    }
 0)   8.756 us    |  }
 0)               |  vxlan_sock_release [vxlan]() {
 0)               |    synchronize_net() {
 0)   7.845 us    |      synchronize_rcu_expedited();
 0)   8.276 us    |    }
 0)   8.796 us    |  }
 0)               |  vxlan_sock_release [vxlan]() {
 0)               |    synchronize_net() {
 0)   7.875 us    |      synchronize_rcu_expedited();
 0)   8.295 us    |    }
 0)   8.757 us    |  }
 0)               |  vxlan_sock_release [vxlan]() {
 0)               |    synchronize_net() {
 0)   8.285 us    |      synchronize_rcu_expedited();
 0)   8.727 us    |    }
 0)   9.438 us    |  }
 0)               |  vxlan_sock_release [vxlan]() {
 0)               |    synchronize_net() {
 0)   7.885 us    |      synchronize_rcu_expedited();
 0)   8.306 us    |    }
 0)   8.776 us    |  }
 0)               |  vxlan_sock_release [vxlan]() {
 0)               |    synchronize_net() {
 0)   7.935 us    |      synchronize_rcu_expedited();
 0)   8.366 us    |    }
 0)   8.827 us    |  }
 0)               |  vxlan_sock_release [vxlan]() {
 0)               |    synchronize_net() {
 0)   7.905 us    |      synchronize_rcu_expedited();
 0)   8.335 us    |    }
 0)   8.857 us    |  }
 0)               |  vxlan_sock_release [vxlan]() {
 0)               |    synchronize_net() {
 0)   7.854 us    |      synchronize_rcu_expedited();
 0)   8.286 us    |    }
 0)   8.756 us    |  }
 0)               |  vxlan_sock_release [vxlan]() {
 0)               |    synchronize_net() {
 0)   7.825 us    |      synchronize_rcu_expedited();
 0)   8.246 us    |    }
 0)   8.766 us    |  }
 0)               |  vxlan_sock_release [vxlan]() {
 0)               |    synchronize_net() {
 0)   7.795 us    |      synchronize_rcu_expedited();
 0)   8.215 us    |    }
 0)   8.697 us    |  }
 0)               |  vxlan_sock_release [vxlan]() {
 0)               |    synchronize_net() {
 0)   7.895 us    |      synchronize_rcu_expedited();
 0)   8.335 us    |    }
 0)   8.857 us    |  }
 0)               |  vxlan_sock_release [vxlan]() {
 0)               |    synchronize_net() {
 0)   7.945 us    |      synchronize_rcu_expedited();
 0)   8.386 us    |    }
 0)   8.836 us    |  }
 0)               |  vxlan_sock_release [vxlan]() {
 0)               |    synchronize_net() {
 0)   8.436 us    |      synchronize_rcu_expedited();
 0)   8.847 us    |    }
 0)   9.317 us    |  }
 0)               |  vxlan_sock_release [vxlan]() {
 0)               |    synchronize_net() {
 0)   7.935 us    |      synchronize_rcu_expedited();
 0)   8.395 us    |    }
 0)   8.867 us    |  }
 0)               |  vxlan_sock_release [vxlan]() {
 0)               |    synchronize_net() {
 0)   7.925 us    |      synchronize_rcu_expedited();
 0)   8.346 us    |    }
 0)   8.816 us    |  }
 0)               |  vxlan_sock_release [vxlan]() {
 0)               |    synchronize_net() {
 0)   7.895 us    |      synchronize_rcu_expedited();
 0)   8.325 us    |    }
 0)   8.857 us    |  }
 0)               |  vxlan_sock_release [vxlan]() {
 0)               |    synchronize_net() {
 0)   7.865 us    |      synchronize_rcu_expedited();
 0)   8.295 us    |    }
 0)   8.757 us    |  }
 0)               |  vxlan_sock_release [vxlan]() {
 0)               |    synchronize_net() {
 0)   7.894 us    |      synchronize_rcu_expedited();
 0)   8.326 us    |    }
 0)   8.776 us    |  }
 0)               |  vxlan_sock_release [vxlan]() {
 0)               |    synchronize_net() {
 0)   7.854 us    |      synchronize_rcu_expedited();
 0)   8.286 us    |    }
 0)   8.756 us    |  }
 0)               |  vxlan_sock_release [vxlan]() {
 0)               |    synchronize_net() {
 0)   7.835 us    |      synchronize_rcu_expedited();
 0)   8.266 us    |    }
 0)   8.917 us    |  }
 0)               |  vxlan_sock_release [vxlan]() {
 0)               |    synchronize_net() {
 0)   7.845 us    |      synchronize_rcu_expedited();
 0)   8.285 us    |    }
 0)   8.747 us    |  }
 0)               |  vxlan_sock_release [vxlan]() {
 0)               |    synchronize_net() {
 0)   8.226 us    |      synchronize_rcu_expedited();
 0)   8.666 us    |    }
 0)   9.168 us    |  }
 0)               |  vxlan_sock_release [vxlan]() {
 0)               |    synchronize_net() {
 0)   7.855 us    |      synchronize_rcu_expedited();
 0)   8.285 us    |    }
 0)   8.747 us    |  }
 0)               |  vxlan_sock_release [vxlan]() {
 0)               |    synchronize_net() {
 0)   7.905 us    |      synchronize_rcu_expedited();
 0)   8.336 us    |    }
 0)   8.796 us    |  }
 0)               |  vxlan_sock_release [vxlan]() {
 0)               |    synchronize_net() {
 0) + 16.611 us   |      synchronize_rcu_expedited();
 0) + 17.042 us   |    }
 0) + 17.513 us   |  }
 0)               |  vxlan_sock_release [vxlan]() {
 0)               |    synchronize_net() {
 0)   8.336 us    |      synchronize_rcu_expedited();
 0)   8.766 us    |    }
 0)   9.228 us    |  }
 0)               |  vxlan_sock_release [vxlan]() {
 0)               |    synchronize_net() {
 0)   8.275 us    |      synchronize_rcu_expedited();
 0)   8.696 us    |    }
 0)   9.167 us    |  }
 0)               |  vxlan_sock_release [vxlan]() {
 0)               |    synchronize_net() {
 0)   8.236 us    |      synchronize_rcu_expedited();
 0)   8.666 us    |    }
 0)   9.137 us    |  }
 0)               |  vxlan_sock_release [vxlan]() {
 0)               |    synchronize_net() {
 0)   8.156 us    |      synchronize_rcu_expedited();
 0)   8.586 us    |    }
 0)   9.098 us    |  }
 0)               |  vxlan_sock_release [vxlan]() {
 0)               |    synchronize_net() {
 0)   8.236 us    |      synchronize_rcu_expedited();
 0)   8.656 us    |    }
 0)   9.127 us    |  }
 0)               |  vxlan_sock_release [vxlan]() {
 0)               |    synchronize_net() {
 0)   8.186 us    |      synchronize_rcu_expedited();
 0)   8.616 us    |    }
 0)   9.077 us    |  }
 0)               |  vxlan_sock_release [vxlan]() {
 0)               |    synchronize_net() {
 0)   8.176 us    |      synchronize_rcu_expedited();
 0)   8.606 us    |    }
 0)   9.077 us    |  }
 0)               |  vxlan_sock_release [vxlan]() {
 0)               |    synchronize_net() {
 0)   8.285 us    |      synchronize_rcu_expedited();
 0)   8.706 us    |    }
 0)   9.247 us    |  }
 0)               |  vxlan_sock_release [vxlan]() {
 0)               |    synchronize_net() {
 0)   8.085 us    |      synchronize_rcu_expedited();
 0)   8.516 us    |    }
 0)   8.997 us    |  }
 0)               |  vxlan_sock_release [vxlan]() {
 0)               |    synchronize_net() {
 0)   7.804 us    |      synchronize_rcu_expedited();
 0)   8.276 us    |    }
 0)   8.786 us    |  }
 0)               |  vxlan_sock_release [vxlan]() {
 0)               |    synchronize_net() {
 0)   7.845 us    |      synchronize_rcu_expedited();
 0)   8.286 us    |    }
 0)   8.997 us    |  }
 0)               |  vxlan_sock_release [vxlan]() {
 0)               |    synchronize_net() {
 0)   7.884 us    |      synchronize_rcu_expedited();
 0)   8.306 us    |    }
 0)   8.846 us    |  }
 0)               |  vxlan_sock_release [vxlan]() {
 0)               |    synchronize_net() {
 0)   7.925 us    |      synchronize_rcu_expedited();
 0)   8.355 us    |    }
 0)   8.827 us    |  }
 0)               |  vxlan_sock_release [vxlan]() {
 0)               |    synchronize_net() {
 0)   7.935 us    |      synchronize_rcu_expedited();
 0)   8.356 us    |    }
 0)   8.817 us    |  }
 0)               |  vxlan_sock_release [vxlan]() {
 0)               |    synchronize_net() {
 0)   7.845 us    |      synchronize_rcu_expedited();
 0)   8.276 us    |    }
 0)   8.736 us    |  }
 0)               |  vxlan_sock_release [vxlan]() {
 0)               |    synchronize_net() {
 0)   7.794 us    |      synchronize_rcu_expedited();
 0)   8.226 us    |    }
 0)   8.696 us    |  }
 0)               |  vxlan_sock_release [vxlan]() {
 0)               |    synchronize_net() {
 0)   8.185 us    |      synchronize_rcu_expedited();
 0)   8.616 us    |    }
 0)   9.077 us    |  }
 0)               |  vxlan_sock_release [vxlan]() {
 0)               |    synchronize_net() {
 0)   7.855 us    |      synchronize_rcu_expedited();
 0)   8.296 us    |    }
 0)   8.756 us    |  }
 0)               |  vxlan_sock_release [vxlan]() {
 0)               |    synchronize_net() {
 0)   7.824 us    |      synchronize_rcu_expedited();
 0)   8.256 us    |    }
 0)   8.726 us    |  }
 0)               |  vxlan_sock_release [vxlan]() {
 0)               |    synchronize_net() {
 0)   7.914 us    |      synchronize_rcu_expedited();
 0)   8.386 us    |    }
 0)   8.846 us    |  }
 0)               |  vxlan_sock_release [vxlan]() {
 0)               |    synchronize_net() {
 0)   7.865 us    |      synchronize_rcu_expedited();
 0)   8.296 us    |    }
 0)   8.766 us    |  }
 0)               |  vxlan_sock_release [vxlan]() {
 0)               |    synchronize_net() {
 0)   7.875 us    |      synchronize_rcu_expedited();
 0)   8.325 us    |    }
 0)   8.797 us    |  }
 0)               |  vxlan_sock_release [vxlan]() {
 0)               |    synchronize_net() {
 0)   7.865 us    |      synchronize_rcu_expedited();
 0)   8.285 us    |    }
 0)   8.767 us    |  }
 0)               |  vxlan_sock_release [vxlan]() {
 0)               |    synchronize_net() {
 0)   8.797 us    |      synchronize_rcu_expedited();
 0)   9.297 us    |    }
 0)   9.819 us    |  }
 0)               |  vxlan_sock_release [vxlan]() {
 0)               |    synchronize_net() {
 0) + 15.459 us   |      synchronize_rcu_expedited();
 0) + 15.930 us   |    }
 0) + 16.501 us   |  }
 0)               |  vxlan_sock_release [vxlan]() {
 0)               |    synchronize_net() {
 0)   8.426 us    |      synchronize_rcu_expedited();
 0)   8.856 us    |    }
 0)   9.318 us    |  }
 0)               |  vxlan_sock_release [vxlan]() {
 0)               |    synchronize_net() {
 0)   8.216 us    |      synchronize_rcu_expedited();
 0)   8.636 us    |    }
 0)   9.347 us    |  }
 0)               |  vxlan_sock_release [vxlan]() {
 0)               |    synchronize_net() {
 0)   8.305 us    |      synchronize_rcu_expedited();
 0)   8.727 us    |    }
 0)   9.197 us    |  }
 0)               |  vxlan_sock_release [vxlan]() {
 0)               |    synchronize_net() {
 0)   8.215 us    |      synchronize_rcu_expedited();
 0)   8.637 us    |    }
 0)   9.137 us    |  }
 0)               |  vxlan_sock_release [vxlan]() {
 0)               |    synchronize_net() {
 0)   8.205 us    |      synchronize_rcu_expedited();
 0)   8.627 us    |    }
 0)   9.097 us    |  }
 0)               |  vxlan_sock_release [vxlan]() {
 0)               |    synchronize_net() {
 0)   8.205 us    |      synchronize_rcu_expedited();
 0)   8.646 us    |    }
 0)   9.097 us    |  }
 0)               |  vxlan_sock_release [vxlan]() {
 0)               |    synchronize_net() {
 0)   8.296 us    |      synchronize_rcu_expedited();
 0)   8.736 us    |    }
 0)   9.198 us    |  }
 0)               |  vxlan_sock_release [vxlan]() {
 0)               |    synchronize_net() {
 0)   8.185 us    |      synchronize_rcu_expedited();
 0)   8.606 us    |    }
 0)   9.067 us    |  }
 0)               |  vxlan_sock_release [vxlan]() {
 0)               |    synchronize_net() {
 0)   7.795 us    |      synchronize_rcu_expedited();
 0)   8.225 us    |    }
 0)   8.677 us    |  }
 0)               |  vxlan_sock_release [vxlan]() {
 0)               |    synchronize_net() {
 0)   7.735 us    |      synchronize_rcu_expedited();
 0)   8.155 us    |    }
 0)   8.617 us    |  }
 0)               |  vxlan_sock_release [vxlan]() {
 0)               |    synchronize_net() {
 0)   7.735 us    |      synchronize_rcu_expedited();
 0)   8.195 us    |    }
 0)   8.656 us    |  }
 0)               |  vxlan_sock_release [vxlan]() {
 0)               |    synchronize_net() {
 0)   7.845 us    |      synchronize_rcu_expedited();
 0)   8.265 us    |    }
 0)   8.727 us    |  }
 0)               |  vxlan_sock_release [vxlan]() {
 0)               |    synchronize_net() {
 0)   7.805 us    |      synchronize_rcu_expedited();
 0)   8.235 us    |    }
 0)   8.697 us    |  }
 0)               |  vxlan_sock_release [vxlan]() {
 0)               |    synchronize_net() {
 0)   7.855 us    |      synchronize_rcu_expedited();
 0)   8.285 us    |    }
 0)   8.757 us    |  }
 0)               |  vxlan_sock_release [vxlan]() {
 0)               |    synchronize_net() {
 0)   7.875 us    |      synchronize_rcu_expedited();
 0)   8.376 us    |    }
 0)   8.836 us    |  }
 0)               |  vxlan_sock_release [vxlan]() {
 0)               |    synchronize_net() {
 0)   7.885 us    |      synchronize_rcu_expedited();
 0)   8.315 us    |    }
 0)   8.777 us    |  }
 0)               |  vxlan_sock_release [vxlan]() {
 0)               |    synchronize_net() {
 0)   8.165 us    |      synchronize_rcu_expedited();
 0)   8.596 us    |    }
 0)   9.047 us    |  }
 0)               |  vxlan_sock_release [vxlan]() {
 0)               |    synchronize_net() {
 0)   7.784 us    |      synchronize_rcu_expedited();
 0)   8.206 us    |    }
 0)   8.907 us    |  }
 0)               |  vxlan_sock_release [vxlan]() {
 0)               |    synchronize_net() {
 0)   7.955 us    |      synchronize_rcu_expedited();
 0)   8.386 us    |    }
 0)   8.837 us    |  }
 0)               |  vxlan_sock_release [vxlan]() {
 0)               |    synchronize_net() {
 0)   7.904 us    |      synchronize_rcu_expedited();
 0)   8.336 us    |    }
 0)   8.786 us    |  }
 0)               |  vxlan_sock_release [vxlan]() {
 0)               |    synchronize_net() {
 0)   7.825 us    |      synchronize_rcu_expedited();
 0)   8.265 us    |    }
 0)   8.726 us    |  }
 0)               |  vxlan_sock_release [vxlan]() {
 0)               |    synchronize_net() {
 0)   7.825 us    |      synchronize_rcu_expedited();
 0)   8.245 us    |    }
 0)   8.767 us    |  }
 0)               |  vxlan_sock_release [vxlan]() {
 0)               |    synchronize_net() {
 0)   7.914 us    |      synchronize_rcu_expedited();
 0)   8.336 us    |    }
 0)   8.876 us    |  }
 0)               |  vxlan_sock_release [vxlan]() {
 0)               |    synchronize_net() {
 0)   7.835 us    |      synchronize_rcu_expedited();
 0)   8.265 us    |    }
 0)   8.727 us    |  }
 0)               |  vxlan_sock_release [vxlan]() {
 0)               |    synchronize_net() {
 0)   7.895 us    |      synchronize_rcu_expedited();
 0)   8.326 us    |    }
 0)   8.777 us    |  }
 0)               |  vxlan_sock_release [vxlan]() {
 0)               |    synchronize_net() {
 0)   7.784 us    |      synchronize_rcu_expedited();
 0)   8.206 us    |    }
 0)   8.676 us    |  }
 0)               |  vxlan_sock_release [vxlan]() {
 0)               |    synchronize_net() {
 0)   8.175 us    |      synchronize_rcu_expedited();
 0)   8.596 us    |    }
 0)   9.057 us    |  }
 0)               |  vxlan_sock_release [vxlan]() {
 0)               |    synchronize_net() {
 0)   7.865 us    |      synchronize_rcu_expedited();
 0)   8.285 us    |    }
 0)   8.747 us    |  }
 0)               |  vxlan_sock_release [vxlan]() {
 0)               |    synchronize_net() {
 0) + 11.332 us   |      synchronize_rcu_expedited();
 0) + 12.684 us   |    }
 0) + 14.287 us   |  }
 0)               |  vxlan_sock_release [vxlan]() {
 0)               |    synchronize_net() {
 0) + 50.745 us   |      synchronize_rcu_expedited();
 0) + 53.330 us   |    }
 0) + 56.035 us   |  }
 0)               |  vxlan_sock_release [vxlan]() {
 0)               |    synchronize_net() {
 0) + 51.105 us   |      synchronize_rcu_expedited();
 0) + 53.710 us   |    }
 0) + 56.426 us   |  }
 0)               |  vxlan_sock_release [vxlan]() {
 0)               |    synchronize_net() {
 0) + 51.547 us   |      synchronize_rcu_expedited();
 0) + 54.102 us   |    }
 0) + 56.816 us   |  }
 0)               |  vxlan_sock_release [vxlan]() {
 0)               |    synchronize_net() {
 0) ! 177.172 us  |      synchronize_rcu_expedited();
 0) ! 178.795 us  |    }
 0) ! 180.368 us  |  }
 0)               |  vxlan_sock_release [vxlan]() {
 0)               |    synchronize_net() {
 0) + 11.853 us   |      synchronize_rcu_expedited();
 0) + 12.293 us   |    }
 0) + 13.135 us   |  }
 0)               |  vxlan_sock_release [vxlan]() {
 0)               |    synchronize_net() {
 0) + 12.744 us   |      synchronize_rcu_expedited();
 0) + 13.174 us   |    }
 0) + 13.656 us   |  }
 0)               |  vxlan_sock_release [vxlan]() {
 0)               |    synchronize_net() {
 0)   8.335 us    |      synchronize_rcu_expedited();
 0)   8.777 us    |    }
 0)   9.237 us    |  }
 0)               |  vxlan_sock_release [vxlan]() {
 0)               |    synchronize_net() {
 0)   8.326 us    |      synchronize_rcu_expedited();
 0)   8.756 us    |    }
 0)   9.217 us    |  }
 0)               |  vxlan_sock_release [vxlan]() {
 0)               |    synchronize_net() {
 0)   8.246 us    |      synchronize_rcu_expedited();
 0)   8.666 us    |    }
 0)   9.198 us    |  }
 0)               |  vxlan_sock_release [vxlan]() {
 0)               |    synchronize_net() {
 0)   8.195 us    |      synchronize_rcu_expedited();
 0)   8.646 us    |    }
 0)   9.157 us    |  }
 0)               |  vxlan_sock_release [vxlan]() {
 0)               |    synchronize_net() {
 0)   7.985 us    |      synchronize_rcu_expedited();
 0)   8.415 us    |    }
 0)   8.937 us    |  }
 0)               |  vxlan_sock_release [vxlan]() {
 0)               |    synchronize_net() {
 0)   7.915 us    |      synchronize_rcu_expedited();
 0)   8.346 us    |    }
 0)   8.896 us    |  }
 0)               |  vxlan_sock_release [vxlan]() {
 0)               |    synchronize_net() {
 0)   9.548 us    |      synchronize_rcu_expedited();
 0) + 10.019 us   |    }
 0) + 10.590 us   |  }
 0)               |  vxlan_sock_release [vxlan]() {
 0)               |    synchronize_net() {
 0) + 16.451 us   |      synchronize_rcu_expedited();
 0) + 16.952 us   |    }
 0) + 17.523 us   |  }
 0)               |  vxlan_sock_release [vxlan]() {
 0)               |    synchronize_net() {
 0) + 13.254 us   |      synchronize_rcu_expedited();
 0) + 13.686 us   |    }
 0) + 14.176 us   |  }
 0)               |  vxlan_sock_release [vxlan]() {
 0)               |    synchronize_net() {
 0)   8.225 us    |      synchronize_rcu_expedited();
 0)   8.656 us    |    }
 0)   9.127 us    |  }
 0)               |  vxlan_sock_release [vxlan]() {
 0)               |    synchronize_net() {
 0)   8.215 us    |      synchronize_rcu_expedited();
 0)   8.646 us    |    }
 0)   9.257 us    |  }
 0)               |  vxlan_sock_release [vxlan]() {
 0)               |    synchronize_net() {
 0)   8.235 us    |      synchronize_rcu_expedited();
 0)   8.656 us    |    }
 0)   9.127 us    |  }
 0)               |  vxlan_sock_release [vxlan]() {
 0)               |    synchronize_net() {
 0)   8.276 us    |      synchronize_rcu_expedited();
 0)   8.696 us    |    }
 0)   9.177 us    |  }
 0)               |  vxlan_sock_release [vxlan]() {
 0)               |    synchronize_net() {
 0)   8.306 us    |      synchronize_rcu_expedited();
 0)   8.726 us    |    }
 0)   9.197 us    |  }
 0)               |  vxlan_sock_release [vxlan]() {
 0)               |    synchronize_net() {
 0)   8.206 us    |      synchronize_rcu_expedited();
 0)   8.636 us    |    }
 0)   9.368 us    |  }
 0)               |  vxlan_sock_release [vxlan]() {
 0)               |    synchronize_net() {
 0)   8.275 us    |      synchronize_rcu_expedited();
 0)   8.697 us    |    }
 0)   9.167 us    |  }
 0)               |  vxlan_sock_release [vxlan]() {
 0)               |    synchronize_net() {
 0)   7.875 us    |      synchronize_rcu_expedited();
 0)   8.306 us    |    }
 0)   8.816 us    |  }
 0)               |  vxlan_sock_release [vxlan]() {
 0)               |    synchronize_net() {
 0)   7.955 us    |      synchronize_rcu_expedited();
 0)   8.375 us    |    }
 0)   8.827 us    |  }
 0)               |  vxlan_sock_release [vxlan]() {
 0)               |    synchronize_net() {
 0)   7.774 us    |      synchronize_rcu_expedited();
 0)   8.206 us    |    }
 0)   8.676 us    |  }
 0)               |  vxlan_sock_release [vxlan]() {
 0)               |    synchronize_net() {
 0)   7.804 us    |      synchronize_rcu_expedited();
 0)   8.226 us    |    }
 0)   8.696 us    |  }
 0)               |  vxlan_sock_release [vxlan]() {
 0)               |    synchronize_net() {
 0)   7.775 us    |      synchronize_rcu_expedited();
 0)   8.205 us    |    }
 0)   8.676 us    |  }
 0)               |  vxlan_sock_release [vxlan]() {
 0)               |    synchronize_net() {
 0)   7.774 us    |      synchronize_rcu_expedited();
 0)   8.206 us    |    }
 0)   8.666 us    |  }
 0)               |  vxlan_sock_release [vxlan]() {
 0)               |    synchronize_net() {
 0)   7.774 us    |      synchronize_rcu_expedited();
 0)   8.206 us    |    }
 0)   8.676 us    |  }
 0)               |  vxlan_sock_release [vxlan]() {
 0)               |    synchronize_net() {
 0)   8.055 us    |      synchronize_rcu_expedited();
 0)   8.486 us    |    }
 0)   8.957 us    |  }
 0)               |  vxlan_sock_release [vxlan]() {
 0)               |    synchronize_net() {
 0)   8.145 us    |      synchronize_rcu_expedited();
 0)   8.577 us    |    }
 0)   9.047 us    |  }
 0)               |  vxlan_sock_release [vxlan]() {
 0)               |    synchronize_net() {
 0)   7.884 us    |      synchronize_rcu_expedited();
 0)   8.316 us    |    }
 0)   8.776 us    |  }
 0)               |  vxlan_sock_release [vxlan]() {
 0)               |    synchronize_net() {
 0)   7.835 us    |      synchronize_rcu_expedited();
 0)   8.256 us    |    }
 0)   8.726 us    |  }
 0)               |  vxlan_sock_release [vxlan]() {
 0)               |    synchronize_net() {
 0)   7.785 us    |      synchronize_rcu_expedited();
 0)   8.215 us    |    }
 0)   8.666 us    |  }
 0)               |  vxlan_sock_release [vxlan]() {
 0)               |    synchronize_net() {
 0)   7.785 us    |      synchronize_rcu_expedited();
 0)   8.215 us    |    }
 0)   8.767 us    |  }
 0)               |  vxlan_sock_release [vxlan]() {
 0)               |    synchronize_net() {
 0)   7.864 us    |      synchronize_rcu_expedited();
 0)   8.296 us    |    }
 0)   8.816 us    |  }
 0)               |  vxlan_sock_release [vxlan]() {
 0)               |    synchronize_net() {
 0)   7.764 us    |      synchronize_rcu_expedited();
 0)   8.186 us    |    }
 0)   8.917 us    |  }
 0)               |  vxlan_sock_release [vxlan]() {
 0)               |    synchronize_net() {
 0)   7.835 us    |      synchronize_rcu_expedited();
 0)   8.275 us    |    }
 0)   8.737 us    |  }
 0)               |  vxlan_sock_release [vxlan]() {
 0)               |    synchronize_net() {
 0)   7.825 us    |      synchronize_rcu_expedited();
 0)   8.266 us    |    }
 0)   8.726 us    |  }
 0)               |  vxlan_sock_release [vxlan]() {
 0)               |    synchronize_net() {
 0)   8.235 us    |      synchronize_rcu_expedited();
 0)   8.666 us    |    }
 0)   9.137 us    |  }
 0)               |  vxlan_sock_release [vxlan]() {
 0)               |    synchronize_net() {
 0)   7.774 us    |      synchronize_rcu_expedited();
 0)   8.206 us    |    }
 0)   8.666 us    |  }
 0)               |  vxlan_sock_release [vxlan]() {
 0)               |    synchronize_net() {
 0)   7.915 us    |      synchronize_rcu_expedited();
 0)   8.336 us    |    }
 0)   8.796 us    |  }
 0)               |  vxlan_sock_release [vxlan]() {
 0)               |    synchronize_net() {
 0)   7.765 us    |      synchronize_rcu_expedited();
 0)   8.195 us    |    }
 0)   8.656 us    |  }
 0)               |  vxlan_sock_release [vxlan]() {
 0)               |    synchronize_net() {
 0)   7.795 us    |      synchronize_rcu_expedited();
 0)   8.225 us    |    }
 0)   8.697 us    |  }
 0)               |  vxlan_sock_release [vxlan]() {
 0)               |    synchronize_net() {
 0)   7.805 us    |      synchronize_rcu_expedited();
 0)   8.235 us    |    }
 0)   8.777 us    |  }
 0)               |  vxlan_sock_release [vxlan]() {
 0)               |    synchronize_net() {
 0)   7.765 us    |      synchronize_rcu_expedited();
 0)   8.195 us    |    }
 0)   8.767 us    |  }
 0)               |  vxlan_sock_release [vxlan]() {
 0)               |    synchronize_net() {
 0)   7.825 us    |      synchronize_rcu_expedited();
 0)   8.256 us    |    }
 0)   8.726 us    |  }
 0)               |  vxlan_sock_release [vxlan]() {
 0)               |    synchronize_net() {
 0)   7.764 us    |      synchronize_rcu_expedited();
 0)   8.186 us    |    }
 0)   8.636 us    |  }
 0)               |  vxlan_sock_release [vxlan]() {
 0)               |    synchronize_net() {
 0)   7.864 us    |      synchronize_rcu_expedited();
 0)   8.306 us    |    }
 0)   8.776 us    |  }
 0)               |  vxlan_sock_release [vxlan]() {
 0)               |    synchronize_net() {
 0)   7.794 us    |      synchronize_rcu_expedited();
 0)   8.226 us    |    }
 0)   8.686 us    |  }
 0)               |  vxlan_sock_release [vxlan]() {
 0)               |    synchronize_net() {
 0)   7.804 us    |      synchronize_rcu_expedited();
 0)   8.236 us    |    }
 0)   8.696 us    |  }
 0)               |  vxlan_sock_release [vxlan]() {
 0)               |    synchronize_net() {
 0)   7.844 us    |      synchronize_rcu_expedited();
 0)   8.276 us    |    }
 0)   8.736 us    |  }
 0)               |  vxlan_sock_release [vxlan]() {
 0)               |    synchronize_net() {
 0)   7.775 us    |      synchronize_rcu_expedited();
 0)   8.205 us    |    }
 0)   8.937 us    |  }
 0)               |  vxlan_sock_release [vxlan]() {
 0)               |    synchronize_net() {
 0)   7.874 us    |      synchronize_rcu_expedited();
 0)   8.296 us    |    }
 0)   8.766 us    |  }
 0)               |  vxlan_sock_release [vxlan]() {
 0)               |    synchronize_net() {
 0)   7.824 us    |      synchronize_rcu_expedited();
 0)   8.256 us    |    }
 0)   8.726 us    |  }
 0)               |  vxlan_sock_release [vxlan]() {
 0)               |    synchronize_net() {
 0)   7.775 us    |      synchronize_rcu_expedited();
 0)   8.205 us    |    }
 0)   8.666 us    |  }
 0)               |  vxlan_sock_release [vxlan]() {
 0)               |    synchronize_net() {
 0)   7.714 us    |      synchronize_rcu_expedited();
 0)   8.136 us    |    }
 0)   8.596 us    |  }
 0)               |  vxlan_sock_release [vxlan]() {
 0)               |    synchronize_net() {
 0)   7.774 us    |      synchronize_rcu_expedited();
 0)   8.196 us    |    }
 0)   8.696 us    |  }
 0)               |  vxlan_sock_release [vxlan]() {
 0)               |    synchronize_net() {
 0)   7.744 us    |      synchronize_rcu_expedited();
 0)   8.176 us    |    }
 0)   8.636 us    |  }
 0)               |  vxlan_sock_release [vxlan]() {
 0)               |    synchronize_net() {
 0)   7.794 us    |      synchronize_rcu_expedited();
 0)   8.246 us    |    }
 0)   8.716 us    |  }
 0)               |  vxlan_sock_release [vxlan]() {
 0)               |    synchronize_net() {
 0)   8.275 us    |      synchronize_rcu_expedited();
 0)   8.697 us    |    }
 0)   9.167 us    |  }
 0)               |  vxlan_sock_release [vxlan]() {
 0)               |    synchronize_net() {
 0)   7.834 us    |      synchronize_rcu_expedited();
 0)   8.266 us    |    }
 0)   8.726 us    |  }
 0)               |  vxlan_sock_release [vxlan]() {
 0)               |    synchronize_net() {
 0)   7.825 us    |      synchronize_rcu_expedited();
 0)   8.255 us    |    }
 0)   8.706 us    |  }
 0)               |  vxlan_sock_release [vxlan]() {
 0)               |    synchronize_net() {
 0)   7.865 us    |      synchronize_rcu_expedited();
 0)   8.296 us    |    }
 0)   8.756 us    |  }
 0)               |  vxlan_sock_release [vxlan]() {
 0)               |    synchronize_net() {
 0)   7.764 us    |      synchronize_rcu_expedited();
 0)   8.186 us    |    }
 0)   8.646 us    |  }
 0)               |  vxlan_sock_release [vxlan]() {
 0)               |    synchronize_net() {
 0)   7.985 us    |      synchronize_rcu_expedited();
 0)   8.426 us    |    }
 0)   8.866 us    |  }
 0)               |  vxlan_sock_release [vxlan]() {
 0)               |    synchronize_net() {
 0)   7.785 us    |      synchronize_rcu_expedited();
 0)   8.225 us    |    }
 0)   8.676 us    |  }
 0)               |  vxlan_sock_release [vxlan]() {
 0)               |    synchronize_net() {
 0)   7.815 us    |      synchronize_rcu_expedited();
 0)   8.255 us    |    }
 0)   8.706 us    |  }
 0)               |  vxlan_sock_release [vxlan]() {
 0)               |    synchronize_net() {
 0)   7.815 us    |      synchronize_rcu_expedited();
 0)   8.245 us    |    }
 0)   9.057 us    |  }
 0)               |  vxlan_sock_release [vxlan]() {
 0)               |    synchronize_net() {
 0)   8.175 us    |      synchronize_rcu_expedited();
 0)   8.596 us    |    }
 0)   9.067 us    |  }
 0)               |  vxlan_sock_release [vxlan]() {
 0)               |    synchronize_net() {
 0)   7.855 us    |      synchronize_rcu_expedited();
 0)   8.276 us    |    }
 0)   8.806 us    |  }
 0)               |  vxlan_sock_release [vxlan]() {
 0)               |    synchronize_net() {
 0)   7.875 us    |      synchronize_rcu_expedited();
 0)   8.305 us    |    }
 0)   8.777 us    |  }
 0)               |  vxlan_sock_release [vxlan]() {
 0)               |    synchronize_net() {
 0)   7.875 us    |      synchronize_rcu_expedited();
 0)   8.305 us    |    }
 0)   8.767 us    |  }
 0)               |  vxlan_sock_release [vxlan]() {
 0)               |    synchronize_net() {
 0)   7.904 us    |      synchronize_rcu_expedited();
 0)   8.326 us    |    }
 0)   8.786 us    |  }
 0)               |  vxlan_sock_release [vxlan]() {
 0)               |    synchronize_net() {
 0)   7.855 us    |      synchronize_rcu_expedited();
 0)   8.286 us    |    }
 0)   8.756 us    |  }
 0)               |  vxlan_sock_release [vxlan]() {
 0)               |    synchronize_net() {
 0)   7.795 us    |      synchronize_rcu_expedited();
 0)   8.255 us    |    }
 0)   8.727 us    |  }
 0)               |  vxlan_sock_release [vxlan]() {
 0)               |    synchronize_net() {
 0)   7.795 us    |      synchronize_rcu_expedited();
 0)   8.235 us    |    }
 0)   8.707 us    |  }
 0)               |  vxlan_sock_release [vxlan]() {
 0)               |    synchronize_net() {
 0)   7.775 us    |      synchronize_rcu_expedited();
 0)   8.245 us    |    }
 0)   8.706 us    |  }
 0)               |  vxlan_sock_release [vxlan]() {
 0)               |    synchronize_net() {
 0)   8.175 us    |      synchronize_rcu_expedited();
 0)   8.616 us    |    }
 0)   9.077 us    |  }
 0)               |  vxlan_sock_release [vxlan]() {
 0)               |    synchronize_net() {
 0)   7.854 us    |      synchronize_rcu_expedited();
 0)   8.286 us    |    }
 0)   8.756 us    |  }
 0)               |  vxlan_sock_release [vxlan]() {
 0)               |    synchronize_net() {
 0)   7.794 us    |      synchronize_rcu_expedited();
 0)   8.276 us    |    }
 0)   8.736 us    |  }
 0)               |  vxlan_sock_release [vxlan]() {
 0)               |    synchronize_net() {
 0)   7.945 us    |      synchronize_rcu_expedited();
 0)   8.385 us    |    }
 0)   8.847 us    |  }
 0)               |  vxlan_sock_release [vxlan]() {
 0)               |    synchronize_net() {
 0)   7.825 us    |      synchronize_rcu_expedited();
 0)   8.255 us    |    }
 0)   8.727 us    |  }
 0)               |  vxlan_sock_release [vxlan]() {
 0)               |    synchronize_net() {
 0)   7.854 us    |      synchronize_rcu_expedited();
 0)   8.296 us    |    }
 0)   8.816 us    |  }
 0)               |  vxlan_sock_release [vxlan]() {
 0)               |    synchronize_net() {
 0)   7.825 us    |      synchronize_rcu_expedited();
 0)   8.265 us    |    }
 0)   8.917 us    |  }
 0)               |  vxlan_sock_release [vxlan]() {
 0)               |    synchronize_net() {
 0)   7.804 us    |      synchronize_rcu_expedited();
 0)   8.246 us    |    }
 0)   8.706 us    |  }
 0)               |  vxlan_sock_release [vxlan]() {
 0)               |    synchronize_net() {
 0)   8.215 us    |      synchronize_rcu_expedited();
 0)   8.657 us    |    }
 0)   9.137 us    |  }
 0)               |  vxlan_sock_release [vxlan]() {
 0)               |    synchronize_net() {
 0)   9.338 us    |      synchronize_rcu_expedited();
 0)   9.838 us    |    }
 0) + 10.380 us   |  }
 0)               |  vxlan_sock_release [vxlan]() {
 0)               |    synchronize_net() {
 0) + 14.628 us   |      synchronize_rcu_expedited();
 0) + 15.058 us   |    }
 0) + 15.519 us   |  }
 0)               |  vxlan_sock_release [vxlan]() {
 0)               |    synchronize_net() {
 0)   9.919 us    |      synchronize_rcu_expedited();
 0) + 10.339 us   |    }
 0) + 10.971 us   |  }
 0)               |  vxlan_sock_release [vxlan]() {
 0)               |    synchronize_net() {
 0)   8.817 us    |      synchronize_rcu_expedited();
 0)   9.287 us    |    }
 0)   9.799 us    |  }
 0)               |  vxlan_sock_release [vxlan]() {
 0)               |    synchronize_net() {
 0)   8.175 us    |      synchronize_rcu_expedited();
 0)   8.596 us    |    }
 0)   9.077 us    |  }
 0)               |  vxlan_sock_release [vxlan]() {
 0)               |    synchronize_net() {
 0)   8.165 us    |      synchronize_rcu_expedited();
 0)   8.586 us    |    }
 0)   9.047 us    |  }
 0)               |  vxlan_sock_release [vxlan]() {
 0)               |    synchronize_net() {
 0)   8.165 us    |      synchronize_rcu_expedited();
 0)   8.596 us    |    }
 0)   9.067 us    |  }
 0)               |  vxlan_sock_release [vxlan]() {
 0)               |    synchronize_net() {
 0)   8.255 us    |      synchronize_rcu_expedited();
 0)   8.687 us    |    }
 0)   9.187 us    |  }
 0)               |  vxlan_sock_release [vxlan]() {
 0)               |    synchronize_net() {
 0)   8.275 us    |      synchronize_rcu_expedited();
 0)   8.696 us    |    }
 0)   9.157 us    |  }
 0)               |  vxlan_sock_release [vxlan]() {
 0)               |    synchronize_net() {
 0) + 12.083 us   |      synchronize_rcu_expedited();
 0) + 12.503 us   |    }
 0) + 12.964 us   |  }
 0)               |  vxlan_sock_release [vxlan]() {
 0)               |    synchronize_net() {
 0)   7.855 us    |      synchronize_rcu_expedited();
 0)   8.276 us    |    }
 0)   8.726 us    |  }
 0)               |  vxlan_sock_release [vxlan]() {
 0)               |    synchronize_net() {
 0)   7.764 us    |      synchronize_rcu_expedited();
 0)   8.186 us    |    }
 0)   8.646 us    |  }
 0)               |  vxlan_sock_release [vxlan]() {
 0)               |    synchronize_net() {
 0)   7.904 us    |      synchronize_rcu_expedited();
 0)   8.326 us    |    }
 0)   8.776 us    |  }
 0)               |  vxlan_sock_release [vxlan]() {
 0)               |    synchronize_net() {
 0)   7.795 us    |      synchronize_rcu_expedited();
 0)   8.215 us    |    }
 0)   9.016 us    |  }
 0)               |  vxlan_sock_release [vxlan]() {
 0)               |    synchronize_net() {
 0)   7.855 us    |      synchronize_rcu_expedited();
 0)   8.276 us    |    }
 0)   8.766 us    |  }
 0)               |  vxlan_sock_release [vxlan]() {
 0)               |    synchronize_net() {
 0)   7.804 us    |      synchronize_rcu_expedited();
 0)   8.236 us    |    }
 0)   8.706 us    |  }
 0)               |  vxlan_sock_release [vxlan]() {
 0)               |    synchronize_net() {
 0)   8.285 us    |      synchronize_rcu_expedited();
 0)   8.707 us    |    }
 0)   9.157 us    |  }
 0)               |  vxlan_sock_release [vxlan]() {
 0)               |    synchronize_net() {
 0)   8.395 us    |      synchronize_rcu_expedited();
 0)   8.807 us    |    }
 0)   9.277 us    |  }
 0)               |  vxlan_sock_release [vxlan]() {
 0)               |    synchronize_net() {
 0)   7.844 us    |      synchronize_rcu_expedited();
 0)   8.266 us    |    }
 0)   8.726 us    |  }
 0)               |  vxlan_sock_release [vxlan]() {
 0)               |    synchronize_net() {
 0)   7.744 us    |      synchronize_rcu_expedited();
 0)   8.165 us    |    }
 0)   8.636 us    |  }
 0)               |  vxlan_sock_release [vxlan]() {
 0)               |    synchronize_net() {
 0)   7.804 us    |      synchronize_rcu_expedited();
 0)   8.226 us    |    }
 0)   8.696 us    |  }
 0)               |  vxlan_sock_release [vxlan]() {
 0)               |    synchronize_net() {
 0)   7.965 us    |      synchronize_rcu_expedited();
 0)   8.396 us    |    }
 0)   8.857 us    |  }
 0)               |  vxlan_sock_release [vxlan]() {
 0)               |    synchronize_net() {
 0)   7.805 us    |      synchronize_rcu_expedited();
 0)   8.225 us    |    }
 0)   8.697 us    |  }
 0)               |  vxlan_sock_release [vxlan]() {
 0)               |    synchronize_net() {
 0)   7.765 us    |      synchronize_rcu_expedited();
 0)   8.185 us    |    }
 0)   8.656 us    |  }
 0)               |  vxlan_sock_release [vxlan]() {
 0)               |    synchronize_net() {
 0)   7.785 us    |      synchronize_rcu_expedited();
 0)   8.215 us    |    }
 0)   8.666 us    |  }
 0)               |  vxlan_sock_release [vxlan]() {
 0)               |    synchronize_net() {
 0)   7.835 us    |      synchronize_rcu_expedited();
 0)   8.255 us    |    }
 0)   8.727 us    |  }
 0)               |  vxlan_sock_release [vxlan]() {
 0)               |    synchronize_net() {
 0)   8.246 us    |      synchronize_rcu_expedited();
 0)   8.676 us    |    }
 0)   9.127 us    |  }
 0)               |  vxlan_sock_release [vxlan]() {
 0)               |    synchronize_net() {
 0)   7.765 us    |      synchronize_rcu_expedited();
 0)   8.205 us    |    }
 0)   8.666 us    |  }
 0)               |  vxlan_sock_release [vxlan]() {
 0)               |    synchronize_net() {
 0)   7.855 us    |      synchronize_rcu_expedited();
 0)   8.276 us    |    }
 0)   8.756 us    |  }
 0)               |  vxlan_sock_release [vxlan]() {
 0)               |    synchronize_net() {
 0)   7.835 us    |      synchronize_rcu_expedited();
 0)   8.255 us    |    }
 0)   8.907 us    |  }
 0)               |  vxlan_sock_release [vxlan]() {
 0)               |    synchronize_net() {
 0)   7.854 us    |      synchronize_rcu_expedited();
 0)   8.276 us    |    }
 0)   8.736 us    |  }
 0)               |  vxlan_sock_release [vxlan]() {
 0)               |    synchronize_net() {
 0)   7.824 us    |      synchronize_rcu_expedited();
 0)   8.256 us    |    }
 0)   8.736 us    |  }
 0)               |  vxlan_sock_release [vxlan]() {
 0)               |    synchronize_net() {
 0)   7.824 us    |      synchronize_rcu_expedited();
 0)   8.256 us    |    }
 0)   8.706 us    |  }
 0)               |  vxlan_sock_release [vxlan]() {
 0)               |    synchronize_net() {
 0)   7.875 us    |      synchronize_rcu_expedited();
 0)   8.306 us    |    }
 0)   8.766 us    |  }
 0)               |  vxlan_sock_release [vxlan]() {
 0)               |    synchronize_net() {
 0)   7.815 us    |      synchronize_rcu_expedited();
 0)   8.265 us    |    }
 0)   8.737 us    |  }
 0)               |  vxlan_sock_release [vxlan]() {
 0)               |    synchronize_net() {
 0)   8.235 us    |      synchronize_rcu_expedited();
 0)   8.656 us    |    }
 0)   9.127 us    |  }
 0)               |  vxlan_sock_release [vxlan]() {
 0)               |    synchronize_net() {
 0)   7.795 us    |      synchronize_rcu_expedited();
 0)   8.215 us    |    }
 0)   8.677 us    |  }
 0)               |  vxlan_sock_release [vxlan]() {
 0)               |    synchronize_net() {
 0)   7.855 us    |      synchronize_rcu_expedited();
 0)   8.285 us    |    }
 0)   8.757 us    |  }
 0)               |  vxlan_sock_release [vxlan]() {
 0)               |    synchronize_net() {
 0)   7.875 us    |      synchronize_rcu_expedited();
 0)   8.326 us    |    }
 0)   8.786 us    |  }
 0)               |  vxlan_sock_release [vxlan]() {
 0)               |    synchronize_net() {
 0)   7.854 us    |      synchronize_rcu_expedited();
 0)   8.276 us    |    }
 0)   8.796 us    |  }
 0)               |  vxlan_sock_release [vxlan]() {
 0)               |    synchronize_net() {
 0)   7.835 us    |      synchronize_rcu_expedited();
 0)   8.256 us    |    }
 0)   8.706 us    |  }
 0)               |  vxlan_sock_release [vxlan]() {
 0)               |    synchronize_net() {
 0)   7.875 us    |      synchronize_rcu_expedited();
 0)   8.295 us    |    }
 0)   8.767 us    |  }
 0)               |  vxlan_sock_release [vxlan]() {
 0)               |    synchronize_net() {
 0)   7.885 us    |      synchronize_rcu_expedited();
 0)   8.315 us    |    }
 0)   8.767 us    |  }
 0)               |  vxlan_sock_release [vxlan]() {
 0)               |    synchronize_net() {
 0)   7.885 us    |      synchronize_rcu_expedited();
 0)   8.316 us    |    }
 0)   8.776 us    |  }
 0)               |  vxlan_sock_release [vxlan]() {
 0)               |    synchronize_net() {
 0)   7.935 us    |      synchronize_rcu_expedited();
 0)   8.346 us    |    }
 0)   8.806 us    |  }
 0)               |  vxlan_sock_release [vxlan]() {
 0)               |    synchronize_net() {
 0)   7.935 us    |      synchronize_rcu_expedited();
 0)   8.365 us    |    }
 0)   9.167 us    |  }
 0)               |  vxlan_sock_release [vxlan]() {
 0)               |    synchronize_net() {
 0)   8.205 us    |      synchronize_rcu_expedited();
 0)   8.626 us    |    }
 0)   9.097 us    |  }
 0)               |  vxlan_sock_release [vxlan]() {
 0)               |    synchronize_net() {
 0)   7.804 us    |      synchronize_rcu_expedited();
 0)   8.226 us    |    }
 0)   8.696 us    |  }
 0)               |  vxlan_sock_release [vxlan]() {
 0)               |    synchronize_net() {
 0)   7.975 us    |      synchronize_rcu_expedited();
 0)   8.396 us    |    }
 0)   8.857 us    |  }
 0)               |  vxlan_sock_release [vxlan]() {
 0)               |    synchronize_net() {
 0)   7.945 us    |      synchronize_rcu_expedited();
 0)   8.375 us    |    }
 0)   8.847 us    |  }
 0)               |  vxlan_sock_release [vxlan]() {
 0)               |    synchronize_net() {
 0)   7.854 us    |      synchronize_rcu_expedited();
 0)   8.276 us    |    }
 0)   8.716 us    |  }
 0)               |  vxlan_sock_release [vxlan]() {
 0)               |    synchronize_net() {
 0)   7.844 us    |      synchronize_rcu_expedited();
 0)   8.276 us    |    }
 0)   8.736 us    |  }
 0)               |  vxlan_sock_release [vxlan]() {
 0)               |    synchronize_net() {
 0)   7.875 us    |      synchronize_rcu_expedited();
 0)   8.306 us    |    }
 0)   8.756 us    |  }
 0)               |  vxlan_sock_release [vxlan]() {
 0)               |    synchronize_net() {
 0)   7.825 us    |      synchronize_rcu_expedited();
 0)   8.255 us    |    }
 0)   8.726 us    |  }
 0)               |  vxlan_sock_release [vxlan]() {
 0)               |    synchronize_net() {
 0)   7.945 us    |      synchronize_rcu_expedited();
 0)   8.366 us    |    }
 0)   8.827 us    |  }
 0)               |  vxlan_sock_release [vxlan]() {
 0)               |    synchronize_net() {
 0)   8.195 us    |      synchronize_rcu_expedited();
 0)   8.607 us    |    }
 0)   9.077 us    |  }
 0)               |  vxlan_sock_release [vxlan]() {
 0)               |    synchronize_net() {
 0)   8.055 us    |      synchronize_rcu_expedited();
 0)   8.486 us    |    }
 0)   8.937 us    |  }
 0)               |  vxlan_sock_release [vxlan]() {
 0)               |    synchronize_net() {
 0)   7.955 us    |      synchronize_rcu_expedited();
 0)   8.386 us    |    }
 0)   8.856 us    |  }
 0)               |  vxlan_sock_release [vxlan]() {
 0)               |    synchronize_net() {
 0)   7.845 us    |      synchronize_rcu_expedited();
 0)   8.255 us    |    }
 0)   8.716 us    |  }
 0)               |  vxlan_sock_release [vxlan]() {
 0)               |    synchronize_net() {
 0)   7.845 us    |      synchronize_rcu_expedited();
 0)   8.265 us    |    }
 0)   8.726 us    |  }
 0)               |  vxlan_sock_release [vxlan]() {
 0)               |    synchronize_net() {
 0)   7.965 us    |      synchronize_rcu_expedited();
 0)   8.385 us    |    }
 0)   8.887 us    |  }
 0)               |  vxlan_sock_release [vxlan]() {
 0)               |    synchronize_net() {
 0)   7.934 us    |      synchronize_rcu_expedited();
 0)   8.356 us    |    }
 0)   9.187 us    |  }
 0)               |  vxlan_sock_release [vxlan]() {
 0)               |    synchronize_net() {
 0)   7.845 us    |      synchronize_rcu_expedited();
 0)   8.276 us    |    }
 0)   8.736 us    |  }
 0)               |  vxlan_sock_release [vxlan]() {
 0)               |    synchronize_net() {
 0)   7.814 us    |      synchronize_rcu_expedited();
 0)   8.256 us    |    }
 0)   8.716 us    |  }
 0)               |  vxlan_sock_release [vxlan]() {
 0)               |    synchronize_net() {
 0)   8.235 us    |      synchronize_rcu_expedited();
 0)   8.656 us    |    }
 0)   9.127 us    |  }
 0)               |  vxlan_sock_release [vxlan]() {
 0)               |    synchronize_net() {
 0)   7.965 us    |      synchronize_rcu_expedited();
 0)   8.386 us    |    }
 0)   8.846 us    |  }
 0)               |  vxlan_sock_release [vxlan]() {
 0)               |    synchronize_net() {
 0)   7.845 us    |      synchronize_rcu_expedited();
 0)   8.285 us    |    }
 0)   8.877 us    |  }
 0)               |  vxlan_sock_release [vxlan]() {
 0)               |    synchronize_net() {
 0)   7.915 us    |      synchronize_rcu_expedited();
 0)   8.336 us    |    }
 0)   8.806 us    |  }
 0)               |  vxlan_sock_release [vxlan]() {
 0)               |    synchronize_net() {
 0)   7.965 us    |      synchronize_rcu_expedited();
 0)   8.395 us    |    }
 0)   9.017 us    |  }
 0)               |  vxlan_sock_release [vxlan]() {
 0)               |    synchronize_net() {
 0)   7.865 us    |      synchronize_rcu_expedited();
 0)   8.285 us    |    }
 0)   8.757 us    |  }
 0)               |  vxlan_sock_release [vxlan]() {
 0)               |    synchronize_net() {
 0)   7.795 us    |      synchronize_rcu_expedited();
 0)   8.255 us    |    }
 0)   8.717 us    |  }
 0)               |  vxlan_sock_release [vxlan]() {
 0)               |    synchronize_net() {
 0)   7.955 us    |      synchronize_rcu_expedited();
 0)   8.376 us    |    }
 0)   8.847 us    |  }
 0)               |  vxlan_sock_release [vxlan]() {
 0)               |    synchronize_net() {
 0)   7.824 us    |      synchronize_rcu_expedited();
 0)   8.256 us    |    }
 0)   8.706 us    |  }
 0)               |  vxlan_sock_release [vxlan]() {
 0)               |    synchronize_net() {
 0)   8.215 us    |      synchronize_rcu_expedited();
 0)   8.636 us    |    }
 0)   9.107 us    |  }
 0)               |  vxlan_sock_release [vxlan]() {
 0)               |    synchronize_net() {
 0)   8.966 us    |      synchronize_rcu_expedited();
 0)   9.558 us    |    }
 0) + 10.200 us   |  }
 0)               |  vxlan_sock_release [vxlan]() {
 0)               |    synchronize_net() {
 0) + 15.619 us   |      synchronize_rcu_expedited();
 0) + 16.090 us   |    }
 0) + 16.611 us   |  }
 0)               |  vxlan_sock_release [vxlan]() {
 0)               |    synchronize_net() {
 0)   8.336 us    |      synchronize_rcu_expedited();
 0)   8.756 us    |    }
 0)   9.277 us    |  }
 0)               |  vxlan_sock_release [vxlan]() {
 0)               |    synchronize_net() {
 0)   8.296 us    |      synchronize_rcu_expedited();
 0)   8.726 us    |    }
 0)   9.378 us    |  }
 0)               |  vxlan_sock_release [vxlan]() {
 0)               |    synchronize_net() {
 0)   8.225 us    |      synchronize_rcu_expedited();
 0)   8.667 us    |    }
 0)   9.137 us    |  }
 0)               |  vxlan_sock_release [vxlan]() {
 0)               |    synchronize_net() {
 0)   8.176 us    |      synchronize_rcu_expedited();
 0)   8.606 us    |    }
 0)   9.097 us    |  }
 0)               |  vxlan_sock_release [vxlan]() {
 0)               |    synchronize_net() {
 0)   8.266 us    |      synchronize_rcu_expedited();
 0)   8.686 us    |    }
 0)   9.157 us    |  }
 0)               |  vxlan_sock_release [vxlan]() {
 0)               |    synchronize_net() {
 0)   8.286 us    |      synchronize_rcu_expedited();
 0)   8.716 us    |    }
 0)   9.198 us    |  }
 0)               |  vxlan_sock_release [vxlan]() {
 0)               |    synchronize_net() {
 0)   8.196 us    |      synchronize_rcu_expedited();
 0)   8.636 us    |    }
 0)   9.107 us    |  }
 0)               |  vxlan_sock_release [vxlan]() {
 0)               |    synchronize_net() {
 0)   8.356 us    |      synchronize_rcu_expedited();
 0)   8.786 us    |    }
 0)   9.267 us    |  }
 0)               |  vxlan_sock_release [vxlan]() {
 0)               |    synchronize_net() {
 0)   7.825 us    |      synchronize_rcu_expedited();
 0)   8.255 us    |    }
 0)   8.727 us    |  }
 0)               |  vxlan_sock_release [vxlan]() {
 0)               |    synchronize_net() {
 0)   7.945 us    |      synchronize_rcu_expedited();
 0)   8.376 us    |    }
 0)   8.846 us    |  }
 0)               |  vxlan_sock_release [vxlan]() {
 0)               |    synchronize_net() {
 0)   7.815 us    |      synchronize_rcu_expedited();
 0)   8.245 us    |    }
 0)   8.726 us    |  }
 0)               |  vxlan_sock_release [vxlan]() {
 0)               |    synchronize_net() {
 0)   7.805 us    |      synchronize_rcu_expedited();
 0)   8.245 us    |    }
 0)   8.717 us    |  }
 0)               |  vxlan_sock_release [vxlan]() {
 0)               |    synchronize_net() {
 0)   7.885 us    |      synchronize_rcu_expedited();
 0)   8.306 us    |    }
 0)   8.777 us    |  }
 0)               |  vxlan_sock_release [vxlan]() {
 0)               |    synchronize_net() {
 0)   7.965 us    |      synchronize_rcu_expedited();
 0)   8.396 us    |    }
 0)   8.876 us    |  }
 0)               |  vxlan_sock_release [vxlan]() {
 0)               |    synchronize_net() {
 0)   7.835 us    |      synchronize_rcu_expedited();
 0)   8.275 us    |    }
 0)   8.727 us    |  }
 0)               |  vxlan_sock_release [vxlan]() {
 0)               |    synchronize_net() {
 0)   7.855 us    |      synchronize_rcu_expedited();
 0)   8.265 us    |    }
 0)   8.747 us    |  }
 0)               |  vxlan_sock_release [vxlan]() {
 0)               |    synchronize_net() {
 0)   8.255 us    |      synchronize_rcu_expedited();
 0)   8.696 us    |    }
 0)   9.167 us    |  }
 0)               |  vxlan_sock_release [vxlan]() {
 0)               |    synchronize_net() {
 0)   7.834 us    |      synchronize_rcu_expedited();
 0)   8.276 us    |    }
 0)   9.087 us    |  }
 0)               |  vxlan_sock_release [vxlan]() {
 0)               |    synchronize_net() {
 0)   7.775 us    |      synchronize_rcu_expedited();
 0)   8.195 us    |    }
 0)   8.667 us    |  }
 0)               |  vxlan_sock_release [vxlan]() {
 0)               |    synchronize_net() {
 0)   7.895 us    |      synchronize_rcu_expedited();
 0)   8.325 us    |    }
 0)   8.877 us    |  }
 0)               |  vxlan_sock_release [vxlan]() {
 0)               |    synchronize_net() {
 0)   7.884 us    |      synchronize_rcu_expedited();
 0)   8.316 us    |    }
 0)   8.796 us    |  }
 0)               |  vxlan_sock_release [vxlan]() {
 0)               |    synchronize_net() {
 0)   7.834 us    |      synchronize_rcu_expedited();
 0)   8.266 us    |    }
 0)   8.736 us    |  }
 0)               |  vxlan_sock_release [vxlan]() {
 0)               |    synchronize_net() {
 0)   7.875 us    |      synchronize_rcu_expedited();
 0)   8.316 us    |    }
 0)   8.786 us    |  }
 0)               |  vxlan_sock_release [vxlan]() {
 0)               |    synchronize_net() {
 0)   7.825 us    |      synchronize_rcu_expedited();
 0)   8.255 us    |    }
 0)   8.726 us    |  }
 0)               |  vxlan_sock_release [vxlan]() {
 0)               |    synchronize_net() {
 0)   7.825 us    |      synchronize_rcu_expedited();
 0)   8.245 us    |    }
 0)   8.717 us    |  }
 0)               |  vxlan_sock_release [vxlan]() {
 0)               |    synchronize_net() {
 0)   8.226 us    |      synchronize_rcu_expedited();
 0)   8.656 us    |    }
 0)   9.147 us    |  }
 0)               |  vxlan_sock_release [vxlan]() {
 0)               |    synchronize_net() {
 0)   7.815 us    |      synchronize_rcu_expedited();
 0)   8.245 us    |    }
 0)   8.726 us    |  }
 0)               |  vxlan_sock_release [vxlan]() {
 0)               |    synchronize_net() {
 0)   7.775 us    |      synchronize_rcu_expedited();
 0)   8.205 us    |    }
 0)   8.686 us    |  }
 0)               |  vxlan_sock_release [vxlan]() {
 0)               |    synchronize_net() {
 0)   7.805 us    |      synchronize_rcu_expedited();
 0)   8.235 us    |    }
 0)   8.736 us    |  }
 0)               |  vxlan_sock_release [vxlan]() {
 0)               |    synchronize_net() {
 0)   7.795 us    |      synchronize_rcu_expedited();
 0)   8.235 us    |    }
 0)   8.707 us    |  }
 0)               |  vxlan_sock_release [vxlan]() {
 0)               |    synchronize_net() {
 0)   7.805 us    |      synchronize_rcu_expedited();
 0)   8.235 us    |    }
 0)   8.707 us    |  }
 0)               |  vxlan_sock_release [vxlan]() {
 0)               |    synchronize_net() {
 0)   7.805 us    |      synchronize_rcu_expedited();
 0)   8.235 us    |    }
 0)   8.717 us    |  }
 0)               |  vxlan_sock_release [vxlan]() {
 0)               |    synchronize_net() {
 0)   7.905 us    |      synchronize_rcu_expedited();
 0)   8.336 us    |    }
 0)   8.816 us    |  }
 0)               |  vxlan_sock_release [vxlan]() {
 0)               |    synchronize_net() {
 0)   7.825 us    |      synchronize_rcu_expedited();
 0)   8.256 us    |    }
 0)   8.907 us    |  }
 0)               |  vxlan_sock_release [vxlan]() {
 0)               |    synchronize_net() {
 0)   8.196 us    |      synchronize_rcu_expedited();
 0)   8.616 us    |    }
 0)   9.087 us    |  }
 0)               |  vxlan_sock_release [vxlan]() {
 0)               |    synchronize_net() {
 0)   7.835 us    |      synchronize_rcu_expedited();
 0)   8.265 us    |    }
 0)   8.746 us    |  }
 0)               |  vxlan_sock_release [vxlan]() {
 0)               |    synchronize_net() {
 0)   7.835 us    |      synchronize_rcu_expedited();
 0)   8.275 us    |    }
 0)   8.757 us    |  }
 0)               |  vxlan_sock_release [vxlan]() {
 0)               |    synchronize_net() {
 0)   7.885 us    |      synchronize_rcu_expedited();
 0)   8.305 us    |    }
 0)   8.787 us    |  }
 0)               |  vxlan_sock_release [vxlan]() {
 0)               |    synchronize_net() {
 0)   7.824 us    |      synchronize_rcu_expedited();
 0)   8.246 us    |    }
 0)   8.716 us    |  }
 0)               |  vxlan_sock_release [vxlan]() {
 0)               |    synchronize_net() {
 0)   7.884 us    |      synchronize_rcu_expedited();
 0)   8.386 us    |    }
 0)   8.866 us    |  }
 0)               |  vxlan_sock_release [vxlan]() {
 0)               |    synchronize_net() {
 0)   7.755 us    |      synchronize_rcu_expedited();
 0)   8.185 us    |    }
 0)   8.656 us    |  }
 0)               |  vxlan_sock_release [vxlan]() {
 0)               |    synchronize_net() {
 0)   7.795 us    |      synchronize_rcu_expedited();
 0)   8.235 us    |    }
 0)   8.716 us    |  }
 0)               |  vxlan_sock_release [vxlan]() {
 0)               |    synchronize_net() {
 0)   7.855 us    |      synchronize_rcu_expedited();
 0)   8.275 us    |    }
 0)   8.757 us    |  }
 0)               |  vxlan_sock_release [vxlan]() {
 0)               |    synchronize_net() {
 0)   7.885 us    |      synchronize_rcu_expedited();
 0)   8.325 us    |    }
 0)   8.807 us    |  }
 0)               |  vxlan_sock_release [vxlan]() {
 0)               |    synchronize_net() {
 0)   8.206 us    |      synchronize_rcu_expedited();
 0)   8.636 us    |    }
 0)   9.107 us    |  }
 0)               |  vxlan_sock_release [vxlan]() {
 0)               |    synchronize_net() {
 0)   7.805 us    |      synchronize_rcu_expedited();
 0)   8.245 us    |    }
 0)   8.716 us    |  }
 0)               |  vxlan_sock_release [vxlan]() {
 0)               |    synchronize_net() {
 0)   7.835 us    |      synchronize_rcu_expedited();
 0)   8.255 us    |    }
 0)   8.737 us    |  }
 0)               |  vxlan_sock_release [vxlan]() {
 0)               |    synchronize_net() {
 0)   7.865 us    |      synchronize_rcu_expedited();
 0)   8.305 us    |    }
 0)   8.787 us    |  }
 0)               |  vxlan_sock_release [vxlan]() {
 0)               |    synchronize_net() {
 0)   7.814 us    |      synchronize_rcu_expedited();
 0)   8.246 us    |    }
 0)   8.706 us    |  }
 0)               |  vxlan_sock_release [vxlan]() {
 0)               |    synchronize_net() {
 0)   7.965 us    |      synchronize_rcu_expedited();
 0)   8.396 us    |    }
 0)   9.117 us    |  }
 0)               |  vxlan_sock_release [vxlan]() {
 0)               |    synchronize_net() {
 0)   7.795 us    |      synchronize_rcu_expedited();
 0)   8.225 us    |    }
 0)   8.697 us    |  }
 0)               |  vxlan_sock_release [vxlan]() {
 0)               |    synchronize_net() {
 0)   7.825 us    |      synchronize_rcu_expedited();
 0)   8.255 us    |    }
 0)   8.727 us    |  }
 0)               |  vxlan_sock_release [vxlan]() {
 0)               |    synchronize_net() {
 0)   7.965 us    |      synchronize_rcu_expedited();
 0)   8.396 us    |    }
 0)   8.856 us    |  }
 0)               |  vxlan_sock_release [vxlan]() {
 0)               |    synchronize_net() {
 0) + 25.638 us   |      synchronize_rcu_expedited();
 0) + 26.069 us   |    }
 0) + 26.550 us   |  }
 0)               |  vxlan_sock_release [vxlan]() {
 0)               |    synchronize_net() {
 0) + 22.493 us   |      synchronize_rcu_expedited();
 0) + 22.913 us   |    }
 0) + 23.393 us   |  }
 0)               |  vxlan_sock_release [vxlan]() {
 0)               |    synchronize_net() {
 0) + 20.759 us   |      synchronize_rcu_expedited();
 0) + 21.220 us   |    }
 0) + 21.691 us   |  }
 0)               |  vxlan_sock_release [vxlan]() {
 0)               |    synchronize_net() {
 0) + 16.310 us   |      synchronize_rcu_expedited();
 0) + 16.722 us   |    }
 0) + 17.202 us   |  }
 0)               |  vxlan_sock_release [vxlan]() {
 0)               |    synchronize_net() {
 0) + 15.849 us   |      synchronize_rcu_expedited();
 0) + 16.281 us   |    }
 0) + 16.781 us   |  }
 0)               |  vxlan_sock_release [vxlan]() {
 0)               |    synchronize_net() {
 0) + 16.170 us   |      synchronize_rcu_expedited();
 0) + 16.601 us   |    }
 0) + 17.082 us   |  }
 0)               |  vxlan_sock_release [vxlan]() {
 0)               |    synchronize_net() {
 0) + 15.840 us   |      synchronize_rcu_expedited();
 0) + 16.270 us   |    }
 0) + 16.742 us   |  }
 0)               |  vxlan_sock_release [vxlan]() {
 0)               |    synchronize_net() {
 0) + 15.499 us   |      synchronize_rcu_expedited();
 0) + 15.930 us   |    }
 0) + 16.401 us   |  }
 0)               |  vxlan_sock_release [vxlan]() {
 0)               |    synchronize_net() {
 0) + 15.349 us   |      synchronize_rcu_expedited();
 0) + 15.779 us   |    }
 0) + 16.271 us   |  }
 0)               |  vxlan_sock_release [vxlan]() {
 0)               |    synchronize_net() {
 0) + 15.259 us   |      synchronize_rcu_expedited();
 0) + 15.689 us   |    }
 0) + 16.210 us   |  }
 0)               |  vxlan_sock_release [vxlan]() {
 0)               |    synchronize_net() {
 0) + 15.248 us   |      synchronize_rcu_expedited();
 0) + 15.680 us   |    }
 0) + 16.150 us   |  }
 0)               |  vxlan_sock_release [vxlan]() {
 0)               |    synchronize_net() {
 0) + 16.220 us   |      synchronize_rcu_expedited();
 0) + 16.671 us   |    }
 0) + 17.182 us   |  }
 0)               |  vxlan_sock_release [vxlan]() {
 0)               |    synchronize_net() {
 0) + 16.571 us   |      synchronize_rcu_expedited();
 0) + 17.002 us   |    }
 0) + 17.824 us   |  }
 0)               |  vxlan_sock_release [vxlan]() {
 0)               |    synchronize_net() {
 0) + 15.409 us   |      synchronize_rcu_expedited();
 0) + 15.830 us   |    }
 0) + 16.291 us   |  }
 0)               |  vxlan_sock_release [vxlan]() {
 0)               |    synchronize_net() {
 0) + 17.352 us   |      synchronize_rcu_expedited();
 0) + 17.774 us   |    }
 0) + 18.324 us   |  }
 0)               |  vxlan_sock_release [vxlan]() {
 0)               |    synchronize_net() {
 0) + 16.300 us   |      synchronize_rcu_expedited();
 0) + 16.732 us   |    }
 0) + 17.202 us   |  }
 0)               |  vxlan_sock_release [vxlan]() {
 0)               |    synchronize_net() {
 0) + 16.181 us   |      synchronize_rcu_expedited();
 0) + 16.611 us   |    }
 0) + 17.082 us   |  }
 0)               |  vxlan_sock_release [vxlan]() {
 0)               |    synchronize_net() {
 0) + 16.701 us   |      synchronize_rcu_expedited();
 0) + 17.112 us   |    }
 0) + 17.583 us   |  }
 0)               |  vxlan_sock_release [vxlan]() {
 0)               |    synchronize_net() {
 0) + 15.970 us   |      synchronize_rcu_expedited();
 0) + 16.401 us   |    }
 0) + 16.861 us   |  }
 0)               |  vxlan_sock_release [vxlan]() {
 0)               |    synchronize_net() {
 0) + 15.379 us   |      synchronize_rcu_expedited();
 0) + 15.800 us   |    }
 0) + 16.280 us   |  }
 0)               |  vxlan_sock_release [vxlan]() {
 0)               |    synchronize_net() {
 0) + 15.199 us   |      synchronize_rcu_expedited();
 0) + 15.619 us   |    }
 0) + 16.090 us   |  }
 0)               |  vxlan_sock_release [vxlan]() {
 0)               |    synchronize_net() {
 0) + 20.138 us   |      synchronize_rcu_expedited();
 0) + 20.568 us   |    }
 0) + 21.030 us   |  }
 0)               |  vxlan_sock_release [vxlan]() {
 0)               |    synchronize_net() {
 0) + 18.114 us   |      synchronize_rcu_expedited();
 0) + 18.625 us   |    }
 0) + 19.086 us   |  }
 0)               |  vxlan_sock_release [vxlan]() {
 0)               |    synchronize_net() {
 0) + 18.275 us   |      synchronize_rcu_expedited();
 0) + 18.705 us   |    }
 0) + 19.156 us   |  }
 0)               |  vxlan_sock_release [vxlan]() {
 0)               |    synchronize_net() {
 0) + 18.595 us   |      synchronize_rcu_expedited();
 0) + 19.015 us   |    }
 0) + 19.477 us   |  }
 0)               |  vxlan_sock_release [vxlan]() {
 0)               |    synchronize_net() {
 0) + 16.340 us   |      synchronize_rcu_expedited();
 0) + 16.762 us   |    }
 0) + 17.232 us   |  }
 0)               |  vxlan_sock_release [vxlan]() {
 0)               |    synchronize_net() {
 0) + 14.297 us   |      synchronize_rcu_expedited();
 0) + 14.728 us   |    }
 0) + 15.178 us   |  }
 0)               |  vxlan_sock_release [vxlan]() {
 0)               |    synchronize_net() {
 0) + 13.946 us   |      synchronize_rcu_expedited();
 0) + 14.366 us   |    }
 0) + 14.838 us   |  }
 0)               |  vxlan_sock_release [vxlan]() {
 0)               |    synchronize_net() {
 0) + 14.397 us   |      synchronize_rcu_expedited();
 0) + 14.818 us   |    }
 0) + 15.749 us   |  }
 0)               |  vxlan_sock_release [vxlan]() {
 0)               |    synchronize_net() {
 0) + 12.614 us   |      synchronize_rcu_expedited();
 0) + 13.034 us   |    }
 0) + 13.495 us   |  }
 0)               |  vxlan_sock_release [vxlan]() {
 0)               |    synchronize_net() {
 0) + 12.323 us   |      synchronize_rcu_expedited();
 0) + 12.744 us   |    }
 0) + 13.235 us   |  }
 0)               |  vxlan_sock_release [vxlan]() {
 0)               |    synchronize_net() {
 0) + 11.461 us   |      synchronize_rcu_expedited();
 0) + 11.892 us   |    }
 0) + 12.363 us   |  }
 0)               |  vxlan_sock_release [vxlan]() {
 0)               |    synchronize_net() {
 0) + 12.513 us   |      synchronize_rcu_expedited();
 0) + 12.944 us   |    }
 0) + 13.485 us   |  }
 0)               |  vxlan_sock_release [vxlan]() {
 0)               |    synchronize_net() {
 0) + 13.956 us   |      synchronize_rcu_expedited();
 0) + 14.407 us   |    }
 0) + 14.878 us   |  }
 0)               |  vxlan_sock_release [vxlan]() {
 0)               |    synchronize_net() {
 0) + 11.642 us   |      synchronize_rcu_expedited();
 0) + 12.062 us   |    }
 0) + 12.544 us   |  }
 0)               |  vxlan_sock_release [vxlan]() {
 0)               |    synchronize_net() {
 0) + 12.694 us   |      synchronize_rcu_expedited();
 0) + 13.125 us   |    }
 0) + 13.595 us   |  }
 0)               |  vxlan_sock_release [vxlan]() {
 0)               |    synchronize_net() {
 0) + 28.313 us   |      synchronize_rcu_expedited();
 0) + 28.734 us   |    }
 0) + 29.215 us   |  }
 0)               |  vxlan_sock_release [vxlan]() {
 0)               |    synchronize_net() {
 0) + 31.008 us   |      synchronize_rcu_expedited();
 0) + 31.449 us   |    }
 0) + 31.920 us   |  }
 0)               |  vxlan_sock_release [vxlan]() {
 0)               |    synchronize_net() {
 0) + 13.025 us   |      synchronize_rcu_expedited();
 0) + 13.445 us   |    }
 0) + 13.976 us   |  }
 0)               |  vxlan_sock_release [vxlan]() {
 0)               |    synchronize_net() {
 0) + 16.471 us   |      synchronize_rcu_expedited();
 0) + 16.901 us   |    }
 0) + 17.363 us   |  }
 0)               |  vxlan_sock_release [vxlan]() {
 0)               |    synchronize_net() {
 0) + 12.594 us   |      synchronize_rcu_expedited();
 0) + 13.104 us   |    }
 0) + 13.566 us   |  }
 0)               |  vxlan_sock_release [vxlan]() {
 0)               |    synchronize_net() {
 0) + 12.653 us   |      synchronize_rcu_expedited();
 0) + 13.085 us   |    }
 0) + 13.555 us   |  }
 0)               |  vxlan_sock_release [vxlan]() {
 0)               |    synchronize_net() {
 0) + 12.774 us   |      synchronize_rcu_expedited();
 0) + 13.205 us   |    }
 0) + 13.666 us   |  }
 0)               |  vxlan_sock_release [vxlan]() {
 0)               |    synchronize_net() {
 0) + 13.365 us   |      synchronize_rcu_expedited();
 0) + 13.796 us   |    }
 0) + 14.267 us   |  }
 0)               |  vxlan_sock_release [vxlan]() {
 0)               |    synchronize_net() {
 0) + 12.513 us   |      synchronize_rcu_expedited();
 0) + 12.955 us   |    }
 0) + 13.625 us   |  }
 0)               |  vxlan_sock_release [vxlan]() {
 0)               |    synchronize_net() {
 0) + 12.844 us   |      synchronize_rcu_expedited();
 0) + 13.265 us   |    }
 0) + 13.726 us   |  }
 0)               |  vxlan_sock_release [vxlan]() {
 0)               |    synchronize_net() {
 0) + 12.694 us   |      synchronize_rcu_expedited();
 0) + 13.135 us   |    }
 0) + 13.585 us   |  }
 0)               |  vxlan_sock_release [vxlan]() {
 0)               |    synchronize_net() {
 0) + 13.195 us   |      synchronize_rcu_expedited();
 0) + 13.625 us   |    }
 0) + 14.087 us   |  }
 0)               |  vxlan_sock_release [vxlan]() {
 0)               |    synchronize_net() {
 0) + 12.894 us   |      synchronize_rcu_expedited();
 0) + 13.325 us   |    }
 0) + 13.796 us   |  }
 0)               |  vxlan_sock_release [vxlan]() {
 0)               |    synchronize_net() {
 0) + 12.835 us   |      synchronize_rcu_expedited();
 0) + 13.255 us   |    }
 0) + 13.725 us   |  }
 0)               |  vxlan_sock_release [vxlan]() {
 0)               |    synchronize_net() {
 0) + 12.704 us   |      synchronize_rcu_expedited();
 0) + 13.125 us   |    }
 0) + 13.575 us   |  }
 0)               |  vxlan_sock_release [vxlan]() {
 0)               |    synchronize_net() {
 0) + 19.957 us   |      synchronize_rcu_expedited();
 0) + 20.419 us   |    }
 0) + 20.879 us   |  }
 0)               |  vxlan_sock_release [vxlan]() {
 0)               |    synchronize_net() {
 0) + 13.595 us   |      synchronize_rcu_expedited();
 0) + 14.027 us   |    }
 0) + 14.487 us   |  }
 0)               |  vxlan_sock_release [vxlan]() {
 0)               |    synchronize_net() {
 0) + 12.664 us   |      synchronize_rcu_expedited();
 0) + 13.094 us   |    }
 0) + 13.566 us   |  }
 0)               |  vxlan_sock_release [vxlan]() {
 0)               |    synchronize_net() {
 0) + 13.576 us   |      synchronize_rcu_expedited();
 0) + 14.036 us   |    }
 0) + 14.497 us   |  }
 0)               |  vxlan_sock_release [vxlan]() {
 0)               |    synchronize_net() {
 0) + 12.693 us   |      synchronize_rcu_expedited();
 0) + 13.135 us   |    }
 0) + 13.595 us   |  }
 0)               |  vxlan_sock_release [vxlan]() {
 0)               |    synchronize_net() {
 0) + 12.924 us   |      synchronize_rcu_expedited();
 0) + 13.355 us   |    }
 0) + 13.826 us   |  }
 0)               |  vxlan_sock_release [vxlan]() {
 0)               |    synchronize_net() {
 0) + 12.914 us   |      synchronize_rcu_expedited();
 0) + 13.335 us   |    }
 0) + 13.796 us   |  }
 0)               |  vxlan_sock_release [vxlan]() {
 0)               |    synchronize_net() {
 0) + 13.044 us   |      synchronize_rcu_expedited();
 0) + 13.476 us   |    }
 0) + 13.936 us   |  }
 0)               |  vxlan_sock_release [vxlan]() {
 0)               |    synchronize_net() {
 0) + 13.395 us   |      synchronize_rcu_expedited();
 0) + 13.826 us   |    }
 0) + 14.287 us   |  }
 0)               |  vxlan_sock_release [vxlan]() {
 0)               |    synchronize_net() {
 0) + 13.695 us   |      synchronize_rcu_expedited();
 0) + 14.187 us   |    }
 0) + 15.148 us   |  }
 0)               |  vxlan_sock_release [vxlan]() {
 0)               |    synchronize_net() {
 0) + 19.957 us   |      synchronize_rcu_expedited();
 0) + 20.419 us   |    }
 0) + 20.929 us   |  }
 0)               |  vxlan_sock_release [vxlan]() {
 0)               |    synchronize_net() {
 0) + 13.024 us   |      synchronize_rcu_expedited();
 0) + 13.445 us   |    }
 0) + 13.916 us   |  }
 0)               |  vxlan_sock_release [vxlan]() {
 0)               |    synchronize_net() {
 0) + 12.694 us   |      synchronize_rcu_expedited();
 0) + 13.125 us   |    }
 0) + 13.585 us   |  }
 0)               |  vxlan_sock_release [vxlan]() {
 0)               |    synchronize_net() {
 0) + 13.626 us   |      synchronize_rcu_expedited();
 0) + 14.046 us   |    }
 0) + 14.508 us   |  }
 0)               |  vxlan_sock_release [vxlan]() {
 0)               |    synchronize_net() {
 0) + 13.636 us   |      synchronize_rcu_expedited();
 0) + 14.076 us   |    }
 0) + 14.537 us   |  }
 0)               |  vxlan_sock_release [vxlan]() {
 0)               |    synchronize_net() {
 0) + 13.084 us   |      synchronize_rcu_expedited();
 0) + 13.515 us   |    }
 0) + 13.976 us   |  }
 0)               |  vxlan_sock_release [vxlan]() {
 0)               |    synchronize_net() {
 0) + 12.744 us   |      synchronize_rcu_expedited();
 0) + 13.244 us   |    }
 0) + 13.736 us   |  }
 0)               |  vxlan_sock_release [vxlan]() {
 0)               |    synchronize_net() {
 0) + 13.395 us   |      synchronize_rcu_expedited();
 0) + 13.816 us   |    }
 0) + 14.317 us   |  }
 0)               |  vxlan_sock_release [vxlan]() {
 0)               |    synchronize_net() {
 0) + 13.095 us   |      synchronize_rcu_expedited();
 0) + 13.565 us   |    }
 0) + 14.016 us   |  }
 0)               |  vxlan_sock_release [vxlan]() {
 0)               |    synchronize_net() {
 0) + 13.435 us   |      synchronize_rcu_expedited();
 0) + 13.876 us   |    }
 0) + 14.327 us   |  }
 0)               |  vxlan_sock_release [vxlan]() {
 0)               |    synchronize_net() {
 0) + 13.486 us   |      synchronize_rcu_expedited();
 0) + 13.926 us   |    }
 0) + 14.387 us   |  }
 0)               |  vxlan_sock_release [vxlan]() {
 0)               |    synchronize_net() {
 0) + 13.615 us   |      synchronize_rcu_expedited();
 0) + 14.047 us   |    }
 0) + 14.507 us   |  }
 0)               |  vxlan_sock_release [vxlan]() {
 0)               |    synchronize_net() {
 0) + 13.194 us   |      synchronize_rcu_expedited();
 0) + 13.626 us   |    }
 0) + 14.106 us   |  }
 0)               |  vxlan_sock_release [vxlan]() {
 0)               |    synchronize_net() {
 0) + 12.874 us   |      synchronize_rcu_expedited();
 0) + 13.304 us   |    }
 0) + 13.776 us   |  }
 0)               |  vxlan_sock_release [vxlan]() {
 0)               |    synchronize_net() {
 0) + 12.393 us   |      synchronize_rcu_expedited();
 0) + 12.814 us   |    }
 0) + 13.295 us   |  }
 0)               |  vxlan_sock_release [vxlan]() {
 0)               |    synchronize_net() {
 0) + 13.496 us   |      synchronize_rcu_expedited();
 0) + 13.926 us   |    }
 0) + 14.638 us   |  }
 0)               |  vxlan_sock_release [vxlan]() {
 0)               |    synchronize_net() {
 0) + 13.185 us   |      synchronize_rcu_expedited();
 0) + 13.606 us   |    }
 0) + 14.066 us   |  }
 0)               |  vxlan_sock_release [vxlan]() {
 0)               |    synchronize_net() {
 0) + 12.744 us   |      synchronize_rcu_expedited();
 0) + 13.175 us   |    }
 0) + 13.655 us   |  }
 0)               |  vxlan_sock_release [vxlan]() {
 0)               |    synchronize_net() {
 0) + 13.475 us   |      synchronize_rcu_expedited();
 0) + 13.916 us   |    }
 0) + 14.387 us   |  }
 0)               |  vxlan_sock_release [vxlan]() {
 0)               |    synchronize_net() {
 0) + 13.495 us   |      synchronize_rcu_expedited();
 0) + 13.926 us   |    }
 0) + 14.387 us   |  }
 0)               |  vxlan_sock_release [vxlan]() {
 0)               |    synchronize_net() {
 0) + 12.784 us   |      synchronize_rcu_expedited();
 0) + 13.225 us   |    }
 0) + 13.675 us   |  }
 0)               |  vxlan_sock_release [vxlan]() {
 0)               |    synchronize_net() {
 0) + 12.624 us   |      synchronize_rcu_expedited();
 0) + 13.055 us   |    }
 0) + 13.515 us   |  }
 0)               |  vxlan_sock_release [vxlan]() {
 0)               |    synchronize_net() {
 0) + 12.463 us   |      synchronize_rcu_expedited();
 0) + 12.894 us   |    }
 0) + 13.375 us   |  }
 0)               |  vxlan_sock_release [vxlan]() {
 0)               |    synchronize_net() {
 0) + 13.495 us   |      synchronize_rcu_expedited();
 0) + 13.916 us   |    }
 0) + 14.397 us   |  }
 0)               |  vxlan_sock_release [vxlan]() {
 0)               |    synchronize_net() {
 0) + 13.626 us   |      synchronize_rcu_expedited();
 0) + 14.066 us   |    }
 0) + 14.528 us   |  }
 0)               |  vxlan_sock_release [vxlan]() {
 0)               |    synchronize_net() {
 0) + 13.094 us   |      synchronize_rcu_expedited();
 0) + 13.526 us   |    }
 0) + 14.006 us   |  }
 0)               |  vxlan_sock_release [vxlan]() {
 0)               |    synchronize_net() {
 0) + 13.115 us   |      synchronize_rcu_expedited();
 0) + 13.615 us   |    }
 0) + 14.077 us   |  }
 0)               |  vxlan_sock_release [vxlan]() {
 0)               |    synchronize_net() {
 0) + 12.994 us   |      synchronize_rcu_expedited();
 0) + 13.425 us   |    }
 0) + 13.876 us   |  }
 0)               |  vxlan_sock_release [vxlan]() {
 0)               |    synchronize_net() {
 0) + 13.575 us   |      synchronize_rcu_expedited();
 0) + 13.996 us   |    }
 0) + 14.547 us   |  }
 0)               |  vxlan_sock_release [vxlan]() {
 0)               |    synchronize_net() {
 0) + 13.636 us   |      synchronize_rcu_expedited();
 0) + 14.136 us   |    }
 0) + 14.597 us   |  }
 0)               |  vxlan_sock_release [vxlan]() {
 0)               |    synchronize_net() {
 0) + 13.245 us   |      synchronize_rcu_expedited();
 0) + 13.665 us   |    }
 0) + 14.107 us   |  }
 0)               |  vxlan_sock_release [vxlan]() {
 0)               |    synchronize_net() {
 0) + 25.137 us   |      synchronize_rcu_expedited();
 0) + 25.568 us   |    }
 0) + 26.480 us   |  }
 0)               |  vxlan_sock_release [vxlan]() {
 0)               |    synchronize_net() {
 0) + 12.774 us   |      synchronize_rcu_expedited();
 0) + 13.195 us   |    }
 0) + 13.665 us   |  }
 0)               |  vxlan_sock_release [vxlan]() {
 0)               |    synchronize_net() {
 0) + 13.004 us   |      synchronize_rcu_expedited();
 0) + 13.435 us   |    }
 0) + 13.906 us   |  }
 0)               |  vxlan_sock_release [vxlan]() {
 0)               |    synchronize_net() {
 0) + 12.524 us   |      synchronize_rcu_expedited();
 0) + 12.944 us   |    }
 0) + 13.415 us   |  }
 0)               |  vxlan_sock_release [vxlan]() {
 0)               |    synchronize_net() {
 0) + 12.844 us   |      synchronize_rcu_expedited();
 0) + 13.275 us   |    }
 0) + 13.736 us   |  }
 0)               |  vxlan_sock_release [vxlan]() {
 0)               |    synchronize_net() {
 0) + 12.583 us   |      synchronize_rcu_expedited();
 0) + 13.255 us   |    }
 0) + 13.705 us   |  }
 0)               |  vxlan_sock_release [vxlan]() {
 0)               |    synchronize_net() {
 0) + 12.964 us   |      synchronize_rcu_expedited();
 0) + 13.395 us   |    }
 0) + 13.956 us   |  }
 0)               |  vxlan_sock_release [vxlan]() {
 0)               |    synchronize_net() {
 0) + 13.345 us   |      synchronize_rcu_expedited();
 0) + 13.776 us   |    }
 0) + 14.277 us   |  }
 0)               |  vxlan_sock_release [vxlan]() {
 0)               |    synchronize_net() {
 0) + 13.706 us   |      synchronize_rcu_expedited();
 0) + 14.147 us   |    }
 0) + 14.637 us   |  }
 0)               |  vxlan_sock_release [vxlan]() {
 0)               |    synchronize_net() {
 0) + 12.614 us   |      synchronize_rcu_expedited();
 0) + 13.084 us   |    }
 0) + 13.545 us   |  }
 0)               |  vxlan_sock_release [vxlan]() {
 0)               |    synchronize_net() {
 0) + 13.465 us   |      synchronize_rcu_expedited();
 0) + 13.886 us   |    }
 0) + 14.357 us   |  }
 0)               |  vxlan_sock_release [vxlan]() {
 0)               |    synchronize_net() {
 0) + 12.594 us   |      synchronize_rcu_expedited();
 0) + 13.014 us   |    }
 0) + 13.486 us   |  }
 0)               |  vxlan_sock_release [vxlan]() {
 0)               |    synchronize_net() {
 0) + 19.998 us   |      synchronize_rcu_expedited();
 0) + 20.428 us   |    }
 0) + 20.889 us   |  }
 0)               |  vxlan_sock_release [vxlan]() {
 0)               |    synchronize_net() {
 0) + 14.137 us   |      synchronize_rcu_expedited();
 0) + 14.567 us   |    }
 0) + 15.119 us   |  }
 0)               |  vxlan_sock_release [vxlan]() {
 0)               |    synchronize_net() {
 0) + 13.435 us   |      synchronize_rcu_expedited();
 0) + 13.876 us   |    }
 0) + 14.367 us   |  }
 0)               |  vxlan_sock_release [vxlan]() {
 0)               |    synchronize_net() {
 0) + 12.864 us   |      synchronize_rcu_expedited();
 0) + 13.355 us   |    }
 0) + 13.806 us   |  }
 0)               |  vxlan_sock_release [vxlan]() {
 0)               |    synchronize_net() {
 0) + 13.175 us   |      synchronize_rcu_expedited();
 0) + 13.596 us   |    }
 0) + 14.547 us   |  }
 0)               |  vxlan_sock_release [vxlan]() {
 0)               |    synchronize_net() {
 0) + 18.735 us   |      synchronize_rcu_expedited();
 0) + 19.166 us   |    }
 0) + 19.777 us   |  }
 0)               |  vxlan_sock_release [vxlan]() {
 0)               |    synchronize_net() {
 0) + 13.205 us   |      synchronize_rcu_expedited();
 0) + 13.636 us   |    }
 0) + 14.106 us   |  }
 0)               |  vxlan_sock_release [vxlan]() {
 0)               |    synchronize_net() {
 0) + 12.944 us   |      synchronize_rcu_expedited();
 0) + 13.375 us   |    }
 0) + 13.846 us   |  }
 0)               |  vxlan_sock_release [vxlan]() {
 0)               |    synchronize_net() {
 0) + 12.754 us   |      synchronize_rcu_expedited();
 0) + 13.185 us   |    }
 0) + 13.646 us   |  }
 0)               |  vxlan_sock_release [vxlan]() {
 0)               |    synchronize_net() {
 0) + 14.016 us   |      synchronize_rcu_expedited();
 0) + 14.468 us   |    }
 0) + 14.968 us   |  }
 0)               |  vxlan_sock_release [vxlan]() {
 0)               |    synchronize_net() {
 0) + 17.403 us   |      synchronize_rcu_expedited();
 0) + 17.863 us   |    }
 0) + 18.415 us   |  }
 0)               |  vxlan_sock_release [vxlan]() {
 0)               |    synchronize_net() {
 0) + 16.320 us   |      synchronize_rcu_expedited();
 0) + 16.762 us   |    }
 0) + 17.242 us   |  }
 0)               |  vxlan_sock_release [vxlan]() {
 0)               |    synchronize_net() {
 0) + 13.516 us   |      synchronize_rcu_expedited();
 0) + 13.956 us   |    }
 0) + 14.417 us   |  }
 0)               |  vxlan_sock_release [vxlan]() {
 0)               |    synchronize_net() {
 0) + 13.455 us   |      synchronize_rcu_expedited();
 0) + 13.876 us   |    }
 0) + 14.347 us   |  }
 0)               |  vxlan_sock_release [vxlan]() {
 0)               |    synchronize_net() {
 0) + 13.445 us   |      synchronize_rcu_expedited();
 0) + 13.876 us   |    }
 0) + 14.337 us   |  }
 0)               |  vxlan_sock_release [vxlan]() {
 0)               |    synchronize_net() {
 0) + 12.674 us   |      synchronize_rcu_expedited();
 0) + 13.104 us   |    }
 0) + 13.566 us   |  }
 0)               |  vxlan_sock_release [vxlan]() {
 0)               |    synchronize_net() {
 0) + 13.425 us   |      synchronize_rcu_expedited();
 0) + 13.926 us   |    }
 0) + 14.408 us   |  }
 0)               |  vxlan_sock_release [vxlan]() {
 0)               |    synchronize_net() {
 0) + 13.536 us   |      synchronize_rcu_expedited();
 0) + 13.966 us   |    }
 0) + 14.447 us   |  }
 0)               |  vxlan_sock_release [vxlan]() {
 0)               |    synchronize_net() {
 0) + 12.885 us   |      synchronize_rcu_expedited();
 0) + 13.395 us   |    }
 0) + 13.856 us   |  }
 0)               |  vxlan_sock_release [vxlan]() {
 0)               |    synchronize_net() {
 0) + 12.844 us   |      synchronize_rcu_expedited();
 0) + 13.275 us   |    }
 0) + 13.746 us   |  }
 0)               |  vxlan_sock_release [vxlan]() {
 0)               |    synchronize_net() {
 0) + 12.945 us   |      synchronize_rcu_expedited();
 0) + 13.365 us   |    }
 0) + 14.086 us   |  }
 0)               |  vxlan_sock_release [vxlan]() {
 0)               |    synchronize_net() {
 0) + 12.954 us   |      synchronize_rcu_expedited();
 0) + 13.385 us   |    }
 0) + 13.846 us   |  }
 0)               |  vxlan_sock_release [vxlan]() {
 0)               |    synchronize_net() {
 0) + 13.615 us   |      synchronize_rcu_expedited();
 0) + 14.057 us   |    }
 0) + 14.527 us   |  }
 0)               |  vxlan_sock_release [vxlan]() {
 0)               |    synchronize_net() {
 0) + 13.135 us   |      synchronize_rcu_expedited();
 0) + 13.566 us   |    }
 0) + 14.026 us   |  }
 0)               |  vxlan_sock_release [vxlan]() {
 0)               |    synchronize_net() {
 0) + 13.635 us   |      synchronize_rcu_expedited();
 0) + 14.067 us   |    }
 0) + 14.537 us   |  }
 0)               |  vxlan_sock_release [vxlan]() {
 0)               |    synchronize_net() {
 0) + 13.345 us   |      synchronize_rcu_expedited();
 0) + 13.766 us   |    }
 0) + 14.237 us   |  }
 0)               |  vxlan_sock_release [vxlan]() {
 0)               |    synchronize_net() {
 0) + 13.425 us   |      synchronize_rcu_expedited();
 0) + 13.846 us   |    }
 0) + 14.457 us   |  }
 0)               |  vxlan_sock_release [vxlan]() {
 0)               |    synchronize_net() {
 0) + 12.613 us   |      synchronize_rcu_expedited();
 0) + 13.035 us   |    }
 0) + 13.565 us   |  }
 0)               |  vxlan_sock_release [vxlan]() {
 0)               |    synchronize_net() {
 0) + 13.555 us   |      synchronize_rcu_expedited();
 0) + 13.987 us   |    }
 0) + 14.467 us   |  }
 0)               |  vxlan_sock_release [vxlan]() {
 0)               |    synchronize_net() {
 0) + 13.696 us   |      synchronize_rcu_expedited();
 0) + 14.127 us   |    }
 0) + 14.597 us   |  }
 0)               |  vxlan_sock_release [vxlan]() {
 0)               |    synchronize_net() {
 0) + 13.615 us   |      synchronize_rcu_expedited();
 0) + 14.046 us   |    }
 0) + 14.517 us   |  }
 0)               |  vxlan_sock_release [vxlan]() {
 0)               |    synchronize_net() {
 0) + 12.473 us   |      synchronize_rcu_expedited();
 0) + 12.905 us   |    }
 0) + 13.375 us   |  }
 0)               |  vxlan_sock_release [vxlan]() {
 0)               |    synchronize_net() {
 0) + 12.904 us   |      synchronize_rcu_expedited();
 0) + 13.345 us   |    }
 0) + 13.836 us   |  }
 0)               |  vxlan_sock_release [vxlan]() {
 0)               |    synchronize_net() {
 0) + 13.456 us   |      synchronize_rcu_expedited();
 0) + 13.896 us   |    }
 0) + 14.367 us   |  }
 0)               |  vxlan_sock_release [vxlan]() {
 0)               |    synchronize_net() {
 0) + 12.814 us   |      synchronize_rcu_expedited();
 0) + 13.244 us   |    }
 0) + 13.726 us   |  }
 0)               |  vxlan_sock_release [vxlan]() {
 0)               |    synchronize_net() {
 0) + 13.185 us   |      synchronize_rcu_expedited();
 0) + 13.635 us   |    }
 0) + 14.097 us   |  }
 0)               |  vxlan_sock_release [vxlan]() {
 0)               |    synchronize_net() {
 0) + 12.804 us   |      synchronize_rcu_expedited();
 0) + 13.245 us   |    }
 0) + 14.036 us   |  }
 0)               |  vxlan_sock_release [vxlan]() {
 0)               |    synchronize_net() {
 0) + 13.055 us   |      synchronize_rcu_expedited();
 0) + 13.485 us   |    }
 0) + 13.956 us   |  }
 0)               |  vxlan_sock_release [vxlan]() {
 0)               |    synchronize_net() {
 0) + 12.764 us   |      synchronize_rcu_expedited();
 0) + 13.185 us   |    }
 0) + 13.656 us   |  }
 0)               |  vxlan_sock_release [vxlan]() {
 0)               |    synchronize_net() {
 0) + 13.495 us   |      synchronize_rcu_expedited();
 0) + 13.926 us   |    }
 0) + 14.407 us   |  }
 0)               |  vxlan_sock_release [vxlan]() {
 0)               |    synchronize_net() {
 0) + 13.385 us   |      synchronize_rcu_expedited();
 0) + 13.816 us   |    }
 0) + 14.276 us   |  }
 0)               |  vxlan_sock_release [vxlan]() {
 0)               |    synchronize_net() {
 0) + 12.694 us   |      synchronize_rcu_expedited();
 0) + 13.124 us   |    }
 0) + 13.606 us   |  }
 0)               |  vxlan_sock_release [vxlan]() {
 0)               |    synchronize_net() {
 0) + 13.406 us   |      synchronize_rcu_expedited();
 0) + 13.846 us   |    }
 0) + 14.327 us   |  }
 0)               |  vxlan_sock_release [vxlan]() {
 0)               |    synchronize_net() {
 0) + 13.325 us   |      synchronize_rcu_expedited();
 0) + 13.756 us   |    }
 0) + 14.237 us   |  }
 0)               |  vxlan_sock_release [vxlan]() {
 0)               |    synchronize_net() {
 0) + 12.583 us   |      synchronize_rcu_expedited();
 0) + 13.015 us   |    }
 0)               |    udp_tunnel_sock_release [udp_tunnel]() {
 0) * 17659.82 us |      synchronize_rcu();
 0) * 17670.27 us |    }
 0) * 17768.24 us |  }
 0) + 30.367 us   |  synchronize_rcu_expedited();
 5) + 85.340 us   |  synchronize_rcu_expedited();
