# tracer: function_graph
#
# CPU  DURATION                  FUNCTION CALLS
# |     |   |                     |   |   |   |
 7)               |  synchronize_net() {
 7) + 60.072 us   |    synchronize_rcu_expedited();
 7) + 62.978 us   |  }
 7)               |  vxlan_sock_release [vxlan]() {
 7)               |    synchronize_net() {
 7) + 18.444 us   |      synchronize_rcu_expedited();
 7) + 18.946 us   |    }
 7)               |    udp_tunnel_sock_release [udp_tunnel]() {
 7) * 38415.39 us |      synchronize_rcu();
 7) * 38425.26 us |    }
 7) * 38470.73 us |  }
 7)               |  vxlan_sock_release [vxlan]() {
 7)               |    synchronize_net() {
 7) + 54.422 us   |      synchronize_rcu_expedited();
 7) + 55.193 us   |    }
 7)               |    udp_tunnel_sock_release [udp_tunnel]() {
 7) * 35903.45 us |      synchronize_rcu();
 7) * 35921.42 us |    }
 7) * 36220.68 us |  }
 7)               |  vxlan_sock_release [vxlan]() {
 7)               |    synchronize_net() {
 7) + 56.256 us   |      synchronize_rcu_expedited();
 7) + 58.269 us   |    }
 7)               |    udp_tunnel_sock_release [udp_tunnel]() {
 7) * 19645.68 us |      synchronize_rcu();
 7) * 19664.43 us |    }
 7) * 19842.98 us |  }
 7)               |  vxlan_sock_release [vxlan]() {
 7)               |    synchronize_net() {
 7) + 75.140 us   |      synchronize_rcu_expedited();
 7) + 77.185 us   |    }
 7)               |    udp_tunnel_sock_release [udp_tunnel]() {
 7) * 23734.27 us |      synchronize_rcu();
 7) * 23749.53 us |    }
 7) * 23956.29 us |  }
 7)               |  vxlan_sock_release [vxlan]() {
 7)               |    synchronize_net() {
 7) ! 167.934 us  |      synchronize_rcu_expedited();
 7) ! 171.191 us  |    }
 7)               |    udp_tunnel_sock_release [udp_tunnel]() {
 7) * 27703.88 us |      synchronize_rcu();
 7) * 27715.23 us |    }
 7) * 27993.10 us |  }
 7)               |  vxlan_sock_release [vxlan]() {
 7)               |    synchronize_net() {
 7) + 95.759 us   |      synchronize_rcu_expedited();
 7) + 98.024 us   |    }
 7)               |    udp_tunnel_sock_release [udp_tunnel]() {
 7) * 15863.08 us |      synchronize_rcu();
 5) * 23831.47 us |      } /* synchronize_rcu */
 5) * 23843.30 us |    } /* udp_tunnel_sock_release [udp_tunnel] */
 5) * 24067.47 us |  } /* vxlan_sock_release [vxlan] */
 5)               |  vxlan_sock_release [vxlan]() {
 5)               |    synchronize_net() {
 5) + 71.945 us   |      synchronize_rcu_expedited();
 5) + 73.879 us   |    }
 5)               |    udp_tunnel_sock_release [udp_tunnel]() {
 5) * 31649.96 us |      synchronize_rcu();
 5) * 31668.75 us |    }
 5) * 31872.76 us |  }
 5)               |  vxlan_sock_release [vxlan]() {
 5)               |    synchronize_net() {
 5) + 65.132 us   |      synchronize_rcu_expedited();
 5) + 67.327 us   |    }
 5)               |    udp_tunnel_sock_release [udp_tunnel]() {
 5) * 15796.33 us |      synchronize_rcu();
 5) * 15812.97 us |    }
 5) * 15995.67 us |  }
 5)               |  vxlan_sock_release [vxlan]() {
 5)               |    synchronize_net() {
 5) + 72.486 us   |      synchronize_rcu_expedited();
 5) + 74.379 us   |    }
 5)               |    udp_tunnel_sock_release [udp_tunnel]() {
 5) * 27688.38 us |      synchronize_rcu();
 7) * 15874.68 us |    }
 7) * 16053.50 us |  }
 7)               |  vxlan_sock_release [vxlan]() {
 7)               |    synchronize_net() {
 7) + 76.854 us   |      synchronize_rcu_expedited();
 7) + 79.489 us   |    }
 7)               |    udp_tunnel_sock_release [udp_tunnel]() {
 7) * 15604.64 us |      synchronize_rcu();
 7) * 15613.50 us |    }
 7) * 15830.41 us |  }
 7)               |  vxlan_sock_release [vxlan]() {
 7)               |    synchronize_net() {
 7) + 67.296 us   |      synchronize_rcu_expedited();
 7) + 69.150 us   |    }
 7)               |    udp_tunnel_sock_release [udp_tunnel]() {
 7) * 15856.59 us |      synchronize_rcu();
 7) * 15872.07 us |    }
 7) * 16049.20 us |  }
 7)               |  vxlan_sock_release [vxlan]() {
 7)               |    synchronize_net() {
 7) + 70.613 us   |      synchronize_rcu_expedited();
 7) + 72.496 us   |    }
 7)               |    udp_tunnel_sock_release [udp_tunnel]() {
 7) * 19759.94 us |      synchronize_rcu();
 7) * 19770.94 us |    }
 7) * 19962.53 us |  }
 7)               |  vxlan_sock_release [vxlan]() {
 7)               |    synchronize_net() {
 7) + 59.581 us   |      synchronize_rcu_expedited();
 7) + 61.455 us   |    }
 7)               |    udp_tunnel_sock_release [udp_tunnel]() {
 7) * 19798.36 us |      synchronize_rcu();
 7) * 19811.05 us |    }
 7) * 19986.64 us |  }
 7)               |  vxlan_sock_release [vxlan]() {
 7)               |    synchronize_net() {
 7) ! 178.565 us  |      synchronize_rcu_expedited();
 7) ! 181.821 us  |    }
 7)               |    udp_tunnel_sock_release [udp_tunnel]() {
 7) * 19678.45 us |      synchronize_rcu();
 7) * 19689.53 us |    }
 7) * 19982.53 us |  }
 7)               |  vxlan_sock_release [vxlan]() {
 7)               |    synchronize_net() {
 7) ! 176.401 us  |      synchronize_rcu_expedited();
 7) ! 180.168 us  |    }
 7)               |    udp_tunnel_sock_release [udp_tunnel]() {
 7) * 15644.85 us |      synchronize_rcu();
 7) * 15652.93 us |    }
 7) * 15943.48 us |  }
 7)               |  vxlan_sock_release [vxlan]() {
 7)               |    synchronize_net() {
 7) + 42.690 us   |      synchronize_rcu_expedited();
 7) + 44.062 us   |    }
 7)               |    udp_tunnel_sock_release [udp_tunnel]() {
 7) * 23867.07 us |      synchronize_rcu();
 7) * 23877.75 us |    }
 7) * 24015.50 us |  }
 7)               |  vxlan_sock_release [vxlan]() {
 7)               |    synchronize_net() {
 7) ! 179.987 us  |      synchronize_rcu_expedited();
 7) ! 183.454 us  |    }
 7)               |    udp_tunnel_sock_release [udp_tunnel]() {
 7) * 23885.54 us |      synchronize_rcu();
 5) * 27693.45 us |    }
 5) * 27987.48 us |  }
 5)               |  vxlan_sock_release [vxlan]() {
 5)               |    synchronize_net() {
 5) + 55.975 us   |      synchronize_rcu_expedited();
 5) + 56.976 us   |    }
 5)               |    udp_tunnel_sock_release [udp_tunnel]() {
 5) * 15836.55 us |      synchronize_rcu();
 5) * 15849.04 us |    }
 5) * 15989.10 us |  }
 5)               |  vxlan_sock_release [vxlan]() {
 5)               |    synchronize_net() {
 5) + 52.157 us   |      synchronize_rcu_expedited();
 5) + 54.011 us   |    }
 5)               |    udp_tunnel_sock_release [udp_tunnel]() {
 5) * 23804.64 us |      synchronize_rcu();
 5) * 23816.00 us |    }
 5) * 23983.76 us |  }
 5)               |  vxlan_sock_release [vxlan]() {
 5)               |    synchronize_net() {
 5) + 54.202 us   |      synchronize_rcu_expedited();
 5) + 56.146 us   |    }
 5)               |    udp_tunnel_sock_release [udp_tunnel]() {
 5) * 15815.34 us |      synchronize_rcu();
 7) * 23897.62 us |    }
 7) * 24066.72 us |  }
 7)               |  vxlan_sock_release [vxlan]() {
 7)               |    synchronize_net() {
 7) + 72.115 us   |      synchronize_rcu_expedited();
 7) + 74.109 us   |    }
 7)               |    udp_tunnel_sock_release [udp_tunnel]() {
 7) * 15682.59 us |      synchronize_rcu();
 7) * 15693.35 us |    }
 7) * 15879.49 us |  }
 7)               |  vxlan_sock_release [vxlan]() {
 7)               |    synchronize_net() {
 7) + 49.613 us   |      synchronize_rcu_expedited();
 7) + 51.587 us   |    }
 7)               |    udp_tunnel_sock_release [udp_tunnel]() {
 7) * 15805.71 us |      synchronize_rcu();
 7) * 15816.53 us |    }
 7) * 15980.10 us |  }
 7)               |  vxlan_sock_release [vxlan]() {
 7)               |    synchronize_net() {
 7) ! 257.342 us  |      synchronize_rcu_expedited();
 7) ! 260.618 us  |    }
 7)               |    udp_tunnel_sock_release [udp_tunnel]() {
 7) * 15433.02 us |      synchronize_rcu();
 7) * 15444.61 us |    }
 7) * 15979.31 us |  }
 7)               |  vxlan_sock_release [vxlan]() {
 7)               |    synchronize_net() {
 7) + 67.176 us   |      synchronize_rcu_expedited();
 7) + 69.060 us   |    }
 7)               |    udp_tunnel_sock_release [udp_tunnel]() {
 7) * 15788.55 us |      synchronize_rcu();
 7) * 15799.09 us |    }
 7) * 15980.87 us |  }
 7)               |  vxlan_sock_release [vxlan]() {
 7)               |    synchronize_net() {
 7) + 56.586 us   |      synchronize_rcu_expedited();
 7) + 58.449 us   |    }
 7)               |    udp_tunnel_sock_release [udp_tunnel]() {
 7) * 15785.70 us |      synchronize_rcu();
 7) * 15796.26 us |    }
 7) * 15961.91 us |  }
 7)               |  vxlan_sock_release [vxlan]() {
 7)               |    synchronize_net() {
 7) + 63.899 us   |      synchronize_rcu_expedited();
 7) + 66.254 us   |    }
 7)               |    udp_tunnel_sock_release [udp_tunnel]() {
 7) * 23810.72 us |      synchronize_rcu();
 7) * 23828.63 us |    }
 7) * 24007.49 us |  }
 7)               |  vxlan_sock_release [vxlan]() {
 7)               |    synchronize_net() {
 7) + 57.187 us   |      synchronize_rcu_expedited();
 7) + 59.081 us   |    }
 7)               |    udp_tunnel_sock_release [udp_tunnel]() {
 7) * 15784.32 us |      synchronize_rcu();
 7) * 15794.97 us |    }
 7) * 15961.39 us |  }
 7)               |  vxlan_sock_release [vxlan]() {
 7)               |    synchronize_net() {
 7) + 64.401 us   |      synchronize_rcu_expedited();
 7) + 66.625 us   |    }
 7)               |    udp_tunnel_sock_release [udp_tunnel]() {
 7) * 19788.06 us |      synchronize_rcu();
 7) * 19805.22 us |    }
 7) * 19981.45 us |  }
 7)               |  vxlan_sock_release [vxlan]() {
 7)               |    synchronize_net() {
 7) + 55.774 us   |      synchronize_rcu_expedited();
 7) + 57.648 us   |    }
 7)               |    udp_tunnel_sock_release [udp_tunnel]() {
 7) * 27802.03 us |      synchronize_rcu();
 7) * 27814.62 us |    }
 7) * 27982.88 us |  }
 7)               |  vxlan_sock_release [vxlan]() {
 7)               |    synchronize_net() {
 7) + 58.440 us   |      synchronize_rcu_expedited();
 7) + 60.283 us   |    }
 7)               |    udp_tunnel_sock_release [udp_tunnel]() {
 7) * 15773.24 us |      synchronize_rcu();
 7) * 15784.20 us |    }
 7) * 15954.20 us |  }
 7)               |  vxlan_sock_release [vxlan]() {
 7)               |    synchronize_net() {
 7) + 56.836 us   |      synchronize_rcu_expedited();
 7) + 58.700 us   |    }
 7)               |    udp_tunnel_sock_release [udp_tunnel]() {
 7) * 23824.46 us |      synchronize_rcu();
 7) * 23841.85 us |    }
 7) * 24008.34 us |  }
 7)               |  vxlan_sock_release [vxlan]() {
 7)               |    synchronize_net() {
 7) + 57.257 us   |      synchronize_rcu_expedited();
 7) + 59.130 us   |    }
 7)               |    udp_tunnel_sock_release [udp_tunnel]() {
 7) * 23789.41 us |      synchronize_rcu();
 7) * 23802.75 us |    }
 7) * 23973.26 us |  }
 7)               |  vxlan_sock_release [vxlan]() {
 7)               |    synchronize_net() {
 7) + 44.744 us   |      synchronize_rcu_expedited();
 7) + 46.588 us   |    }
 7)               |    udp_tunnel_sock_release [udp_tunnel]() {
 7) * 47815.53 us |      synchronize_rcu();
 7) * 47827.85 us |    }
 7) * 47970.88 us |  }
 7)               |  vxlan_sock_release [vxlan]() {
 7)               |    synchronize_net() {
 7) + 57.007 us   |      synchronize_rcu_expedited();
 7) + 58.870 us   |    }
 7)               |    udp_tunnel_sock_release [udp_tunnel]() {
 7) * 23775.50 us |      synchronize_rcu();
 7) * 23792.02 us |    }
 7) * 23966.87 us |  }
 7)               |  vxlan_sock_release [vxlan]() {
 7)               |    synchronize_net() {
 7) + 60.693 us   |      synchronize_rcu_expedited();
 7) + 62.648 us   |    }
 7)               |    udp_tunnel_sock_release [udp_tunnel]() {
 7) * 23804.37 us |      synchronize_rcu();
 7) * 23819.82 us |    }
 7) * 23995.67 us |  }
 7)               |  vxlan_sock_release [vxlan]() {
 7)               |    synchronize_net() {
 7) + 63.789 us   |      synchronize_rcu_expedited();
 7) + 65.423 us   |    }
 7)               |    udp_tunnel_sock_release [udp_tunnel]() {
 7) * 19780.81 us |      synchronize_rcu();
 7) * 19788.11 us |    }
 7) * 19943.79 us |  }
 7)               |  vxlan_sock_release [vxlan]() {
 7)               |    synchronize_net() {
 7) + 40.045 us   |      synchronize_rcu_expedited();
 7) + 41.297 us   |    }
 7)               |    udp_tunnel_sock_release [udp_tunnel]() {
 7) * 19840.93 us |      synchronize_rcu();
 7) * 19848.16 us |    }
 7) * 19977.66 us |  }
 7)               |  vxlan_sock_release [vxlan]() {
 7)               |    synchronize_net() {
 7) + 44.123 us   |      synchronize_rcu_expedited();
 7) + 45.385 us   |    }
 7)               |    udp_tunnel_sock_release [udp_tunnel]() {
 7) * 23812.95 us |      synchronize_rcu();
 7) * 23816.96 us |    }
 7) * 23949.16 us |  }
 7)               |  vxlan_sock_release [vxlan]() {
 7)               |    synchronize_net() {
 7) + 23.624 us   |      synchronize_rcu_expedited();
 7) + 24.246 us   |    }
 7)               |    udp_tunnel_sock_release [udp_tunnel]() {
 7) * 31955.59 us |      synchronize_rcu();
 7) * 31969.74 us |    }
 7) * 32071.57 us |  }
 7)               |  vxlan_sock_release [vxlan]() {
 7)               |    synchronize_net() {
 7) + 55.905 us   |      synchronize_rcu_expedited();
 7) + 57.417 us   |    }
 7)               |    udp_tunnel_sock_release [udp_tunnel]() {
 7) * 19815.22 us |      synchronize_rcu();
 7) * 19825.63 us |    }
 7) * 19980.49 us |  }
 7)               |  vxlan_sock_release [vxlan]() {
 7)               |    synchronize_net() {
 7) + 54.312 us   |      synchronize_rcu_expedited();
 7) + 56.185 us   |    }
 7)               |    udp_tunnel_sock_release [udp_tunnel]() {
 7) * 15794.61 us |      synchronize_rcu();
 7) * 15805.40 us |    }
 7) * 15969.72 us |  }
 7)               |  vxlan_sock_release [vxlan]() {
 7)               |    synchronize_net() {
 7) + 56.916 us   |      synchronize_rcu_expedited();
 7) + 58.810 us   |    }
 7)               |    udp_tunnel_sock_release [udp_tunnel]() {
 7) * 15813.47 us |      synchronize_rcu();
 7) * 15824.02 us |    }
 7) * 15989.52 us |  }
 7)               |  vxlan_sock_release [vxlan]() {
 7)               |    synchronize_net() {
 7) + 58.309 us   |      synchronize_rcu_expedited();
 7) + 60.393 us   |    }
 7)               |    udp_tunnel_sock_release [udp_tunnel]() {
 7) * 15757.63 us |      synchronize_rcu();
 7) * 15765.33 us |    }
 7) * 15931.61 us |  }
 7)               |  vxlan_sock_release [vxlan]() {
 7)               |    synchronize_net() {
 7) + 27.762 us   |      synchronize_rcu_expedited();
 7) + 28.974 us   |    }
 7)               |    udp_tunnel_sock_release [udp_tunnel]() {
 7) * 15867.38 us |      synchronize_rcu();
 7) * 15874.53 us |    }
 7) * 15990.14 us |  }
 7)               |  vxlan_sock_release [vxlan]() {
 7)               |    synchronize_net() {
 7) + 34.976 us   |      synchronize_rcu_expedited();
 7) + 36.248 us   |    }
 7)               |    udp_tunnel_sock_release [udp_tunnel]() {
 7) * 24348.11 us |      synchronize_rcu();
 7) * 24365.10 us |    }
 7) * 24497.58 us |  }
 7)               |  vxlan_sock_release [vxlan]() {
 7)               |    synchronize_net() {
 7) + 73.708 us   |      synchronize_rcu_expedited();
 7) + 76.143 us   |    }
 7)               |    udp_tunnel_sock_release [udp_tunnel]() {
 7) * 15251.94 us |      synchronize_rcu();
 7) * 15262.88 us |    }
 7) * 15477.88 us |  }
 7)               |  vxlan_sock_release [vxlan]() {
 7)               |    synchronize_net() {
 7) ! 157.154 us  |      synchronize_rcu_expedited();
 7) ! 160.410 us  |    }
 7)               |    udp_tunnel_sock_release [udp_tunnel]() {
 7) * 15681.56 us |      synchronize_rcu();
 7) * 15693.44 us |    }
 7) * 15982.28 us |  }
 7)               |  vxlan_sock_release [vxlan]() {
 7)               |    synchronize_net() {
 7) + 76.083 us   |      synchronize_rcu_expedited();
 7) + 77.986 us   |    }
 7)               |    udp_tunnel_sock_release [udp_tunnel]() {
 7) * 19775.00 us |      synchronize_rcu();
 7) * 19785.71 us |    }
 7) * 19976.36 us |  }
 7)               |  vxlan_sock_release [vxlan]() {
 7)               |    synchronize_net() {
 7) + 57.348 us   |      synchronize_rcu_expedited();
 7) + 59.221 us   |    }
 7)               |    udp_tunnel_sock_release [udp_tunnel]() {
 7) * 23816.01 us |      synchronize_rcu();
 7) * 23826.56 us |    }
 7) * 23993.96 us |  }
 7)               |  vxlan_sock_release [vxlan]() {
 7)               |    synchronize_net() {
 7) + 62.598 us   |      synchronize_rcu_expedited();
 7) + 64.481 us   |    }
 7)               |    udp_tunnel_sock_release [udp_tunnel]() {
 7) * 19804.16 us |      synchronize_rcu();
 7) * 19814.71 us |    }
 7) * 19987.02 us |  }
 7)               |  vxlan_sock_release [vxlan]() {
 7)               |    synchronize_net() {
 7) + 59.041 us   |      synchronize_rcu_expedited();
 7) + 60.985 us   |    }
 7)               |    udp_tunnel_sock_release [udp_tunnel]() {
 7) * 35792.08 us |      synchronize_rcu();
 7) * 35803.47 us |    }
 7) * 35977.23 us |  }
 7)               |  vxlan_sock_release [vxlan]() {
 7)               |    synchronize_net() {
 7) + 60.173 us   |      synchronize_rcu_expedited();
 7) + 62.697 us   |    }
 7)               |    udp_tunnel_sock_release [udp_tunnel]() {
 7) * 15764.60 us |      synchronize_rcu();
 7) * 15775.37 us |    }
 7) * 15952.02 us |  }
 7)               |  vxlan_sock_release [vxlan]() {
 7)               |    synchronize_net() {
 7) + 55.174 us   |      synchronize_rcu_expedited();
 7) + 57.037 us   |    }
 7)               |    udp_tunnel_sock_release [udp_tunnel]() {
 7) * 15803.43 us |      synchronize_rcu();
 7) * 15815.05 us |    }
 7) * 15982.14 us |  }
 7)               |  vxlan_sock_release [vxlan]() {
 7)               |    synchronize_net() {
 7) + 84.218 us   |      synchronize_rcu_expedited();
 7) + 86.081 us   |    }
 7)               |    udp_tunnel_sock_release [udp_tunnel]() {
 7) * 15737.22 us |      synchronize_rcu();
 7) * 15747.65 us |    }
 7) * 15971.39 us |  }
 7)               |  vxlan_sock_release [vxlan]() {
 7)               |    synchronize_net() {
 7) + 56.446 us   |      synchronize_rcu_expedited();
 7) + 58.440 us   |    }
 7)               |    udp_tunnel_sock_release [udp_tunnel]() {
 7) * 23821.65 us |      synchronize_rcu();
 7) * 23832.35 us |    }
 7) * 24002.66 us |  }
 7)               |  vxlan_sock_release [vxlan]() {
 7)               |    synchronize_net() {
 7) + 56.857 us   |      synchronize_rcu_expedited();
 7) + 58.700 us   |    }
 7)               |    udp_tunnel_sock_release [udp_tunnel]() {
 7) * 15800.03 us |      synchronize_rcu();
 7) * 15810.69 us |    }
 7) * 15981.53 us |  }
 7)               |  vxlan_sock_release [vxlan]() {
 7)               |    synchronize_net() {
 7) + 55.734 us   |      synchronize_rcu_expedited();
 7) + 57.708 us   |    }
 7)               |    udp_tunnel_sock_release [udp_tunnel]() {
 7) * 15922.32 us |      synchronize_rcu();
 5) * 15822.90 us |    }
 5) * 15987.56 us |  }
 5)               |  vxlan_sock_release [vxlan]() {
 5)               |    synchronize_net() {
 5) + 53.621 us   |      synchronize_rcu_expedited();
 5) + 54.683 us   |    }
 5)               |    udp_tunnel_sock_release [udp_tunnel]() {
 5) * 15744.14 us |      synchronize_rcu();
 5) * 15747.91 us |    }
 5) * 15891.84 us |  }
 5)               |  vxlan_sock_release [vxlan]() {
 5)               |    synchronize_net() {
 5) + 39.043 us   |      synchronize_rcu_expedited();
 5) + 40.055 us   |    }
 5)               |    udp_tunnel_sock_release [udp_tunnel]() {
 5) * 15872.75 us |      synchronize_rcu();
 5) * 15876.71 us |    }
 5) * 15996.48 us |  }
 5)               |  vxlan_sock_release [vxlan]() {
 5)               |    synchronize_net() {
 5) + 21.159 us   |      synchronize_rcu_expedited();
 5) + 22.532 us   |    }
 5)               |    udp_tunnel_sock_release [udp_tunnel]() {
 5) * 15858.32 us |      synchronize_rcu();
 5) * 15862.71 us |    }
 5) * 15980.17 us |  }
 5)               |  vxlan_sock_release [vxlan]() {
 5)               |    synchronize_net() {
 5) + 44.473 us   |      synchronize_rcu_expedited();
 5) + 46.307 us   |    }
 5)               |    udp_tunnel_sock_release [udp_tunnel]() {
 5) * 32193.04 us |      synchronize_rcu();
 7) * 15940.69 us |    }
 7) * 16105.26 us |  }
 7)               |  vxlan_sock_release [vxlan]() {
 7)               |    synchronize_net() {
 7) ! 166.762 us  |      synchronize_rcu_expedited();
 7) ! 170.028 us  |    }
 7)               |    udp_tunnel_sock_release [udp_tunnel]() {
 7) * 19595.02 us |      synchronize_rcu();
 7) * 19609.39 us |    }
 7) * 19889.88 us |  }
 7)               |  vxlan_sock_release [vxlan]() {
 7)               |    synchronize_net() {
 7) + 66.194 us   |      synchronize_rcu_expedited();
 7) + 67.677 us   |    }
 7)               |    udp_tunnel_sock_release [udp_tunnel]() {
 7) * 15970.04 us |      synchronize_rcu();
 7) * 15981.25 us |    }
 7) * 16174.96 us |  }
 7)               |  vxlan_sock_release [vxlan]() {
 7)               |    synchronize_net() {
 7) + 58.329 us   |      synchronize_rcu_expedited();
 7) + 60.473 us   |    }
 7)               |    udp_tunnel_sock_release [udp_tunnel]() {
 7) * 16141.68 us |      synchronize_rcu();
 7) * 16152.95 us |    }
 7) * 16329.03 us |  }
 7)               |  vxlan_sock_release [vxlan]() {
 7)               |    synchronize_net() {
 7) + 55.063 us   |      synchronize_rcu_expedited();
 7) + 56.927 us   |    }
 7)               |    udp_tunnel_sock_release [udp_tunnel]() {
 7) * 19796.29 us |      synchronize_rcu();
 7) * 19807.51 us |    }
 7) * 19978.84 us |  }
 7)               |  vxlan_sock_release [vxlan]() {
 7)               |    synchronize_net() {
 7) + 52.409 us   |      synchronize_rcu_expedited();
 7) + 54.612 us   |    }
 7)               |    udp_tunnel_sock_release [udp_tunnel]() {
 7) * 27288.68 us |      synchronize_rcu();
 7) * 27300.99 us |    }
 7) * 27465.56 us |  }
 7)               |  vxlan_sock_release [vxlan]() {
 7)               |    synchronize_net() {
 7) + 43.371 us   |      synchronize_rcu_expedited();
 7) + 44.694 us   |    }
 7)               |    udp_tunnel_sock_release [udp_tunnel]() {
 7) * 39839.15 us |      synchronize_rcu();
 7) * 39849.94 us |    }
 7) * 40009.51 us |  }
 7)               |  vxlan_sock_release [vxlan]() {
 7)               |    synchronize_net() {
 7) + 57.979 us   |      synchronize_rcu_expedited();
 7) + 59.892 us   |    }
 7)               |    udp_tunnel_sock_release [udp_tunnel]() {
 7) * 19734.42 us |      synchronize_rcu();
 7) * 19741.19 us |    }
 7) * 19916.14 us |  }
 7)               |  vxlan_sock_release [vxlan]() {
 7)               |    synchronize_net() {
 7) + 21.360 us   |      synchronize_rcu_expedited();
 7) + 21.962 us   |    }
 7)               |    udp_tunnel_sock_release [udp_tunnel]() {
 7) * 19903.55 us |      synchronize_rcu();
 7) * 19915.00 us |    }
 7) * 20026.67 us |  }
 7)               |  vxlan_sock_release [vxlan]() {
 7)               |    synchronize_net() {
 7) + 51.246 us   |      synchronize_rcu_expedited();
 7) + 52.499 us   |    }
 7)               |    udp_tunnel_sock_release [udp_tunnel]() {
 7) * 35854.24 us |      synchronize_rcu();
 7) * 35869.11 us |    }
 7) * 36025.43 us |  }
 7)               |  vxlan_sock_release [vxlan]() {
 7)               |    synchronize_net() {
 7) + 57.277 us   |      synchronize_rcu_expedited();
 7) + 59.151 us   |    }
 7)               |    udp_tunnel_sock_release [udp_tunnel]() {
 7) * 47786.55 us |      synchronize_rcu();
 7) * 47797.91 us |    }
 7) * 47972.24 us |  }
 7)               |  vxlan_sock_release [vxlan]() {
 7)               |    synchronize_net() {
 7) + 66.895 us   |      synchronize_rcu_expedited();
 7) + 68.729 us   |    }
 7)               |    udp_tunnel_sock_release [udp_tunnel]() {
 7) * 23781.00 us |      synchronize_rcu();
 7) * 23792.56 us |    }
 7) * 23980.08 us |  }
 7)               |  vxlan_sock_release [vxlan]() {
 7)               |    synchronize_net() {
 7) + 58.780 us   |      synchronize_rcu_expedited();
 7) + 60.754 us   |    }
 7)               |    udp_tunnel_sock_release [udp_tunnel]() {
 7) * 24218.77 us |      synchronize_rcu();
 7) * 24236.67 us |    }
 7) * 24412.85 us |  }
 7)               |  vxlan_sock_release [vxlan]() {
 7)               |    synchronize_net() {
 7) + 55.995 us   |      synchronize_rcu_expedited();
 7) + 57.868 us   |    }
 7)               |    udp_tunnel_sock_release [udp_tunnel]() {
 7) * 35317.23 us |      synchronize_rcu();
 7) * 35330.89 us |    }
 7) * 35505.00 us |  }
 7)               |  vxlan_sock_release [vxlan]() {
 7)               |    synchronize_net() {
 7) + 57.799 us   |      synchronize_rcu_expedited();
 7) + 60.143 us   |    }
 7)               |    udp_tunnel_sock_release [udp_tunnel]() {
 7) * 19822.60 us |      synchronize_rcu();
 7) * 19840.41 us |    }
 7) * 20017.90 us |  }
 7)               |  vxlan_sock_release [vxlan]() {
 7)               |    synchronize_net() {
 7) ! 174.527 us  |      synchronize_rcu_expedited();
 7) ! 177.913 us  |    }
 7)               |    udp_tunnel_sock_release [udp_tunnel]() {
 7) * 16138.03 us |      synchronize_rcu();
 7) * 16149.02 us |    }
 7) * 16458.86 us |  }
 7)               |  vxlan_sock_release [vxlan]() {
 7)               |    synchronize_net() {
 7) ! 174.627 us  |      synchronize_rcu_expedited();
 7) ! 177.943 us  |    }
 7)               |    udp_tunnel_sock_release [udp_tunnel]() {
 7) * 19680.12 us |      synchronize_rcu();
 7) * 19696.62 us |    }
 7) * 19983.87 us |  }
 7)               |  vxlan_sock_release [vxlan]() {
 7)               |    synchronize_net() {
 7) + 61.575 us   |      synchronize_rcu_expedited();
 7) + 63.419 us   |    }
 7)               |    udp_tunnel_sock_release [udp_tunnel]() {
 7) * 24910.38 us |      synchronize_rcu();
 7) * 24921.65 us |    }
 7) * 25103.26 us |  }
 7)               |  vxlan_sock_release [vxlan]() {
 7)               |    synchronize_net() {
 7) ! 175.659 us  |      synchronize_rcu_expedited();
 7) ! 179.116 us  |    }
 7)               |    udp_tunnel_sock_release [udp_tunnel]() {
 7) * 14048.61 us |      synchronize_rcu();
 7) * 14059.80 us |    }
 7) * 14355.88 us |  }
 7)               |  vxlan_sock_release [vxlan]() {
 7)               |    synchronize_net() {
 7) + 76.313 us   |      synchronize_rcu_expedited();
 7) + 79.810 us   |    }
 7)               |    udp_tunnel_sock_release [udp_tunnel]() {
 7) * 16245.17 us |      synchronize_rcu();
 7) * 16255.84 us |    }
 7) * 16456.76 us |  }
 7)               |  vxlan_sock_release [vxlan]() {
 7)               |    synchronize_net() {
 7) ! 178.174 us  |      synchronize_rcu_expedited();
 7) ! 181.932 us  |    }
 7)               |    udp_tunnel_sock_release [udp_tunnel]() {
 7) * 19201.10 us |      synchronize_rcu();
 7) * 19218.30 us |    }
 7) * 19506.40 us |  }
 7)               |  vxlan_sock_release [vxlan]() {
 7)               |    synchronize_net() {
 7) ! 175.530 us  |      synchronize_rcu_expedited();
 7) ! 178.826 us  |    }
 7)               |    udp_tunnel_sock_release [udp_tunnel]() {
 7) * 15705.01 us |      synchronize_rcu();
 5) * 32205.00 us |    }
 5) * 32489.80 us |  }
 5)               |  vxlan_sock_release [vxlan]() {
 5)               |    synchronize_net() {
 5) ! 185.498 us  |      synchronize_rcu_expedited();
 5) ! 189.365 us  |    }
 5)               |    udp_tunnel_sock_release [udp_tunnel]() {
 5) * 27627.18 us |      synchronize_rcu();
 5) * 27639.34 us |    }
 5) * 27949.40 us |  }
 5)               |  vxlan_sock_release [vxlan]() {
 5)               |    synchronize_net() {
 5) ! 173.385 us  |      synchronize_rcu_expedited();
 5) ! 176.741 us  |    }
 5)               |    udp_tunnel_sock_release [udp_tunnel]() {
 5) * 27671.14 us |      synchronize_rcu();
 5) * 27684.72 us |    }
 5) * 27980.26 us |  }
 5)               |  vxlan_sock_release [vxlan]() {
 5)               |    synchronize_net() {
 5) ! 170.690 us  |      synchronize_rcu_expedited();
 5) ! 174.026 us  |    }
 5)               |    udp_tunnel_sock_release [udp_tunnel]() {
 5) * 23115.31 us |      synchronize_rcu();
 5) * 23128.56 us |    }
 5) * 23438.14 us |  }
 5)               |  vxlan_sock_release [vxlan]() {
 5)               |    synchronize_net() {
 5) ! 186.901 us  |      synchronize_rcu_expedited();
 5) ! 190.257 us  |    }
 5)               |    udp_tunnel_sock_release [udp_tunnel]() {
 5) * 23680.77 us |      synchronize_rcu();
 5) * 23701.09 us |    }
 5) * 24017.59 us |  }
 5)               |  vxlan_sock_release [vxlan]() {
 5)               |    synchronize_net() {
 5) + 61.906 us   |      synchronize_rcu_expedited();
 5) + 62.858 us   |    }
 5)               |    udp_tunnel_sock_release [udp_tunnel]() {
 5) * 15817.06 us |      synchronize_rcu();
 5) * 15838.40 us |    }
 5) * 16022.28 us |  }
 5)               |  vxlan_sock_release [vxlan]() {
 5)               |    synchronize_net() {
 5) + 50.915 us   |      synchronize_rcu_expedited();
 5) + 53.130 us   |    }
 5)               |    udp_tunnel_sock_release [udp_tunnel]() {
 5) * 23701.20 us |      synchronize_rcu();
 5) * 23708.90 us |    }
 5) * 23919.85 us |  }
 5)               |  vxlan_sock_release [vxlan]() {
 5)               |    synchronize_net() {
 5) + 59.081 us   |      synchronize_rcu_expedited();
 5) + 61.054 us   |    }
 5)               |    udp_tunnel_sock_release [udp_tunnel]() {
 5) * 16324.02 us |      synchronize_rcu();
 5) * 16334.80 us |    }
 5) * 16510.68 us |  }
 5)               |  vxlan_sock_release [vxlan]() {
 5)               |    synchronize_net() {
 5) + 67.436 us   |      synchronize_rcu_expedited();
 5) + 69.330 us   |    }
 5)               |    udp_tunnel_sock_release [udp_tunnel]() {
 5) * 23242.16 us |      synchronize_rcu();
 5) * 23256.60 us |    }
 5) * 23462.36 us |  }
 5)               |  vxlan_sock_release [vxlan]() {
 5)               |    synchronize_net() {
 5) + 57.278 us   |      synchronize_rcu_expedited();
 5) + 59.111 us   |    }
 5)               |    udp_tunnel_sock_release [udp_tunnel]() {
 5) * 15984.75 us |      synchronize_rcu();
 5) * 16005.76 us |    }
 5) * 16185.49 us |  }
 5)               |  vxlan_sock_release [vxlan]() {
 5)               |    synchronize_net() {
 5) + 85.731 us   |      synchronize_rcu_expedited();
 5) + 92.193 us   |    }
 5)               |    udp_tunnel_sock_release [udp_tunnel]() {
 5) * 15464.14 us |      synchronize_rcu();
 5) * 15471.67 us |    }
 5) * 15683.22 us |  }
 5)               |  vxlan_sock_release [vxlan]() {
 5)               |    synchronize_net() {
 5) + 55.254 us   |      synchronize_rcu_expedited();
 5) + 57.138 us   |    }
 5)               |    udp_tunnel_sock_release [udp_tunnel]() {
 5) * 23796.58 us |      synchronize_rcu();
 5) * 23804.33 us |    }
 5) * 23973.21 us |  }
 5)               |  vxlan_sock_release [vxlan]() {
 5)               |    synchronize_net() {
 5) + 42.539 us   |      synchronize_rcu_expedited();
 5) + 44.003 us   |    }
 5)               |    udp_tunnel_sock_release [udp_tunnel]() {
 5) * 15830.10 us |      synchronize_rcu();
 5) * 15837.80 us |    }
 5) * 15989.95 us |  }
 5)               |  vxlan_sock_release [vxlan]() {
 5)               |    synchronize_net() {
 5) + 49.302 us   |      synchronize_rcu_expedited();
 5) + 50.826 us   |    }
 5)               |    udp_tunnel_sock_release [udp_tunnel]() {
 5) * 27845.35 us |      synchronize_rcu();
 5) * 27856.44 us |    }
 5) * 28014.91 us |  }
 5)               |  vxlan_sock_release [vxlan]() {
 5)               |    synchronize_net() {
 5) + 52.779 us   |      synchronize_rcu_expedited();
 5) + 54.883 us   |    }
 5)               |    udp_tunnel_sock_release [udp_tunnel]() {
 5) * 15899.31 us |      synchronize_rcu();
 5) * 15910.58 us |    }
 5) * 16083.48 us |  }
 5)               |  vxlan_sock_release [vxlan]() {
 5)               |    synchronize_net() {
 5) + 57.017 us   |      synchronize_rcu_expedited();
 5) + 58.840 us   |    }
 5)               |    udp_tunnel_sock_release [udp_tunnel]() {
 5) * 27664.05 us |      synchronize_rcu();
 5) * 27671.61 us |    }
 5) * 27844.57 us |  }
 5)               |  vxlan_sock_release [vxlan]() {
 5)               |    synchronize_net() {
 5) + 35.196 us   |      synchronize_rcu_expedited();
 5) + 36.679 us   |    }
 5)               |    udp_tunnel_sock_release [udp_tunnel]() {
 5) * 15845.41 us |      synchronize_rcu();
 5) * 15852.34 us |    }
 5) * 15984.96 us |  }
 5)               |  vxlan_sock_release [vxlan]() {
 5)               |    synchronize_net() {
 5) + 57.668 us   |      synchronize_rcu_expedited();
 5) + 59.541 us   |    }
 5)               |    udp_tunnel_sock_release [udp_tunnel]() {
 5) * 15796.80 us |      synchronize_rcu();
 5) * 15804.29 us |    }
 5) * 15977.43 us |  }
 5)               |  vxlan_sock_release [vxlan]() {
 5)               |    synchronize_net() {
 5) + 55.525 us   |      synchronize_rcu_expedited();
 5) + 57.408 us   |    }
 5)               |    udp_tunnel_sock_release [udp_tunnel]() {
 5) * 16379.43 us |      synchronize_rcu();
 5) * 16390.27 us |    }
 5) * 16561.23 us |  }
 5)               |  vxlan_sock_release [vxlan]() {
 5)               |    synchronize_net() {
 5) + 54.051 us   |      synchronize_rcu_expedited();
 5) + 55.934 us   |    }
 5)               |    udp_tunnel_sock_release [udp_tunnel]() {
 5) * 15212.12 us |      synchronize_rcu();
 5) * 15220.50 us |    }
 5) * 15398.69 us |  }
 5)               |  vxlan_sock_release [vxlan]() {
 5)               |    synchronize_net() {
 5) + 55.945 us   |      synchronize_rcu_expedited();
 5) + 57.808 us   |    }
 5)               |    udp_tunnel_sock_release [udp_tunnel]() {
 5) * 16328.38 us |      synchronize_rcu();
 5) * 16338.90 us |    }
 5) * 16504.49 us |  }
 5)               |  vxlan_sock_release [vxlan]() {
 5)               |    synchronize_net() {
 5) + 55.845 us   |      synchronize_rcu_expedited();
 5) + 57.728 us   |    }
 5)               |    udp_tunnel_sock_release [udp_tunnel]() {
 5) * 15280.22 us |      synchronize_rcu();
 5) * 15292.02 us |    }
 5) * 15458.28 us |  }
 5)               |  vxlan_sock_release [vxlan]() {
 5)               |    synchronize_net() {
 5) + 56.917 us   |      synchronize_rcu_expedited();
 5) + 58.810 us   |    }
 5)               |    udp_tunnel_sock_release [udp_tunnel]() {
 5) * 15797.74 us |      synchronize_rcu();
 5) * 15805.25 us |    }
 5) * 15970.64 us |  }
 5)               |  vxlan_sock_release [vxlan]() {
 5)               |    synchronize_net() {
 5) + 76.553 us   |      synchronize_rcu_expedited();
 5) + 78.537 us   |    }
 5)               |    udp_tunnel_sock_release [udp_tunnel]() {
 5) * 15820.01 us |      synchronize_rcu();
 5) * 15831.11 us |    }
 5) * 16019.82 us |  }
 5)               |  vxlan_sock_release [vxlan]() {
 5)               |    synchronize_net() {
 5) + 52.187 us   |      synchronize_rcu_expedited();
 5) + 54.061 us   |    }
 5)               |    udp_tunnel_sock_release [udp_tunnel]() {
 5) * 19788.57 us |      synchronize_rcu();
 5) * 19799.50 us |    }
 5) * 19962.14 us |  }
 5)               |  vxlan_sock_release [vxlan]() {
 5)               |    synchronize_net() {
 5) + 57.318 us   |      synchronize_rcu_expedited();
 5) + 59.211 us   |    }
 5)               |    udp_tunnel_sock_release [udp_tunnel]() {
 5) * 15821.36 us |      synchronize_rcu();
 5) * 15837.66 us |    }
 5) * 16005.68 us |  }
 5)               |  vxlan_sock_release [vxlan]() {
 5)               |    synchronize_net() {
 5) + 58.771 us   |      synchronize_rcu_expedited();
 5) + 60.905 us   |    }
 5)               |    udp_tunnel_sock_release [udp_tunnel]() {
 5) * 15733.71 us |      synchronize_rcu();
 5) * 15741.00 us |    }
 5) * 15920.76 us |  }
 5)               |  vxlan_sock_release [vxlan]() {
 5)               |    synchronize_net() {
 5) + 40.906 us   |      synchronize_rcu_expedited();
 5) + 42.189 us   |    }
 5)               |    udp_tunnel_sock_release [udp_tunnel]() {
 5) * 17560.92 us |      synchronize_rcu();
 5) * 17571.61 us |    }
 5) * 17704.70 us |  }
 5)               |  vxlan_sock_release [vxlan]() {
 5)               |    synchronize_net() {
 5) + 70.111 us   |      synchronize_rcu_expedited();
 5) + 72.356 us   |    }
 5)               |    udp_tunnel_sock_release [udp_tunnel]() {
 5) * 14121.66 us |      synchronize_rcu();
 5) * 14135.27 us |    }
 5) * 14308.98 us |  }
 5)               |  vxlan_sock_release [vxlan]() {
 5)               |    synchronize_net() {
 5) + 57.779 us   |      synchronize_rcu_expedited();
 5) + 60.403 us   |    }
 5)               |    udp_tunnel_sock_release [udp_tunnel]() {
 5) * 15755.66 us |      synchronize_rcu();
 5) * 15763.35 us |    }
 5) * 15928.91 us |  }
 5)               |  vxlan_sock_release [vxlan]() {
 5)               |    synchronize_net() {
 5) + 42.119 us   |      synchronize_rcu_expedited();
 5) + 43.361 us   |    }
 5)               |    udp_tunnel_sock_release [udp_tunnel]() {
 5) * 15890.58 us |      synchronize_rcu();
 5) * 15910.99 us |    }
 5) * 16043.47 us |  }
 5)               |  vxlan_sock_release [vxlan]() {
 5)               |    synchronize_net() {
 5) + 62.497 us   |      synchronize_rcu_expedited();
 5) + 64.360 us   |    }
 5)               |    udp_tunnel_sock_release [udp_tunnel]() {
 5) * 15767.58 us |      synchronize_rcu();
 5) * 15778.46 us |    }
 5) * 15963.65 us |  }
 5)               |  vxlan_sock_release [vxlan]() {
 5)               |    synchronize_net() {
 5) + 55.144 us   |      synchronize_rcu_expedited();
 5) + 57.007 us   |    }
 5)               |    udp_tunnel_sock_release [udp_tunnel]() {
 5) * 19801.36 us |      synchronize_rcu();
 5) * 19811.57 us |    }
 5) * 19979.17 us |  }
 5)               |  vxlan_sock_release [vxlan]() {
 5)               |    synchronize_net() {
 5) + 57.778 us   |      synchronize_rcu_expedited();
 5) + 59.662 us   |    }
 5)               |    udp_tunnel_sock_release [udp_tunnel]() {
 5) * 15801.27 us |      synchronize_rcu();
 5) * 15812.26 us |    }
 5) * 15980.03 us |  }
 5)               |  vxlan_sock_release [vxlan]() {
 5)               |    synchronize_net() {
 5) + 58.971 us   |      synchronize_rcu_expedited();
 5) + 60.845 us   |    }
 5)               |    udp_tunnel_sock_release [udp_tunnel]() {
 5) * 17427.18 us |      synchronize_rcu();
 5) * 17438.11 us |    }
 5) * 17605.03 us |  }
 5)               |  vxlan_sock_release [vxlan]() {
 5)               |    synchronize_net() {
 5) ! 171.141 us  |      synchronize_rcu_expedited();
 5) ! 174.497 us  |    }
 5)               |    udp_tunnel_sock_release [udp_tunnel]() {
 5) * 13986.70 us |      synchronize_rcu();
 5) * 13991.23 us |    }
 5) * 14276.92 us |  }
 5)               |  vxlan_sock_release [vxlan]() {
 5)               |    synchronize_net() {
 5) + 21.740 us   |      synchronize_rcu_expedited();
 5) + 22.272 us   |    }
 5)               |    udp_tunnel_sock_release [udp_tunnel]() {
 5) * 27942.04 us |      synchronize_rcu();
 5) * 27952.62 us |    }
 5) * 28077.73 us |  }
 5)               |  vxlan_sock_release [vxlan]() {
 5)               |    synchronize_net() {
 5) ! 169.147 us  |      synchronize_rcu_expedited();
 5) ! 172.493 us  |    }
 5)               |    udp_tunnel_sock_release [udp_tunnel]() {
 5) * 19787.40 us |      synchronize_rcu();
 7) * 15716.97 us |    }
 7) * 16004.93 us |  }
 7)               |  vxlan_sock_release [vxlan]() {
 7)               |    synchronize_net() {
 7) + 62.357 us   |      synchronize_rcu_expedited();
 7) + 64.391 us   |    }
 7)               |    udp_tunnel_sock_release [udp_tunnel]() {
 7) * 15727.55 us |      synchronize_rcu();
 7) * 15734.64 us |    }
 7) * 15903.40 us |  }
 7)               |  vxlan_sock_release [vxlan]() {
 7)               |    synchronize_net() {
 7) + 69.440 us   |      synchronize_rcu_expedited();
 7) + 71.464 us   |    }
 7)               |    udp_tunnel_sock_release [udp_tunnel]() {
 7) * 15836.77 us |      synchronize_rcu();
 7) * 15847.96 us |    }
 7) * 16026.99 us |  }
 7)               |  vxlan_sock_release [vxlan]() {
 7)               |    synchronize_net() {
 7) + 74.750 us   |      synchronize_rcu_expedited();
 7) + 76.664 us   |    }
 7)               |    udp_tunnel_sock_release [udp_tunnel]() {
 7) * 23783.36 us |      synchronize_rcu();
 7) * 23794.14 us |    }
 7) * 23976.07 us |  }
 7)               |  vxlan_sock_release [vxlan]() {
 7)               |    synchronize_net() {
 7) + 68.749 us   |      synchronize_rcu_expedited();
 7) + 70.653 us   |    }
 7)               |    udp_tunnel_sock_release [udp_tunnel]() {
 7) * 15790.75 us |      synchronize_rcu();
 7) * 15801.51 us |    }
 7) * 15976.83 us |  }
 7)               |  vxlan_sock_release [vxlan]() {
 7)               |    synchronize_net() {
 7) + 72.546 us   |      synchronize_rcu_expedited();
 7) + 75.171 us   |    }
 7)               |    udp_tunnel_sock_release [udp_tunnel]() {
 7) * 19804.64 us |      synchronize_rcu();
 7) * 19815.88 us |    }
 7) * 19983.29 us |  }
 7)               |  vxlan_sock_release [vxlan]() {
 7)               |    synchronize_net() {
 7) + 58.109 us   |      synchronize_rcu_expedited();
 7) + 60.153 us   |    }
 7)               |    udp_tunnel_sock_release [udp_tunnel]() {
 7) * 19739.59 us |      synchronize_rcu();
 7) * 19750.40 us |    }
 7) * 19917.46 us |  }
 7)               |  vxlan_sock_release [vxlan]() {
 7)               |    synchronize_net() {
 7) + 52.248 us   |      synchronize_rcu_expedited();
 7) + 54.201 us   |    }
 7)               |    udp_tunnel_sock_release [udp_tunnel]() {
 7) * 19750.24 us |      synchronize_rcu();
 5) * 19794.81 us |    }
 5) * 19961.27 us |  }
 5)               |  vxlan_sock_release [vxlan]() {
 5)               |    synchronize_net() {
 5) + 23.003 us   |      synchronize_rcu_expedited();
 5) + 24.105 us   |    }
 5)               |    udp_tunnel_sock_release [udp_tunnel]() {
 5) * 15841.69 us |      synchronize_rcu();
 5) * 15844.87 us |    }
 5) * 15960.99 us |  }
 5)               |  vxlan_sock_release [vxlan]() {
 5)               |    synchronize_net() {
 5) + 16.130 us   |      synchronize_rcu_expedited();
 5) + 16.742 us   |    }
 5)               |    udp_tunnel_sock_release [udp_tunnel]() {
 5) * 23897.69 us |      synchronize_rcu();
 5) * 23900.95 us |    }
 5) * 23993.86 us |  }
 5)               |  vxlan_sock_release [vxlan]() {
 5)               |    synchronize_net() {
 5) + 66.474 us   |      synchronize_rcu_expedited();
 5) + 67.036 us   |    }
 5)               |    udp_tunnel_sock_release [udp_tunnel]() {
 5) * 15831.93 us |      synchronize_rcu();
 5) * 15834.90 us |    }
 5) * 15995.38 us |  }
 5)               |  vxlan_sock_release [vxlan]() {
 5)               |    synchronize_net() {
 5) + 68.539 us   |      synchronize_rcu_expedited();
 5) + 69.219 us   |    }
 5)               |    udp_tunnel_sock_release [udp_tunnel]() {
 5) * 19826.86 us |      synchronize_rcu();
 5) * 19830.92 us |    }
 5) * 20004.28 us |  }
 5)               |  vxlan_sock_release [vxlan]() {
 5)               |    synchronize_net() {
 5) ! 109.696 us  |      synchronize_rcu_expedited();
 5) ! 110.758 us  |    }
 5)               |    udp_tunnel_sock_release [udp_tunnel]() {
 5) * 15785.99 us |      synchronize_rcu();
 5) * 15790.54 us |    }
 5) * 15990.06 us |  }
 5)               |  vxlan_sock_release [vxlan]() {
 5)               |    synchronize_net() {
 5) + 86.813 us   |      synchronize_rcu_expedited();
 5) + 87.885 us   |    }
 5)               |    udp_tunnel_sock_release [udp_tunnel]() {
 5) * 15801.63 us |      synchronize_rcu();
 5) * 15806.58 us |    }
 5) * 15988.68 us |  }
 5)               |  vxlan_sock_release [vxlan]() {
 5)               |    synchronize_net() {
 5) ! 103.384 us  |      synchronize_rcu_expedited();
 5) ! 104.476 us  |    }
 5)               |    udp_tunnel_sock_release [udp_tunnel]() {
 5) * 15785.61 us |      synchronize_rcu();
 5) * 15790.42 us |    }
 5) * 15987.44 us |  }
 5)               |  vxlan_sock_release [vxlan]() {
 5)               |    synchronize_net() {
 5) ! 103.394 us  |      synchronize_rcu_expedited();
 5) ! 104.536 us  |    }
 5)               |    udp_tunnel_sock_release [udp_tunnel]() {
 5) * 15793.58 us |      synchronize_rcu();
 5) * 15797.80 us |    }
 5) * 15994.51 us |  }
 5)               |  vxlan_sock_release [vxlan]() {
 5)               |    synchronize_net() {
 5) + 81.714 us   |      synchronize_rcu_expedited();
 5) + 82.735 us   |    }
 5)               |    udp_tunnel_sock_release [udp_tunnel]() {
 5) * 23837.70 us |      synchronize_rcu();
 5) * 23848.13 us |    }
 5) * 24023.02 us |  }
 5)               |  vxlan_sock_release [vxlan]() {
 5)               |    synchronize_net() {
 5) + 63.569 us   |      synchronize_rcu_expedited();
 5) + 65.533 us   |    }
 5)               |    udp_tunnel_sock_release [udp_tunnel]() {
 5) * 19794.93 us |      synchronize_rcu();
 5) * 19802.55 us |    }
 5) * 19990.00 us |  }
 5)               |  vxlan_sock_release [vxlan]() {
 5)               |    synchronize_net() {
 5) ! 177.523 us  |      synchronize_rcu_expedited();
 5) ! 180.579 us  |    }
 5)               |    udp_tunnel_sock_release [udp_tunnel]() {
 5) * 15715.22 us |      synchronize_rcu();
 5) * 15727.05 us |    }
 5) * 16014.90 us |  }
 5)               |  vxlan_sock_release [vxlan]() {
 5)               |    synchronize_net() {
 5) ! 184.607 us  |      synchronize_rcu_expedited();
 5) ! 188.183 us  |    }
 5)               |    udp_tunnel_sock_release [udp_tunnel]() {
 5) * 15644.82 us |      synchronize_rcu();
 5) * 15652.59 us |    }
 5) * 15947.64 us |  }
 5)               |  vxlan_sock_release [vxlan]() {
 5)               |    synchronize_net() {
 5) ! 166.021 us  |      synchronize_rcu_expedited();
 5) ! 168.997 us  |    }
 5)               |    udp_tunnel_sock_release [udp_tunnel]() {
 5) * 19675.67 us |      synchronize_rcu();
 5) * 19680.33 us |    }
 5) * 19954.51 us |  }
 5)               |  vxlan_sock_release [vxlan]() {
 5)               |    synchronize_net() {
 5) ! 123.522 us  |      synchronize_rcu_expedited();
 5) ! 127.609 us  |    }
 5)               |    udp_tunnel_sock_release [udp_tunnel]() {
 5) * 36326.78 us |      synchronize_rcu();
 5) * 36338.29 us |    }
 5) * 36575.32 us |  }
 5)               |  vxlan_sock_release [vxlan]() {
 5)               |    synchronize_net() {
 5) ! 182.132 us  |      synchronize_rcu_expedited();
 5) ! 185.368 us  |    }
 5)               |    udp_tunnel_sock_release [udp_tunnel]() {
 5) * 19124.74 us |      synchronize_rcu();
 5) * 19132.73 us |    }
 5) * 19435.43 us |  }
 5)               |  vxlan_sock_release [vxlan]() {
 5)               |    synchronize_net() {
 5) ! 175.489 us  |      synchronize_rcu_expedited();
 5) ! 178.485 us  |    }
 5)               |    udp_tunnel_sock_release [udp_tunnel]() {
 5) * 19671.12 us |      synchronize_rcu();
 5) * 19680.69 us |    }
 5) * 19980.43 us |  }
 5)               |  vxlan_sock_release [vxlan]() {
 5)               |    synchronize_net() {
 5) ! 179.036 us  |      synchronize_rcu_expedited();
 5) ! 182.051 us  |    }
 5)               |    udp_tunnel_sock_release [udp_tunnel]() {
 5) * 19690.62 us |      synchronize_rcu();
 5) * 19700.18 us |    }
 5) * 19995.05 us |  }
 5)               |  vxlan_sock_release [vxlan]() {
 5)               |    synchronize_net() {
 5) ! 173.745 us  |      synchronize_rcu_expedited();
 5) ! 176.742 us  |    }
 5)               |    udp_tunnel_sock_release [udp_tunnel]() {
 5) * 19651.67 us |      synchronize_rcu();
 5) * 19656.13 us |    }
 5) * 19942.88 us |  }
 5)               |  vxlan_sock_release [vxlan]() {
 5)               |    synchronize_net() {
 5) ! 151.925 us  |      synchronize_rcu_expedited();
 5) ! 154.529 us  |    }
 5)               |    udp_tunnel_sock_release [udp_tunnel]() {
 5) * 16299.07 us |      synchronize_rcu();
 5) * 16310.22 us |    }
 5) * 16577.61 us |  }
 5)               |  vxlan_sock_release [vxlan]() {
 5)               |    synchronize_net() {
 5) ! 178.084 us  |      synchronize_rcu_expedited();
 5) ! 182.242 us  |    }
 5)               |    udp_tunnel_sock_release [udp_tunnel]() {
 5) * 19134.63 us |      synchronize_rcu();
 5) * 19142.27 us |    }
 5) * 19436.31 us |  }
 5)               |  vxlan_sock_release [vxlan]() {
 5)               |    synchronize_net() {
 5) ! 120.296 us  |      synchronize_rcu_expedited();
 5) ! 122.970 us  |    }
 5)               |    udp_tunnel_sock_release [udp_tunnel]() {
 5) * 15794.35 us |      synchronize_rcu();
 5) * 15804.76 us |    }
 5) * 16021.43 us |  }
 5)               |  vxlan_sock_release [vxlan]() {
 5)               |    synchronize_net() {
 5) ! 180.339 us  |      synchronize_rcu_expedited();
 5) ! 183.655 us  |    }
 5)               |    udp_tunnel_sock_release [udp_tunnel]() {
 5) * 15761.76 us |      synchronize_rcu();
 7) * 19764.24 us |    }
 7) * 20060.09 us |  }
 7)               |  vxlan_sock_release [vxlan]() {
 7)               |    synchronize_net() {
 7) + 67.857 us   |      synchronize_rcu_expedited();
 7) + 69.771 us   |    }
 7)               |    udp_tunnel_sock_release [udp_tunnel]() {
 7) * 17368.08 us |      synchronize_rcu();
 7) * 17385.55 us |    }
 7) * 17560.07 us |  }
 7)               |  vxlan_sock_release [vxlan]() {
 7)               |    synchronize_net() {
 7) + 76.172 us   |      synchronize_rcu_expedited();
 7) + 78.798 us   |    }
 7)               |    udp_tunnel_sock_release [udp_tunnel]() {
 7) * 34128.18 us |      synchronize_rcu();
 7) * 34142.11 us |    }
 7) * 34326.57 us |  }
 7)               |  vxlan_sock_release [vxlan]() {
 7)               |    synchronize_net() {
 7) + 59.472 us   |      synchronize_rcu_expedited();
 7) + 61.406 us   |    }
 7)               |    udp_tunnel_sock_release [udp_tunnel]() {
 7) * 15747.63 us |      synchronize_rcu();
 7) * 15755.03 us |    }
 7) * 15932.42 us |  }
 7)               |  vxlan_sock_release [vxlan]() {
 7)               |    synchronize_net() {
 7) + 68.699 us   |      synchronize_rcu_expedited();
 7) + 71.955 us   |    }
 7)               |    udp_tunnel_sock_release [udp_tunnel]() {
 7) * 15820.28 us |      synchronize_rcu();
 7) * 15830.93 us |    }
 7) * 16017.82 us |  }
 7)               |  vxlan_sock_release [vxlan]() {
 7)               |    synchronize_net() {
 7) + 67.407 us   |      synchronize_rcu_expedited();
 7) + 69.410 us   |    }
 7)               |    udp_tunnel_sock_release [udp_tunnel]() {
 7) * 15753.93 us |      synchronize_rcu();
 7) * 15761.05 us |    }
 7) * 15942.71 us |  }
 7)               |  vxlan_sock_release [vxlan]() {
 7)               |    synchronize_net() {
 7) + 47.569 us   |      synchronize_rcu_expedited();
 7) + 48.831 us   |    }
 7)               |    udp_tunnel_sock_release [udp_tunnel]() {
 7) * 15886.30 us |      synchronize_rcu();
 7) * 15905.49 us |    }
 7) * 16044.51 us |  }
 7)               |  vxlan_sock_release [vxlan]() {
 7)               |    synchronize_net() {
 7) + 66.455 us   |      synchronize_rcu_expedited();
 7) + 68.338 us   |    }
 7)               |    udp_tunnel_sock_release [udp_tunnel]() {
 7) * 27743.56 us |      synchronize_rcu();
 7) * 27751.48 us |    }
 7) * 27920.81 us |  }
 7)               |  vxlan_sock_release [vxlan]() {
 7)               |    synchronize_net() {
 7) + 58.299 us   |      synchronize_rcu_expedited();
 7) + 60.924 us   |    }
 7)               |    udp_tunnel_sock_release [udp_tunnel]() {
 7) * 23829.52 us |      synchronize_rcu();
 7) * 23840.97 us |    }
 7) * 24016.58 us |  }
 7)               |  vxlan_sock_release [vxlan]() {
 7)               |    synchronize_net() {
 7) + 67.506 us   |      synchronize_rcu_expedited();
 7) + 69.440 us   |    }
 7)               |    udp_tunnel_sock_release [udp_tunnel]() {
 7) * 15916.14 us |      synchronize_rcu();
 5) * 15768.80 us |    }
 5) * 15952.55 us |  }
 5)               |  vxlan_sock_release [vxlan]() {
 5)               |    synchronize_net() {
 5) + 55.233 us   |      synchronize_rcu_expedited();
 5) + 57.668 us   |    }
 5)               |    udp_tunnel_sock_release [udp_tunnel]() {
 5) * 15746.26 us |      synchronize_rcu();
 5) * 15751.46 us |    }
 5) * 15926.78 us |  }
 5)               |  vxlan_sock_release [vxlan]() {
 5)               |    synchronize_net() {
 5) + 95.890 us   |      synchronize_rcu_expedited();
 5) + 96.962 us   |    }
 5)               |    udp_tunnel_sock_release [udp_tunnel]() {
 5) * 15778.25 us |      synchronize_rcu();
 5) * 15784.00 us |    }
 5) * 15987.35 us |  }
 5)               |  vxlan_sock_release [vxlan]() {
 5)               |    synchronize_net() {
 5) + 94.227 us   |      synchronize_rcu_expedited();
 5) + 95.389 us   |    }
 5)               |    udp_tunnel_sock_release [udp_tunnel]() {
 5) * 19795.02 us |      synchronize_rcu();
 5) * 19802.10 us |    }
 5) * 20002.49 us |  }
 5)               |  vxlan_sock_release [vxlan]() {
 5)               |    synchronize_net() {
 5) + 25.929 us   |      synchronize_rcu_expedited();
 5) + 26.981 us   |    }
 5)               |    udp_tunnel_sock_release [udp_tunnel]() {
 5) * 19846.09 us |      synchronize_rcu();
 5) * 19850.61 us |    }
 5) * 19971.69 us |  }
 5)               |  vxlan_sock_release [vxlan]() {
 5)               |    synchronize_net() {
 5) + 46.157 us   |      synchronize_rcu_expedited();
 5) + 47.239 us   |    }
 5)               |    udp_tunnel_sock_release [udp_tunnel]() {
 5) * 19853.64 us |      synchronize_rcu();
 5) * 19857.92 us |    }
 5) * 19995.44 us |  }
 5)               |  vxlan_sock_release [vxlan]() {
 5)               |    synchronize_net() {
 5) + 79.620 us   |      synchronize_rcu_expedited();
 5) + 80.671 us   |    }
 5)               |    udp_tunnel_sock_release [udp_tunnel]() {
 5) * 15794.86 us |      synchronize_rcu();
 5) * 15799.31 us |    }
 5) * 15985.08 us |  }
 5)               |  vxlan_sock_release [vxlan]() {
 5)               |    synchronize_net() {
 5) + 41.077 us   |      synchronize_rcu_expedited();
 5) + 42.199 us   |    }
 5)               |    udp_tunnel_sock_release [udp_tunnel]() {
 5) * 15842.58 us |      synchronize_rcu();
 5) * 15846.57 us |    }
 5) * 15986.03 us |  }
 5)               |  vxlan_sock_release [vxlan]() {
 5)               |    synchronize_net() {
 5) + 95.158 us   |      synchronize_rcu_expedited();
 5) + 96.190 us   |    }
 5)               |    udp_tunnel_sock_release [udp_tunnel]() {
 5) * 15792.75 us |      synchronize_rcu();
 5) * 15796.64 us |    }
 5) * 15988.68 us |  }
 5)               |  vxlan_sock_release [vxlan]() {
 5)               |    synchronize_net() {
 5) + 93.555 us   |      synchronize_rcu_expedited();
 5) + 94.537 us   |    }
 5)               |    udp_tunnel_sock_release [udp_tunnel]() {
 5) * 19794.65 us |      synchronize_rcu();
 5) * 19799.20 us |    }
 5) * 19989.05 us |  }
 5)               |  vxlan_sock_release [vxlan]() {
 5)               |    synchronize_net() {
 5) + 79.289 us   |      synchronize_rcu_expedited();
 5) + 80.351 us   |    }
 5)               |    udp_tunnel_sock_release [udp_tunnel]() {
 5) * 19796.15 us |      synchronize_rcu();
 5) * 19799.80 us |    }
 5) * 19988.09 us |  }
 5)               |  vxlan_sock_release [vxlan]() {
 5)               |    synchronize_net() {
 5) + 95.088 us   |      synchronize_rcu_expedited();
 5) + 96.140 us   |    }
 5)               |    udp_tunnel_sock_release [udp_tunnel]() {
 5) * 15798.67 us |      synchronize_rcu();
 5) * 15802.74 us |    }
 5) * 15992.41 us |  }
 5)               |  vxlan_sock_release [vxlan]() {
 5)               |    synchronize_net() {
 5) ! 109.585 us  |      synchronize_rcu_expedited();
 5) ! 110.748 us  |    }
 5)               |    udp_tunnel_sock_release [udp_tunnel]() {
 5) * 19776.26 us |      synchronize_rcu();
 5) * 19780.85 us |    }
 5) * 19985.15 us |  }
 5)               |  vxlan_sock_release [vxlan]() {
 5)               |    synchronize_net() {
 5) + 39.614 us   |      synchronize_rcu_expedited();
 5) + 40.666 us   |    }
 5)               |    udp_tunnel_sock_release [udp_tunnel]() {
 5) * 15832.14 us |      synchronize_rcu();
 5) * 15836.85 us |    }
 5) * 15987.22 us |  }
 5)               |  vxlan_sock_release [vxlan]() {
 5)               |    synchronize_net() {
 5) + 95.449 us   |      synchronize_rcu_expedited();
 5) + 96.531 us   |    }
 5)               |    udp_tunnel_sock_release [udp_tunnel]() {
 5) * 31796.21 us |      synchronize_rcu();
 5) * 31800.17 us |    }
 5) * 31987.26 us |  }
 5)               |  vxlan_sock_release [vxlan]() {
 5)               |    synchronize_net() {
 5) + 68.188 us   |      synchronize_rcu_expedited();
 5) + 69.380 us   |    }
 5)               |    udp_tunnel_sock_release [udp_tunnel]() {
 5) * 31849.98 us |      synchronize_rcu();
 5) * 31857.20 us |    }
 5) * 32041.39 us |  }
 5)               |  vxlan_sock_release [vxlan]() {
 5)               |    synchronize_net() {
 5) + 61.336 us   |      synchronize_rcu_expedited();
 5) + 62.998 us   |    }
 5)               |    udp_tunnel_sock_release [udp_tunnel]() {
 5) * 15987.86 us |      synchronize_rcu();
 5) * 15997.95 us |    }
 5) * 16161.63 us |  }
 5)               |  vxlan_sock_release [vxlan]() {
 5)               |    synchronize_net() {
 5) ! 375.865 us  |      synchronize_rcu_expedited();
 5) ! 380.824 us  |    }
 5)               |    udp_tunnel_sock_release [udp_tunnel]() {
 5) * 15487.99 us |      synchronize_rcu();
 5) * 15498.84 us |    }
 5) * 15994.60 us |  }
 5)               |  vxlan_sock_release [vxlan]() {
 5)               |    synchronize_net() {
 5) ! 399.550 us  |      synchronize_rcu_expedited();
 5) ! 404.709 us  |    }
 5)               |    udp_tunnel_sock_release [udp_tunnel]() {
 5) * 31261.64 us |      synchronize_rcu();
 5) * 31270.90 us |    }
 5) * 31790.84 us |  }
 5)               |  vxlan_sock_release [vxlan]() {
 5)               |    synchronize_net() {
 5) ! 113.593 us  |      synchronize_rcu_expedited();
 5) ! 115.957 us  |    }
 5)               |    udp_tunnel_sock_release [udp_tunnel]() {
 5) * 23750.83 us |      synchronize_rcu();
 5) * 23758.87 us |    }
 5) * 23980.75 us |  }
 5)               |  vxlan_sock_release [vxlan]() {
 5)               |    synchronize_net() {
 5) ! 124.423 us  |      synchronize_rcu_expedited();
 5) ! 126.557 us  |    }
 5)               |    udp_tunnel_sock_release [udp_tunnel]() {
 5) * 15753.18 us |      synchronize_rcu();
 5) * 15760.54 us |    }
 5) * 15984.39 us |  }
 5)               |  vxlan_sock_release [vxlan]() {
 5)               |    synchronize_net() {
 5) ! 127.329 us  |      synchronize_rcu_expedited();
 5) ! 129.794 us  |    }
 5)               |    udp_tunnel_sock_release [udp_tunnel]() {
 5) * 25244.22 us |      synchronize_rcu();
 5) * 25256.79 us |    }
 5) * 25607.54 us |  }
 5)               |  vxlan_sock_release [vxlan]() {
 5)               |    synchronize_net() {
 5) ! 176.552 us  |      synchronize_rcu_expedited();
 5) ! 179.817 us  |    }
 5)               |    udp_tunnel_sock_release [udp_tunnel]() {
 5) * 18095.32 us |      synchronize_rcu();
 5) * 18106.53 us |    }
 5) * 18400.92 us |  }
 5)               |  vxlan_sock_release [vxlan]() {
 5)               |    synchronize_net() {
 5) + 78.848 us   |      synchronize_rcu_expedited();
 5) + 81.142 us   |    }
 5)               |    udp_tunnel_sock_release [udp_tunnel]() {
 5) * 16294.85 us |      synchronize_rcu();
 5) * 16307.27 us |    }
 5) * 16509.81 us |  }
 5)               |  vxlan_sock_release [vxlan]() {
 5)               |    synchronize_net() {
 5) ! 201.508 us  |      synchronize_rcu_expedited();
 5) ! 204.844 us  |    }
 5)               |    udp_tunnel_sock_release [udp_tunnel]() {
 5) * 19083.49 us |      synchronize_rcu();
 5) * 19091.50 us |    }
 5) * 19407.66 us |  }
 5)               |  vxlan_sock_release [vxlan]() {
 5)               |    synchronize_net() {
 5) ! 121.377 us  |      synchronize_rcu_expedited();
 5) ! 123.672 us  |    }
 5)               |    udp_tunnel_sock_release [udp_tunnel]() {
 5) * 23817.73 us |      synchronize_rcu();
 5) * 23825.06 us |    }
 5) * 24040.27 us |  }
 5)               |  vxlan_sock_release [vxlan]() {
 5)               |    synchronize_net() {
 5) ! 215.143 us  |      synchronize_rcu_expedited();
 5) ! 217.268 us  |    }
 5)               |    udp_tunnel_sock_release [udp_tunnel]() {
 5) * 15795.30 us |      synchronize_rcu();
 5) * 15805.61 us |    }
 5) * 16114.57 us |  }
 5)               |  vxlan_sock_release [vxlan]() {
 5)               |    synchronize_net() {
 5) ! 591.549 us  |      synchronize_rcu_expedited();
 5) ! 594.044 us  |    }
 5)               |    udp_tunnel_sock_release [udp_tunnel]() {
 5) * 19610.26 us |      synchronize_rcu();
 5) * 19621.00 us |    }
 5) * 20312.98 us |  }
 5)               |  vxlan_sock_release [vxlan]() {
 5)               |    synchronize_net() {
 5) + 51.456 us   |      synchronize_rcu_expedited();
 5) + 54.081 us   |    }
 5)               |    udp_tunnel_sock_release [udp_tunnel]() {
 5) * 19855.54 us |      synchronize_rcu();
 5) * 19866.44 us |    }
 5) * 20033.14 us |  }
 5)               |  vxlan_sock_release [vxlan]() {
 5)               |    synchronize_net() {
 5) + 50.494 us   |      synchronize_rcu_expedited();
 5) + 52.428 us   |    }
 5)               |    udp_tunnel_sock_release [udp_tunnel]() {
 5) * 15913.24 us |      synchronize_rcu();
 7) * 15927.88 us |    }
 7) * 16085.91 us |  }
 7)               |  vxlan_sock_release [vxlan]() {
 7)               |    synchronize_net() {
 7) + 69.219 us   |      synchronize_rcu_expedited();
 7) + 71.123 us   |    }
 7)               |    udp_tunnel_sock_release [udp_tunnel]() {
 7) * 15114.88 us |      synchronize_rcu();
 7) * 15122.61 us |    }
 7) * 15297.91 us |  }
 7)               |  vxlan_sock_release [vxlan]() {
 7)               |    synchronize_net() {
 7) + 29.315 us   |      synchronize_rcu_expedited();
 7) + 30.558 us   |    }
 7)               |    udp_tunnel_sock_release [udp_tunnel]() {
 7) * 15845.51 us |      synchronize_rcu();
 7) * 15853.13 us |    }
 7) * 15986.44 us |  }
 7)               |  vxlan_sock_release [vxlan]() {
 7)               |    synchronize_net() {
 7) + 75.822 us   |      synchronize_rcu_expedited();
 7) + 77.435 us   |    }
 7)               |    udp_tunnel_sock_release [udp_tunnel]() {
 7) * 15801.11 us |      synchronize_rcu();
 7) * 15808.69 us |    }
 7) * 15993.49 us |  }
 7)               |  vxlan_sock_release [vxlan]() {
 7)               |    synchronize_net() {
 7) + 37.911 us   |      synchronize_rcu_expedited();
 7) + 39.434 us   |    }
 7)               |    udp_tunnel_sock_release [udp_tunnel]() {
 7) * 23853.41 us |      synchronize_rcu();
 7) * 23864.27 us |    }
 7) * 24011.88 us |  }
 7)               |  vxlan_sock_release [vxlan]() {
 7)               |    synchronize_net() {
 7) + 52.488 us   |      synchronize_rcu_expedited();
 7) + 54.482 us   |    }
 7)               |    udp_tunnel_sock_release [udp_tunnel]() {
 7) * 15776.26 us |      synchronize_rcu();
 7) * 15783.77 us |    }
 7) * 15945.05 us |  }
 7)               |  vxlan_sock_release [vxlan]() {
 7)               |    synchronize_net() {
 7) + 28.263 us   |      synchronize_rcu_expedited();
 7) + 29.545 us   |    }
 7)               |    udp_tunnel_sock_release [udp_tunnel]() {
 7) * 15840.70 us |      synchronize_rcu();
 7) * 15848.29 us |    }
 7) * 15985.49 us |  }
 7)               |  vxlan_sock_release [vxlan]() {
 7)               |    synchronize_net() {
 7) + 41.387 us   |      synchronize_rcu_expedited();
 7) + 42.941 us   |    }
 7)               |    udp_tunnel_sock_release [udp_tunnel]() {
 7) * 19844.02 us |      synchronize_rcu();
 7) * 19851.15 us |    }
 7) * 19990.38 us |  }
 7)               |  vxlan_sock_release [vxlan]() {
 7)               |    synchronize_net() {
 7) + 37.149 us   |      synchronize_rcu_expedited();
 7) + 38.743 us   |    }
 7)               |    udp_tunnel_sock_release [udp_tunnel]() {
 7) * 19862.87 us |      synchronize_rcu();
 7) * 19873.24 us |    }
 7) * 20028.18 us |  }
 7)               |  vxlan_sock_release [vxlan]() {
 7)               |    synchronize_net() {
 7) + 49.613 us   |      synchronize_rcu_expedited();
 7) + 52.108 us   |    }
 7)               |    udp_tunnel_sock_release [udp_tunnel]() {
 7) * 23775.83 us |      synchronize_rcu();
 7) * 23784.00 us |    }
 7) * 23938.88 us |  }
 7)               |  vxlan_sock_release [vxlan]() {
 7)               |    synchronize_net() {
 7) + 51.957 us   |      synchronize_rcu_expedited();
 7) + 53.491 us   |    }
 7)               |    udp_tunnel_sock_release [udp_tunnel]() {
 7) * 19835.56 us |      synchronize_rcu();
 7) * 19848.06 us |    }
 7) * 20022.62 us |  }
 7)               |  vxlan_sock_release [vxlan]() {
 7)               |    synchronize_net() {
 7) + 66.555 us   |      synchronize_rcu_expedited();
 7) + 68.438 us   |    }
 7)               |    udp_tunnel_sock_release [udp_tunnel]() {
 7) * 19742.90 us |      synchronize_rcu();
 7) * 19750.36 us |    }
 7) * 19929.59 us |  }
 7)               |  vxlan_sock_release [vxlan]() {
 7)               |    synchronize_net() {
 7) + 33.272 us   |      synchronize_rcu_expedited();
 7) + 34.785 us   |    }
 7)               |    udp_tunnel_sock_release [udp_tunnel]() {
 7) * 19949.89 us |      synchronize_rcu();
 5) * 15928.41 us |    }
 5) * 16077.06 us |  }
 5)               |  vxlan_sock_release [vxlan]() {
 5)               |    synchronize_net() {
 5) + 61.415 us   |      synchronize_rcu_expedited();
 5) + 63.369 us   |    }
 5)               |    udp_tunnel_sock_release [udp_tunnel]() {
 5) * 39743.69 us |      synchronize_rcu();
 5) * 39762.93 us |    }
 5) * 39941.38 us |  }
 5)               |  vxlan_sock_release [vxlan]() {
 5)               |    synchronize_net() {
 5) + 76.122 us   |      synchronize_rcu_expedited();
 5) + 78.026 us   |    }
 5)               |    udp_tunnel_sock_release [udp_tunnel]() {
 5) * 15698.38 us |      synchronize_rcu();
 5) * 15702.50 us |    }
 5) * 15893.00 us |  }
 5)               |  vxlan_sock_release [vxlan]() {
 5)               |    synchronize_net() {
 5) ! 112.591 us  |      synchronize_rcu_expedited();
 5) ! 115.236 us  |    }
 5)               |    udp_tunnel_sock_release [udp_tunnel]() {
 5) * 15822.53 us |      synchronize_rcu();
 5) * 15833.91 us |    }
 5) * 16061.66 us |  }
 5)               |  vxlan_sock_release [vxlan]() {
 5)               |    synchronize_net() {
 5) + 57.468 us   |      synchronize_rcu_expedited();
 5) + 59.261 us   |    }
 5)               |    udp_tunnel_sock_release [udp_tunnel]() {
 5) * 15805.45 us |      synchronize_rcu();
 5) * 15815.92 us |    }
 5) * 15978.56 us |  }
 5)               |  vxlan_sock_release [vxlan]() {
 5)               |    synchronize_net() {
 5) + 63.880 us   |      synchronize_rcu_expedited();
 5) + 65.753 us   |    }
 5)               |    udp_tunnel_sock_release [udp_tunnel]() {
 5) * 23798.54 us |      synchronize_rcu();
 5) * 23809.22 us |    }
 5) * 23979.94 us |  }
 5)               |  vxlan_sock_release [vxlan]() {
 5)               |    synchronize_net() {
 5) + 61.485 us   |      synchronize_rcu_expedited();
 5) + 63.359 us   |    }
 5)               |    udp_tunnel_sock_release [udp_tunnel]() {
 5) * 23802.00 us |      synchronize_rcu();
 5) * 23813.00 us |    }
 5) * 23980.69 us |  }
 5)               |  vxlan_sock_release [vxlan]() {
 5)               |    synchronize_net() {
 5) + 67.427 us   |      synchronize_rcu_expedited();
 5) + 69.751 us   |    }
 5)               |    udp_tunnel_sock_release [udp_tunnel]() {
 5) * 31790.67 us |      synchronize_rcu();
 5) * 31801.36 us |    }
 5) * 31978.98 us |  }
 5)               |  vxlan_sock_release [vxlan]() {
 5)               |    synchronize_net() {
 5) + 61.395 us   |      synchronize_rcu_expedited();
 5) + 63.319 us   |    }
 5)               |    udp_tunnel_sock_release [udp_tunnel]() {
 5) * 23790.74 us |      synchronize_rcu();
 5) * 23801.75 us |    }
 5) * 23981.52 us |  }
 5)               |  vxlan_sock_release [vxlan]() {
 5)               |    synchronize_net() {
 5) + 64.391 us   |      synchronize_rcu_expedited();
 5) + 66.304 us   |    }
 5)               |    udp_tunnel_sock_release [udp_tunnel]() {
 5) * 23726.67 us |      synchronize_rcu();
 5) * 23730.84 us |    }
 5) * 23908.11 us |  }
 5)               |  vxlan_sock_release [vxlan]() {
 5)               |    synchronize_net() {
 5) + 21.620 us   |      synchronize_rcu_expedited();
 5) + 22.272 us   |    }
 5)               |    udp_tunnel_sock_release [udp_tunnel]() {
 5) * 23853.77 us |      synchronize_rcu();
 5) * 23858.19 us |    }
 5) * 23994.35 us |  }
 5)               |  vxlan_sock_release [vxlan]() {
 5)               |    synchronize_net() {
 5) + 30.647 us   |      synchronize_rcu_expedited();
 5) + 31.138 us   |    }
 5)               |    udp_tunnel_sock_release [udp_tunnel]() {
 5) * 23867.16 us |      synchronize_rcu();
 5) * 23871.71 us |    }
 5) * 23995.21 us |  }
 5)               |  vxlan_sock_release [vxlan]() {
 5)               |    synchronize_net() {
 5) + 20.358 us   |      synchronize_rcu_expedited();
 5) + 20.940 us   |    }
 5)               |    udp_tunnel_sock_release [udp_tunnel]() {
 5) * 23942.94 us |      synchronize_rcu();
 5) * 23953.54 us |    }
 5) * 24063.34 us |  }
 5)               |  vxlan_sock_release [vxlan]() {
 5)               |    synchronize_net() {
 5) + 55.725 us   |      synchronize_rcu_expedited();
 5) + 58.109 us   |    }
 5)               |    udp_tunnel_sock_release [udp_tunnel]() {
 5) * 15796.42 us |      synchronize_rcu();
 5) * 15807.02 us |    }
 5) * 15978.21 us |  }
 5)               |  vxlan_sock_release [vxlan]() {
 5)               |    synchronize_net() {
 5) + 57.728 us   |      synchronize_rcu_expedited();
 5) + 59.682 us   |    }
 5)               |    udp_tunnel_sock_release [udp_tunnel]() {
 5) * 15766.77 us |      synchronize_rcu();
 5) * 15773.95 us |    }
 5) * 15944.29 us |  }
 5)               |  vxlan_sock_release [vxlan]() {
 5)               |    synchronize_net() {
 5) + 30.638 us   |      synchronize_rcu_expedited();
 5) + 33.222 us   |    }
 5)               |    udp_tunnel_sock_release [udp_tunnel]() {
 5) * 19806.59 us |      synchronize_rcu();
 5) * 19810.61 us |    }
 5) * 19954.87 us |  }
 5)               |  vxlan_sock_release [vxlan]() {
 5)               |    synchronize_net() {
 5) + 23.504 us   |      synchronize_rcu_expedited();
 5) + 24.516 us   |    }
 5)               |    udp_tunnel_sock_release [udp_tunnel]() {
 5) * 15872.61 us |      synchronize_rcu();
 5) * 15876.73 us |    }
 5) * 15994.65 us |  }
 5)               |  vxlan_sock_release [vxlan]() {
 5)               |    synchronize_net() {
 5) + 21.250 us   |      synchronize_rcu_expedited();
 5) + 21.901 us   |    }
 5)               |    udp_tunnel_sock_release [udp_tunnel]() {
 5) * 15899.39 us |      synchronize_rcu();
 5) * 15902.82 us |    }
 5) * 15997.24 us |  }
 5)               |  vxlan_sock_release [vxlan]() {
 5)               |    synchronize_net() {
 5) + 19.827 us   |      synchronize_rcu_expedited();
 5) + 20.389 us   |    }
 5)               |    udp_tunnel_sock_release [udp_tunnel]() {
 5) * 19873.30 us |      synchronize_rcu();
 5) * 19877.90 us |    }
 5) * 19989.33 us |  }
 5)               |  vxlan_sock_release [vxlan]() {
 5)               |    synchronize_net() {
 5) + 25.688 us   |      synchronize_rcu_expedited();
 5) + 26.329 us   |    }
 5)               |    udp_tunnel_sock_release [udp_tunnel]() {
 5) * 23859.83 us |      synchronize_rcu();
 5) * 23863.85 us |    }
 5) * 23972.82 us |  }
 5)               |  vxlan_sock_release [vxlan]() {
 5)               |    synchronize_net() {
 5) + 56.536 us   |      synchronize_rcu_expedited();
 5) + 57.147 us   |    }
 5)               |    udp_tunnel_sock_release [udp_tunnel]() {
 5) * 19819.15 us |      synchronize_rcu();
 5) * 19825.15 us |    }
 5) * 20004.56 us |  }
 5)               |  vxlan_sock_release [vxlan]() {
 5)               |    synchronize_net() {
 5) + 58.500 us   |      synchronize_rcu_expedited();
 5) + 59.592 us   |    }
 5)               |    udp_tunnel_sock_release [udp_tunnel]() {
 5) * 27820.46 us |      synchronize_rcu();
 5) * 27825.38 us |    }
 5) * 27986.25 us |  }
 5)               |  vxlan_sock_release [vxlan]() {
 5)               |    synchronize_net() {
 5) + 33.353 us   |      synchronize_rcu_expedited();
 5) + 34.766 us   |    }
 5)               |    udp_tunnel_sock_release [udp_tunnel]() {
 5) * 15874.82 us |      synchronize_rcu();
 7) * 19960.93 us |    }
 7) * 20087.22 us |  }
 7)               |  vxlan_sock_release [vxlan]() {
 7)               |    synchronize_net() {
 7) + 74.870 us   |      synchronize_rcu_expedited();
 7) + 76.743 us   |    }
 7)               |    udp_tunnel_sock_release [udp_tunnel]() {
 7) * 23763.31 us |      synchronize_rcu();
 7) * 23773.84 us |    }
 7) * 23962.52 us |  }
 7)               |  vxlan_sock_release [vxlan]() {
 7)               |    synchronize_net() {
 7) + 54.422 us   |      synchronize_rcu_expedited();
 7) + 56.756 us   |    }
 7)               |    udp_tunnel_sock_release [udp_tunnel]() {
 7) * 23742.65 us |      synchronize_rcu();
 7) * 23747.25 us |    }
 7) * 23912.53 us |  }
 7)               |  vxlan_sock_release [vxlan]() {
 7)               |    synchronize_net() {
 7) + 72.777 us   |      synchronize_rcu_expedited();
 7) + 73.809 us   |    }
 7)               |    udp_tunnel_sock_release [udp_tunnel]() {
 7) * 19873.02 us |      synchronize_rcu();
 7) * 19885.28 us |    }
 7) * 20073.13 us |  }
 7)               |  vxlan_sock_release [vxlan]() {
 7)               |    synchronize_net() {
 7) + 56.095 us   |      synchronize_rcu_expedited();
 7) + 57.969 us   |    }
 7)               |    udp_tunnel_sock_release [udp_tunnel]() {
 7) * 15797.13 us |      synchronize_rcu();
 7) * 15807.84 us |    }
 7) * 15971.46 us |  }
 7)               |  vxlan_sock_release [vxlan]() {
 7)               |    synchronize_net() {
 7) + 51.487 us   |      synchronize_rcu_expedited();
 7) + 53.340 us   |    }
 7)               |    udp_tunnel_sock_release [udp_tunnel]() {
 7) * 15778.05 us |      synchronize_rcu();
 7) * 15785.61 us |    }
 7) * 15942.83 us |  }
 7)               |  vxlan_sock_release [vxlan]() {
 7)               |    synchronize_net() {
 7) + 37.280 us   |      synchronize_rcu_expedited();
 7) + 38.883 us   |    }
 7)               |    udp_tunnel_sock_release [udp_tunnel]() {
 7) * 15836.01 us |      synchronize_rcu();
 7) * 15843.52 us |    }
 7) * 15985.84 us |  }
 7)               |  vxlan_sock_release [vxlan]() {
 7)               |    synchronize_net() {
 7) + 30.147 us   |      synchronize_rcu_expedited();
 7) + 31.439 us   |    }
 7)               |    udp_tunnel_sock_release [udp_tunnel]() {
 7) * 15840.22 us |      synchronize_rcu();
 7) * 15847.24 us |    }
 7) * 15985.44 us |  }
 7)               |  vxlan_sock_release [vxlan]() {
 7)               |    synchronize_net() {
 7) ! 161.102 us  |      synchronize_rcu_expedited();
 7) ! 164.017 us  |    }
 7)               |    udp_tunnel_sock_release [udp_tunnel]() {
 7) * 15744.01 us |      synchronize_rcu();
 7) * 15759.39 us |    }
 7) * 16031.01 us |  }
 7)               |  vxlan_sock_release [vxlan]() {
 7)               |    synchronize_net() {
 7) ! 155.231 us  |      synchronize_rcu_expedited();
 7) ! 157.635 us  |    }
 7)               |    udp_tunnel_sock_release [udp_tunnel]() {
 7) * 23708.87 us |      synchronize_rcu();
 7) * 23724.48 us |    }
 7) * 23977.05 us |  }
 7)               |  vxlan_sock_release [vxlan]() {
 7)               |    synchronize_net() {
 7) ! 165.110 us  |      synchronize_rcu_expedited();
 7) ! 168.486 us  |    }
 7)               |    udp_tunnel_sock_release [udp_tunnel]() {
 7) * 15679.38 us |      synchronize_rcu();
 7) * 15690.34 us |    }
 7) * 15969.29 us |  }
 7)               |  vxlan_sock_release [vxlan]() {
 7)               |    synchronize_net() {
 7) ! 179.356 us  |      synchronize_rcu_expedited();
 7) ! 182.672 us  |    }
 7)               |    udp_tunnel_sock_release [udp_tunnel]() {
 7) * 15681.75 us |      synchronize_rcu();
 7) * 15697.10 us |    }
 7) * 15987.59 us |  }
 7)               |  vxlan_sock_release [vxlan]() {
 7)               |    synchronize_net() {
 7) ! 178.595 us  |      synchronize_rcu_expedited();
 7) ! 181.881 us  |    }
 7)               |    udp_tunnel_sock_release [udp_tunnel]() {
 7) * 15638.06 us |      synchronize_rcu();
 7) * 15650.26 us |    }
 7) * 15942.02 us |  }
 7)               |  vxlan_sock_release [vxlan]() {
 7)               |    synchronize_net() {
 7) ! 172.574 us  |      synchronize_rcu_expedited();
 7) ! 175.519 us  |    }
 7)               |    udp_tunnel_sock_release [udp_tunnel]() {
 7) * 15690.51 us |      synchronize_rcu();
 7) * 15723.32 us |    }
 7) * 16007.63 us |  }
 7)               |  vxlan_sock_release [vxlan]() {
 7)               |    synchronize_net() {
 7) ! 412.503 us  |      synchronize_rcu_expedited();
 7) ! 420.289 us  |    }
 7)               |    udp_tunnel_sock_release [udp_tunnel]() {
 7) * 15375.32 us |      synchronize_rcu();
 7) * 15392.37 us |    }
 7) * 15926.36 us |  }
 7)               |  vxlan_sock_release [vxlan]() {
 7)               |    synchronize_net() {
 7) ! 168.245 us  |      synchronize_rcu_expedited();
 7) ! 171.592 us  |    }
 7)               |    udp_tunnel_sock_release [udp_tunnel]() {
 7) * 15682.72 us |      synchronize_rcu();
 7) * 15693.56 us |    }
 7) * 15964.50 us |  }
 7)               |  vxlan_sock_release [vxlan]() {
 7)               |    synchronize_net() {
 7) + 64.281 us   |      synchronize_rcu_expedited();
 7) + 66.214 us   |    }
 7)               |    udp_tunnel_sock_release [udp_tunnel]() {
 7) * 15807.11 us |      synchronize_rcu();
 7) * 15818.31 us |    }
 7) * 15984.47 us |  }
 7)               |  vxlan_sock_release [vxlan]() {
 7)               |    synchronize_net() {
 7) + 64.471 us   |      synchronize_rcu_expedited();
 7) + 66.364 us   |    }
 7)               |    udp_tunnel_sock_release [udp_tunnel]() {
 7) * 23790.30 us |      synchronize_rcu();
 7) * 23801.67 us |    }
 7) * 23969.15 us |  }
 7)               |  vxlan_sock_release [vxlan]() {
 7)               |    synchronize_net() {
 7) + 59.001 us   |      synchronize_rcu_expedited();
 7) + 61.105 us   |    }
 7)               |    udp_tunnel_sock_release [udp_tunnel]() {
 7) * 15773.03 us |      synchronize_rcu();
 7) * 15780.32 us |    }
 7) * 15945.01 us |  }
 7)               |  vxlan_sock_release [vxlan]() {
 7)               |    synchronize_net() {
 7) + 29.855 us   |      synchronize_rcu_expedited();
 7) + 31.109 us   |    }
 7)               |    udp_tunnel_sock_release [udp_tunnel]() {
 7) * 15812.50 us |      synchronize_rcu();
 7) * 15817.00 us |    }
 7) * 15951.41 us |  }
 7)               |  vxlan_sock_release [vxlan]() {
 7)               |    synchronize_net() {
 7) + 20.749 us   |      synchronize_rcu_expedited();
 7) + 21.340 us   |    }
 7)               |    udp_tunnel_sock_release [udp_tunnel]() {
 7) * 23927.71 us |      synchronize_rcu();
 7) * 23939.42 us |    }
 7) * 24036.69 us |  }
 7)               |  vxlan_sock_release [vxlan]() {
 7)               |    synchronize_net() {
 7) + 34.324 us   |      synchronize_rcu_expedited();
 7) + 36.900 us   |    }
 7)               |    udp_tunnel_sock_release [udp_tunnel]() {
 7) * 19949.01 us |      synchronize_rcu();
 5) * 15898.64 us |    }
 5) * 16052.21 us |  }
 5)               |  vxlan_sock_release [vxlan]() {
 5)               |    synchronize_net() {
 5) + 43.421 us   |      synchronize_rcu_expedited();
 5) + 44.514 us   |    }
 5)               |    udp_tunnel_sock_release [udp_tunnel]() {
 5) * 15724.76 us |      synchronize_rcu();
 5) * 15728.83 us |    }
 5) * 15864.28 us |  }
 5)               |  vxlan_sock_release [vxlan]() {
 5)               |    synchronize_net() {
 5) + 25.348 us   |      synchronize_rcu_expedited();
 5) + 26.430 us   |    }
 5)               |    udp_tunnel_sock_release [udp_tunnel]() {
 5) * 23890.11 us |      synchronize_rcu();
 5) * 23893.91 us |    }
 5) * 23987.66 us |  }
 5)               |  vxlan_sock_release [vxlan]() {
 5)               |    synchronize_net() {
 5) + 23.564 us   |      synchronize_rcu_expedited();
 5) + 24.536 us   |    }
 5)               |    udp_tunnel_sock_release [udp_tunnel]() {
 5) * 15875.38 us |      synchronize_rcu();
 5) * 15879.65 us |    }
 5) * 15990.69 us |  }
 5)               |  vxlan_sock_release [vxlan]() {
 5)               |    synchronize_net() {
 5) + 67.717 us   |      synchronize_rcu_expedited();
 5) + 68.719 us   |    }
 5)               |    udp_tunnel_sock_release [udp_tunnel]() {
 5) * 15827.65 us |      synchronize_rcu();
 5) * 15831.87 us |    }
 5) * 15989.98 us |  }
 5)               |  vxlan_sock_release [vxlan]() {
 5)               |    synchronize_net() {
 5) + 49.583 us   |      synchronize_rcu_expedited();
 5) + 50.655 us   |    }
 5)               |    udp_tunnel_sock_release [udp_tunnel]() {
 5) * 19832.08 us |      synchronize_rcu();
 5) * 19836.18 us |    }
 5) * 19985.43 us |  }
 5)               |  vxlan_sock_release [vxlan]() {
 5)               |    synchronize_net() {
 5) + 50.224 us   |      synchronize_rcu_expedited();
 5) + 52.989 us   |    }
 5)               |    udp_tunnel_sock_release [udp_tunnel]() {
 5) * 15857.67 us |      synchronize_rcu();
 5) * 15862.16 us |    }
 5) * 15990.27 us |  }
 5)               |  vxlan_sock_release [vxlan]() {
 5)               |    synchronize_net() {
 5) + 53.601 us   |      synchronize_rcu_expedited();
 5) + 54.663 us   |    }
 5)               |    udp_tunnel_sock_release [udp_tunnel]() {
 5) * 15856.79 us |      synchronize_rcu();
 5) * 15861.08 us |    }
 5) * 15987.60 us |  }
 5)               |  vxlan_sock_release [vxlan]() {
 5)               |    synchronize_net() {
 5) + 23.504 us   |      synchronize_rcu_expedited();
 5) + 24.526 us   |    }
 5)               |    udp_tunnel_sock_release [udp_tunnel]() {
 5) * 15879.89 us |      synchronize_rcu();
 5) * 15884.01 us |    }
 5) * 15988.25 us |  }
 5)               |  vxlan_sock_release [vxlan]() {
 5)               |    synchronize_net() {
 5) + 23.644 us   |      synchronize_rcu_expedited();
 5) + 24.636 us   |    }
 5)               |    udp_tunnel_sock_release [udp_tunnel]() {
 5) * 15877.37 us |      synchronize_rcu();
 5) * 15881.75 us |    }
 5) * 15989.86 us |  }
 5)               |  vxlan_sock_release [vxlan]() {
 5)               |    synchronize_net() {
 5) + 62.537 us   |      synchronize_rcu_expedited();
 5) + 63.660 us   |    }
 5)               |    udp_tunnel_sock_release [udp_tunnel]() {
 5) * 23828.86 us |      synchronize_rcu();
 5) * 23834.47 us |    }
 5) * 23991.98 us |  }
 5)               |  vxlan_sock_release [vxlan]() {
 5)               |    synchronize_net() {
 5) + 54.522 us   |      synchronize_rcu_expedited();
 5) + 55.574 us   |    }
 5)               |    udp_tunnel_sock_release [udp_tunnel]() {
 5) * 19828.00 us |      synchronize_rcu();
 5) * 19832.36 us |    }
 5) * 19987.07 us |  }
 5)               |  vxlan_sock_release [vxlan]() {
 5)               |    synchronize_net() {
 5) + 21.911 us   |      synchronize_rcu_expedited();
 5) + 22.903 us   |    }
 5)               |    udp_tunnel_sock_release [udp_tunnel]() {
 5) * 19882.82 us |      synchronize_rcu();
 5) * 19886.89 us |    }
 5) * 19986.91 us |  }
 5)               |  vxlan_sock_release [vxlan]() {
 5)               |    synchronize_net() {
 5) + 24.516 us   |      synchronize_rcu_expedited();
 5) + 25.498 us   |    }
 5)               |    udp_tunnel_sock_release [udp_tunnel]() {
 5) * 15882.18 us |      synchronize_rcu();
 5) * 15886.31 us |    }
 5) * 15989.01 us |  }
 5)               |  vxlan_sock_release [vxlan]() {
 5)               |    synchronize_net() {
 5) + 24.636 us   |      synchronize_rcu_expedited();
 5) + 25.688 us   |    }
 5)               |    udp_tunnel_sock_release [udp_tunnel]() {
 5) * 23889.89 us |      synchronize_rcu();
 5) * 23894.52 us |    }
 5) * 23992.26 us |  }
 5)               |  vxlan_sock_release [vxlan]() {
 5)               |    synchronize_net() {
 5) + 43.031 us   |      synchronize_rcu_expedited();
 5) + 44.063 us   |    }
 5)               |    udp_tunnel_sock_release [udp_tunnel]() {
 5) * 23835.55 us |      synchronize_rcu();
 7) * 19963.02 us |    }
 7) * 20084.47 us |  }
 7)               |  vxlan_sock_release [vxlan]() {
 7)               |    synchronize_net() {
 7) + 58.109 us   |      synchronize_rcu_expedited();
 7) + 59.952 us   |    }
 7)               |    udp_tunnel_sock_release [udp_tunnel]() {
 7) * 15792.93 us |      synchronize_rcu();
 7) * 15803.68 us |    }
 7) * 15960.66 us |  }
 7)               |  vxlan_sock_release [vxlan]() {
 7)               |    synchronize_net() {
 7) + 65.673 us   |      synchronize_rcu_expedited();
 7) + 67.526 us   |    }
 7)               |    udp_tunnel_sock_release [udp_tunnel]() {
 7) * 15800.11 us |      synchronize_rcu();
 7) * 15810.54 us |    }
 7) * 15982.66 us |  }
 7)               |  vxlan_sock_release [vxlan]() {
 7)               |    synchronize_net() {
 7) + 40.346 us   |      synchronize_rcu_expedited();
 7) + 42.710 us   |    }
 7)               |    udp_tunnel_sock_release [udp_tunnel]() {
 7) * 15819.82 us |      synchronize_rcu();
 7) * 15830.76 us |    }
 7) * 15980.65 us |  }
 7)               |  vxlan_sock_release [vxlan]() {
 7)               |    synchronize_net() {
 7) + 49.863 us   |      synchronize_rcu_expedited();
 7) + 51.657 us   |    }
 7)               |    udp_tunnel_sock_release [udp_tunnel]() {
 7) * 15966.32 us |      synchronize_rcu();
 5) * 23842.60 us |    }
 5) * 23984.46 us |  }
 5)               |  vxlan_sock_release [vxlan]() {
 5)               |    synchronize_net() {
 5) + 57.237 us   |      synchronize_rcu_expedited();
 5) + 59.402 us   |    }
 5)               |    udp_tunnel_sock_release [udp_tunnel]() {
 5) * 15748.39 us |      synchronize_rcu();
 5) * 15753.09 us |    }
 5) * 15904.06 us |  }
 5)               |  vxlan_sock_release [vxlan]() {
 5)               |    synchronize_net() {
 5) + 22.913 us   |      synchronize_rcu_expedited();
 5) + 23.904 us   |    }
 5)               |    udp_tunnel_sock_release [udp_tunnel]() {
 5) * 31790.85 us |      synchronize_rcu();
 7) * 15979.61 us |    }
 7) * 16082.31 us |  }
 7)               |  vxlan_sock_release [vxlan]() {
 7)               |    synchronize_net() {
 7) + 65.293 us   |      synchronize_rcu_expedited();
 7) + 67.828 us   |    }
 7)               |    udp_tunnel_sock_release [udp_tunnel]() {
 7) * 19885.69 us |      synchronize_rcu();
 5) * 31796.50 us |    }
 5) * 31970.93 us |  }
 5)               |  vxlan_sock_release [vxlan]() {
 5)               |    synchronize_net() {
 5) + 24.486 us   |      synchronize_rcu_expedited();
 5) + 25.548 us   |    }
 5)               |    udp_tunnel_sock_release [udp_tunnel]() {
 5) * 15773.32 us |      synchronize_rcu();
 5) * 15776.73 us |    }
 5) * 15898.04 us |  }
 5)               |  vxlan_sock_release [vxlan]() {
 5)               |    synchronize_net() {
 5) + 69.410 us   |      synchronize_rcu_expedited();
 5) + 70.412 us   |    }
 5)               |    udp_tunnel_sock_release [udp_tunnel]() {
 5) * 15828.55 us |      synchronize_rcu();
 5) * 15832.35 us |    }
 5) * 15987.21 us |  }
 5)               |  vxlan_sock_release [vxlan]() {
 5)               |    synchronize_net() {
 5) + 21.300 us   |      synchronize_rcu_expedited();
 5) + 22.352 us   |    }
 5)               |    udp_tunnel_sock_release [udp_tunnel]() {
 5) * 15893.40 us |      synchronize_rcu();
 5) * 15897.02 us |    }
 5) * 15990.95 us |  }
 5)               |  vxlan_sock_release [vxlan]() {
 5)               |    synchronize_net() {
 5) + 21.500 us   |      synchronize_rcu_expedited();
 5) + 22.532 us   |    }
 5)               |    udp_tunnel_sock_release [udp_tunnel]() {
 5) * 15893.72 us |      synchronize_rcu();
 5) * 15897.60 us |    }
 5) * 15988.32 us |  }
 5)               |  vxlan_sock_release [vxlan]() {
 5)               |    synchronize_net() {
 5) + 60.353 us   |      synchronize_rcu_expedited();
 5) + 61.355 us   |    }
 5)               |    udp_tunnel_sock_release [udp_tunnel]() {
 5) * 19844.46 us |      synchronize_rcu();
 5) * 19848.21 us |    }
 5) * 19988.13 us |  }
 5)               |  vxlan_sock_release [vxlan]() {
 5)               |    synchronize_net() {
 5) + 22.493 us   |      synchronize_rcu_expedited();
 5) + 23.515 us   |    }
 5)               |    udp_tunnel_sock_release [udp_tunnel]() {
 5) * 23890.23 us |      synchronize_rcu();
 5) * 23893.83 us |    }
 5) * 23987.55 us |  }
 5)               |  vxlan_sock_release [vxlan]() {
 5)               |    synchronize_net() {
 5) + 21.260 us   |      synchronize_rcu_expedited();
 5) + 22.312 us   |    }
 5)               |    udp_tunnel_sock_release [udp_tunnel]() {
 5) * 15894.16 us |      synchronize_rcu();
 5) * 15898.16 us |    }
 5) * 15989.91 us |  }
 5)               |  vxlan_sock_release [vxlan]() {
 5)               |    synchronize_net() {
 5) + 21.620 us   |      synchronize_rcu_expedited();
 5) + 22.672 us   |    }
 5)               |    udp_tunnel_sock_release [udp_tunnel]() {
 5) * 23900.33 us |      synchronize_rcu();
 5) * 23905.51 us |    }
 5) * 23990.16 us |  }
 5)               |  vxlan_sock_release [vxlan]() {
 5)               |    synchronize_net() {
 5) + 26.410 us   |      synchronize_rcu_expedited();
 5) + 27.522 us   |    }
 5)               |    udp_tunnel_sock_release [udp_tunnel]() {
 5) * 19875.70 us |      synchronize_rcu();
 5) * 19879.37 us |    }
 5) * 19987.24 us |  }
 5)               |  vxlan_sock_release [vxlan]() {
 5)               |    synchronize_net() {
 5) + 60.895 us   |      synchronize_rcu_expedited();
 5) + 61.846 us   |    }
 5)               |    udp_tunnel_sock_release [udp_tunnel]() {
 5) * 27823.47 us |      synchronize_rcu();
 5) * 27827.32 us |    }
 5) * 27986.43 us |  }
 5)               |  vxlan_sock_release [vxlan]() {
 5)               |    synchronize_net() {
 5) + 38.712 us   |      synchronize_rcu_expedited();
 5) + 39.684 us   |    }
 5)               |    udp_tunnel_sock_release [udp_tunnel]() {
 5) * 15870.09 us |      synchronize_rcu();
 5) * 15873.80 us |    }
 5) * 15993.60 us |  }
 5)               |  vxlan_sock_release [vxlan]() {
 5)               |    synchronize_net() {
 5) ! 105.378 us  |      synchronize_rcu_expedited();
 5) ! 106.530 us  |    }
 5)               |    udp_tunnel_sock_release [udp_tunnel]() {
 5) * 19768.82 us |      synchronize_rcu();
 5) * 19772.85 us |    }
 5) * 19987.99 us |  }
 5)               |  vxlan_sock_release [vxlan]() {
 5)               |    synchronize_net() {
 5) + 36.589 us   |      synchronize_rcu_expedited();
 5) + 37.611 us   |    }
 5)               |    udp_tunnel_sock_release [udp_tunnel]() {
 5) * 19856.10 us |      synchronize_rcu();
 5) * 19860.15 us |    }
 5) * 19992.40 us |  }
 5)               |  vxlan_sock_release [vxlan]() {
 5)               |    synchronize_net() {
 5) + 42.470 us   |      synchronize_rcu_expedited();
 5) + 43.611 us   |    }
 5)               |    udp_tunnel_sock_release [udp_tunnel]() {
 5) * 19843.72 us |      synchronize_rcu();
 5) * 19847.55 us |    }
 5) * 19983.56 us |  }
 5)               |  vxlan_sock_release [vxlan]() {
 5)               |    synchronize_net() {
 5) + 22.542 us   |      synchronize_rcu_expedited();
 5) + 23.514 us   |    }
 5)               |    udp_tunnel_sock_release [udp_tunnel]() {
 5) * 31876.04 us |      synchronize_rcu();
 5) * 31880.16 us |    }
 5) * 31993.46 us |  }
 5)               |  vxlan_sock_release [vxlan]() {
 5)               |    synchronize_net() {
 5) + 24.345 us   |      synchronize_rcu_expedited();
 5) + 25.397 us   |    }
 5)               |    udp_tunnel_sock_release [udp_tunnel]() {
 5) * 19863.83 us |      synchronize_rcu();
 5) * 19867.41 us |    }
 5) * 19982.65 us |  }
 5)               |  vxlan_sock_release [vxlan]() {
 5)               |    synchronize_net() {
 5) + 24.586 us   |      synchronize_rcu_expedited();
 5) + 25.628 us   |    }
 5)               |    udp_tunnel_sock_release [udp_tunnel]() {
 5) * 15881.95 us |      synchronize_rcu();
 5) * 15885.84 us |    }
 5) * 15989.76 us |  }
 5)               |  vxlan_sock_release [vxlan]() {
 5)               |    synchronize_net() {
 5) + 25.989 us   |      synchronize_rcu_expedited();
 5) + 27.552 us   |    }
 5)               |    udp_tunnel_sock_release [udp_tunnel]() {
 5) * 19871.70 us |      synchronize_rcu();
 5) * 19878.23 us |    }
 5) * 19996.07 us |  }
 5)               |  vxlan_sock_release [vxlan]() {
 5)               |    synchronize_net() {
 5) + 28.734 us   |      synchronize_rcu_expedited();
 5) + 29.836 us   |    }
 5)               |    udp_tunnel_sock_release [udp_tunnel]() {
 5) * 19846.05 us |      synchronize_rcu();
 5) * 19850.29 us |    }
 5) * 19981.11 us |  }
 5)               |  vxlan_sock_release [vxlan]() {
 5)               |    synchronize_net() {
 5) + 23.474 us   |      synchronize_rcu_expedited();
 5) + 24.496 us   |    }
 5)               |    udp_tunnel_sock_release [udp_tunnel]() {
 5) * 19887.41 us |      synchronize_rcu();
 5) * 19892.76 us |    }
 5) * 19999.08 us |  }
 5)               |  vxlan_sock_release [vxlan]() {
 5)               |    synchronize_net() {
 5) + 26.369 us   |      synchronize_rcu_expedited();
 5) + 27.431 us   |    }
 5)               |    udp_tunnel_sock_release [udp_tunnel]() {
 5) * 19868.87 us |      synchronize_rcu();
 5) * 19872.70 us |    }
 5) * 19977.03 us |  }
 5)               |  vxlan_sock_release [vxlan]() {
 5)               |    synchronize_net() {
 5) + 38.532 us   |      synchronize_rcu_expedited();
 5) + 39.524 us   |    }
 5)               |    udp_tunnel_sock_release [udp_tunnel]() {
 5) * 19871.78 us |      synchronize_rcu();
 5) * 19875.75 us |    }
 5) * 19991.20 us |  }
 5)               |  vxlan_sock_release [vxlan]() {
 5)               |    synchronize_net() {
 5) + 39.363 us   |      synchronize_rcu_expedited();
 5) + 40.586 us   |    }
 5)               |    udp_tunnel_sock_release [udp_tunnel]() {
 5) * 19863.52 us |      synchronize_rcu();
 5) * 19867.04 us |    }
 5) * 19986.58 us |  }
 5)               |  vxlan_sock_release [vxlan]() {
 5)               |    synchronize_net() {
 5) + 62.778 us   |      synchronize_rcu_expedited();
 5) + 63.769 us   |    }
 5)               |    udp_tunnel_sock_release [udp_tunnel]() {
 5) * 15924.47 us |      synchronize_rcu();
 7) * 19893.29 us |    }
 7) * 20047.75 us |  }
 7)               |  vxlan_sock_release [vxlan]() {
 7)               |    synchronize_net() {
 7) + 27.261 us   |      synchronize_rcu_expedited();
 7) + 28.484 us   |    }
 7)               |    udp_tunnel_sock_release [udp_tunnel]() {
 7) * 15872.48 us |      synchronize_rcu();
 7) * 15883.90 us |    }
 7) * 16023.93 us |  }
 7)               |  vxlan_sock_release [vxlan]() {
 7)               |    synchronize_net() {
 7) + 36.198 us   |      synchronize_rcu_expedited();
 7) + 37.992 us   |    }
 7)               |    udp_tunnel_sock_release [udp_tunnel]() {
 7) * 15821.85 us |      synchronize_rcu();
 7) * 15832.47 us |    }
 7) * 15972.26 us |  }
 7)               |  vxlan_sock_release [vxlan]() {
 7)               |    synchronize_net() {
 7) + 35.657 us   |      synchronize_rcu_expedited();
 7) + 37.510 us   |    }
 7)               |    udp_tunnel_sock_release [udp_tunnel]() {
 7) * 15796.54 us |      synchronize_rcu();
 7) * 15803.96 us |    }
 7) * 15942.55 us |  }
 7)               |  vxlan_sock_release [vxlan]() {
 7)               |    synchronize_net() {
 7) + 29.576 us   |      synchronize_rcu_expedited();
 7) + 30.868 us   |    }
 7)               |    udp_tunnel_sock_release [udp_tunnel]() {
 7) * 15847.51 us |      synchronize_rcu();
 7) * 15855.06 us |    }
 7) * 15986.66 us |  }
 7)               |  vxlan_sock_release [vxlan]() {
 7)               |    synchronize_net() {
 7) + 30.007 us   |      synchronize_rcu_expedited();
 7) + 31.259 us   |    }
 7)               |    udp_tunnel_sock_release [udp_tunnel]() {
 7) * 15850.62 us |      synchronize_rcu();
 7) * 15858.81 us |    }
 7) * 15991.18 us |  }
 7)               |  vxlan_sock_release [vxlan]() {
 7)               |    synchronize_net() {
 7) + 29.455 us   |      synchronize_rcu_expedited();
 7) + 30.707 us   |    }
 7)               |    udp_tunnel_sock_release [udp_tunnel]() {
 7) * 23962.67 us |      synchronize_rcu();
 5) * 15932.10 us |    }
 5) * 16049.17 us |  }
 5)               |  vxlan_sock_release [vxlan]() {
 5)               |    synchronize_net() {
 5) + 61.345 us   |      synchronize_rcu_expedited();
 5) + 63.198 us   |    }
 5)               |    udp_tunnel_sock_release [udp_tunnel]() {
 5) * 15759.71 us |      synchronize_rcu();
 5) * 15770.19 us |    }
 5) * 15938.14 us |  }
 5)               |  vxlan_sock_release [vxlan]() {
 5)               |    synchronize_net() {
 5) + 63.709 us   |      synchronize_rcu_expedited();
 5) + 65.654 us   |    }
 5)               |    udp_tunnel_sock_release [udp_tunnel]() {
 5) * 23779.80 us |      synchronize_rcu();
 5) * 23787.44 us |    }
 5) * 23946.71 us |  }
 5)               |  vxlan_sock_release [vxlan]() {
 5)               |    synchronize_net() {
 5) + 30.116 us   |      synchronize_rcu_expedited();
 5) + 31.800 us   |    }
 5)               |    udp_tunnel_sock_release [udp_tunnel]() {
 5) * 15872.42 us |      synchronize_rcu();
 5) * 15882.75 us |    }
 5) * 16022.33 us |  }
 5)               |  vxlan_sock_release [vxlan]() {
 5)               |    synchronize_net() {
 5) + 50.565 us   |      synchronize_rcu_expedited();
 5) + 52.568 us   |    }
 5)               |    udp_tunnel_sock_release [udp_tunnel]() {
 5) * 23786.23 us |      synchronize_rcu();
 5) * 23794.65 us |    }
 5) * 23948.89 us |  }
 5)               |  vxlan_sock_release [vxlan]() {
 5)               |    synchronize_net() {
 5) + 37.500 us   |      synchronize_rcu_expedited();
 5) + 38.883 us   |    }
 5)               |    udp_tunnel_sock_release [udp_tunnel]() {
 5) * 23820.56 us |      synchronize_rcu();
 5) * 23828.59 us |    }
 5) * 23978.98 us |  }
 5)               |  vxlan_sock_release [vxlan]() {
 5)               |    synchronize_net() {
 5) + 28.273 us   |      synchronize_rcu_expedited();
 5) + 29.526 us   |    }
 5)               |    udp_tunnel_sock_release [udp_tunnel]() {
 5) * 15863.66 us |      synchronize_rcu();
 7) * 23974.26 us |    }
 7) * 24109.73 us |  }
 7)               |  vxlan_sock_release [vxlan]() {
 7)               |    synchronize_net() {
 7) + 69.431 us   |      synchronize_rcu_expedited();
 7) + 71.314 us   |    }
 7)               |    udp_tunnel_sock_release [udp_tunnel]() {
 7) * 15664.51 us |      synchronize_rcu();
 7) * 15671.49 us |    }
 7) * 15855.50 us |  }
 7)               |  vxlan_sock_release [vxlan]() {
 7)               |    synchronize_net() {
 7) + 29.766 us   |      synchronize_rcu_expedited();
 7) + 30.998 us   |    }
 7)               |    udp_tunnel_sock_release [udp_tunnel]() {
 7) * 19879.79 us |      synchronize_rcu();
 7) * 19890.46 us |    }
 7) * 20029.34 us |  }
 7)               |  vxlan_sock_release [vxlan]() {
 7)               |    synchronize_net() {
 7) + 70.342 us   |      synchronize_rcu_expedited();
 7) + 72.275 us   |    }
 7)               |    udp_tunnel_sock_release [udp_tunnel]() {
 7) * 15761.48 us |      synchronize_rcu();
 7) * 15769.57 us |    }
 7) * 15946.27 us |  }
 7)               |  vxlan_sock_release [vxlan]() {
 7)               |    synchronize_net() {
 7) + 33.233 us   |      synchronize_rcu_expedited();
 7) + 34.494 us   |    }
 7)               |    udp_tunnel_sock_release [udp_tunnel]() {
 7) * 27861.97 us |      synchronize_rcu();
 7) * 27872.85 us |    }
 7) * 28009.55 us |  }
 7)               |  vxlan_sock_release [vxlan]() {
 7)               |    synchronize_net() {
 7) + 56.296 us   |      synchronize_rcu_expedited();
 7) + 58.170 us   |    }
 7)               |    udp_tunnel_sock_release [udp_tunnel]() {
 7) * 15772.30 us |      synchronize_rcu();
 7) * 15779.47 us |    }
 7) * 15946.83 us |  }
 7)               |  vxlan_sock_release [vxlan]() {
 7)               |    synchronize_net() {
 7) + 30.818 us   |      synchronize_rcu_expedited();
 7) + 32.431 us   |    }
 7)               |    udp_tunnel_sock_release [udp_tunnel]() {
 7) * 23864.59 us |      synchronize_rcu();
 7) * 23871.45 us |    }
 7) * 23983.38 us |  }
 7)               |  vxlan_sock_release [vxlan]() {
 7)               |    synchronize_net() {
 7) + 30.017 us   |      synchronize_rcu_expedited();
 7) + 31.259 us   |    }
 7)               |    udp_tunnel_sock_release [udp_tunnel]() {
 7) * 23867.23 us |      synchronize_rcu();
 7) * 23878.35 us |    }
 7) * 24023.37 us |  }
 7)               |  vxlan_sock_release [vxlan]() {
 7)               |    synchronize_net() {
 7) + 57.047 us   |      synchronize_rcu_expedited();
 7) + 58.921 us   |    }
 7)               |    udp_tunnel_sock_release [udp_tunnel]() {
 7) * 15792.13 us |      synchronize_rcu();
 7) * 15808.45 us |    }
 7) * 15986.45 us |  }
 7)               |  vxlan_sock_release [vxlan]() {
 7)               |    synchronize_net() {
 7) + 60.804 us   |      synchronize_rcu_expedited();
 7) + 62.647 us   |    }
 7)               |    udp_tunnel_sock_release [udp_tunnel]() {
 7) * 23753.44 us |      synchronize_rcu();
 7) * 23760.82 us |    }
 7) * 23933.33 us |  }
 7)               |  vxlan_sock_release [vxlan]() {
 7)               |    synchronize_net() {
 7) + 39.734 us   |      synchronize_rcu_expedited();
 7) + 41.017 us   |    }
 7)               |    udp_tunnel_sock_release [udp_tunnel]() {
 7) * 15862.66 us |      synchronize_rcu();
 7) * 15873.89 us |    }
 7) * 16020.36 us |  }
 7)               |  vxlan_sock_release [vxlan]() {
 7)               |    synchronize_net() {
 7) + 36.097 us   |      synchronize_rcu_expedited();
 7) + 38.001 us   |    }
 7)               |    udp_tunnel_sock_release [udp_tunnel]() {
 7) * 15764.24 us |      synchronize_rcu();
 7) * 15768.46 us |    }
 7) * 15910.74 us |  }
 7)               |  vxlan_sock_release [vxlan]() {
 7)               |    synchronize_net() {
 7) + 23.805 us   |      synchronize_rcu_expedited();
 7) + 24.466 us   |    }
 7)               |    udp_tunnel_sock_release [udp_tunnel]() {
 7) * 19975.58 us |      synchronize_rcu();
 7) * 19985.49 us |    }
 7) * 20081.25 us |  }
 7)               |  vxlan_sock_release [vxlan]() {
 7)               |    synchronize_net() {
 7) + 56.186 us   |      synchronize_rcu_expedited();
 7) + 58.019 us   |    }
 7)               |    udp_tunnel_sock_release [udp_tunnel]() {
 7) * 15762.60 us |      synchronize_rcu();
 7) * 15770.20 us |    }
 7) * 15933.44 us |  }
 7)               |  vxlan_sock_release [vxlan]() {
 7)               |    synchronize_net() {
 7) + 28.304 us   |      synchronize_rcu_expedited();
 7) + 29.476 us   |    }
 7)               |    udp_tunnel_sock_release [udp_tunnel]() {
 7) * 19872.58 us |      synchronize_rcu();
 7) * 19883.54 us |    }
 7) * 20013.81 us |  }
 7)               |  vxlan_sock_release [vxlan]() {
 7)               |    synchronize_net() {
 7) + 63.168 us   |      synchronize_rcu_expedited();
 7) + 65.022 us   |    }
 7)               |    udp_tunnel_sock_release [udp_tunnel]() {
 7) * 23763.09 us |      synchronize_rcu();
 7) * 23774.02 us |    }
 7) * 23941.50 us |  }
 7)               |  vxlan_sock_release [vxlan]() {
 7)               |    synchronize_net() {
 7) + 63.539 us   |      synchronize_rcu_expedited();
 7) + 65.493 us   |    }
 7)               |    udp_tunnel_sock_release [udp_tunnel]() {
 7) * 15800.98 us |      synchronize_rcu();
 7) * 15809.37 us |    }
 7) * 15982.94 us |  }
 7)               |  vxlan_sock_release [vxlan]() {
 7)               |    synchronize_net() {
 7) + 29.395 us   |      synchronize_rcu_expedited();
 7) + 30.577 us   |    }
 7)               |    udp_tunnel_sock_release [udp_tunnel]() {
 7) * 23874.59 us |      synchronize_rcu();
 7) * 23884.83 us |    }
 7) * 24018.31 us |  }
 7)               |  vxlan_sock_release [vxlan]() {
 7)               |    synchronize_net() {
 7) + 43.121 us   |      synchronize_rcu_expedited();
 7) + 44.964 us   |    }
 7)               |    udp_tunnel_sock_release [udp_tunnel]() {
 7) * 23815.05 us |      synchronize_rcu();
 7) * 23831.69 us |    }
 7) * 23987.09 us |  }
 7)               |  vxlan_sock_release [vxlan]() {
 7)               |    synchronize_net() {
 7) + 60.644 us   |      synchronize_rcu_expedited();
 7) + 62.518 us   |    }
 7)               |    udp_tunnel_sock_release [udp_tunnel]() {
 7) * 23790.84 us |      synchronize_rcu();
 7) * 23801.44 us |    }
 7) * 23973.47 us |  }
 7)               |  vxlan_sock_release [vxlan]() {
 7)               |    synchronize_net() {
 7) + 62.768 us   |      synchronize_rcu_expedited();
 7) + 64.621 us   |    }
 7)               |    udp_tunnel_sock_release [udp_tunnel]() {
 7) * 11774.45 us |      synchronize_rcu();
 7) * 11782.66 us |    }
 7) * 11954.28 us |  }
 7)               |  vxlan_sock_release [vxlan]() {
 7)               |    synchronize_net() {
 7) + 34.515 us   |      synchronize_rcu_expedited();
 7) + 35.957 us   |    }
 7)               |    udp_tunnel_sock_release [udp_tunnel]() {
 7) * 15844.98 us |      synchronize_rcu();
 7) * 15851.95 us |    }
 7) * 15979.05 us |  }
 7)               |  vxlan_sock_release [vxlan]() {
 7)               |    synchronize_net() {
 7) + 35.888 us   |      synchronize_rcu_expedited();
 7) + 37.090 us   |    }
 7)               |    udp_tunnel_sock_release [udp_tunnel]() {
 7) * 15842.24 us |      synchronize_rcu();
 7) * 15849.80 us |    }
 7) * 15990.49 us |  }
 7)               |  vxlan_sock_release [vxlan]() {
 7)               |    synchronize_net() {
 7) + 37.240 us   |      synchronize_rcu_expedited();
 7) + 38.512 us   |    }
 7)               |    udp_tunnel_sock_release [udp_tunnel]() {
 7) * 15849.12 us |      synchronize_rcu();
 7) * 15859.91 us |    }
 7) * 16012.55 us |  }
 7)               |  vxlan_sock_release [vxlan]() {
 7)               |    synchronize_net() {
 7) + 53.720 us   |      synchronize_rcu_expedited();
 7) + 55.524 us   |    }
 7)               |    udp_tunnel_sock_release [udp_tunnel]() {
 7) * 23804.27 us |      synchronize_rcu();
 7) * 23815.96 us |    }
 7) * 23981.97 us |  }
 7)               |  vxlan_sock_release [vxlan]() {
 7)               |    synchronize_net() {
 7) ! 181.050 us  |      synchronize_rcu_expedited();
 7) ! 184.226 us  |    }
 7)               |    udp_tunnel_sock_release [udp_tunnel]() {
 7) * 23666.36 us |      synchronize_rcu();
 7) * 23677.56 us |    }
 7) * 23969.58 us |  }
 7)               |  vxlan_sock_release [vxlan]() {
 7)               |    synchronize_net() {
 7) ! 178.635 us  |      synchronize_rcu_expedited();
 7) ! 181.841 us  |    }
 7)               |    udp_tunnel_sock_release [udp_tunnel]() {
 7) * 15651.60 us |      synchronize_rcu();
 7) * 15659.39 us |    }
 7) * 15951.93 us |  }
 7)               |  vxlan_sock_release [vxlan]() {
 7)               |    synchronize_net() {
 7) ! 138.870 us  |      synchronize_rcu_expedited();
 7) ! 141.785 us  |    }
 7)               |    udp_tunnel_sock_release [udp_tunnel]() {
 7) * 19722.26 us |      synchronize_rcu();
 7) * 19729.97 us |    }
 7) * 19983.98 us |  }
 7)               |  vxlan_sock_release [vxlan]() {
 7)               |    synchronize_net() {
 7) ! 144.692 us  |      synchronize_rcu_expedited();
 7) ! 147.537 us  |    }
 7)               |    udp_tunnel_sock_release [udp_tunnel]() {
 7) * 15718.09 us |      synchronize_rcu();
 7) * 15726.60 us |    }
 7) * 15985.92 us |  }
 7)               |  vxlan_sock_release [vxlan]() {
 7)               |    synchronize_net() {
 7) ! 143.930 us  |      synchronize_rcu_expedited();
 7) ! 146.745 us  |    }
 7)               |    udp_tunnel_sock_release [udp_tunnel]() {
 7) * 27724.67 us |      synchronize_rcu();
 7) * 27738.01 us |    }
 7) * 27994.61 us |  }
 7)               |  vxlan_sock_release [vxlan]() {
 7)               |    synchronize_net() {
 7) ! 143.910 us  |      synchronize_rcu_expedited();
 7) ! 146.785 us  |    }
 7)               |    udp_tunnel_sock_release [udp_tunnel]() {
 7) * 15709.10 us |      synchronize_rcu();
 7) * 15718.07 us |    }
 7) * 15978.24 us |  }
 7)               |  vxlan_sock_release [vxlan]() {
 7)               |    synchronize_net() {
 7) ! 144.201 us  |      synchronize_rcu_expedited();
 7) ! 147.096 us  |    }
 7)               |    udp_tunnel_sock_release [udp_tunnel]() {
 7) * 15749.25 us |      synchronize_rcu();
 7) * 15760.72 us |    }
 7) * 16010.71 us |  }
 7)               |  vxlan_sock_release [vxlan]() {
 7)               |    synchronize_net() {
 7) ! 175.319 us  |      synchronize_rcu_expedited();
 7) ! 178.535 us  |    }
 7)               |    udp_tunnel_sock_release [udp_tunnel]() {
 7) * 15682.88 us |      synchronize_rcu();
 7) * 15694.14 us |    }
 7) * 15979.65 us |  }
 7)               |  vxlan_sock_release [vxlan]() {
 7)               |    synchronize_net() {
 7) ! 178.925 us  |      synchronize_rcu_expedited();
 7) ! 182.152 us  |    }
 7)               |    udp_tunnel_sock_release [udp_tunnel]() {
 7) * 19613.98 us |      synchronize_rcu();
 7) * 19618.72 us |    }
 7) * 19910.57 us |  }
 7)               |  vxlan_sock_release [vxlan]() {
 7)               |    synchronize_net() {
 7) + 86.812 us   |      synchronize_rcu_expedited();
 7) + 88.746 us   |    }
 7)               |    udp_tunnel_sock_release [udp_tunnel]() {
 7) * 15883.91 us |      synchronize_rcu();
 7) * 15895.70 us |    }
 7) * 16084.83 us |  }
 7)               |  vxlan_sock_release [vxlan]() {
 7)               |    synchronize_net() {
 7) ! 179.186 us  |      synchronize_rcu_expedited();
 7) ! 182.802 us  |    }
 7)               |    udp_tunnel_sock_release [udp_tunnel]() {
 7) * 19651.64 us |      synchronize_rcu();
 7) * 19664.17 us |    }
 7) * 19956.80 us |  }
 7)               |  vxlan_sock_release [vxlan]() {
 7)               |    synchronize_net() {
 7) ! 166.552 us  |      synchronize_rcu_expedited();
 7) ! 169.979 us  |    }
 7)               |    udp_tunnel_sock_release [udp_tunnel]() {
 7) * 23679.51 us |      synchronize_rcu();
 7) * 23690.74 us |    }
 7) * 23973.88 us |  }
 7)               |  vxlan_sock_release [vxlan]() {
 7)               |    synchronize_net() {
 7) ! 153.478 us  |      synchronize_rcu_expedited();
 7) ! 157.155 us  |    }
 7)               |    udp_tunnel_sock_release [udp_tunnel]() {
 7) * 23715.58 us |      synchronize_rcu();
 7) * 23726.40 us |    }
 7) * 23978.36 us |  }
 7)               |  vxlan_sock_release [vxlan]() {
 7)               |    synchronize_net() {
 7) ! 176.020 us  |      synchronize_rcu_expedited();
 7) ! 179.246 us  |    }
 7)               |    udp_tunnel_sock_release [udp_tunnel]() {
 7) * 19686.00 us |      synchronize_rcu();
 7) * 19697.18 us |    }
 7) * 19987.35 us |  }
 7)               |  vxlan_sock_release [vxlan]() {
 7)               |    synchronize_net() {
 7) ! 177.472 us  |      synchronize_rcu_expedited();
 7) ! 180.738 us  |    }
 7)               |    udp_tunnel_sock_release [udp_tunnel]() {
 7) * 19642.50 us |      synchronize_rcu();
 7) * 19653.69 us |    }
 7) * 19946.86 us |  }
 7)               |  vxlan_sock_release [vxlan]() {
 7)               |    synchronize_net() {
 7) ! 140.413 us  |      synchronize_rcu_expedited();
 7) ! 143.409 us  |    }
 7)               |    udp_tunnel_sock_release [udp_tunnel]() {
 7) * 23720.71 us |      synchronize_rcu();
 7) * 23733.76 us |    }
 7) * 23991.70 us |  }
 7)               |  vxlan_sock_release [vxlan]() {
 7)               |    synchronize_net() {
 7) ! 138.069 us  |      synchronize_rcu_expedited();
 7) ! 140.995 us  |    }
 7)               |    udp_tunnel_sock_release [udp_tunnel]() {
 7) * 19715.91 us |      synchronize_rcu();
 7) * 19723.62 us |    }
 7) * 19974.96 us |  }
 7)               |  vxlan_sock_release [vxlan]() {
 7)               |    synchronize_net() {
 7) ! 144.441 us  |      synchronize_rcu_expedited();
 7) ! 147.326 us  |    }
 7)               |    udp_tunnel_sock_release [udp_tunnel]() {
 7) * 15754.00 us |      synchronize_rcu();
 7) * 15765.45 us |    }
 7) * 16025.01 us |  }
 7)               |  vxlan_sock_release [vxlan]() {
 7)               |    synchronize_net() {
 7) ! 169.969 us  |      synchronize_rcu_expedited();
 7) ! 173.215 us  |    }
 7)               |    udp_tunnel_sock_release [udp_tunnel]() {
 7) * 15626.71 us |      synchronize_rcu();
 7) * 15634.54 us |    }
 7) * 15941.13 us |  }
 7)               |  vxlan_sock_release [vxlan]() {
 7)               |    synchronize_net() {
 7) ! 147.387 us  |      synchronize_rcu_expedited();
 7) ! 150.252 us  |    }
 7)               |    udp_tunnel_sock_release [udp_tunnel]() {
 7) * 19670.41 us |      synchronize_rcu();
 7) * 19677.50 us |    }
 7) * 19938.18 us |  }
 7)               |  vxlan_sock_release [vxlan]() {
 7)               |    synchronize_net() {
 7) + 50.935 us   |      synchronize_rcu_expedited();
 7) + 52.058 us   |    }
 7)               |    udp_tunnel_sock_release [udp_tunnel]() {
 7) * 27836.04 us |      synchronize_rcu();
 7) * 27841.61 us |    }
 7) * 27988.07 us |  }
 7)               |  vxlan_sock_release [vxlan]() {
 7)               |    synchronize_net() {
 7) + 35.527 us   |      synchronize_rcu_expedited();
 7) + 36.628 us   |    }
 7)               |    udp_tunnel_sock_release [udp_tunnel]() {
 7) * 19848.81 us |      synchronize_rcu();
 7) * 19853.60 us |    }
 7) * 19990.25 us |  }
 7)               |  vxlan_sock_release [vxlan]() {
 7)               |    synchronize_net() {
 7) ! 106.379 us  |      synchronize_rcu_expedited();
 7) ! 107.381 us  |    }
 7)               |    udp_tunnel_sock_release [udp_tunnel]() {
 7) * 15765.90 us |      synchronize_rcu();
 7) * 15769.98 us |    }
 7) * 15980.28 us |  }
 7)               |  vxlan_sock_release [vxlan]() {
 7)               |    synchronize_net() {
 7) + 94.267 us   |      synchronize_rcu_expedited();
 7) + 95.249 us   |    }
 7)               |    udp_tunnel_sock_release [udp_tunnel]() {
 7) * 15788.30 us |      synchronize_rcu();
 7) * 15792.03 us |    }
 7) * 15985.60 us |  }
 7)               |  vxlan_sock_release [vxlan]() {
 7)               |    synchronize_net() {
 7) + 53.701 us   |      synchronize_rcu_expedited();
 7) + 54.372 us   |    }
 7)               |    udp_tunnel_sock_release [udp_tunnel]() {
 7) * 15847.42 us |      synchronize_rcu();
 7) * 15852.06 us |    }
 7) * 16001.06 us |  }
 7)               |  vxlan_sock_release [vxlan]() {
 7)               |    synchronize_net() {
 7) + 74.259 us   |      synchronize_rcu_expedited();
 7) + 75.331 us   |    }
 7)               |    udp_tunnel_sock_release [udp_tunnel]() {
 7) * 19896.13 us |      synchronize_rcu();
 7) * 19913.39 us |    }
 7) * 20089.52 us |  }
 7)               |  vxlan_sock_release [vxlan]() {
 7)               |    synchronize_net() {
 7) ! 164.789 us  |      synchronize_rcu_expedited();
 7) ! 168.056 us  |    }
 7)               |    udp_tunnel_sock_release [udp_tunnel]() {
 7) * 23595.36 us |      synchronize_rcu();
 7) * 23602.81 us |    }
 7) * 23882.32 us |  }
 7)               |  vxlan_sock_release [vxlan]() {
 7)               |    synchronize_net() {
 7) + 97.593 us   |      synchronize_rcu_expedited();
 7) + 98.695 us   |    }
 7)               |    udp_tunnel_sock_release [udp_tunnel]() {
 7) * 15769.55 us |      synchronize_rcu();
 7) * 15774.68 us |    }
 7) * 15983.52 us |  }
 7)               |  vxlan_sock_release [vxlan]() {
 7)               |    synchronize_net() {
 7) + 68.759 us   |      synchronize_rcu_expedited();
 7) + 69.831 us   |    }
 7)               |    udp_tunnel_sock_release [udp_tunnel]() {
 7) * 23813.72 us |      synchronize_rcu();
 7) * 23818.98 us |    }
 7) * 23989.97 us |  }
 7)               |  vxlan_sock_release [vxlan]() {
 7)               |    synchronize_net() {
 7) + 69.631 us   |      synchronize_rcu_expedited();
 7) + 70.703 us   |    }
 7)               |    udp_tunnel_sock_release [udp_tunnel]() {
 7) * 15812.62 us |      synchronize_rcu();
 7) * 15818.38 us |    }
 7) * 15988.35 us |  }
 7)               |  vxlan_sock_release [vxlan]() {
 7)               |    synchronize_net() {
 7) + 78.467 us   |      synchronize_rcu_expedited();
 7) + 80.430 us   |    }
 7)               |    udp_tunnel_sock_release [udp_tunnel]() {
 7) * 19787.70 us |      synchronize_rcu();
 7) * 19794.58 us |    }
 7) * 19986.60 us |  }
 7)               |  vxlan_sock_release [vxlan]() {
 7)               |    synchronize_net() {
 7) + 76.424 us   |      synchronize_rcu_expedited();
 7) + 77.446 us   |    }
 7)               |    udp_tunnel_sock_release [udp_tunnel]() {
 7) * 15789.05 us |      synchronize_rcu();
 7) * 15794.07 us |    }
 7) * 15984.11 us |  }
 7)               |  vxlan_sock_release [vxlan]() {
 7)               |    synchronize_net() {
 7) + 70.803 us   |      synchronize_rcu_expedited();
 7) + 71.795 us   |    }
 7)               |    udp_tunnel_sock_release [udp_tunnel]() {
 7) * 15817.20 us |      synchronize_rcu();
 7) * 15822.75 us |    }
 7) * 15996.72 us |  }
 7)               |  vxlan_sock_release [vxlan]() {
 7)               |    synchronize_net() {
 7) + 59.632 us   |      synchronize_rcu_expedited();
 7) + 60.724 us   |    }
 7)               |    udp_tunnel_sock_release [udp_tunnel]() {
 7) * 19810.10 us |      synchronize_rcu();
 7) * 19813.76 us |    }
 7) * 19979.36 us |  }
 7)               |  vxlan_sock_release [vxlan]() {
 7)               |    synchronize_net() {
 7) + 29.525 us   |      synchronize_rcu_expedited();
 7) + 30.507 us   |    }
 7)               |    udp_tunnel_sock_release [udp_tunnel]() {
 7) * 19879.76 us |      synchronize_rcu();
 7) * 19883.46 us |    }
 7) * 19991.79 us |  }
 7)               |  vxlan_sock_release [vxlan]() {
 7)               |    synchronize_net() {
 7) + 41.768 us   |      synchronize_rcu_expedited();
 7) + 42.810 us   |    }
 7)               |    udp_tunnel_sock_release [udp_tunnel]() {
 7) * 15847.95 us |      synchronize_rcu();
 7) * 15851.51 us |    }
 7) * 15980.91 us |  }
 7)               |  vxlan_sock_release [vxlan]() {
 7)               |    synchronize_net() {
 7) + 47.589 us   |      synchronize_rcu_expedited();
 7) + 48.722 us   |    }
 7)               |    udp_tunnel_sock_release [udp_tunnel]() {
 7) * 19833.43 us |      synchronize_rcu();
 7) * 19836.74 us |    }
 7) * 19990.96 us |  }
 7)               |  vxlan_sock_release [vxlan]() {
 7)               |    synchronize_net() {
 7) + 29.575 us   |      synchronize_rcu_expedited();
 7) + 30.547 us   |    }
 7)               |    udp_tunnel_sock_release [udp_tunnel]() {
 7) * 15849.81 us |      synchronize_rcu();
 7) * 15853.30 us |    }
 7) * 15988.80 us |  }
 7)               |  vxlan_sock_release [vxlan]() {
 7)               |    synchronize_net() {
 7) + 47.078 us   |      synchronize_rcu_expedited();
 7) + 48.411 us   |    }
 7)               |    udp_tunnel_sock_release [udp_tunnel]() {
 7) * 23834.69 us |      synchronize_rcu();
 4) * 15922.65 us |      } /* synchronize_rcu */
 4) * 15931.48 us |    } /* udp_tunnel_sock_release [udp_tunnel] */
 4) * 16061.78 us |  } /* vxlan_sock_release [vxlan] */
 4)               |  vxlan_sock_release [vxlan]() {
 4)               |    synchronize_net() {
 4) + 39.474 us   |      synchronize_rcu_expedited();
 4) + 40.747 us   |    }
 4)               |    udp_tunnel_sock_release [udp_tunnel]() {
 4) * 19855.48 us |      synchronize_rcu();
 4) * 19873.93 us |    }
 4) * 20023.52 us |  }
 4)               |  vxlan_sock_release [vxlan]() {
 4)               |    synchronize_net() {
 4) + 56.837 us   |      synchronize_rcu_expedited();
 4) + 58.691 us   |    }
 4)               |    udp_tunnel_sock_release [udp_tunnel]() {
 4) * 15790.00 us |      synchronize_rcu();
 4) * 15806.66 us |    }
 4) * 15966.04 us |  }
 4)               |  vxlan_sock_release [vxlan]() {
 4)               |    synchronize_net() {
 4) + 56.326 us   |      synchronize_rcu_expedited();
 4) + 58.219 us   |    }
 4)               |    udp_tunnel_sock_release [udp_tunnel]() {
 4) * 15806.04 us |      synchronize_rcu();
 4) * 15823.91 us |    }
 4) * 15987.14 us |  }
 4)               |  vxlan_sock_release [vxlan]() {
 4)               |    synchronize_net() {
 4) + 57.788 us   |      synchronize_rcu_expedited();
 4) + 59.651 us   |    }
 4)               |    udp_tunnel_sock_release [udp_tunnel]() {
 4) * 15789.71 us |      synchronize_rcu();
 4) * 15800.46 us |    }
 4) * 15964.01 us |  }
 4)               |  vxlan_sock_release [vxlan]() {
 4)               |    synchronize_net() {
 4) + 65.763 us   |      synchronize_rcu_expedited();
 4) + 67.687 us   |    }
 4)               |    udp_tunnel_sock_release [udp_tunnel]() {
 4) * 15791.88 us |      synchronize_rcu();
 4) * 15803.20 us |    }
 4) * 15978.74 us |  }
 4)               |  vxlan_sock_release [vxlan]() {
 4)               |    synchronize_net() {
 4) + 56.867 us   |      synchronize_rcu_expedited();
 4) + 58.741 us   |    }
 4)               |    udp_tunnel_sock_release [udp_tunnel]() {
 4) * 19757.20 us |      synchronize_rcu();
 4) * 19764.56 us |    }
 4) * 19927.56 us |  }
 4)               |  vxlan_sock_release [vxlan]() {
 4)               |    synchronize_net() {
 4) + 34.385 us   |      synchronize_rcu_expedited();
 4) + 35.907 us   |    }
 4)               |    udp_tunnel_sock_release [udp_tunnel]() {
 4) * 15852.29 us |      synchronize_rcu();
 4) * 15859.68 us |    }
 4) * 15986.28 us |  }
 4)               |  vxlan_sock_release [vxlan]() {
 4)               |    synchronize_net() {
 4) + 33.082 us   |      synchronize_rcu_expedited();
 4) + 34.595 us   |    }
 4)               |    udp_tunnel_sock_release [udp_tunnel]() {
 4) * 19893.73 us |      synchronize_rcu();
 4) * 19907.83 us |    }
 4) * 20034.92 us |  }
 4)               |  vxlan_sock_release [vxlan]() {
 4)               |    synchronize_net() {
 4) + 67.546 us   |      synchronize_rcu_expedited();
 4) + 69.440 us   |    }
 4)               |    udp_tunnel_sock_release [udp_tunnel]() {
 4) * 23801.03 us |      synchronize_rcu();
 4) * 23819.85 us |    }
 4) * 23986.90 us |  }
 4)               |  vxlan_sock_release [vxlan]() {
 4)               |    synchronize_net() {
 4) + 57.989 us   |      synchronize_rcu_expedited();
 4) + 60.483 us   |    }
 4)               |    udp_tunnel_sock_release [udp_tunnel]() {
 4) * 19772.13 us |      synchronize_rcu();
 4) * 19783.02 us |    }
 4) * 19954.41 us |  }
 4)               |  vxlan_sock_release [vxlan]() {
 4)               |    synchronize_net() {
 4) + 37.140 us   |      synchronize_rcu_expedited();
 4) + 38.993 us   |    }
 4)               |    udp_tunnel_sock_release [udp_tunnel]() {
 4) * 15787.96 us |      synchronize_rcu();
 4) * 15795.41 us |    }
 4) * 15943.72 us |  }
 4)               |  vxlan_sock_release [vxlan]() {
 4)               |    synchronize_net() {
 4) + 32.892 us   |      synchronize_rcu_expedited();
 4) + 34.475 us   |    }
 4)               |    udp_tunnel_sock_release [udp_tunnel]() {
 4) * 19889.37 us |      synchronize_rcu();
 4) * 19905.36 us |    }
 4) * 20042.05 us |  }
 4)               |  vxlan_sock_release [vxlan]() {
 4)               |    synchronize_net() {
 4) + 60.904 us   |      synchronize_rcu_expedited();
 4) + 62.838 us   |    }
 4)               |    udp_tunnel_sock_release [udp_tunnel]() {
 4) * 19743.24 us |      synchronize_rcu();
 4) * 19750.64 us |    }
 4) * 19921.50 us |  }
 4)               |  vxlan_sock_release [vxlan]() {
 4)               |    synchronize_net() {
 4) + 32.682 us   |      synchronize_rcu_expedited();
 4) + 33.904 us   |    }
 4)               |    udp_tunnel_sock_release [udp_tunnel]() {
 4) * 15893.02 us |      synchronize_rcu();
 7) * 23841.06 us |    }
 7) * 23972.77 us |  }
 7)               |  vxlan_sock_release [vxlan]() {
 7)               |    synchronize_net() {
 7) + 31.038 us   |      synchronize_rcu_expedited();
 7) + 32.330 us   |    }
 7)               |    udp_tunnel_sock_release [udp_tunnel]() {
 7) * 19799.33 us |      synchronize_rcu();
 7) * 19803.01 us |    }
 7) * 19954.61 us |  }
 7)               |  vxlan_sock_release [vxlan]() {
 7)               |    synchronize_net() {
 7) + 76.294 us   |      synchronize_rcu_expedited();
 7) + 77.486 us   |    }
 7)               |    udp_tunnel_sock_release [udp_tunnel]() {
 7) * 19801.18 us |      synchronize_rcu();
 7) * 19804.74 us |    }
 7) * 19989.12 us |  }
 7)               |  vxlan_sock_release [vxlan]() {
 7)               |    synchronize_net() {
 7) + 25.398 us   |      synchronize_rcu_expedited();
 7) + 26.479 us   |    }
 7)               |    udp_tunnel_sock_release [udp_tunnel]() {
 7) * 15885.23 us |      synchronize_rcu();
 4) * 15897.34 us |    }
 4) * 16003.41 us |  }
 4)               |  vxlan_sock_release [vxlan]() {
 4)               |    synchronize_net() {
 4) + 27.221 us   |      synchronize_rcu_expedited();
 4) + 28.614 us   |    }
 4)               |    udp_tunnel_sock_release [udp_tunnel]() {
 4) * 15873.14 us |      synchronize_rcu();
 4) * 15876.93 us |    }
 4) * 15976.37 us |  }
 4)               |  vxlan_sock_release [vxlan]() {
 4)               |    synchronize_net() {
 4) + 53.631 us   |      synchronize_rcu_expedited();
 4) + 54.162 us   |    }
 4)               |    udp_tunnel_sock_release [udp_tunnel]() {
 4) * 15862.69 us |      synchronize_rcu();
 4) * 15865.99 us |    }
 4) * 15994.69 us |  }
 4)               |  vxlan_sock_release [vxlan]() {
 4)               |    synchronize_net() {
 4) + 20.739 us   |      synchronize_rcu_expedited();
 4) + 21.681 us   |    }
 4)               |    udp_tunnel_sock_release [udp_tunnel]() {
 4) * 12160.35 us |      synchronize_rcu();
 7) * 15889.48 us |    }
 7) * 16003.57 us |  }
 7)               |  vxlan_sock_release [vxlan]() {
 7)               |    synchronize_net() {
 7) + 65.974 us   |      synchronize_rcu_expedited();
 7) + 66.956 us   |    }
 7)               |    udp_tunnel_sock_release [udp_tunnel]() {
 7) * 23804.35 us |      synchronize_rcu();
 7) * 23808.25 us |    }
 7) * 23975.30 us |  }
 7)               |  vxlan_sock_release [vxlan]() {
 7)               |    synchronize_net() {
 7) + 66.776 us   |      synchronize_rcu_expedited();
 7) + 67.707 us   |    }
 7)               |    udp_tunnel_sock_release [udp_tunnel]() {
 7) * 15826.53 us |      synchronize_rcu();
 7) * 15829.73 us |    }
 7) * 15986.16 us |  }
 7)               |  vxlan_sock_release [vxlan]() {
 7)               |    synchronize_net() {
 7) + 29.446 us   |      synchronize_rcu_expedited();
 7) + 30.346 us   |    }
 7)               |    udp_tunnel_sock_release [udp_tunnel]() {
 7) * 23871.65 us |      synchronize_rcu();
 7) * 23876.84 us |    }
 7) * 23994.83 us |  }
 7)               |  vxlan_sock_release [vxlan]() {
 7)               |    synchronize_net() {
 7) + 56.376 us   |      synchronize_rcu_expedited();
 7) + 57.378 us   |    }
 7)               |    udp_tunnel_sock_release [udp_tunnel]() {
 7) * 15825.00 us |      synchronize_rcu();
 7) * 15828.46 us |    }
 7) * 15982.59 us |  }
 7)               |  vxlan_sock_release [vxlan]() {
 7)               |    synchronize_net() {
 7) + 23.885 us   |      synchronize_rcu_expedited();
 7) + 24.796 us   |    }
 7)               |    udp_tunnel_sock_release [udp_tunnel]() {
 7) * 19872.53 us |      synchronize_rcu();
 7) * 19875.68 us |    }
 7) * 19989.63 us |  }
 7)               |  vxlan_sock_release [vxlan]() {
 7)               |    synchronize_net() {
 7) + 60.954 us   |      synchronize_rcu_expedited();
 7) + 61.956 us   |    }
 7)               |    udp_tunnel_sock_release [udp_tunnel]() {
 7) * 15828.80 us |      synchronize_rcu();
 7) * 15831.92 us |    }
 7) * 15989.04 us |  }
 7)               |  vxlan_sock_release [vxlan]() {
 7)               |    synchronize_net() {
 7) + 59.812 us   |      synchronize_rcu_expedited();
 7) + 60.704 us   |    }
 7)               |    udp_tunnel_sock_release [udp_tunnel]() {
 7) * 15835.58 us |      synchronize_rcu();
 7) * 15838.60 us |    }
 7) * 15991.02 us |  }
 7)               |  vxlan_sock_release [vxlan]() {
 7)               |    synchronize_net() {
 7) + 30.648 us   |      synchronize_rcu_expedited();
 7) + 31.740 us   |    }
 7)               |    udp_tunnel_sock_release [udp_tunnel]() {
 7) * 15874.93 us |      synchronize_rcu();
 7) * 15878.14 us |    }
 7) * 15986.19 us |  }
 7)               |  vxlan_sock_release [vxlan]() {
 7)               |    synchronize_net() {
 7) + 41.417 us   |      synchronize_rcu_expedited();
 7) + 42.419 us   |    }
 7)               |    udp_tunnel_sock_release [udp_tunnel]() {
 7) * 15871.31 us |      synchronize_rcu();
 7) * 15875.00 us |    }
 7) * 15993.25 us |  }
 7)               |  vxlan_sock_release [vxlan]() {
 7)               |    synchronize_net() {
 7) + 56.125 us   |      synchronize_rcu_expedited();
 7) + 57.057 us   |    }
 7)               |    udp_tunnel_sock_release [udp_tunnel]() {
 7) * 15841.60 us |      synchronize_rcu();
 7) * 15845.08 us |    }
 7) * 15985.49 us |  }
 7)               |  vxlan_sock_release [vxlan]() {
 7)               |    synchronize_net() {
 7) + 24.285 us   |      synchronize_rcu_expedited();
 7) + 25.277 us   |    }
 7)               |    udp_tunnel_sock_release [udp_tunnel]() {
 7) * 19881.69 us |      synchronize_rcu();
 7) * 19884.75 us |    }
 7) * 19985.33 us |  }
 7)               |  vxlan_sock_release [vxlan]() {
 7)               |    synchronize_net() {
 7) + 29.475 us   |      synchronize_rcu_expedited();
 7) + 30.387 us   |    }
 7)               |    udp_tunnel_sock_release [udp_tunnel]() {
 7) * 15855.90 us |      synchronize_rcu();
 7) * 15859.43 us |    }
 7) * 15990.10 us |  }
 7)               |  vxlan_sock_release [vxlan]() {
 7)               |    synchronize_net() {
 7) + 24.857 us   |      synchronize_rcu_expedited();
 7) + 25.808 us   |    }
 7)               |    udp_tunnel_sock_release [udp_tunnel]() {
 7) * 15891.28 us |      synchronize_rcu();
 7) * 15894.32 us |    }
 7) * 15988.45 us |  }
 7)               |  vxlan_sock_release [vxlan]() {
 7)               |    synchronize_net() {
 7) + 41.518 us   |      synchronize_rcu_expedited();
 7) + 42.470 us   |    }
 7)               |    udp_tunnel_sock_release [udp_tunnel]() {
 7) * 15868.35 us |      synchronize_rcu();
 7) * 15871.49 us |    }
 7) * 15988.84 us |  }
 7)               |  vxlan_sock_release [vxlan]() {
 7)               |    synchronize_net() {
 7) + 22.893 us   |      synchronize_rcu_expedited();
 7) + 23.805 us   |    }
 7)               |    udp_tunnel_sock_release [udp_tunnel]() {
 7) * 15877.62 us |      synchronize_rcu();
 7) * 15882.76 us |    }
 7) * 15992.35 us |  }
 7)               |  vxlan_sock_release [vxlan]() {
 7)               |    synchronize_net() {
 7) + 57.548 us   |      synchronize_rcu_expedited();
 7) + 58.650 us   |    }
 7)               |    udp_tunnel_sock_release [udp_tunnel]() {
 7) * 15834.93 us |      synchronize_rcu();
 7) * 15838.20 us |    }
 7) * 15984.61 us |  }
 7)               |  vxlan_sock_release [vxlan]() {
 7)               |    synchronize_net() {
 7) + 23.735 us   |      synchronize_rcu_expedited();
 7) + 24.697 us   |    }
 7)               |    udp_tunnel_sock_release [udp_tunnel]() {
 7) * 23874.57 us |      synchronize_rcu();
 7) * 23877.48 us |    }
 7) * 23987.42 us |  }
 7)               |  vxlan_sock_release [vxlan]() {
 7)               |    synchronize_net() {
 7) + 23.334 us   |      synchronize_rcu_expedited();
 7) + 24.235 us   |    }
 7)               |    udp_tunnel_sock_release [udp_tunnel]() {
 7) * 15890.60 us |      synchronize_rcu();
 7) * 15893.60 us |    }
 7) * 15989.09 us |  }
 7)               |  vxlan_sock_release [vxlan]() {
 7)               |    synchronize_net() {
 7) + 22.753 us   |      synchronize_rcu_expedited();
 7) + 23.665 us   |    }
 7)               |    udp_tunnel_sock_release [udp_tunnel]() {
 7) * 15877.91 us |      synchronize_rcu();
 7) * 15881.35 us |    }
 7) * 15990.37 us |  }
 7)               |  vxlan_sock_release [vxlan]() {
 7)               |    synchronize_net() {
 7) + 23.444 us   |      synchronize_rcu_expedited();
 7) + 24.416 us   |    }
 7)               |    udp_tunnel_sock_release [udp_tunnel]() {
 7) * 23874.77 us |      synchronize_rcu();
 7) * 23877.93 us |    }
 7) * 23987.82 us |  }
 7)               |  vxlan_sock_release [vxlan]() {
 7)               |    synchronize_net() {
 7) + 43.020 us   |      synchronize_rcu_expedited();
 7) + 43.992 us   |    }
 7)               |    udp_tunnel_sock_release [udp_tunnel]() {
 7) * 15863.59 us |      synchronize_rcu();
 7) * 15867.23 us |    }
 7) * 15988.50 us |  }
 7)               |  vxlan_sock_release [vxlan]() {
 7)               |    synchronize_net() {
 7) + 41.277 us   |      synchronize_rcu_expedited();
 7) + 42.239 us   |    }
 7)               |    udp_tunnel_sock_release [udp_tunnel]() {
 7) * 15864.88 us |      synchronize_rcu();
 7) * 15868.04 us |    }
 7) * 15987.94 us |  }
 7)               |  vxlan_sock_release [vxlan]() {
 7)               |    synchronize_net() {
 7) + 50.455 us   |      synchronize_rcu_expedited();
 7) + 51.416 us   |    }
 7)               |    udp_tunnel_sock_release [udp_tunnel]() {
 7) * 23855.39 us |      synchronize_rcu();
 7) * 23859.23 us |    }
 7) * 23992.25 us |  }
 7)               |  vxlan_sock_release [vxlan]() {
 7)               |    synchronize_net() {
 7) + 58.941 us   |      synchronize_rcu_expedited();
 7) + 59.902 us   |    }
 7)               |    udp_tunnel_sock_release [udp_tunnel]() {
 7) * 17654.44 us |      synchronize_rcu();
 5) * 15868.26 us |    }
 5) * 16019.74 us |  }
 5)               |  vxlan_sock_release [vxlan]() {
 5)               |    synchronize_net() {
 5) + 24.126 us   |      synchronize_rcu_expedited();
 5) + 24.626 us   |    }
 5)               |    udp_tunnel_sock_release [udp_tunnel]() {
 5) * 19955.06 us |      synchronize_rcu();
 5) * 19970.60 us |    }
 5) * 20065.80 us |  }
 5)               |  vxlan_sock_release [vxlan]() {
 5)               |    synchronize_net() {
 5) + 56.036 us   |      synchronize_rcu_expedited();
 5) + 57.898 us   |    }
 5)               |    udp_tunnel_sock_release [udp_tunnel]() {
 5) * 19759.43 us |      synchronize_rcu();
 5) * 19766.57 us |    }
 5) * 19925.73 us |  }
 5)               |  vxlan_sock_release [vxlan]() {
 5)               |    synchronize_net() {
 5) + 28.463 us   |      synchronize_rcu_expedited();
 5) + 29.665 us   |    }
 5)               |    udp_tunnel_sock_release [udp_tunnel]() {
 5) * 23862.71 us |      synchronize_rcu();
 5) * 23873.24 us |    }
 5) * 23993.70 us |  }
 5)               |  vxlan_sock_release [vxlan]() {
 5)               |    synchronize_net() {
 5) + 28.253 us   |      synchronize_rcu_expedited();
 5) + 29.446 us   |    }
 5)               |    udp_tunnel_sock_release [udp_tunnel]() {
 5) * 23882.32 us |      synchronize_rcu();
 5) * 23896.17 us |    }
 5) * 24018.53 us |  }
 5)               |  vxlan_sock_release [vxlan]() {
 5)               |    synchronize_net() {
 5) + 54.331 us   |      synchronize_rcu_expedited();
 5) + 56.175 us   |    }
 5)               |    udp_tunnel_sock_release [udp_tunnel]() {
 5) * 19809.04 us |      synchronize_rcu();
 5) * 19826.25 us |    }
 5) * 19989.35 us |  }
 5)               |  vxlan_sock_release [vxlan]() {
 5)               |    synchronize_net() {
 5) + 47.760 us   |      synchronize_rcu_expedited();
 5) + 49.593 us   |    }
 5)               |    udp_tunnel_sock_release [udp_tunnel]() {
 5) * 35794.97 us |      synchronize_rcu();
 5) * 35809.27 us |    }
 5) * 35965.06 us |  }
 5)               |  vxlan_sock_release [vxlan]() {
 5)               |    synchronize_net() {
 5) + 57.537 us   |      synchronize_rcu_expedited();
 5) + 59.341 us   |    }
 5)               |    udp_tunnel_sock_release [udp_tunnel]() {
 5) * 23794.66 us |      synchronize_rcu();
 5) * 23810.72 us |    }
 5) * 23981.60 us |  }
 5)               |  vxlan_sock_release [vxlan]() {
 5)               |    synchronize_net() {
 5) + 56.687 us   |      synchronize_rcu_expedited();
 5) + 58.500 us   |    }
 5)               |    udp_tunnel_sock_release [udp_tunnel]() {
 5) * 35797.37 us |      synchronize_rcu();
 5) * 35816.37 us |    }
 5) * 35989.12 us |  }
 5)               |  vxlan_sock_release [vxlan]() {
 5)               |    synchronize_net() {
 5) + 48.110 us   |      synchronize_rcu_expedited();
 5) + 49.914 us   |    }
 5)               |    udp_tunnel_sock_release [udp_tunnel]() {
 5) * 23796.98 us |      synchronize_rcu();
 5) * 23809.54 us |    }
 5) * 23974.55 us |  }
 5)               |  vxlan_sock_release [vxlan]() {
 5)               |    synchronize_net() {
 5) + 56.345 us   |      synchronize_rcu_expedited();
 5) + 58.280 us   |    }
 5)               |    udp_tunnel_sock_release [udp_tunnel]() {
 5) * 19778.67 us |      synchronize_rcu();
 5) * 19794.67 us |    }
 5) * 19967.77 us |  }
 5)               |  vxlan_sock_release [vxlan]() {
 5)               |    synchronize_net() {
 5) + 45.536 us   |      synchronize_rcu_expedited();
 5) + 47.409 us   |    }
 5)               |    udp_tunnel_sock_release [udp_tunnel]() {
 5) * 35781.41 us |      synchronize_rcu();
 5) * 35794.09 us |    }
 5) * 35953.44 us |  }
 5)               |  vxlan_sock_release [vxlan]() {
 5)               |    synchronize_net() {
 5) + 29.946 us   |      synchronize_rcu_expedited();
 5) + 31.188 us   |    }
 5)               |    udp_tunnel_sock_release [udp_tunnel]() {
 5) * 23840.82 us |      synchronize_rcu();
 5) * 23851.92 us |    }
 5) * 23986.63 us |  }
 5)               |  vxlan_sock_release [vxlan]() {
 5)               |    synchronize_net() {
 5) + 66.374 us   |      synchronize_rcu_expedited();
 5) + 69.230 us   |    }
 5)               |    udp_tunnel_sock_release [udp_tunnel]() {
 5) * 15760.48 us |      synchronize_rcu();
 5) * 15774.50 us |    }
 5) * 15956.49 us |  }
 5)               |  vxlan_sock_release [vxlan]() {
 5)               |    synchronize_net() {
 5) + 33.482 us   |      synchronize_rcu_expedited();
 5) + 34.965 us   |    }
 5)               |    udp_tunnel_sock_release [udp_tunnel]() {
 5) * 15834.35 us |      synchronize_rcu();
 5) * 15843.88 us |    }
 5) * 16005.57 us |  }
 5)               |  vxlan_sock_release [vxlan]() {
 5)               |    synchronize_net() {
 5) + 45.836 us   |      synchronize_rcu_expedited();
 5) + 47.128 us   |    }
 5)               |    udp_tunnel_sock_release [udp_tunnel]() {
 5) * 19793.97 us |      synchronize_rcu();
 5) * 19805.49 us |    }
 5) * 19958.01 us |  }
 5)               |  vxlan_sock_release [vxlan]() {
 5)               |    synchronize_net() {
 5) + 43.111 us   |      synchronize_rcu_expedited();
 5) + 44.964 us   |    }
 5)               |    udp_tunnel_sock_release [udp_tunnel]() {
 5) * 23861.53 us |      synchronize_rcu();
 5) * 23875.17 us |    }
 5) * 24039.76 us |  }
 5)               |  vxlan_sock_release [vxlan]() {
 5)               |    synchronize_net() {
 5) + 63.940 us   |      synchronize_rcu_expedited();
 5) + 66.575 us   |    }
 5)               |    udp_tunnel_sock_release [udp_tunnel]() {
 5) * 23754.91 us |      synchronize_rcu();
 5) * 23765.42 us |    }
 5) * 23976.72 us |  }
 5)               |  vxlan_sock_release [vxlan]() {
 5)               |    synchronize_net() {
 5) + 80.310 us   |      synchronize_rcu_expedited();
 5) + 84.228 us   |    }
 5)               |    udp_tunnel_sock_release [udp_tunnel]() {
 5) * 15755.55 us |      synchronize_rcu();
 5) * 15766.56 us |    }
 5) * 15975.37 us |  }
 5)               |  vxlan_sock_release [vxlan]() {
 5)               |    synchronize_net() {
 5) ! 177.553 us  |      synchronize_rcu_expedited();
 5) ! 181.120 us  |    }
 5)               |    udp_tunnel_sock_release [udp_tunnel]() {
 5) * 23669.21 us |      synchronize_rcu();
 5) * 23680.66 us |    }
 5) * 23971.83 us |  }
 5)               |  vxlan_sock_release [vxlan]() {
 5)               |    synchronize_net() {
 5) ! 177.753 us  |      synchronize_rcu_expedited();
 5) ! 181.089 us  |    }
 5)               |    udp_tunnel_sock_release [udp_tunnel]() {
 5) * 15660.70 us |      synchronize_rcu();
 5) * 15669.21 us |    }
 5) * 15958.19 us |  }
 5)               |  vxlan_sock_release [vxlan]() {
 5)               |    synchronize_net() {
 5) ! 111.670 us  |      synchronize_rcu_expedited();
 5) ! 115.015 us  |    }
 5)               |    udp_tunnel_sock_release [udp_tunnel]() {
 5) * 23835.44 us |      synchronize_rcu();
 7) * 17667.14 us |    }
 7) * 17880.89 us |  }
 7)               |  vxlan_sock_release [vxlan]() {
 7)               |    synchronize_net() {
 7) + 57.668 us   |      synchronize_rcu_expedited();
 7) + 59.512 us   |    }
 7)               |    udp_tunnel_sock_release [udp_tunnel]() {
 7) * 13858.32 us |      synchronize_rcu();
 7) * 13866.68 us |    }
 7) * 14040.30 us |  }
 7)               |  vxlan_sock_release [vxlan]() {
 7)               |    synchronize_net() {
 7) + 45.025 us   |      synchronize_rcu_expedited();
 7) + 46.177 us   |    }
 7)               |    udp_tunnel_sock_release [udp_tunnel]() {
 7) * 15877.52 us |      synchronize_rcu();
 5) * 23845.29 us |    }
 5) * 23987.62 us |  }
 5)               |  vxlan_sock_release [vxlan]() {
 5)               |    synchronize_net() {
 5) + 43.632 us   |      synchronize_rcu_expedited();
 5) + 45.004 us   |    }
 5)               |    udp_tunnel_sock_release [udp_tunnel]() {
 5) * 23836.84 us |      synchronize_rcu();
 5) * 23845.55 us |    }
 5) * 24015.95 us |  }
 5)               |  vxlan_sock_release [vxlan]() {
 5)               |    synchronize_net() {
 5) + 35.997 us   |      synchronize_rcu_expedited();
 5) + 38.061 us   |    }
 5)               |    udp_tunnel_sock_release [udp_tunnel]() {
 5) * 19786.36 us |      synchronize_rcu();
 5) * 19792.07 us |    }
 5) * 19935.80 us |  }
 5)               |  vxlan_sock_release [vxlan]() {
 5)               |    synchronize_net() {
 5) + 80.701 us   |      synchronize_rcu_expedited();
 5) + 81.743 us   |    }
 5)               |    udp_tunnel_sock_release [udp_tunnel]() {
 5) * 15777.63 us |      synchronize_rcu();
 5) * 15781.94 us |    }
 5) * 16024.23 us |  }
 5)               |  vxlan_sock_release [vxlan]() {
 5)               |    synchronize_net() {
 5) + 48.711 us   |      synchronize_rcu_expedited();
 5) + 49.744 us   |    }
 5)               |    udp_tunnel_sock_release [udp_tunnel]() {
 5) * 15794.82 us |      synchronize_rcu();
 5) * 15799.51 us |    }
 5) * 15950.60 us |  }
 5)               |  vxlan_sock_release [vxlan]() {
 5)               |    synchronize_net() {
 5) + 21.360 us   |      synchronize_rcu_expedited();
 5) + 22.422 us   |    }
 5)               |    udp_tunnel_sock_release [udp_tunnel]() {
 5) * 15874.37 us |      synchronize_rcu();
 5) * 15879.30 us |    }
 5) * 15995.09 us |  }
 5)               |  vxlan_sock_release [vxlan]() {
 5)               |    synchronize_net() {
 5) + 63.920 us   |      synchronize_rcu_expedited();
 5) + 64.982 us   |    }
 5)               |    udp_tunnel_sock_release [udp_tunnel]() {
 5) * 15814.97 us |      synchronize_rcu();
 5) * 15819.73 us |    }
 5) * 15983.44 us |  }
 5)               |  vxlan_sock_release [vxlan]() {
 5)               |    synchronize_net() {
 5) + 21.901 us   |      synchronize_rcu_expedited();
 5) + 22.963 us   |    }
 5)               |    udp_tunnel_sock_release [udp_tunnel]() {
 5) * 15865.78 us |      synchronize_rcu();
 5) * 15869.97 us |    }
 5) * 15986.94 us |  }
 5)               |  vxlan_sock_release [vxlan]() {
 5)               |    synchronize_net() {
 5) + 20.919 us   |      synchronize_rcu_expedited();
 5) + 21.951 us   |    }
 5)               |    udp_tunnel_sock_release [udp_tunnel]() {
 5) * 23870.00 us |      synchronize_rcu();
 5) * 23875.20 us |    }
 5) * 23996.26 us |  }
 5)               |  vxlan_sock_release [vxlan]() {
 5)               |    synchronize_net() {
 5) + 38.332 us   |      synchronize_rcu_expedited();
 5) + 39.444 us   |    }
 5)               |    udp_tunnel_sock_release [udp_tunnel]() {
 5) * 19844.68 us |      synchronize_rcu();
 5) * 19848.64 us |    }
 5) * 19982.96 us |  }
 5)               |  vxlan_sock_release [vxlan]() {
 5)               |    synchronize_net() {
 5) + 35.437 us   |      synchronize_rcu_expedited();
 5) + 36.499 us   |    }
 5)               |    udp_tunnel_sock_release [udp_tunnel]() {
 5) * 15848.39 us |      synchronize_rcu();
 7) * 15884.71 us |    }
 7) * 16010.63 us |  }
 7)               |  vxlan_sock_release [vxlan]() {
 7)               |    synchronize_net() {
 7) + 29.816 us   |      synchronize_rcu_expedited();
 7) + 30.948 us   |    }
 7)               |    udp_tunnel_sock_release [udp_tunnel]() {
 7) * 15847.03 us |      synchronize_rcu();
 7) * 15852.31 us |    }
 7) * 15969.12 us |  }
 7)               |  vxlan_sock_release [vxlan]() {
 7)               |    synchronize_net() {
 7) + 61.295 us   |      synchronize_rcu_expedited();
 7) + 62.307 us   |    }
 7)               |    udp_tunnel_sock_release [udp_tunnel]() {
 7) * 19713.77 us |      synchronize_rcu();
 5) * 15854.03 us |    }
 5) * 15997.31 us |  }
 5)               |  vxlan_sock_release [vxlan]() {
 5)               |    synchronize_net() {
 5) + 22.042 us   |      synchronize_rcu_expedited();
 5) + 23.655 us   |    }
 5)               |    udp_tunnel_sock_release [udp_tunnel]() {
 5) * 15868.10 us |      synchronize_rcu();
 5) * 15872.52 us |    }
 5) * 15977.12 us |  }
 5)               |  vxlan_sock_release [vxlan]() {
 5)               |    synchronize_net() {
 5) + 80.741 us   |      synchronize_rcu_expedited();
 5) + 82.124 us   |    }
 5)               |    udp_tunnel_sock_release [udp_tunnel]() {
 5) * 15804.82 us |      synchronize_rcu();
 5) * 15810.11 us |    }
 5) * 15984.84 us |  }
 5)               |  vxlan_sock_release [vxlan]() {
 5)               |    synchronize_net() {
 5) + 21.410 us   |      synchronize_rcu_expedited();
 5) + 22.492 us   |    }
 5)               |    udp_tunnel_sock_release [udp_tunnel]() {
 5) * 31880.15 us |      synchronize_rcu();
 5) * 31891.19 us |    }
 5) * 32004.11 us |  }
 5)               |  vxlan_sock_release [vxlan]() {
 5)               |    synchronize_net() {
 5) + 19.857 us   |      synchronize_rcu_expedited();
 5) + 20.769 us   |    }
 5)               |    udp_tunnel_sock_release [udp_tunnel]() {
 5) * 23854.27 us |      synchronize_rcu();
 5) * 23868.07 us |    }
 5) * 23999.01 us |  }
 5)               |  vxlan_sock_release [vxlan]() {
 5)               |    synchronize_net() {
 5) + 24.576 us   |      synchronize_rcu_expedited();
 5) + 25.899 us   |    }
 5)               |    udp_tunnel_sock_release [udp_tunnel]() {
 5) * 19815.71 us |      synchronize_rcu();
 5) * 19826.25 us |    }
 5) * 19985.37 us |  }
 5)               |  vxlan_sock_release [vxlan]() {
 5)               |    synchronize_net() {
 5) + 26.770 us   |      synchronize_rcu_expedited();
 5) + 27.682 us   |    }
 5)               |    udp_tunnel_sock_release [udp_tunnel]() {
 5) * 23833.67 us |      synchronize_rcu();
 5) * 23845.08 us |    }
 5) * 23991.89 us |  }
 5)               |  vxlan_sock_release [vxlan]() {
 5)               |    synchronize_net() {
 5) + 52.699 us   |      synchronize_rcu_expedited();
 5) + 54.953 us   |    }
 5)               |    udp_tunnel_sock_release [udp_tunnel]() {
 5) * 19773.95 us |      synchronize_rcu();
 5) * 19778.67 us |    }
 5) * 19964.80 us |  }
 5)               |  vxlan_sock_release [vxlan]() {
 5)               |    synchronize_net() {
 5) + 44.323 us   |      synchronize_rcu_expedited();
 5) + 45.456 us   |    }
 5)               |    udp_tunnel_sock_release [udp_tunnel]() {
 5) * 15846.38 us |      synchronize_rcu();
 5) * 15850.76 us |    }
 5) * 15986.67 us |  }
 5)               |  vxlan_sock_release [vxlan]() {
 5)               |    synchronize_net() {
 5) + 43.091 us   |      synchronize_rcu_expedited();
 5) + 44.173 us   |    }
 5)               |    udp_tunnel_sock_release [udp_tunnel]() {
 5) * 23958.33 us |      synchronize_rcu();
 5) * 23971.93 us |    }
 5) * 24109.18 us |  }
 5)               |  vxlan_sock_release [vxlan]() {
 5)               |    synchronize_net() {
 5) + 55.384 us   |      synchronize_rcu_expedited();
 5) + 57.598 us   |    }
 5)               |    udp_tunnel_sock_release [udp_tunnel]() {
 5) * 27903.23 us |      synchronize_rcu();
 7) * 19723.79 us |    }
 7) * 19911.73 us |  }
 7)               |  vxlan_sock_release [vxlan]() {
 7)               |    synchronize_net() {
 7) + 90.479 us   |      synchronize_rcu_expedited();
 7) + 91.993 us   |    }
 7)               |    udp_tunnel_sock_release [udp_tunnel]() {
 7) * 39711.15 us |      synchronize_rcu();
 7) * 39717.51 us |    }
 7) * 39965.57 us |  }
 7)               |  vxlan_sock_release [vxlan]() {
 7)               |    synchronize_net() {
 7) + 30.287 us   |      synchronize_rcu_expedited();
 7) + 31.790 us   |    }
 7)               |    udp_tunnel_sock_release [udp_tunnel]() {
 7) * 27782.23 us |      synchronize_rcu();
 4) * 12167.16 us |    }
 4) * 12296.30 us |  }
 4)               |  vxlan_sock_release [vxlan]() {
 4)               |    synchronize_net() {
 4) + 62.397 us   |      synchronize_rcu_expedited();
 4) + 63.589 us   |    }
 4)               |    udp_tunnel_sock_release [udp_tunnel]() {
 4) * 19479.02 us |      synchronize_rcu();
 4) * 19489.74 us |    }
 4) * 19673.54 us |  }
 4)               |  vxlan_sock_release [vxlan]() {
 4)               |    synchronize_net() {
 4) + 43.913 us   |      synchronize_rcu_expedited();
 4) + 44.573 us   |    }
 4)               |    udp_tunnel_sock_release [udp_tunnel]() {
 4) * 15833.23 us |      synchronize_rcu();
 4) * 15844.22 us |    }
 4) * 16003.09 us |  }
 4)               |  vxlan_sock_release [vxlan]() {
 4)               |    synchronize_net() {
 4) + 92.353 us   |      synchronize_rcu_expedited();
 4) + 94.347 us   |    }
 4)               |    udp_tunnel_sock_release [udp_tunnel]() {
 4) * 27711.34 us |      synchronize_rcu();
 4) * 27717.16 us |    }
 4) * 28105.04 us |  }
 4)               |  vxlan_sock_release [vxlan]() {
 4)               |    synchronize_net() {
 4) + 47.359 us   |      synchronize_rcu_expedited();
 4) + 48.551 us   |    }
 4)               |    udp_tunnel_sock_release [udp_tunnel]() {
 4) * 15903.80 us |      synchronize_rcu();
 7) * 27797.79 us |    }
 7) * 27941.00 us |  }
 7)               |  vxlan_sock_release [vxlan]() {
 7)               |    synchronize_net() {
 7) + 49.663 us   |      synchronize_rcu_expedited();
 7) + 51.506 us   |    }
 7)               |    udp_tunnel_sock_release [udp_tunnel]() {
 7) * 15740.02 us |      synchronize_rcu();
 7) * 15747.52 us |    }
 7) * 15970.98 us |  }
 7)               |  vxlan_sock_release [vxlan]() {
 7)               |    synchronize_net() {
 7) + 28.984 us   |      synchronize_rcu_expedited();
 7) + 30.186 us   |    }
 7)               |    udp_tunnel_sock_release [udp_tunnel]() {
 7) * 23817.24 us |      synchronize_rcu();
 7) * 23827.78 us |    }
 7) * 23965.34 us |  }
 7)               |  vxlan_sock_release [vxlan]() {
 7)               |    synchronize_net() {
 7) + 76.814 us   |      synchronize_rcu_expedited();
 7) + 78.808 us   |    }
 7)               |    udp_tunnel_sock_release [udp_tunnel]() {
 7) * 15766.04 us |      synchronize_rcu();
 7) * 15776.56 us |    }
 7) * 15980.11 us |  }
 7)               |  vxlan_sock_release [vxlan]() {
 7)               |    synchronize_net() {
 7) + 60.683 us   |      synchronize_rcu_expedited();
 7) + 63.428 us   |    }
 7)               |    udp_tunnel_sock_release [udp_tunnel]() {
 7) * 15793.79 us |      synchronize_rcu();
 7) * 15804.86 us |    }
 7) * 15978.01 us |  }
 7)               |  vxlan_sock_release [vxlan]() {
 7)               |    synchronize_net() {
 7) + 56.897 us   |      synchronize_rcu_expedited();
 7) + 58.741 us   |    }
 7)               |    udp_tunnel_sock_release [udp_tunnel]() {
 7) * 15805.85 us |      synchronize_rcu();
 7) * 15816.88 us |    }
 7) * 15978.40 us |  }
 7)               |  vxlan_sock_release [vxlan]() {
 7)               |    synchronize_net() {
 7) + 59.572 us   |      synchronize_rcu_expedited();
 7) + 61.455 us   |    }
 7)               |    udp_tunnel_sock_release [udp_tunnel]() {
 7) * 23771.51 us |      synchronize_rcu();
 7) * 23779.14 us |    }
 7) * 23944.16 us |  }
 7)               |  vxlan_sock_release [vxlan]() {
 7)               |    synchronize_net() {
 7) + 35.326 us   |      synchronize_rcu_expedited();
 7) + 36.558 us   |    }
 7)               |    udp_tunnel_sock_release [udp_tunnel]() {
 7) * 23821.31 us |      synchronize_rcu();
 7) * 23825.59 us |    }
 7) * 23954.17 us |  }
 7)               |  vxlan_sock_release [vxlan]() {
 7)               |    synchronize_net() {
 7) + 73.958 us   |      synchronize_rcu_expedited();
 7) + 74.911 us   |    }
 7)               |    udp_tunnel_sock_release [udp_tunnel]() {
 7) * 15865.59 us |      synchronize_rcu();
 7) * 15872.52 us |    }
 7) * 16028.22 us |  }
 7)               |  vxlan_sock_release [vxlan]() {
 7)               |    synchronize_net() {
 7) ! 118.833 us  |      synchronize_rcu_expedited();
 7) ! 120.967 us  |    }
 7)               |    udp_tunnel_sock_release [udp_tunnel]() {
 7) * 19716.23 us |      synchronize_rcu();
 7) * 19724.11 us |    }
 7) * 19956.90 us |  }
 7)               |  vxlan_sock_release [vxlan]() {
 7)               |    synchronize_net() {
 7) + 51.627 us   |      synchronize_rcu_expedited();
 7) + 54.031 us   |    }
 7)               |    udp_tunnel_sock_release [udp_tunnel]() {
 7) * 27890.92 us |      synchronize_rcu();
 4) * 15912.27 us |    }
 4) * 16068.43 us |  }
 4)               |  vxlan_sock_release [vxlan]() {
 4)               |    synchronize_net() {
 4) + 21.180 us   |      synchronize_rcu_expedited();
 4) + 21.721 us   |    }
 4)               |    udp_tunnel_sock_release [udp_tunnel]() {
 4) * 23840.76 us |      synchronize_rcu();
 4) * 23847.62 us |    }
 4) * 23944.30 us |  }
 4)               |  vxlan_sock_release [vxlan]() {
 4)               |    synchronize_net() {
 4) + 41.638 us   |      synchronize_rcu_expedited();
 4) + 43.542 us   |    }
 4)               |    udp_tunnel_sock_release [udp_tunnel]() {
 4) * 27835.50 us |      synchronize_rcu();
 4) * 27846.50 us |    }
 4) * 27989.38 us |  }
 4)               |  vxlan_sock_release [vxlan]() {
 4)               |    synchronize_net() {
 4) + 65.272 us   |      synchronize_rcu_expedited();
 4) + 67.697 us   |    }
 4)               |    udp_tunnel_sock_release [udp_tunnel]() {
 4) * 15741.89 us |      synchronize_rcu();
 4) * 15745.87 us |    }
 4) * 15925.82 us |  }
 4)               |  vxlan_sock_release [vxlan]() {
 4)               |    synchronize_net() {
 4) + 57.748 us   |      synchronize_rcu_expedited();
 4) + 58.710 us   |    }
 4)               |    udp_tunnel_sock_release [udp_tunnel]() {
 4) * 15837.70 us |      synchronize_rcu();
 4) * 15843.11 us |    }
 4) * 15996.34 us |  }
 4)               |  vxlan_sock_release [vxlan]() {
 4)               |    synchronize_net() {
 4) + 68.789 us   |      synchronize_rcu_expedited();
 4) + 69.801 us   |    }
 4)               |    udp_tunnel_sock_release [udp_tunnel]() {
 4) * 23795.06 us |      synchronize_rcu();
 4) * 23799.76 us |    }
 4) * 23987.45 us |  }
 4)               |  vxlan_sock_release [vxlan]() {
 4)               |    synchronize_net() {
 4) + 69.851 us   |      synchronize_rcu_expedited();
 4) + 70.853 us   |    }
 4)               |    udp_tunnel_sock_release [udp_tunnel]() {
 4) * 15814.41 us |      synchronize_rcu();
 4) * 15818.93 us |    }
 4) * 15990.59 us |  }
 4)               |  vxlan_sock_release [vxlan]() {
 4)               |    synchronize_net() {
 4) + 68.458 us   |      synchronize_rcu_expedited();
 4) + 69.480 us   |    }
 4)               |    udp_tunnel_sock_release [udp_tunnel]() {
 4) * 23812.80 us |      synchronize_rcu();
 4) * 23817.69 us |    }
 4) * 23988.90 us |  }
 4)               |  vxlan_sock_release [vxlan]() {
 4)               |    synchronize_net() {
 4) + 66.054 us   |      synchronize_rcu_expedited();
 4) + 67.066 us   |    }
 4)               |    udp_tunnel_sock_release [udp_tunnel]() {
 4) * 15813.98 us |      synchronize_rcu();
 4) * 15818.85 us |    }
 4) * 15988.57 us |  }
 4)               |  vxlan_sock_release [vxlan]() {
 4)               |    synchronize_net() {
 4) + 52.980 us   |      synchronize_rcu_expedited();
 4) + 54.072 us   |    }
 4)               |    udp_tunnel_sock_release [udp_tunnel]() {
 4) * 15910.48 us |      synchronize_rcu();
 7) * 27901.83 us |    }
 7) * 28047.69 us |  }
 7)               |  vxlan_sock_release [vxlan]() {
 7)               |    synchronize_net() {
 7) + 28.794 us   |      synchronize_rcu_expedited();
 7) + 30.006 us   |    }
 7)               |    udp_tunnel_sock_release [udp_tunnel]() {
 7) * 15831.21 us |      synchronize_rcu();
 7) * 15839.55 us |    }
 7) * 15963.79 us |  }
 7)               |  vxlan_sock_release [vxlan]() {
 7)               |    synchronize_net() {
 7) + 33.854 us   |      synchronize_rcu_expedited();
 7) + 35.226 us   |    }
 7)               |    udp_tunnel_sock_release [udp_tunnel]() {
 7) * 19903.09 us |      synchronize_rcu();
 4) * 15917.15 us |    }
 4) * 16038.68 us |  }
 4)               |  vxlan_sock_release [vxlan]() {
 4)               |    synchronize_net() {
 4) + 48.611 us   |      synchronize_rcu_expedited();
 4) + 49.693 us   |    }
 4)               |    udp_tunnel_sock_release [udp_tunnel]() {
 4) * 15744.29 us |      synchronize_rcu();
 4) * 15748.99 us |    }
 4) * 15887.42 us |  }
 4)               |  vxlan_sock_release [vxlan]() {
 4)               |    synchronize_net() {
 4) + 84.227 us   |      synchronize_rcu_expedited();
 4) + 85.510 us   |    }
 4)               |    udp_tunnel_sock_release [udp_tunnel]() {
 4) * 15753.96 us |      synchronize_rcu();
 4) * 15757.88 us |    }
 4) * 15986.99 us |  }
 4)               |  vxlan_sock_release [vxlan]() {
 4)               |    synchronize_net() {
 4) + 80.972 us   |      synchronize_rcu_expedited();
 4) + 82.014 us   |    }
 4)               |    udp_tunnel_sock_release [udp_tunnel]() {
 4) * 15799.76 us |      synchronize_rcu();
 4) * 15803.51 us |    }
 4) * 15989.32 us |  }
 4)               |  vxlan_sock_release [vxlan]() {
 4)               |    synchronize_net() {
 4) + 30.296 us   |      synchronize_rcu_expedited();
 4) + 31.278 us   |    }
 4)               |    udp_tunnel_sock_release [udp_tunnel]() {
 4) * 15866.58 us |      synchronize_rcu();
 4) * 15870.74 us |    }
 4) * 15988.32 us |  }
 4)               |  vxlan_sock_release [vxlan]() {
 4)               |    synchronize_net() {
 4) + 24.386 us   |      synchronize_rcu_expedited();
 4) + 25.418 us   |    }
 4)               |    udp_tunnel_sock_release [udp_tunnel]() {
 4) * 19866.80 us |      synchronize_rcu();
 4) * 19870.90 us |    }
 4) * 19987.91 us |  }
 4)               |  vxlan_sock_release [vxlan]() {
 4)               |    synchronize_net() {
 4) + 30.958 us   |      synchronize_rcu_expedited();
 4) + 32.030 us   |    }
 4)               |    udp_tunnel_sock_release [udp_tunnel]() {
 4) * 15872.68 us |      synchronize_rcu();
 4) * 15876.60 us |    }
 4) * 15986.70 us |  }
 4)               |  vxlan_sock_release [vxlan]() {
 4)               |    synchronize_net() {
 4) + 48.822 us   |      synchronize_rcu_expedited();
 4) + 49.844 us   |    }
 4)               |    udp_tunnel_sock_release [udp_tunnel]() {
 4) * 23846.69 us |      synchronize_rcu();
 4) * 23851.82 us |    }
 4) * 23992.29 us |  }
 4)               |  vxlan_sock_release [vxlan]() {
 4)               |    synchronize_net() {
 4) + 71.203 us   |      synchronize_rcu_expedited();
 4) + 72.275 us   |    }
 4)               |    udp_tunnel_sock_release [udp_tunnel]() {
 4) * 15813.56 us |      synchronize_rcu();
 4) * 15816.90 us |    }
 4) * 15985.94 us |  }
 4)               |  vxlan_sock_release [vxlan]() {
 4)               |    synchronize_net() {
 4) + 51.436 us   |      synchronize_rcu_expedited();
 4) + 53.009 us   |    }
 4)               |    udp_tunnel_sock_release [udp_tunnel]() {
 4) * 27852.19 us |      synchronize_rcu();
 4) * 27856.24 us |    }
 4) * 27991.10 us |  }
 4)               |  vxlan_sock_release [vxlan]() {
 4)               |    synchronize_net() {
 4) + 24.266 us   |      synchronize_rcu_expedited();
 4) + 25.268 us   |    }
 4)               |    udp_tunnel_sock_release [udp_tunnel]() {
 4) * 15860.57 us |      synchronize_rcu();
 4) * 15863.83 us |    }
 4) * 15987.45 us |  }
 4)               |  vxlan_sock_release [vxlan]() {
 4)               |    synchronize_net() {
 4) + 70.933 us   |      synchronize_rcu_expedited();
 4) + 71.884 us   |    }
 4)               |    udp_tunnel_sock_release [udp_tunnel]() {
 4) * 15813.75 us |      synchronize_rcu();
 4) * 15818.74 us |    }
 4) * 15995.41 us |  }
 4)               |  vxlan_sock_release [vxlan]() {
 4)               |    synchronize_net() {
 4) + 42.379 us   |      synchronize_rcu_expedited();
 4) + 43.421 us   |    }
 4)               |    udp_tunnel_sock_release [udp_tunnel]() {
 4) * 15848.02 us |      synchronize_rcu();
 4) * 15853.90 us |    }
 4) * 15989.77 us |  }
 4)               |  vxlan_sock_release [vxlan]() {
 4)               |    synchronize_net() {
 4) + 42.901 us   |      synchronize_rcu_expedited();
 4) + 44.163 us   |    }
 4)               |    udp_tunnel_sock_release [udp_tunnel]() {
 4) * 23837.97 us |      synchronize_rcu();
 4) * 23841.67 us |    }
 4) * 23981.71 us |  }
 4)               |  vxlan_sock_release [vxlan]() {
 4)               |    synchronize_net() {
 4) + 30.106 us   |      synchronize_rcu_expedited();
 4) + 31.078 us   |    }
 4)               |    udp_tunnel_sock_release [udp_tunnel]() {
 4) * 27859.18 us |      synchronize_rcu();
 4) * 27863.79 us |    }
 4) * 27992.69 us |  }
 4)               |  vxlan_sock_release [vxlan]() {
 4)               |    synchronize_net() {
 4) + 59.692 us   |      synchronize_rcu_expedited();
 4) + 60.915 us   |    }
 4)               |    udp_tunnel_sock_release [udp_tunnel]() {
 4) * 15805.83 us |      synchronize_rcu();
 4) * 15809.33 us |    }
 4) * 15983.10 us |  }
 4)               |  vxlan_sock_release [vxlan]() {
 4)               |    synchronize_net() {
 4) + 42.540 us   |      synchronize_rcu_expedited();
 4) + 43.581 us   |    }
 4)               |    udp_tunnel_sock_release [udp_tunnel]() {
 4) * 15842.30 us |      synchronize_rcu();
 4) * 15846.22 us |    }
 4) * 15987.34 us |  }
 4)               |  vxlan_sock_release [vxlan]() {
 4)               |    synchronize_net() {
 4) + 30.267 us   |      synchronize_rcu_expedited();
 4) + 31.229 us   |    }
 4)               |    udp_tunnel_sock_release [udp_tunnel]() {
 4) * 27859.84 us |      synchronize_rcu();
 4) * 27864.03 us |    }
 4) * 27990.94 us |  }
 4)               |  vxlan_sock_release [vxlan]() {
 4)               |    synchronize_net() {
 4) + 30.848 us   |      synchronize_rcu_expedited();
 4) + 31.920 us   |    }
 4)               |    udp_tunnel_sock_release [udp_tunnel]() {
 4) * 15873.06 us |      synchronize_rcu();
 4) * 15876.94 us |    }
 4) * 15987.60 us |  }
 4)               |  vxlan_sock_release [vxlan]() {
 4)               |    synchronize_net() {
 4) + 70.743 us   |      synchronize_rcu_expedited();
 4) + 71.785 us   |    }
 4)               |    udp_tunnel_sock_release [udp_tunnel]() {
 4) * 19808.80 us |      synchronize_rcu();
 4) * 19812.98 us |    }
 4) * 19988.60 us |  }
 4)               |  vxlan_sock_release [vxlan]() {
 4)               |    synchronize_net() {
 4) + 24.657 us   |      synchronize_rcu_expedited();
 4) + 25.669 us   |    }
 4)               |    udp_tunnel_sock_release [udp_tunnel]() {
 4) * 15859.64 us |      synchronize_rcu();
 4) * 15862.70 us |    }
 4) * 15985.62 us |  }
 4)               |  vxlan_sock_release [vxlan]() {
 4)               |    synchronize_net() {
 4) + 29.696 us   |      synchronize_rcu_expedited();
 4) + 30.658 us   |    }
 4)               |    udp_tunnel_sock_release [udp_tunnel]() {
 4) * 15864.86 us |      synchronize_rcu();
 4) * 15868.26 us |    }
 4) * 15991.32 us |  }
 4)               |  vxlan_sock_release [vxlan]() {
 4)               |    synchronize_net() {
 4) + 43.591 us   |      synchronize_rcu_expedited();
 4) + 44.804 us   |    }
 4)               |    udp_tunnel_sock_release [udp_tunnel]() {
 4) * 15860.68 us |      synchronize_rcu();
 4) * 15863.72 us |    }
 4) * 15993.37 us |  }
 4)               |  vxlan_sock_release [vxlan]() {
 4)               |    synchronize_net() {
 4) + 67.376 us   |      synchronize_rcu_expedited();
 4) + 68.408 us   |    }
 4)               |    udp_tunnel_sock_release [udp_tunnel]() {
 4) * 15780.31 us |      synchronize_rcu();
 4) * 15783.65 us |    }
 4) * 15989.39 us |  }
 4)               |  vxlan_sock_release [vxlan]() {
 4)               |    synchronize_net() {
 4) + 66.235 us   |      synchronize_rcu_expedited();
 4) + 67.206 us   |    }
 4)               |    udp_tunnel_sock_release [udp_tunnel]() {
 4) * 15814.15 us |      synchronize_rcu();
 4) * 15818.16 us |    }
 4) * 15985.32 us |  }
 4)               |  vxlan_sock_release [vxlan]() {
 4)               |    synchronize_net() {
 4) + 29.275 us   |      synchronize_rcu_expedited();
 4) + 30.257 us   |    }
 4)               |    udp_tunnel_sock_release [udp_tunnel]() {
 4) * 15869.44 us |      synchronize_rcu();
 4) * 15873.82 us |    }
 4) * 15990.83 us |  }
 4)               |  vxlan_sock_release [vxlan]() {
 4)               |    synchronize_net() {
 4) + 68.990 us   |      synchronize_rcu_expedited();
 4) + 70.001 us   |    }
 4)               |    udp_tunnel_sock_release [udp_tunnel]() {
 4) * 23816.71 us |      synchronize_rcu();
 4) * 23820.25 us |    }
 4) * 23986.21 us |  }
 4)               |  vxlan_sock_release [vxlan]() {
 4)               |    synchronize_net() {
 4) + 46.498 us   |      synchronize_rcu_expedited();
 4) + 47.509 us   |    }
 4)               |    udp_tunnel_sock_release [udp_tunnel]() {
 4) * 15846.56 us |      synchronize_rcu();
 4) * 15849.87 us |    }
 4) * 15988.45 us |  }
 4)               |  vxlan_sock_release [vxlan]() {
 4)               |    synchronize_net() {
 4) + 43.501 us   |      synchronize_rcu_expedited();
 4) + 44.644 us   |    }
 4)               |    udp_tunnel_sock_release [udp_tunnel]() {
 4) * 23860.37 us |      synchronize_rcu();
 4) * 23864.52 us |    }
 4) * 23991.80 us |  }
 4)               |  vxlan_sock_release [vxlan]() {
 4)               |    synchronize_net() {
 4) + 85.110 us   |      synchronize_rcu_expedited();
 4) + 86.152 us   |    }
 4)               |    udp_tunnel_sock_release [udp_tunnel]() {
 4) * 19787.68 us |      synchronize_rcu();
 4) * 19791.54 us |    }
 4) * 19988.37 us |  }
 4)               |  vxlan_sock_release [vxlan]() {
 4)               |    synchronize_net() {
 4) + 75.893 us   |      synchronize_rcu_expedited();
 4) + 76.904 us   |    }
 4)               |    udp_tunnel_sock_release [udp_tunnel]() {
 4) * 23809.59 us |      synchronize_rcu();
 4) * 23813.48 us |    }
 4) * 23989.61 us |  }
 4)               |  vxlan_sock_release [vxlan]() {
 4)               |    synchronize_net() {
 4) + 61.125 us   |      synchronize_rcu_expedited();
 4) + 62.127 us   |    }
 4)               |    udp_tunnel_sock_release [udp_tunnel]() {
 4) * 15830.74 us |      synchronize_rcu();
 4) * 15834.62 us |    }
 4) * 15989.59 us |  }
 4)               |  vxlan_sock_release [vxlan]() {
 4)               |    synchronize_net() {
 4) + 30.858 us   |      synchronize_rcu_expedited();
 4) + 32.130 us   |    }
 4)               |    udp_tunnel_sock_release [udp_tunnel]() {
 4) * 15868.88 us |      synchronize_rcu();
 4) * 15872.25 us |    }
 4) * 15985.09 us |  }
 4)               |  vxlan_sock_release [vxlan]() {
 4)               |    synchronize_net() {
 4) + 29.746 us   |      synchronize_rcu_expedited();
 4) + 30.718 us   |    }
 4)               |    udp_tunnel_sock_release [udp_tunnel]() {
 4) * 15867.18 us |      synchronize_rcu();
 4) * 15870.60 us |    }
 4) * 15988.51 us |  }
 4)               |  vxlan_sock_release [vxlan]() {
 4)               |    synchronize_net() {
 4) + 71.464 us   |      synchronize_rcu_expedited();
 4) + 72.475 us   |    }
 4)               |    udp_tunnel_sock_release [udp_tunnel]() {
 4) * 31812.89 us |      synchronize_rcu();
 4) * 31816.57 us |    }
 4) * 31989.89 us |  }
 4)               |  vxlan_sock_release [vxlan]() {
 4)               |    synchronize_net() {
 4) + 45.545 us   |      synchronize_rcu_expedited();
 4) + 46.537 us   |    }
 4)               |    udp_tunnel_sock_release [udp_tunnel]() {
 4) * 15856.39 us |      synchronize_rcu();
 4) * 15860.28 us |    }
 4) * 15988.18 us |  }
 4)               |  vxlan_sock_release [vxlan]() {
 4)               |    synchronize_net() {
 4) + 29.886 us   |      synchronize_rcu_expedited();
 4) + 30.878 us   |    }
 4)               |    udp_tunnel_sock_release [udp_tunnel]() {
 4) * 31864.30 us |      synchronize_rcu();
 4) * 31867.95 us |    }
 4) * 31990.22 us |  }
 4)               |  vxlan_sock_release [vxlan]() {
 4)               |    synchronize_net() {
 4) + 41.518 us   |      synchronize_rcu_expedited();
 4) + 42.590 us   |    }
 4)               |    udp_tunnel_sock_release [udp_tunnel]() {
 4) * 23859.38 us |      synchronize_rcu();
 4) * 23863.80 us |    }
 4) * 23988.39 us |  }
 4)               |  vxlan_sock_release [vxlan]() {
 4)               |    synchronize_net() {
 4) + 76.935 us   |      synchronize_rcu_expedited();
 4) + 78.287 us   |    }
 4)               |    udp_tunnel_sock_release [udp_tunnel]() {
 4) * 15806.06 us |      synchronize_rcu();
 4) * 15810.08 us |    }
 4) * 15989.54 us |  }
 4)               |  vxlan_sock_release [vxlan]() {
 4)               |    synchronize_net() {
 4) + 64.751 us   |      synchronize_rcu_expedited();
 4) + 65.813 us   |    }
 4)               |    udp_tunnel_sock_release [udp_tunnel]() {
 4) * 23824.99 us |      synchronize_rcu();
 4) * 23830.46 us |    }
 4) * 23990.08 us |  }
 4)               |  vxlan_sock_release [vxlan]() {
 4)               |    synchronize_net() {
 4) + 46.578 us   |      synchronize_rcu_expedited();
 4) + 47.840 us   |    }
 4)               |    udp_tunnel_sock_release [udp_tunnel]() {
 4) * 19843.83 us |      synchronize_rcu();
 4) * 19847.55 us |    }
 4) * 19983.95 us |  }
 4)               |  vxlan_sock_release [vxlan]() {
 4)               |    synchronize_net() {
 4) + 62.377 us   |      synchronize_rcu_expedited();
 4) + 63.419 us   |    }
 4)               |    udp_tunnel_sock_release [udp_tunnel]() {
 4) * 19842.77 us |      synchronize_rcu();
 4) * 19846.02 us |    }
 4) * 19987.13 us |  }
 4)               |  vxlan_sock_release [vxlan]() {
 4)               |    synchronize_net() {
 4) + 29.275 us   |      synchronize_rcu_expedited();
 4) + 30.287 us   |    }
 4)               |    udp_tunnel_sock_release [udp_tunnel]() {
 4) * 15865.27 us |      synchronize_rcu();
 4) * 15868.23 us |    }
 4) * 15989.58 us |  }
 4)               |  vxlan_sock_release [vxlan]() {
 4)               |    synchronize_net() {
 4) + 40.887 us   |      synchronize_rcu_expedited();
 4) + 41.919 us   |    }
 4)               |    udp_tunnel_sock_release [udp_tunnel]() {
 4) * 23862.19 us |      synchronize_rcu();
 4) * 23866.17 us |    }
 4) * 23989.45 us |  }
 4)               |  vxlan_sock_release [vxlan]() {
 4)               |    synchronize_net() {
 4) + 46.908 us   |      synchronize_rcu_expedited();
 4) + 47.970 us   |    }
 4)               |    udp_tunnel_sock_release [udp_tunnel]() {
 4) * 19851.92 us |      synchronize_rcu();
 4) * 19855.76 us |    }
 4) * 19987.67 us |  }
 4)               |  vxlan_sock_release [vxlan]() {
 4)               |    synchronize_net() {
 4) + 29.776 us   |      synchronize_rcu_expedited();
 4) + 30.818 us   |    }
 4)               |    udp_tunnel_sock_release [udp_tunnel]() {
 4) * 19845.02 us |      synchronize_rcu();
 4) * 19848.81 us |    }
 4) * 19990.29 us |  }
 4)               |  vxlan_sock_release [vxlan]() {
 4)               |    synchronize_net() {
 4) + 40.526 us   |      synchronize_rcu_expedited();
 4) + 41.528 us   |    }
 4)               |    udp_tunnel_sock_release [udp_tunnel]() {
 4) * 19858.11 us |      synchronize_rcu();
 4) * 19861.25 us |    }
 4) * 19983.75 us |  }
 4)               |  vxlan_sock_release [vxlan]() {
 4)               |    synchronize_net() {
 4) + 29.997 us   |      synchronize_rcu_expedited();
 4) + 30.978 us   |    }
 4)               |    udp_tunnel_sock_release [udp_tunnel]() {
 4) * 23886.35 us |      synchronize_rcu();
 4) * 23891.60 us |    }
 4) * 23999.79 us |  }
 4)               |  vxlan_sock_release [vxlan]() {
 4)               |    synchronize_net() {
 4) + 86.913 us   |      synchronize_rcu_expedited();
 4) + 87.965 us   |    }
 4)               |    udp_tunnel_sock_release [udp_tunnel]() {
 4) * 15766.16 us |      synchronize_rcu();
 4) * 15769.76 us |    }
 4) * 15985.49 us |  }
 4)               |  vxlan_sock_release [vxlan]() {
 4)               |    synchronize_net() {
 4) + 42.539 us   |      synchronize_rcu_expedited();
 4) + 43.601 us   |    }
 4)               |    udp_tunnel_sock_release [udp_tunnel]() {
 4) * 15814.58 us |      synchronize_rcu();
 7) * 19910.76 us |    }
 7) * 20044.07 us |  }
 7)               |  vxlan_sock_release [vxlan]() {
 7)               |    synchronize_net() {
 7) + 38.322 us   |      synchronize_rcu_expedited();
 7) + 39.575 us   |    }
 7)               |    udp_tunnel_sock_release [udp_tunnel]() {
 7) * 19791.10 us |      synchronize_rcu();
 7) * 19794.93 us |    }
 7) * 19926.39 us |  }
 7)               |  vxlan_sock_release [vxlan]() {
 7)               |    synchronize_net() {
 7) + 46.207 us   |      synchronize_rcu_expedited();
 7) + 46.848 us   |    }
 7)               |    udp_tunnel_sock_release [udp_tunnel]() {
 7) * 23860.02 us |      synchronize_rcu();
 7) * 23864.39 us |    }
 7) * 23994.72 us |  }
 7)               |  vxlan_sock_release [vxlan]() {
 7)               |    synchronize_net() {
 7) + 64.721 us   |      synchronize_rcu_expedited();
 7) + 65.833 us   |    }
 7)               |    udp_tunnel_sock_release [udp_tunnel]() {
 7) * 15808.33 us |      synchronize_rcu();
 7) * 15819.33 us |    }
 7) * 16039.05 us |  }
 7)               |  vxlan_sock_release [vxlan]() {
 7)               |    synchronize_net() {
 7) + 64.942 us   |      synchronize_rcu_expedited();
 7) + 66.345 us   |    }
 7)               |    udp_tunnel_sock_release [udp_tunnel]() {
 7) * 15784.37 us |      synchronize_rcu();
 7) * 15788.69 us |    }
 7) * 15946.30 us |  }
 7)               |  vxlan_sock_release [vxlan]() {
 7)               |    synchronize_net() {
 7) + 43.281 us   |      synchronize_rcu_expedited();
 7) + 44.223 us   |    }
 7)               |    udp_tunnel_sock_release [udp_tunnel]() {
 7) * 15852.99 us |      synchronize_rcu();
 7) * 15859.39 us |    }
 7) * 15990.39 us |  }
 7)               |  vxlan_sock_release [vxlan]() {
 7)               |    synchronize_net() {
 7) + 23.524 us   |      synchronize_rcu_expedited();
 7) + 24.696 us   |    }
 7)               |    udp_tunnel_sock_release [udp_tunnel]() {
 7) * 15925.79 us |      synchronize_rcu();
 7) * 15939.98 us |    }
 7) * 16074.96 us |  }
 7)               |  vxlan_sock_release [vxlan]() {
 7)               |    synchronize_net() {
 7) + 77.325 us   |      synchronize_rcu_expedited();
 7) + 79.289 us   |    }
 7)               |    udp_tunnel_sock_release [udp_tunnel]() {
 7) * 27695.67 us |      synchronize_rcu();
 7) * 27699.94 us |    }
 7) * 27891.23 us |  }
 7)               |  vxlan_sock_release [vxlan]() {
 7)               |    synchronize_net() {
 7) + 24.956 us   |      synchronize_rcu_expedited();
 7) + 25.608 us   |    }
 7)               |    udp_tunnel_sock_release [udp_tunnel]() {
 7) * 23940.81 us |      synchronize_rcu();
 7) * 23950.84 us |    }
 7) * 24063.31 us |  }
 7)               |  vxlan_sock_release [vxlan]() {
 7)               |    synchronize_net() {
 7) + 58.851 us   |      synchronize_rcu_expedited();
 7) + 60.784 us   |    }
 7)               |    udp_tunnel_sock_release [udp_tunnel]() {
 7) * 15790.90 us |      synchronize_rcu();
 7) * 15801.81 us |    }
 7) * 15979.42 us |  }
 7)               |  vxlan_sock_release [vxlan]() {
 7)               |    synchronize_net() {
 7) + 61.436 us   |      synchronize_rcu_expedited();
 7) + 63.679 us   |    }
 7)               |    udp_tunnel_sock_release [udp_tunnel]() {
 7) * 15789.85 us |      synchronize_rcu();
 7) * 15800.13 us |    }
 7) * 15978.71 us |  }
 7)               |  vxlan_sock_release [vxlan]() {
 7)               |    synchronize_net() {
 7) ! 165.320 us  |      synchronize_rcu_expedited();
 7) ! 168.906 us  |    }
 7)               |    udp_tunnel_sock_release [udp_tunnel]() {
 7) * 15682.23 us |      synchronize_rcu();
 7) * 15696.14 us |    }
 7) * 15986.54 us |  }
 7)               |  vxlan_sock_release [vxlan]() {
 7)               |    synchronize_net() {
 7) + 59.532 us   |      synchronize_rcu_expedited();
 7) + 61.515 us   |    }
 7)               |    udp_tunnel_sock_release [udp_tunnel]() {
 7) * 15782.19 us |      synchronize_rcu();
 7) * 15792.72 us |    }
 7) * 15968.69 us |  }
 7)               |  vxlan_sock_release [vxlan]() {
 7)               |    synchronize_net() {
 7) + 58.509 us   |      synchronize_rcu_expedited();
 7) + 60.464 us   |    }
 7)               |    udp_tunnel_sock_release [udp_tunnel]() {
 7) * 15797.30 us |      synchronize_rcu();
 7) * 15808.07 us |    }
 7) * 15979.60 us |  }
 7)               |  vxlan_sock_release [vxlan]() {
 7)               |    synchronize_net() {
 7) + 58.079 us   |      synchronize_rcu_expedited();
 7) + 60.774 us   |    }
 7)               |    udp_tunnel_sock_release [udp_tunnel]() {
 7) * 15915.10 us |      synchronize_rcu();
 4) * 15821.64 us |    }
 4) * 15986.14 us |  }
 4)               |  vxlan_sock_release [vxlan]() {
 4)               |    synchronize_net() {
 4) + 26.319 us   |      synchronize_rcu_expedited();
 4) + 29.285 us   |    }
 4)               |    udp_tunnel_sock_release [udp_tunnel]() {
 4) * 19763.61 us |      synchronize_rcu();
 4) * 19767.67 us |    }
 4) * 19899.11 us |  }
 4)               |  vxlan_sock_release [vxlan]() {
 4)               |    synchronize_net() {
 4) + 31.729 us   |      synchronize_rcu_expedited();
 4) + 32.952 us   |    }
 4)               |    udp_tunnel_sock_release [udp_tunnel]() {
 4) * 15820.24 us |      synchronize_rcu();
 4) * 15824.62 us |    }
 4) * 15986.16 us |  }
 4)               |  vxlan_sock_release [vxlan]() {
 4)               |    synchronize_net() {
 4) + 53.040 us   |      synchronize_rcu_expedited();
 4) + 54.241 us   |    }
 4)               |    udp_tunnel_sock_release [udp_tunnel]() {
 4) * 15799.06 us |      synchronize_rcu();
 4) * 15802.28 us |    }
 4) * 15988.84 us |  }
 4)               |  vxlan_sock_release [vxlan]() {
 4)               |    synchronize_net() {
 4) + 65.954 us   |      synchronize_rcu_expedited();
 4) + 66.916 us   |    }
 4)               |    udp_tunnel_sock_release [udp_tunnel]() {
 4) * 23824.04 us |      synchronize_rcu();
 4) * 23827.57 us |    }
 4) * 23986.04 us |  }
 4)               |  vxlan_sock_release [vxlan]() {
 4)               |    synchronize_net() {
 4) + 58.610 us   |      synchronize_rcu_expedited();
 4) + 59.672 us   |    }
 4)               |    udp_tunnel_sock_release [udp_tunnel]() {
 4) * 15859.13 us |      synchronize_rcu();
 4) * 15864.82 us |    }
 4) * 16004.08 us |  }
 4)               |  vxlan_sock_release [vxlan]() {
 4)               |    synchronize_net() {
 4) + 48.742 us   |      synchronize_rcu_expedited();
 4) + 49.914 us   |    }
 4)               |    udp_tunnel_sock_release [udp_tunnel]() {
 4) * 19772.23 us |      synchronize_rcu();
 4) * 19778.92 us |    }
 4) * 19979.45 us |  }
 4)               |  vxlan_sock_release [vxlan]() {
 4)               |    synchronize_net() {
 4) + 28.553 us   |      synchronize_rcu_expedited();
 4) + 29.725 us   |    }
 4)               |    udp_tunnel_sock_release [udp_tunnel]() {
 4) * 15859.36 us |      synchronize_rcu();
 4) * 15863.16 us |    }
 4) * 15980.96 us |  }
 4)               |  vxlan_sock_release [vxlan]() {
 4)               |    synchronize_net() {
 4) + 73.277 us   |      synchronize_rcu_expedited();
 4) + 74.309 us   |    }
 4)               |    udp_tunnel_sock_release [udp_tunnel]() {
 4) * 23803.21 us |      synchronize_rcu();
 4) * 23806.72 us |    }
 4) * 23987.59 us |  }
 4)               |  vxlan_sock_release [vxlan]() {
 4)               |    synchronize_net() {
 4) + 26.059 us   |      synchronize_rcu_expedited();
 4) + 27.061 us   |    }
 4)               |    udp_tunnel_sock_release [udp_tunnel]() {
 4) * 15877.75 us |      synchronize_rcu();
 4) * 15881.02 us |    }
 4) * 15988.17 us |  }
 4)               |  vxlan_sock_release [vxlan]() {
 4)               |    synchronize_net() {
 4) + 29.575 us   |      synchronize_rcu_expedited();
 4) + 30.557 us   |    }
 4)               |    udp_tunnel_sock_release [udp_tunnel]() {
 4) * 15852.35 us |      synchronize_rcu();
 4) * 15855.46 us |    }
 4) * 15990.07 us |  }
 4)               |  vxlan_sock_release [vxlan]() {
 4)               |    synchronize_net() {
 4) + 42.510 us   |      synchronize_rcu_expedited();
 4) + 43.512 us   |    }
 4)               |    udp_tunnel_sock_release [udp_tunnel]() {
 4) * 23859.92 us |      synchronize_rcu();
 4) * 23863.40 us |    }
 4) * 23987.99 us |  }
 4)               |  vxlan_sock_release [vxlan]() {
 4)               |    synchronize_net() {
 4) + 51.917 us   |      synchronize_rcu_expedited();
 4) + 53.059 us   |    }
 4)               |    udp_tunnel_sock_release [udp_tunnel]() {
 4) * 15851.19 us |      synchronize_rcu();
 7) * 15925.27 us |    }
 7) * 16060.91 us |  }
 7)               |  vxlan_sock_release [vxlan]() {
 7)               |    synchronize_net() {
 7) + 46.177 us   |      synchronize_rcu_expedited();
 7) + 47.629 us   |    }
 7)               |    udp_tunnel_sock_release [udp_tunnel]() {
 7) * 19807.99 us |      synchronize_rcu();
 7) * 19816.57 us |    }
 7) * 19965.57 us |  }
 7)               |  vxlan_sock_release [vxlan]() {
 7)               |    synchronize_net() {
 7) + 32.972 us   |      synchronize_rcu_expedited();
 7) + 34.264 us   |    }
 7)               |    udp_tunnel_sock_release [udp_tunnel]() {
 7) * 19880.42 us |      synchronize_rcu();
 7) * 19890.89 us |    }
 7) * 20015.64 us |  }
 7)               |  vxlan_sock_release [vxlan]() {
 7)               |    synchronize_net() {
 7) + 59.622 us   |      synchronize_rcu_expedited();
 7) + 62.006 us   |    }
 7)               |    udp_tunnel_sock_release [udp_tunnel]() {
 7) * 15765.02 us |      synchronize_rcu();
 7) * 15772.56 us |    }
 7) * 15943.06 us |  }
 7)               |  vxlan_sock_release [vxlan]() {
 7)               |    synchronize_net() {
 7) + 31.850 us   |      synchronize_rcu_expedited();
 7) + 33.032 us   |    }
 7)               |    udp_tunnel_sock_release [udp_tunnel]() {
 7) * 15857.21 us |      synchronize_rcu();
 7) * 15864.36 us |    }
 7) * 15986.22 us |  }
 7)               |  vxlan_sock_release [vxlan]() {
 7)               |    synchronize_net() {
 7) + 37.640 us   |      synchronize_rcu_expedited();
 7) + 39.103 us   |    }
 7)               |    udp_tunnel_sock_release [udp_tunnel]() {
 7) * 15851.92 us |      synchronize_rcu();
 7) * 15859.07 us |    }
 7) * 15986.59 us |  }
 7)               |  vxlan_sock_release [vxlan]() {
 7)               |    synchronize_net() {
 7) + 30.347 us   |      synchronize_rcu_expedited();
 7) + 31.649 us   |    }
 7)               |    udp_tunnel_sock_release [udp_tunnel]() {
 7) * 23883.71 us |      synchronize_rcu();
 7) * 23895.64 us |    }
 7) * 24026.91 us |  }
 7)               |  vxlan_sock_release [vxlan]() {
 7)               |    synchronize_net() {
 7) + 66.014 us   |      synchronize_rcu_expedited();
 7) + 67.687 us   |    }
 7)               |    udp_tunnel_sock_release [udp_tunnel]() {
 7) * 23798.20 us |      synchronize_rcu();
 7) * 23808.61 us |    }
 7) * 23977.89 us |  }
 7)               |  vxlan_sock_release [vxlan]() {
 7)               |    synchronize_net() {
 7) + 51.907 us   |      synchronize_rcu_expedited();
 7) + 53.831 us   |    }
 7)               |    udp_tunnel_sock_release [udp_tunnel]() {
 7) * 23750.50 us |      synchronize_rcu();
 7) * 23758.16 us |    }
 7) * 23936.87 us |  }
 7)               |  vxlan_sock_release [vxlan]() {
 7)               |    synchronize_net() {
 7) + 31.830 us   |      synchronize_rcu_expedited();
 7) + 33.232 us   |    }
 7)               |    udp_tunnel_sock_release [udp_tunnel]() {
 7) * 15851.44 us |      synchronize_rcu();
 7) * 15859.13 us |    }
 7) * 15986.62 us |  }
 7)               |  vxlan_sock_release [vxlan]() {
 7)               |    synchronize_net() {
 7) + 41.809 us   |      synchronize_rcu_expedited();
 7) + 43.341 us   |    }
 7)               |    udp_tunnel_sock_release [udp_tunnel]() {
 7) * 23818.49 us |      synchronize_rcu();
 4) * 15870.02 us |    }
 4) * 16013.13 us |  }
 4)               |  vxlan_sock_release [vxlan]() {
 4)               |    synchronize_net() {
 4) + 28.303 us   |      synchronize_rcu_expedited();
 4) + 29.455 us   |    }
 4)               |    udp_tunnel_sock_release [udp_tunnel]() {
 4) * 15943.24 us |      synchronize_rcu();
 4) * 15955.58 us |    }
 4) * 16079.39 us |  }
 4)               |  vxlan_sock_release [vxlan]() {
 4)               |    synchronize_net() {
 4) + 33.342 us   |      synchronize_rcu_expedited();
 4) + 36.238 us   |    }
 4)               |    udp_tunnel_sock_release [udp_tunnel]() {
 4) * 23642.02 us |      synchronize_rcu();
 4) * 23646.10 us |    }
 4) * 23760.16 us |  }
 4)               |  vxlan_sock_release [vxlan]() {
 4)               |    synchronize_net() {
 4) + 70.893 us   |      synchronize_rcu_expedited();
 4) + 71.875 us   |    }
 4)               |    udp_tunnel_sock_release [udp_tunnel]() {
 4) * 15822.50 us |      synchronize_rcu();
 4) * 15826.24 us |    }
 4) * 15985.83 us |  }
 4)               |  vxlan_sock_release [vxlan]() {
 4)               |    synchronize_net() {
 4) + 62.898 us   |      synchronize_rcu_expedited();
 4) + 63.880 us   |    }
 4)               |    udp_tunnel_sock_release [udp_tunnel]() {
 4) * 15827.38 us |      synchronize_rcu();
 4) * 15830.46 us |    }
 4) * 15990.63 us |  }
 4)               |  vxlan_sock_release [vxlan]() {
 4)               |    synchronize_net() {
 4) + 31.088 us   |      synchronize_rcu_expedited();
 4) + 32.120 us   |    }
 4)               |    udp_tunnel_sock_release [udp_tunnel]() {
 4) * 23865.19 us |      synchronize_rcu();
 4) * 23870.04 us |    }
 4) * 23991.33 us |  }
 4)               |  vxlan_sock_release [vxlan]() {
 4)               |    synchronize_net() {
 4) + 65.693 us   |      synchronize_rcu_expedited();
 4) + 67.547 us   |    }
 4)               |    udp_tunnel_sock_release [udp_tunnel]() {
 4) * 15820.12 us |      synchronize_rcu();
 4) * 15823.58 us |    }
 4) * 15986.19 us |  }
 4)               |  vxlan_sock_release [vxlan]() {
 4)               |    synchronize_net() {
 4) + 44.394 us   |      synchronize_rcu_expedited();
 4) + 45.466 us   |    }
 4)               |    udp_tunnel_sock_release [udp_tunnel]() {
 4) * 27849.88 us |      synchronize_rcu();
 4) * 27854.22 us |    }
 4) * 27992.73 us |  }
 4)               |  vxlan_sock_release [vxlan]() {
 4)               |    synchronize_net() {
 4) + 72.947 us   |      synchronize_rcu_expedited();
 4) + 74.240 us   |    }
 4)               |    udp_tunnel_sock_release [udp_tunnel]() {
 4) * 15791.97 us |      synchronize_rcu();
 4) * 15795.70 us |    }
 4) * 15986.83 us |  }
 4)               |  vxlan_sock_release [vxlan]() {
 4)               |    synchronize_net() {
 4) + 69.511 us   |      synchronize_rcu_expedited();
 4) + 70.503 us   |    }
 4)               |    udp_tunnel_sock_release [udp_tunnel]() {
 4) * 15822.71 us |      synchronize_rcu();
 4) * 15825.80 us |    }
 4) * 15991.10 us |  }
 4)               |  vxlan_sock_release [vxlan]() {
 4)               |    synchronize_net() {
 4) + 59.061 us   |      synchronize_rcu_expedited();
 4) + 60.123 us   |    }
 4)               |    udp_tunnel_sock_release [udp_tunnel]() {
 4) * 19851.67 us |      synchronize_rcu();
 4) * 19855.47 us |    }
 4) * 19987.51 us |  }
 4)               |  vxlan_sock_release [vxlan]() {
 4)               |    synchronize_net() {
 4) + 30.418 us   |      synchronize_rcu_expedited();
 4) + 31.439 us   |    }
 4)               |    udp_tunnel_sock_release [udp_tunnel]() {
 4) * 15874.86 us |      synchronize_rcu();
 4) * 15878.50 us |    }
 4) * 15984.97 us |  }
 4)               |  vxlan_sock_release [vxlan]() {
 4)               |    synchronize_net() {
 4) + 41.108 us   |      synchronize_rcu_expedited();
 4) + 42.139 us   |    }
 4)               |    udp_tunnel_sock_release [udp_tunnel]() {
 4) * 23862.54 us |      synchronize_rcu();
 4) * 23865.80 us |    }
 4) * 23990.18 us |  }
 4)               |  vxlan_sock_release [vxlan]() {
 4)               |    synchronize_net() {
 4) + 61.476 us   |      synchronize_rcu_expedited();
 4) + 62.427 us   |    }
 4)               |    udp_tunnel_sock_release [udp_tunnel]() {
 4) * 23824.51 us |      synchronize_rcu();
 4) * 23827.68 us |    }
 4) * 23988.58 us |  }
 4)               |  vxlan_sock_release [vxlan]() {
 4)               |    synchronize_net() {
 4) + 29.365 us   |      synchronize_rcu_expedited();
 4) + 30.457 us   |    }
 4)               |    udp_tunnel_sock_release [udp_tunnel]() {
 4) * 15862.31 us |      synchronize_rcu();
 4) * 15865.51 us |    }
 4) * 15987.36 us |  }
 4)               |  vxlan_sock_release [vxlan]() {
 4)               |    synchronize_net() {
 4) + 29.165 us   |      synchronize_rcu_expedited();
 4) + 30.167 us   |    }
 4)               |    udp_tunnel_sock_release [udp_tunnel]() {
 4) * 15876.44 us |      synchronize_rcu();
 4) * 15884.69 us |    }
 4) * 16007.09 us |  }
 4)               |  vxlan_sock_release [vxlan]() {
 4)               |    synchronize_net() {
 4) + 27.100 us   |      synchronize_rcu_expedited();
 4) + 27.772 us   |    }
 4)               |    udp_tunnel_sock_release [udp_tunnel]() {
 4) * 15920.66 us |      synchronize_rcu();
 4) * 15934.84 us |    }
 4) * 16071.14 us |  }
 4)               |  vxlan_sock_release [vxlan]() {
 4)               |    synchronize_net() {
 4) + 56.276 us   |      synchronize_rcu_expedited();
 4) + 58.309 us   |    }
 4)               |    udp_tunnel_sock_release [udp_tunnel]() {
 4) * 19836.03 us |      synchronize_rcu();
 4) * 19854.79 us |    }
 4) * 20045.61 us |  }
 4)               |  vxlan_sock_release [vxlan]() {
 4)               |    synchronize_net() {
 4) + 52.779 us   |      synchronize_rcu_expedited();
 4) + 54.642 us   |    }
 4)               |    udp_tunnel_sock_release [udp_tunnel]() {
 4) * 19653.77 us |      synchronize_rcu();
 4) * 19660.94 us |    }
 4) * 19827.30 us |  }
 4)               |  vxlan_sock_release [vxlan]() {
 4)               |    synchronize_net() {
 4) + 34.384 us   |      synchronize_rcu_expedited();
 4) + 35.507 us   |    }
 4)               |    udp_tunnel_sock_release [udp_tunnel]() {
 4) * 19834.38 us |      synchronize_rcu();
 4) * 19840.18 us |    }
 4) * 19985.22 us |  }
 4)               |  vxlan_sock_release [vxlan]() {
 4)               |    synchronize_net() {
 4) + 54.162 us   |      synchronize_rcu_expedited();
 4) + 55.234 us   |    }
 4)               |    udp_tunnel_sock_release [udp_tunnel]() {
 4) * 15837.19 us |      synchronize_rcu();
 4) * 15840.37 us |    }
 4) * 15981.41 us |  }
 4)               |  vxlan_sock_release [vxlan]() {
 4)               |    synchronize_net() {
 4) + 30.507 us   |      synchronize_rcu_expedited();
 4) + 31.549 us   |    }
 4)               |    udp_tunnel_sock_release [udp_tunnel]() {
 4) * 15882.48 us |      synchronize_rcu();
 4) * 15885.79 us |    }
 4) * 15992.27 us |  }
 4)               |  vxlan_sock_release [vxlan]() {
 4)               |    synchronize_net() {
 4) + 43.572 us   |      synchronize_rcu_expedited();
 4) + 44.594 us   |    }
 4)               |    udp_tunnel_sock_release [udp_tunnel]() {
 4) * 15856.42 us |      synchronize_rcu();
 4) * 15860.66 us |    }
 4) * 15988.04 us |  }
 4)               |  vxlan_sock_release [vxlan]() {
 4)               |    synchronize_net() {
 4) + 26.590 us   |      synchronize_rcu_expedited();
 4) + 27.702 us   |    }
 4)               |    udp_tunnel_sock_release [udp_tunnel]() {
 4) * 23865.07 us |      synchronize_rcu();
 4) * 23871.03 us |    }
 4) * 23990.33 us |  }
 4)               |  vxlan_sock_release [vxlan]() {
 4)               |    synchronize_net() {
 4) * 18280.88 us |      synchronize_rcu_expedited();
 4) * 18282.09 us |    }
 4)               |    udp_tunnel_sock_release [udp_tunnel]() {
 4) * 21657.74 us |      synchronize_rcu();
 4) * 21665.64 us |    }
 4) * 40040.08 us |  }
 4)               |  vxlan_sock_release [vxlan]() {
 4)               |    synchronize_net() {
 4) + 48.151 us   |      synchronize_rcu_expedited();
 4) + 49.723 us   |    }
 4)               |    udp_tunnel_sock_release [udp_tunnel]() {
 4) * 11849.03 us |      synchronize_rcu();
 4) * 11861.65 us |    }
 4) * 12023.04 us |  }
 4)               |  vxlan_sock_release [vxlan]() {
 4)               |    synchronize_net() {
 4) + 61.596 us   |      synchronize_rcu_expedited();
 4) + 63.629 us   |    }
 4)               |    udp_tunnel_sock_release [udp_tunnel]() {
 4) * 15724.34 us |      synchronize_rcu();
 4) * 15729.25 us |    }
 4) * 15900.12 us |  }
 4)               |  vxlan_sock_release [vxlan]() {
 4)               |    synchronize_net() {
 4) + 15.599 us   |      synchronize_rcu_expedited();
 4) + 16.221 us   |    }
 4)               |    udp_tunnel_sock_release [udp_tunnel]() {
 4) * 15967.68 us |      synchronize_rcu();
 4) * 15985.05 us |    }
 4) * 16077.69 us |  }
 4)               |  vxlan_sock_release [vxlan]() {
 4)               |    synchronize_net() {
 4) + 60.664 us   |      synchronize_rcu_expedited();
 4) + 62.587 us   |    }
 4)               |    udp_tunnel_sock_release [udp_tunnel]() {
 4) * 23780.39 us |      synchronize_rcu();
 4) * 23791.33 us |    }
 4) * 23960.31 us |  }
 4)               |  vxlan_sock_release [vxlan]() {
 4)               |    synchronize_net() {
 4) + 66.465 us   |      synchronize_rcu_expedited();
 4) + 68.339 us   |    }
 4)               |    udp_tunnel_sock_release [udp_tunnel]() {
 4) * 15791.59 us |      synchronize_rcu();
 4) * 15802.66 us |    }
 4) * 15980.47 us |  }
 4)               |  vxlan_sock_release [vxlan]() {
 4)               |    synchronize_net() {
 4) + 67.356 us   |      synchronize_rcu_expedited();
 4) + 69.350 us   |    }
 4)               |    udp_tunnel_sock_release [udp_tunnel]() {
 4) * 23789.42 us |      synchronize_rcu();
 4) * 23800.71 us |    }
 4) * 23978.08 us |  }
 4)               |  vxlan_sock_release [vxlan]() {
 4)               |    synchronize_net() {
 4) + 58.139 us   |      synchronize_rcu_expedited();
 4) + 60.093 us   |    }
 4)               |    udp_tunnel_sock_release [udp_tunnel]() {
 4) * 23753.32 us |      synchronize_rcu();
 4) * 23764.22 us |    }
 4) * 23978.99 us |  }
 4)               |  vxlan_sock_release [vxlan]() {
 4)               |    synchronize_net() {
 4) + 56.306 us   |      synchronize_rcu_expedited();
 4) + 58.139 us   |    }
 4)               |    udp_tunnel_sock_release [udp_tunnel]() {
 4) * 15804.72 us |      synchronize_rcu();
 4) * 15816.18 us |    }
 4) * 15981.84 us |  }
 4)               |  vxlan_sock_release [vxlan]() {
 4)               |    synchronize_net() {
 4) + 56.355 us   |      synchronize_rcu_expedited();
 4) + 58.189 us   |    }
 4)               |    udp_tunnel_sock_release [udp_tunnel]() {
 4) * 27802.61 us |      synchronize_rcu();
 4) * 27818.71 us |    }
 4) * 27990.62 us |  }
 4)               |  vxlan_sock_release [vxlan]() {
 4)               |    synchronize_net() {
 4) + 49.653 us   |      synchronize_rcu_expedited();
 4) + 51.406 us   |    }
 4)               |    udp_tunnel_sock_release [udp_tunnel]() {
 4) * 19760.53 us |      synchronize_rcu();
 4) * 19768.05 us |    }
 4) * 19928.24 us |  }
 4)               |  vxlan_sock_release [vxlan]() {
 4)               |    synchronize_net() {
 4) + 31.690 us   |      synchronize_rcu_expedited();
 4) + 33.633 us   |    }
 4)               |    udp_tunnel_sock_release [udp_tunnel]() {
 4) * 23879.77 us |      synchronize_rcu();
 4) * 23890.11 us |    }
 4) * 24030.60 us |  }
 4)               |  vxlan_sock_release [vxlan]() {
 4)               |    synchronize_net() {
 4) + 77.015 us   |      synchronize_rcu_expedited();
 4) + 79.028 us   |    }
 4)               |    udp_tunnel_sock_release [udp_tunnel]() {
 4) * 19759.47 us |      synchronize_rcu();
 4) * 19770.36 us |    }
 4) * 19985.46 us |  }
 4)               |  vxlan_sock_release [vxlan]() {
 4)               |    synchronize_net() {
 4) + 77.616 us   |      synchronize_rcu_expedited();
 4) + 80.000 us   |    }
 4)               |    udp_tunnel_sock_release [udp_tunnel]() {
 4) * 15754.14 us |      synchronize_rcu();
 4) * 15764.94 us |    }
 4) * 15970.50 us |  }
 4)               |  vxlan_sock_release [vxlan]() {
 4)               |    synchronize_net() {
 4) ! 177.873 us  |      synchronize_rcu_expedited();
 4) ! 182.171 us  |    }
 4)               |    udp_tunnel_sock_release [udp_tunnel]() {
 4) * 15648.70 us |      synchronize_rcu();
 4) * 15662.03 us |    }
 4) * 15957.92 us |  }
 4)               |  vxlan_sock_release [vxlan]() {
 4)               |    synchronize_net() {
 4) ! 116.869 us  |      synchronize_rcu_expedited();
 4) ! 119.374 us  |    }
 4)               |    udp_tunnel_sock_release [udp_tunnel]() {
 4) * 23729.89 us |      synchronize_rcu();
 4) * 23744.13 us |    }
 4) * 23985.22 us |  }
 4)               |  vxlan_sock_release [vxlan]() {
 4)               |    synchronize_net() {
 4) + 55.785 us   |      synchronize_rcu_expedited();
 4) + 57.518 us   |    }
 4)               |    udp_tunnel_sock_release [udp_tunnel]() {
 4) * 15813.46 us |      synchronize_rcu();
 4) * 15824.62 us |    }
 4) * 16007.46 us |  }
 4)               |  vxlan_sock_release [vxlan]() {
 4)               |    synchronize_net() {
 4) + 44.533 us   |      synchronize_rcu_expedited();
 4) + 46.427 us   |    }
 4)               |    udp_tunnel_sock_release [udp_tunnel]() {
 4) * 15773.26 us |      synchronize_rcu();
 4) * 15780.70 us |    }
 4) * 15942.72 us |  }
 4)               |  vxlan_sock_release [vxlan]() {
 4)               |    synchronize_net() {
 4) + 29.916 us   |      synchronize_rcu_expedited();
 4) + 31.159 us   |    }
 4)               |    udp_tunnel_sock_release [udp_tunnel]() {
 4) * 15859.12 us |      synchronize_rcu();
 4) * 15866.48 us |    }
 4) * 15987.15 us |  }
 4)               |  vxlan_sock_release [vxlan]() {
 4)               |    synchronize_net() {
 4) + 29.555 us   |      synchronize_rcu_expedited();
 4) + 30.847 us   |    }
 4)               |    udp_tunnel_sock_release [udp_tunnel]() {
 4) * 19878.01 us |      synchronize_rcu();
 4) * 19889.05 us |    }
 4) * 20012.45 us |  }
 4)               |  vxlan_sock_release [vxlan]() {
 4)               |    synchronize_net() {
 4) + 46.667 us   |      synchronize_rcu_expedited();
 4) + 48.521 us   |    }
 4)               |    udp_tunnel_sock_release [udp_tunnel]() {
 4) * 15814.41 us |      synchronize_rcu();
 4) * 15825.37 us |    }
 4) * 15974.53 us |  }
 4)               |  vxlan_sock_release [vxlan]() {
 4)               |    synchronize_net() {
 4) + 62.136 us   |      synchronize_rcu_expedited();
 4) + 64.221 us   |    }
 4)               |    udp_tunnel_sock_release [udp_tunnel]() {
 4) * 15799.20 us |      synchronize_rcu();
 4) * 15810.13 us |    }
 4) * 15978.94 us |  }
 4)               |  vxlan_sock_release [vxlan]() {
 4)               |    synchronize_net() {
 4) + 53.300 us   |      synchronize_rcu_expedited();
 4) + 55.213 us   |    }
 4)               |    udp_tunnel_sock_release [udp_tunnel]() {
 4) * 15816.73 us |      synchronize_rcu();
 4) * 15828.27 us |    }
 4) * 15988.84 us |  }
 4)               |  vxlan_sock_release [vxlan]() {
 4)               |    synchronize_net() {
 4) + 64.812 us   |      synchronize_rcu_expedited();
 4) + 66.795 us   |    }
 4)               |    udp_tunnel_sock_release [udp_tunnel]() {
 4) * 15733.87 us |      synchronize_rcu();
 4) * 15744.86 us |    }
 4) * 15968.32 us |  }
 4)               |  vxlan_sock_release [vxlan]() {
 4)               |    synchronize_net() {
 4) + 43.893 us   |      synchronize_rcu_expedited();
 4) + 45.765 us   |    }
 4)               |    udp_tunnel_sock_release [udp_tunnel]() {
 4) * 19917.11 us |      synchronize_rcu();
 7) * 23827.26 us |    }
 7) * 23978.08 us |  }
 7)               |  vxlan_sock_release [vxlan]() {
 7)               |    synchronize_net() {
 7) + 61.556 us   |      synchronize_rcu_expedited();
 7) + 62.998 us   |    }
 7)               |    udp_tunnel_sock_release [udp_tunnel]() {
 7) * 19686.53 us |      synchronize_rcu();
 7) * 19695.20 us |    }
 7) * 19867.99 us |  }
 7)               |  vxlan_sock_release [vxlan]() {
 7)               |    synchronize_net() {
 7) + 36.639 us   |      synchronize_rcu_expedited();
 7) + 37.791 us   |    }
 7)               |    udp_tunnel_sock_release [udp_tunnel]() {
 7) * 15830.17 us |      synchronize_rcu();
 7) * 15833.81 us |    }
 7) * 15971.94 us |  }
 7)               |  vxlan_sock_release [vxlan]() {
 7)               |    synchronize_net() {
 7) + 25.177 us   |      synchronize_rcu_expedited();
 7) + 26.229 us   |    }
 7)               |    udp_tunnel_sock_release [udp_tunnel]() {
 7) * 15879.67 us |      synchronize_rcu();
 7) * 15882.95 us |    }
 7) * 15987.57 us |  }
 7)               |  vxlan_sock_release [vxlan]() {
 7)               |    synchronize_net() {
 7) + 21.721 us   |      synchronize_rcu_expedited();
 7) + 22.672 us   |    }
 7)               |    udp_tunnel_sock_release [udp_tunnel]() {
 7) * 15889.67 us |      synchronize_rcu();
 7) * 15893.11 us |    }
 7) * 15994.97 us |  }
 7)               |  vxlan_sock_release [vxlan]() {
 7)               |    synchronize_net() {
 7) + 48.501 us   |      synchronize_rcu_expedited();
 7) + 49.543 us   |    }
 7)               |    udp_tunnel_sock_release [udp_tunnel]() {
 7) * 15840.84 us |      synchronize_rcu();
 7) * 15845.44 us |    }
 7) * 15988.43 us |  }
 7)               |  vxlan_sock_release [vxlan]() {
 7)               |    synchronize_net() {
 7) + 24.726 us   |      synchronize_rcu_expedited();
 7) + 26.169 us   |    }
 7)               |    udp_tunnel_sock_release [udp_tunnel]() {
 7) * 23888.97 us |      synchronize_rcu();
 7) * 23896.76 us |    }
 7) * 23999.23 us |  }
 7)               |  vxlan_sock_release [vxlan]() {
 7)               |    synchronize_net() {
 7) + 56.315 us   |      synchronize_rcu_expedited();
 7) + 57.467 us   |    }
 7)               |    udp_tunnel_sock_release [udp_tunnel]() {
 7) * 15800.93 us |      synchronize_rcu();
 7) * 15805.49 us |    }
 7) * 15975.65 us |  }
 7)               |  vxlan_sock_release [vxlan]() {
 7)               |    synchronize_net() {
 7) + 93.726 us   |      synchronize_rcu_expedited();
 7) + 94.778 us   |    }
 7)               |    udp_tunnel_sock_release [udp_tunnel]() {
 7) * 15792.47 us |      synchronize_rcu();
 7) * 15797.37 us |    }
 7) * 15989.81 us |  }
 7)               |  vxlan_sock_release [vxlan]() {
 7)               |    synchronize_net() {
 7) + 68.689 us   |      synchronize_rcu_expedited();
 7) + 69.810 us   |    }
 7)               |    udp_tunnel_sock_release [udp_tunnel]() {
 7) * 19896.36 us |      synchronize_rcu();
 4) * 19928.70 us |    }
 4) * 20088.33 us |  }
 4)               |  vxlan_sock_release [vxlan]() {
 4)               |    synchronize_net() {
 4) ! 165.260 us  |      synchronize_rcu_expedited();
 4) ! 168.647 us  |    }
 4)               |    udp_tunnel_sock_release [udp_tunnel]() {
 4) * 11677.34 us |      synchronize_rcu();
 4) * 11694.96 us |    }
 4) * 11977.81 us |  }
 4)               |  vxlan_sock_release [vxlan]() {
 4)               |    synchronize_net() {
 4) ! 159.018 us  |      synchronize_rcu_expedited();
 4) ! 162.335 us  |    }
 4)               |    udp_tunnel_sock_release [udp_tunnel]() {
 4) * 27681.18 us |      synchronize_rcu();
 4) * 27694.30 us |    }
 4) * 27969.76 us |  }
 4)               |  vxlan_sock_release [vxlan]() {
 4)               |    synchronize_net() {
 4) + 50.485 us   |      synchronize_rcu_expedited();
 4) + 52.448 us   |    }
 4)               |    udp_tunnel_sock_release [udp_tunnel]() {
 4) * 23805.07 us |      synchronize_rcu();
 4) * 23823.87 us |    }
 4) * 23988.74 us |  }
 4)               |  vxlan_sock_release [vxlan]() {
 4)               |    synchronize_net() {
 4) + 57.969 us   |      synchronize_rcu_expedited();
 4) + 59.842 us   |    }
 4)               |    udp_tunnel_sock_release [udp_tunnel]() {
 4) * 19762.56 us |      synchronize_rcu();
 4) * 19774.23 us |    }
 4) * 19947.75 us |  }
 4)               |  vxlan_sock_release [vxlan]() {
 4)               |    synchronize_net() {
 4) + 28.684 us   |      synchronize_rcu_expedited();
 4) + 30.116 us   |    }
 4)               |    udp_tunnel_sock_release [udp_tunnel]() {
 4) * 19799.59 us |      synchronize_rcu();
 4) * 19807.16 us |    }
 4) * 19930.36 us |  }
 4)               |  vxlan_sock_release [vxlan]() {
 4)               |    synchronize_net() {
 4) + 24.336 us   |      synchronize_rcu_expedited();
 4) + 25.548 us   |    }
 4)               |    udp_tunnel_sock_release [udp_tunnel]() {
 4) * 15852.46 us |      synchronize_rcu();
 4) * 15859.10 us |    }
 4) * 15984.56 us |  }
 4)               |  vxlan_sock_release [vxlan]() {
 4)               |    synchronize_net() {
 4) + 38.432 us   |      synchronize_rcu_expedited();
 4) + 39.965 us   |    }
 4)               |    udp_tunnel_sock_release [udp_tunnel]() {
 4) * 15840.99 us |      synchronize_rcu();
 4) * 15845.05 us |    }
 4) * 15978.56 us |  }
 4)               |  vxlan_sock_release [vxlan]() {
 4)               |    synchronize_net() {
 4) + 29.164 us   |      synchronize_rcu_expedited();
 4) + 30.176 us   |    }
 4)               |    udp_tunnel_sock_release [udp_tunnel]() {
 4) * 15857.36 us |      synchronize_rcu();
 4) * 15861.37 us |    }
 4) * 15992.61 us |  }
 4)               |  vxlan_sock_release [vxlan]() {
 4)               |    synchronize_net() {
 4) + 30.137 us   |      synchronize_rcu_expedited();
 4) + 31.229 us   |    }
 4)               |    udp_tunnel_sock_release [udp_tunnel]() {
 4) * 23866.16 us |      synchronize_rcu();
 4) * 23870.81 us |    }
 4) * 23985.27 us |  }
 4)               |  vxlan_sock_release [vxlan]() {
 4)               |    synchronize_net() {
 4) + 23.364 us   |      synchronize_rcu_expedited();
 4) + 24.567 us   |    }
 4)               |    udp_tunnel_sock_release [udp_tunnel]() {
 4) * 23951.18 us |      synchronize_rcu();
 4) * 23961.96 us |    }
 4) * 24070.12 us |  }
 4)               |  vxlan_sock_release [vxlan]() {
 4)               |    synchronize_net() {
 4) + 59.261 us   |      synchronize_rcu_expedited();
 4) + 61.215 us   |    }
 4)               |    udp_tunnel_sock_release [udp_tunnel]() {
 4) * 15760.19 us |      synchronize_rcu();
 4) * 15767.71 us |    }
 4) * 15943.03 us |  }
 4)               |  vxlan_sock_release [vxlan]() {
 4)               |    synchronize_net() {
 4) + 28.704 us   |      synchronize_rcu_expedited();
 4) + 29.956 us   |    }
 4)               |    udp_tunnel_sock_release [udp_tunnel]() {
 4) * 15853.50 us |      synchronize_rcu();
 4) * 15860.71 us |    }
 4) * 15984.87 us |  }
 4)               |  vxlan_sock_release [vxlan]() {
 4)               |    synchronize_net() {
 4) + 29.165 us   |      synchronize_rcu_expedited();
 4) + 30.397 us   |    }
 4)               |    udp_tunnel_sock_release [udp_tunnel]() {
 4) * 19898.82 us |      synchronize_rcu();
 4) * 19909.44 us |    }
 4) * 20033.21 us |  }
 4)               |  vxlan_sock_release [vxlan]() {
 4)               |    synchronize_net() {
 4) + 55.093 us   |      synchronize_rcu_expedited();
 4) + 56.987 us   |    }
 4)               |    udp_tunnel_sock_release [udp_tunnel]() {
 4) * 15768.57 us |      synchronize_rcu();
 4) * 15776.02 us |    }
 4) * 15943.98 us |  }
 4)               |  vxlan_sock_release [vxlan]() {
 4)               |    synchronize_net() {
 4) + 27.762 us   |      synchronize_rcu_expedited();
 4) + 29.014 us   |    }
 4)               |    udp_tunnel_sock_release [udp_tunnel]() {
 4) * 15853.19 us |      synchronize_rcu();
 4) * 15860.30 us |    }
 4) * 15979.61 us |  }
 4)               |  vxlan_sock_release [vxlan]() {
 4)               |    synchronize_net() {
 4) + 31.539 us   |      synchronize_rcu_expedited();
 4) + 33.633 us   |    }
 4)               |    udp_tunnel_sock_release [udp_tunnel]() {
 4) * 15781.54 us |      synchronize_rcu();
 7) * 19903.65 us |    }
 7) * 20027.75 us |  }
 7)               |  vxlan_sock_release [vxlan]() {
 7)               |    synchronize_net() {
 7) + 46.808 us   |      synchronize_rcu_expedited();
 7) + 49.854 us   |    }
 7)               |    udp_tunnel_sock_release [udp_tunnel]() {
 7) * 23743.93 us |      synchronize_rcu();
 4) * 15785.98 us |    }
 4) * 15929.10 us |  }
 4)               |  vxlan_sock_release [vxlan]() {
 4)               |    synchronize_net() {
 4) ! 125.966 us  |      synchronize_rcu_expedited();
 4) ! 127.018 us  |    }
 4)               |    udp_tunnel_sock_release [udp_tunnel]() {
 4) * 23754.27 us |      synchronize_rcu();
 4) * 23761.34 us |    }
 4) * 23967.31 us |  }
 4)               |  vxlan_sock_release [vxlan]() {
 4)               |    synchronize_net() {
 4) + 25.377 us   |      synchronize_rcu_expedited();
 4) + 26.549 us   |    }
 4)               |    udp_tunnel_sock_release [udp_tunnel]() {
 4) * 15866.03 us |      synchronize_rcu();
 4) * 15873.57 us |    }
 4) * 16052.34 us |  }
 4)               |  vxlan_sock_release [vxlan]() {
 4)               |    synchronize_net() {
 4) + 33.533 us   |      synchronize_rcu_expedited();
 4) + 34.815 us   |    }
 4)               |    udp_tunnel_sock_release [udp_tunnel]() {
 4) * 15794.71 us |      synchronize_rcu();
 4) * 15798.62 us |    }
 4) * 15926.54 us |  }
 4)               |  vxlan_sock_release [vxlan]() {
 4)               |    synchronize_net() {
 4) + 21.811 us   |      synchronize_rcu_expedited();
 4) + 22.432 us   |    }
 4)               |    udp_tunnel_sock_release [udp_tunnel]() {
 4) * 23917.29 us |      synchronize_rcu();
 4) * 23928.03 us |    }
 4) * 24033.70 us |  }
 4)               |  vxlan_sock_release [vxlan]() {
 4)               |    synchronize_net() {
 4) + 31.269 us   |      synchronize_rcu_expedited();
 4) + 32.491 us   |    }
 4)               |    udp_tunnel_sock_release [udp_tunnel]() {
 4) * 23849.39 us |      synchronize_rcu();
 4) * 23860.24 us |    }
 4) * 23988.67 us |  }
 4)               |  vxlan_sock_release [vxlan]() {
 4)               |    synchronize_net() {
 4) ! 118.031 us  |      synchronize_rcu_expedited();
 4) ! 120.265 us  |    }
 4)               |    udp_tunnel_sock_release [udp_tunnel]() {
 4) * 27787.49 us |      synchronize_rcu();
 4) * 27805.18 us |    }
 4) * 28028.14 us |  }
 4)               |  vxlan_sock_release [vxlan]() {
 4)               |    synchronize_net() {
 4) ! 163.987 us  |      synchronize_rcu_expedited();
 4) ! 167.454 us  |    }
 4)               |    udp_tunnel_sock_release [udp_tunnel]() {
 4) * 15693.89 us |      synchronize_rcu();
 4) * 15705.28 us |    }
 4) * 15990.64 us |  }
 4)               |  vxlan_sock_release [vxlan]() {
 4)               |    synchronize_net() {
 4) + 55.374 us   |      synchronize_rcu_expedited();
 4) + 57.357 us   |    }
 4)               |    udp_tunnel_sock_release [udp_tunnel]() {
 4) * 15773.35 us |      synchronize_rcu();
 4) * 15783.99 us |    }
 4) * 15955.16 us |  }
 4)               |  vxlan_sock_release [vxlan]() {
 4)               |    synchronize_net() {
 4) + 56.637 us   |      synchronize_rcu_expedited();
 4) + 58.520 us   |    }
 4)               |    udp_tunnel_sock_release [udp_tunnel]() {
 4) * 15764.05 us |      synchronize_rcu();
 4) * 15771.19 us |    }
 4) * 15940.86 us |  }
 4)               |  vxlan_sock_release [vxlan]() {
 4)               |    synchronize_net() {
 4) + 34.695 us   |      synchronize_rcu_expedited();
 4) + 35.937 us   |    }
 4)               |    udp_tunnel_sock_release [udp_tunnel]() {
 4) * 19842.65 us |      synchronize_rcu();
 4) * 19850.08 us |    }
 4) * 19984.13 us |  }
 4)               |  vxlan_sock_release [vxlan]() {
 4)               |    synchronize_net() {
 4) ! 116.859 us  |      synchronize_rcu_expedited();
 4) ! 119.014 us  |    }
 4)               |    udp_tunnel_sock_release [udp_tunnel]() {
 4) * 27809.79 us |      synchronize_rcu();
 4) * 27825.56 us |    }
 4) * 28044.85 us |  }
 4)               |  vxlan_sock_release [vxlan]() {
 4)               |    synchronize_net() {
 4) + 44.113 us   |      synchronize_rcu_expedited();
 4) + 45.967 us   |    }
 4)               |    udp_tunnel_sock_release [udp_tunnel]() {
 4) * 15791.64 us |      synchronize_rcu();
 4) * 15802.48 us |    }
 4) * 15961.58 us |  }
 4)               |  vxlan_sock_release [vxlan]() {
 4)               |    synchronize_net() {
 4) + 60.754 us   |      synchronize_rcu_expedited();
 4) + 62.557 us   |    }
 4)               |    udp_tunnel_sock_release [udp_tunnel]() {
 4) * 15795.97 us |      synchronize_rcu();
 4) * 15806.54 us |    }
 4) * 15980.44 us |  }
 4)               |  vxlan_sock_release [vxlan]() {
 4)               |    synchronize_net() {
 4) + 56.145 us   |      synchronize_rcu_expedited();
 4) + 58.009 us   |    }
 4)               |    udp_tunnel_sock_release [udp_tunnel]() {
 4) * 23722.10 us |      synchronize_rcu();
 4) * 23727.00 us |    }
 4) * 23895.23 us |  }
 4)               |  vxlan_sock_release [vxlan]() {
 4)               |    synchronize_net() {
 4) + 22.322 us   |      synchronize_rcu_expedited();
 4) + 23.324 us   |    }
 4)               |    udp_tunnel_sock_release [udp_tunnel]() {
 4) * 15874.31 us |      synchronize_rcu();
 4) * 15877.93 us |    }
 4) * 15984.15 us |  }
 4)               |  vxlan_sock_release [vxlan]() {
 4)               |    synchronize_net() {
 4) + 37.871 us   |      synchronize_rcu_expedited();
 4) + 38.893 us   |    }
 4)               |    udp_tunnel_sock_release [udp_tunnel]() {
 4) * 23814.76 us |      synchronize_rcu();
 4) * 23817.75 us |    }
 4) * 23983.75 us |  }
 4)               |  vxlan_sock_release [vxlan]() {
 4)               |    synchronize_net() {
 4) + 17.293 us   |      synchronize_rcu_expedited();
 4) + 17.813 us   |    }
 4)               |    udp_tunnel_sock_release [udp_tunnel]() {
 4) * 19962.95 us |      synchronize_rcu();
 4) * 19973.13 us |    }
 4) * 20080.18 us |  }
 4)               |  vxlan_sock_release [vxlan]() {
 4)               |    synchronize_net() {
 4) + 54.062 us   |      synchronize_rcu_expedited();
 4) + 55.915 us   |    }
 4)               |    udp_tunnel_sock_release [udp_tunnel]() {
 4) * 15798.83 us |      synchronize_rcu();
 4) * 15809.81 us |    }
 4) * 15980.10 us |  }
 4)               |  vxlan_sock_release [vxlan]() {
 4)               |    synchronize_net() {
 4) + 57.427 us   |      synchronize_rcu_expedited();
 4) + 59.281 us   |    }
 4)               |    udp_tunnel_sock_release [udp_tunnel]() {
 4) * 15739.11 us |      synchronize_rcu();
 4) * 15744.53 us |    }
 4) * 15913.30 us |  }
 4)               |  vxlan_sock_release [vxlan]() {
 4)               |    synchronize_net() {
 4) + 20.759 us   |      synchronize_rcu_expedited();
 4) + 21.280 us   |    }
 4)               |    udp_tunnel_sock_release [udp_tunnel]() {
 4) * 23902.53 us |      synchronize_rcu();
 4) * 23912.76 us |    }
 4) * 24060.47 us |  }
 4)               |  vxlan_sock_release [vxlan]() {
 4)               |    synchronize_net() {
 4) + 50.314 us   |      synchronize_rcu_expedited();
 4) + 52.218 us   |    }
 4)               |    udp_tunnel_sock_release [udp_tunnel]() {
 4) * 39804.72 us |      synchronize_rcu();
 4) * 39815.30 us |    }
 4) * 39981.36 us |  }
 4)               |  vxlan_sock_release [vxlan]() {
 4)               |    synchronize_net() {
 4) + 57.497 us   |      synchronize_rcu_expedited();
 4) + 59.582 us   |    }
 4)               |    udp_tunnel_sock_release [udp_tunnel]() {
 4) * 15731.42 us |      synchronize_rcu();
 4) * 15735.97 us |    }
 4) * 15908.23 us |  }
 4)               |  vxlan_sock_release [vxlan]() {
 4)               |    synchronize_net() {
 4) + 22.963 us   |      synchronize_rcu_expedited();
 4) + 23.514 us   |    }
 4)               |    udp_tunnel_sock_release [udp_tunnel]() {
 4) * 19967.83 us |      synchronize_rcu();
 4) * 19977.95 us |    }
 4) * 20079.98 us |  }
 4)               |  vxlan_sock_release [vxlan]() {
 4)               |    synchronize_net() {
 4) + 46.979 us   |      synchronize_rcu_expedited();
 4) + 48.902 us   |    }
 4)               |    udp_tunnel_sock_release [udp_tunnel]() {
 4) * 15796.87 us |      synchronize_rcu();
 4) * 15808.86 us |    }
 4) * 15972.21 us |  }
 4)               |  vxlan_sock_release [vxlan]() {
 4)               |    synchronize_net() {
 4) ! 173.695 us  |      synchronize_rcu_expedited();
 4) ! 176.982 us  |    }
 4)               |    udp_tunnel_sock_release [udp_tunnel]() {
 4) * 15682.13 us |      synchronize_rcu();
 4) * 15694.27 us |    }
 4) * 15984.59 us |  }
 4)               |  vxlan_sock_release [vxlan]() {
 4)               |    synchronize_net() {
 4) + 78.787 us   |      synchronize_rcu_expedited();
 4) + 81.083 us   |    }
 4)               |    udp_tunnel_sock_release [udp_tunnel]() {
 4) * 23712.41 us |      synchronize_rcu();
 4) * 23723.43 us |    }
 4) * 23978.51 us |  }
 4)               |  vxlan_sock_release [vxlan]() {
 4)               |    synchronize_net() {
 4) ! 156.283 us  |      synchronize_rcu_expedited();
 4) ! 159.629 us  |    }
 4)               |    udp_tunnel_sock_release [udp_tunnel]() {
 4) * 31663.93 us |      synchronize_rcu();
 4) * 31675.31 us |    }
 4) * 31966.98 us |  }
 4)               |  vxlan_sock_release [vxlan]() {
 4)               |    synchronize_net() {
 4) + 61.886 us   |      synchronize_rcu_expedited();
 4) + 63.870 us   |    }
 4)               |    udp_tunnel_sock_release [udp_tunnel]() {
 4) * 15792.45 us |      synchronize_rcu();
 4) * 15809.42 us |    }
 4) * 15989.95 us |  }
 4)               |  vxlan_sock_release [vxlan]() {
 4)               |    synchronize_net() {
 4) + 55.955 us   |      synchronize_rcu_expedited();
 4) + 58.420 us   |    }
 4)               |    udp_tunnel_sock_release [udp_tunnel]() {
 4) * 15734.85 us |      synchronize_rcu();
 4) * 15745.62 us |    }
 4) * 15919.16 us |  }
 4)               |  vxlan_sock_release [vxlan]() {
 4)               |    synchronize_net() {
 4) + 44.994 us   |      synchronize_rcu_expedited();
 4) + 46.998 us   |    }
 4)               |    udp_tunnel_sock_release [udp_tunnel]() {
 4) * 19758.77 us |      synchronize_rcu();
 4) * 19765.84 us |    }
 4) * 19944.17 us |  }
 4)               |  vxlan_sock_release [vxlan]() {
 4)               |    synchronize_net() {
 4) + 67.557 us   |      synchronize_rcu_expedited();
 4) + 68.679 us   |    }
 4)               |    udp_tunnel_sock_release [udp_tunnel]() {
 4) * 15794.55 us |      synchronize_rcu();
 4) * 15799.57 us |    }
 4) * 15988.33 us |  }
 4)               |  vxlan_sock_release [vxlan]() {
 4)               |    synchronize_net() {
 4) + 52.298 us   |      synchronize_rcu_expedited();
 4) + 53.430 us   |    }
 4)               |    udp_tunnel_sock_release [udp_tunnel]() {
 4) * 15837.36 us |      synchronize_rcu();
 4) * 15841.67 us |    }
 4) * 15985.54 us |  }
 4)               |  vxlan_sock_release [vxlan]() {
 4)               |    synchronize_net() {
 4) + 22.502 us   |      synchronize_rcu_expedited();
 4) + 23.695 us   |    }
 4)               |    udp_tunnel_sock_release [udp_tunnel]() {
 4) * 15829.61 us |      synchronize_rcu();
 4) * 15834.99 us |    }
 4) * 15993.15 us |  }
 4)               |  vxlan_sock_release [vxlan]() {
 4)               |    synchronize_net() {
 4) + 66.385 us   |      synchronize_rcu_expedited();
 4) + 67.487 us   |    }
 4)               |    udp_tunnel_sock_release [udp_tunnel]() {
 4) * 23816.68 us |      synchronize_rcu();
 4) * 23822.37 us |    }
 4) * 23988.29 us |  }
 4)               |  vxlan_sock_release [vxlan]() {
 4)               |    synchronize_net() {
 4) + 80.331 us   |      synchronize_rcu_expedited();
 4) + 81.522 us   |    }
 4)               |    udp_tunnel_sock_release [udp_tunnel]() {
 4) * 15787.87 us |      synchronize_rcu();
 4) * 15792.39 us |    }
 4) * 15986.22 us |  }
 4)               |  vxlan_sock_release [vxlan]() {
 4)               |    synchronize_net() {
 4) + 96.070 us   |      synchronize_rcu_expedited();
 4) + 97.193 us   |    }
 4)               |    udp_tunnel_sock_release [udp_tunnel]() {
 4) * 27781.08 us |      synchronize_rcu();
 4) * 27786.90 us |    }
 4) * 27996.38 us |  }
 4)               |  vxlan_sock_release [vxlan]() {
 4)               |    synchronize_net() {
 4) + 96.721 us   |      synchronize_rcu_expedited();
 4) + 97.874 us   |    }
 4)               |    udp_tunnel_sock_release [udp_tunnel]() {
 4) * 15786.75 us |      synchronize_rcu();
 4) * 15791.76 us |    }
 4) * 15992.69 us |  }
 4)               |  vxlan_sock_release [vxlan]() {
 4)               |    synchronize_net() {
 4) + 97.724 us   |      synchronize_rcu_expedited();
 4) + 98.816 us   |    }
 4)               |    udp_tunnel_sock_release [udp_tunnel]() {
 4) * 15779.48 us |      synchronize_rcu();
 4) * 15784.48 us |    }
 4) * 15981.05 us |  }
 4)               |  vxlan_sock_release [vxlan]() {
 4)               |    synchronize_net() {
 4) + 94.417 us   |      synchronize_rcu_expedited();
 4) + 95.589 us   |    }
 4)               |    udp_tunnel_sock_release [udp_tunnel]() {
 4) * 15785.92 us |      synchronize_rcu();
 4) * 15791.07 us |    }
 4) * 15986.43 us |  }
 4)               |  vxlan_sock_release [vxlan]() {
 4)               |    synchronize_net() {
 4) + 95.128 us   |      synchronize_rcu_expedited();
 4) + 96.261 us   |    }
 4)               |    udp_tunnel_sock_release [udp_tunnel]() {
 4) * 15746.03 us |      synchronize_rcu();
 4) * 15750.54 us |    }
 4) * 15987.42 us |  }
 4)               |  vxlan_sock_release [vxlan]() {
 4)               |    synchronize_net() {
 4) + 93.906 us   |      synchronize_rcu_expedited();
 4) + 95.019 us   |    }
 4)               |    udp_tunnel_sock_release [udp_tunnel]() {
 4) * 15785.28 us |      synchronize_rcu();
 4) * 15788.39 us |    }
 4) * 15978.15 us |  }
 4)               |  vxlan_sock_release [vxlan]() {
 4)               |    synchronize_net() {
 4) + 62.828 us   |      synchronize_rcu_expedited();
 4) + 63.549 us   |    }
 4)               |    udp_tunnel_sock_release [udp_tunnel]() {
 4) * 15810.92 us |      synchronize_rcu();
 4) * 15813.45 us |    }
 4) * 15994.84 us |  }
 4)               |  vxlan_sock_release [vxlan]() {
 4)               |    synchronize_net() {
 4) + 26.310 us   |      synchronize_rcu_expedited();
 4) + 26.890 us   |    }
 4)               |    udp_tunnel_sock_release [udp_tunnel]() {
 4) * 19902.54 us |      synchronize_rcu();
 4) * 19908.32 us |    }
 4) * 20004.98 us |  }
 4)               |  vxlan_sock_release [vxlan]() {
 4)               |    synchronize_net() {
 4) + 97.002 us   |      synchronize_rcu_expedited();
 4) + 98.124 us   |    }
 4)               |    udp_tunnel_sock_release [udp_tunnel]() {
 4) * 19791.05 us |      synchronize_rcu();
 4) * 19796.44 us |    }
 4) * 19996.05 us |  }
 4)               |  vxlan_sock_release [vxlan]() {
 4)               |    synchronize_net() {
 4) + 96.811 us   |      synchronize_rcu_expedited();
 4) + 97.934 us   |    }
 4)               |    udp_tunnel_sock_release [udp_tunnel]() {
 4) * 15780.73 us |      synchronize_rcu();
 4) * 15786.61 us |    }
 4) * 15983.21 us |  }
 4)               |  vxlan_sock_release [vxlan]() {
 4)               |    synchronize_net() {
 4) + 94.628 us   |      synchronize_rcu_expedited();
 4) + 95.740 us   |    }
 4)               |    udp_tunnel_sock_release [udp_tunnel]() {
 4) * 15804.30 us |      synchronize_rcu();
 4) * 15812.48 us |    }
 4) * 16010.76 us |  }
 4)               |  vxlan_sock_release [vxlan]() {
 4)               |    synchronize_net() {
 4) ! 103.874 us  |      synchronize_rcu_expedited();
 4) ! 105.859 us  |    }
 4)               |    udp_tunnel_sock_release [udp_tunnel]() {
 4) * 15692.79 us |      synchronize_rcu();
 4) * 15697.20 us |    }
 4) * 15965.69 us |  }
 4)               |  vxlan_sock_release [vxlan]() {
 4)               |    synchronize_net() {
 4) + 64.541 us   |      synchronize_rcu_expedited();
 4) + 66.174 us   |    }
 4)               |    udp_tunnel_sock_release [udp_tunnel]() {
 4) * 19907.60 us |      synchronize_rcu();
 4) * 19919.14 us |    }
 4) * 20062.72 us |  }
 4)               |  vxlan_sock_release [vxlan]() {
 4)               |    synchronize_net() {
 4) ! 175.298 us  |      synchronize_rcu_expedited();
 4) ! 178.696 us  |    }
 4)               |    udp_tunnel_sock_release [udp_tunnel]() {
 4) * 31602.12 us |      synchronize_rcu();
 4) * 31609.97 us |    }
 4) * 31944.07 us |  }
 4)               |  vxlan_sock_release [vxlan]() {
 4)               |    synchronize_net() {
 4) ! 118.622 us  |      synchronize_rcu_expedited();
 4) ! 120.857 us  |    }
 4)               |    udp_tunnel_sock_release [udp_tunnel]() {
 4) * 23858.16 us |      synchronize_rcu();
 7) * 23753.40 us |    }
 7) * 23968.60 us |  }
 7)               |  vxlan_sock_release [vxlan]() {
 7)               |    synchronize_net() {
 7) + 23.675 us   |      synchronize_rcu_expedited();
 7) + 24.827 us   |    }
 7)               |    udp_tunnel_sock_release [udp_tunnel]() {
 7) * 15841.66 us |      synchronize_rcu();
 7) * 15847.12 us |    }
 7) * 15981.09 us |  }
 7)               |  vxlan_sock_release [vxlan]() {
 7)               |    synchronize_net() {
 7) + 25.037 us   |      synchronize_rcu_expedited();
 7) + 26.159 us   |    }
 7)               |    udp_tunnel_sock_release [udp_tunnel]() {
 7) * 19795.23 us |      synchronize_rcu();
 7) * 19799.37 us |    }
 7) * 19961.83 us |  }
 7)               |  vxlan_sock_release [vxlan]() {
 7)               |    synchronize_net() {
 7) + 25.708 us   |      synchronize_rcu_expedited();
 7) + 26.730 us   |    }
 7)               |    udp_tunnel_sock_release [udp_tunnel]() {
 7) * 15873.42 us |      synchronize_rcu();
 7) * 15876.85 us |    }
 7) * 15987.98 us |  }
 7)               |  vxlan_sock_release [vxlan]() {
 7)               |    synchronize_net() {
 7) + 27.712 us   |      synchronize_rcu_expedited();
 7) + 28.704 us   |    }
 7)               |    udp_tunnel_sock_release [udp_tunnel]() {
 7) * 23877.88 us |      synchronize_rcu();
 7) * 23882.02 us |    }
 7) * 23987.89 us |  }
 7)               |  vxlan_sock_release [vxlan]() {
 7)               |    synchronize_net() {
 7) + 37.279 us   |      synchronize_rcu_expedited();
 7) + 38.392 us   |    }
 7)               |    udp_tunnel_sock_release [udp_tunnel]() {
 7) * 15855.62 us |      synchronize_rcu();
 7) * 15860.96 us |    }
 7) * 15990.73 us |  }
 7)               |  vxlan_sock_release [vxlan]() {
 7)               |    synchronize_net() {
 7) + 81.102 us   |      synchronize_rcu_expedited();
 7) + 82.695 us   |    }
 7)               |    udp_tunnel_sock_release [udp_tunnel]() {
 7) * 15797.03 us |      synchronize_rcu();
 7) * 15800.55 us |    }
 7) * 15984.14 us |  }
 7)               |  vxlan_sock_release [vxlan]() {
 7)               |    synchronize_net() {
 7) ! 397.165 us  |      synchronize_rcu_expedited();
 7) ! 398.337 us  |    }
 7)               |    udp_tunnel_sock_release [udp_tunnel]() {
 7) * 23487.01 us |      synchronize_rcu();
 7) * 23491.48 us |    }
 7) * 23994.85 us |  }
 7)               |  vxlan_sock_release [vxlan]() {
 7)               |    synchronize_net() {
 7) ! 102.913 us  |      synchronize_rcu_expedited();
 7) ! 104.065 us  |    }
 7)               |    udp_tunnel_sock_release [udp_tunnel]() {
 7) * 35693.84 us |      synchronize_rcu();
 4) * 23872.13 us |    }
 4) * 24080.36 us |  }
 4)               |  vxlan_sock_release [vxlan]() {
 4)               |    synchronize_net() {
 4) ! 183.755 us  |      synchronize_rcu_expedited();
 4) ! 188.083 us  |    }
 4)               |    udp_tunnel_sock_release [udp_tunnel]() {
 4) * 19662.78 us |      synchronize_rcu();
 4) * 19680.09 us |    }
 4) * 19983.53 us |  }
 4)               |  vxlan_sock_release [vxlan]() {
 4)               |    synchronize_net() {
 4) ! 176.631 us  |      synchronize_rcu_expedited();
 4) ! 180.008 us  |    }
 4)               |    udp_tunnel_sock_release [udp_tunnel]() {
 4) * 23664.00 us |      synchronize_rcu();
 4) * 23675.27 us |    }
 4) * 23967.79 us |  }
 4)               |  vxlan_sock_release [vxlan]() {
 4)               |    synchronize_net() {
 4) + 87.133 us   |      synchronize_rcu_expedited();
 4) + 89.328 us   |    }
 4)               |    udp_tunnel_sock_release [udp_tunnel]() {
 4) * 19754.28 us |      synchronize_rcu();
 4) * 19767.58 us |    }
 4) * 19976.63 us |  }
 4)               |  vxlan_sock_release [vxlan]() {
 4)               |    synchronize_net() {
 4) ! 176.871 us  |      synchronize_rcu_expedited();
 4) ! 180.198 us  |    }
 4)               |    udp_tunnel_sock_release [udp_tunnel]() {
 4) * 23883.93 us |      synchronize_rcu();
 7) * 35698.77 us |    }
 7) * 35989.31 us |  }
 7)               |  vxlan_sock_release [vxlan]() {
 7)               |    synchronize_net() {
 7) ! 103.925 us  |      synchronize_rcu_expedited();
 7) ! 104.956 us  |    }
 7)               |    udp_tunnel_sock_release [udp_tunnel]() {
 7) * 23679.11 us |      synchronize_rcu();
 7) * 23685.33 us |    }
 7) * 23892.98 us |  }
 7)               |  vxlan_sock_release [vxlan]() {
 7)               |    synchronize_net() {
 7) + 97.643 us   |      synchronize_rcu_expedited();
 7) + 98.805 us   |    }
 7)               |    udp_tunnel_sock_release [udp_tunnel]() {
 7) * 15771.07 us |      synchronize_rcu();
 7) * 15775.23 us |    }
 7) * 15982.82 us |  }
 7)               |  vxlan_sock_release [vxlan]() {
 7)               |    synchronize_net() {
 7) ! 103.374 us  |      synchronize_rcu_expedited();
 7) ! 104.496 us  |    }
 7)               |    udp_tunnel_sock_release [udp_tunnel]() {
 7) * 15779.22 us |      synchronize_rcu();
 7) * 15782.35 us |    }
 7) * 15987.86 us |  }
 7)               |  vxlan_sock_release [vxlan]() {
 7)               |    synchronize_net() {
 7) + 72.106 us   |      synchronize_rcu_expedited();
 7) + 73.298 us   |    }
 7)               |    udp_tunnel_sock_release [udp_tunnel]() {
 7) * 15831.71 us |      synchronize_rcu();
 7) * 15836.36 us |    }
 7) * 15995.43 us |  }
 7)               |  vxlan_sock_release [vxlan]() {
 7)               |    synchronize_net() {
 7) + 40.816 us   |      synchronize_rcu_expedited();
 7) + 41.868 us   |    }
 7)               |    udp_tunnel_sock_release [udp_tunnel]() {
 7) * 19838.47 us |      synchronize_rcu();
 7) * 19841.81 us |    }
 7) * 19981.40 us |  }
 7)               |  vxlan_sock_release [vxlan]() {
 7)               |    synchronize_net() {
 7) + 92.904 us   |      synchronize_rcu_expedited();
 7) + 93.876 us   |    }
 7)               |    udp_tunnel_sock_release [udp_tunnel]() {
 7) * 27945.44 us |      synchronize_rcu();
 4) * 23895.50 us |    }
 4) * 24085.61 us |  }
 4)               |  vxlan_sock_release [vxlan]() {
 4)               |    synchronize_net() {
 4) ! 175.198 us  |      synchronize_rcu_expedited();
 4) ! 178.675 us  |    }
 4)               |    udp_tunnel_sock_release [udp_tunnel]() {
 4) * 15571.62 us |      synchronize_rcu();
 4) * 15579.42 us |    }
 4) * 15933.74 us |  }
 4)               |  vxlan_sock_release [vxlan]() {
 4)               |    synchronize_net() {
 4) + 62.026 us   |      synchronize_rcu_expedited();
 4) + 63.780 us   |    }
 4)               |    udp_tunnel_sock_release [udp_tunnel]() {
 4) * 19832.70 us |      synchronize_rcu();
 4) * 19840.95 us |    }
 4) * 19994.34 us |  }
 4)               |  vxlan_sock_release [vxlan]() {
 4)               |    synchronize_net() {
 4) ! 119.644 us  |      synchronize_rcu_expedited();
 4) ! 121.808 us  |    }
 4)               |    udp_tunnel_sock_release [udp_tunnel]() {
 4) * 19788.56 us |      synchronize_rcu();
 4) * 19806.30 us |    }
 4) * 20021.68 us |  }
 4)               |  vxlan_sock_release [vxlan]() {
 4)               |    synchronize_net() {
 4) ! 176.721 us  |      synchronize_rcu_expedited();
 4) ! 180.929 us  |    }
 4)               |    udp_tunnel_sock_release [udp_tunnel]() {
 4) * 27634.52 us |      synchronize_rcu();
 4) * 27642.21 us |    }
 4) * 27938.91 us |  }
 4)               |  vxlan_sock_release [vxlan]() {
 4)               |    synchronize_net() {
 4) ! 120.426 us  |      synchronize_rcu_expedited();
 4) ! 122.600 us  |    }
 4)               |    udp_tunnel_sock_release [udp_tunnel]() {
 4) * 19798.84 us |      synchronize_rcu();
 4) * 19815.13 us |    }
 4) * 20033.68 us |  }
 4)               |  vxlan_sock_release [vxlan]() {
 4)               |    synchronize_net() {
 4) + 68.108 us   |      synchronize_rcu_expedited();
 4) + 70.051 us   |    }
 4)               |    udp_tunnel_sock_release [udp_tunnel]() {
 4) * 19710.74 us |      synchronize_rcu();
 4) * 19727.08 us |    }
 4) * 19973.97 us |  }
 4)               |  vxlan_sock_release [vxlan]() {
 4)               |    synchronize_net() {
 4) ! 176.761 us  |      synchronize_rcu_expedited();
 4) ! 180.178 us  |    }
 4)               |    udp_tunnel_sock_release [udp_tunnel]() {
 4) * 19670.58 us |      synchronize_rcu();
 4) * 19681.62 us |    }
 4) * 19975.99 us |  }
 4)               |  vxlan_sock_release [vxlan]() {
 4)               |    synchronize_net() {
 4) + 72.737 us   |      synchronize_rcu_expedited();
 4) + 75.070 us   |    }
 4)               |    udp_tunnel_sock_release [udp_tunnel]() {
 4) * 27737.89 us |      synchronize_rcu();
 4) * 27750.66 us |    }
 4) * 27950.13 us |  }
 4)               |  vxlan_sock_release [vxlan]() {
 4)               |    synchronize_net() {
 4) + 40.316 us   |      synchronize_rcu_expedited();
 4) + 41.528 us   |    }
 4)               |    udp_tunnel_sock_release [udp_tunnel]() {
 4) * 51821.66 us |      synchronize_rcu();
 4) * 51831.05 us |    }
 4) * 51979.07 us |  }
 4)               |  vxlan_sock_release [vxlan]() {
 4)               |    synchronize_net() {
 4) + 38.853 us   |      synchronize_rcu_expedited();
 4) + 40.286 us   |    }
 4)               |    udp_tunnel_sock_release [udp_tunnel]() {
 4) * 31682.90 us |      synchronize_rcu();
 7) * 27958.88 us |    }
 7) * 28112.72 us |  }
 7)               |  vxlan_sock_release [vxlan]() {
 7)               |    synchronize_net() {
 7) ! 166.212 us  |      synchronize_rcu_expedited();
 7) ! 169.388 us  |    }
 7)               |    udp_tunnel_sock_release [udp_tunnel]() {
 7) * 27584.06 us |      synchronize_rcu();
 7) * 27600.37 us |    }
 7) * 27892.61 us |  }
 7)               |  vxlan_sock_release [vxlan]() {
 7)               |    synchronize_net() {
 7) ! 173.616 us  |      synchronize_rcu_expedited();
 7) ! 176.922 us  |    }
 7)               |    udp_tunnel_sock_release [udp_tunnel]() {
 7) * 15655.01 us |      synchronize_rcu();
 7) * 15673.94 us |    }
 7) * 15975.67 us |  }
 7)               |  vxlan_sock_release [vxlan]() {
 7)               |    synchronize_net() {
 7) ! 177.894 us  |      synchronize_rcu_expedited();
 7) ! 181.170 us  |    }
 7)               |    udp_tunnel_sock_release [udp_tunnel]() {
 7) * 15645.46 us |      synchronize_rcu();
 7) * 15658.57 us |    }
 7) * 15980.12 us |  }
 7)               |  vxlan_sock_release [vxlan]() {
 7)               |    synchronize_net() {
 7) ! 163.436 us  |      synchronize_rcu_expedited();
 7) ! 166.712 us  |    }
 7)               |    udp_tunnel_sock_release [udp_tunnel]() {
 7) * 15669.32 us |      synchronize_rcu();
 7) * 15681.33 us |    }
 7) * 15965.91 us |  }
 7)               |  vxlan_sock_release [vxlan]() {
 7)               |    synchronize_net() {
 7) ! 178.314 us  |      synchronize_rcu_expedited();
 7) ! 181.661 us  |    }
 7)               |    udp_tunnel_sock_release [udp_tunnel]() {
 7) * 15642.33 us |      synchronize_rcu();
 7) * 15650.93 us |    }
 7) * 15947.85 us |  }
 7)               |  vxlan_sock_release [vxlan]() {
 7)               |    synchronize_net() {
 7) ! 121.037 us  |      synchronize_rcu_expedited();
 7) ! 123.111 us  |    }
 7)               |    udp_tunnel_sock_release [udp_tunnel]() {
 7) * 19789.95 us |      synchronize_rcu();
 7) * 19801.78 us |    }
 7) * 20016.12 us |  }
 7)               |  vxlan_sock_release [vxlan]() {
 7)               |    synchronize_net() {
 7) ! 176.301 us  |      synchronize_rcu_expedited();
 7) ! 179.506 us  |    }
 7)               |    udp_tunnel_sock_release [udp_tunnel]() {
 7) * 19604.78 us |      synchronize_rcu();
 7) * 19612.92 us |    }
 7) * 19949.77 us |  }
 7)               |  vxlan_sock_release [vxlan]() {
 7)               |    synchronize_net() {
 7) ! 120.776 us  |      synchronize_rcu_expedited();
 7) ! 122.891 us  |    }
 7)               |    udp_tunnel_sock_release [udp_tunnel]() {
 7) * 15782.45 us |      synchronize_rcu();
 7) * 15794.80 us |    }
 7) * 16016.06 us |  }
 7)               |  vxlan_sock_release [vxlan]() {
 7)               |    synchronize_net() {
 7) ! 175.509 us  |      synchronize_rcu_expedited();
 7) ! 178.756 us  |    }
 7)               |    udp_tunnel_sock_release [udp_tunnel]() {
 7) * 15684.80 us |      synchronize_rcu();
 7) * 15702.30 us |    }
 7) * 15988.43 us |  }
 7)               |  vxlan_sock_release [vxlan]() {
 7)               |    synchronize_net() {
 7) ! 175.840 us  |      synchronize_rcu_expedited();
 7) ! 179.006 us  |    }
 7)               |    udp_tunnel_sock_release [udp_tunnel]() {
 7) * 15667.71 us |      synchronize_rcu();
 7) * 15679.62 us |    }
 7) * 15967.08 us |  }
 7)               |  vxlan_sock_release [vxlan]() {
 7)               |    synchronize_net() {
 7) ! 176.261 us  |      synchronize_rcu_expedited();
 7) ! 179.497 us  |    }
 7)               |    udp_tunnel_sock_release [udp_tunnel]() {
 7) * 15857.53 us |      synchronize_rcu();
 4) * 31697.07 us |    }
 4) * 31982.74 us |  }
 4)               |  vxlan_sock_release [vxlan]() {
 4)               |    synchronize_net() {
 4) + 66.795 us   |      synchronize_rcu_expedited();
 4) + 69.220 us   |    }
 4)               |    udp_tunnel_sock_release [udp_tunnel]() {
 4) * 19742.60 us |      synchronize_rcu();
 4) * 19753.69 us |    }
 4) * 19981.63 us |  }
 4)               |  vxlan_sock_release [vxlan]() {
 4)               |    synchronize_net() {
 4) + 71.304 us   |      synchronize_rcu_expedited();
 4) + 73.217 us   |    }
 4)               |    udp_tunnel_sock_release [udp_tunnel]() {
 4) * 23773.51 us |      synchronize_rcu();
 4) * 23784.55 us |    }
 4) * 23973.92 us |  }
 4)               |  vxlan_sock_release [vxlan]() {
 4)               |    synchronize_net() {
 4) + 58.740 us   |      synchronize_rcu_expedited();
 4) + 60.624 us   |    }
 4)               |    udp_tunnel_sock_release [udp_tunnel]() {
 4) * 15796.22 us |      synchronize_rcu();
 4) * 15807.58 us |    }
 4) * 15984.22 us |  }
 4)               |  vxlan_sock_release [vxlan]() {
 4)               |    synchronize_net() {
 4) + 77.786 us   |      synchronize_rcu_expedited();
 4) + 79.800 us   |    }
 4)               |    udp_tunnel_sock_release [udp_tunnel]() {
 4) * 15714.90 us |      synchronize_rcu();
 4) * 15725.69 us |    }
 4) * 15975.25 us |  }
 4)               |  vxlan_sock_release [vxlan]() {
 4)               |    synchronize_net() {
 4) + 55.864 us   |      synchronize_rcu_expedited();
 4) + 57.748 us   |    }
 4)               |    udp_tunnel_sock_release [udp_tunnel]() {
 4) * 15801.53 us |      synchronize_rcu();
 4) * 15815.86 us |    }
 4) * 15986.63 us |  }
 4)               |  vxlan_sock_release [vxlan]() {
 4)               |    synchronize_net() {
 4) + 58.008 us   |      synchronize_rcu_expedited();
 4) + 59.913 us   |    }
 4)               |    udp_tunnel_sock_release [udp_tunnel]() {
 4) * 19782.11 us |      synchronize_rcu();
 4) * 19792.95 us |    }
 4) * 19961.78 us |  }
 4)               |  vxlan_sock_release [vxlan]() {
 4)               |    synchronize_net() {
 4) + 56.576 us   |      synchronize_rcu_expedited();
 4) + 58.490 us   |    }
 4)               |    udp_tunnel_sock_release [udp_tunnel]() {
 4) * 15799.11 us |      synchronize_rcu();
 4) * 15809.79 us |    }
 4) * 15978.60 us |  }
 4)               |  vxlan_sock_release [vxlan]() {
 4)               |    synchronize_net() {
 4) + 56.286 us   |      synchronize_rcu_expedited();
 4) + 58.179 us   |    }
 4)               |    udp_tunnel_sock_release [udp_tunnel]() {
 4) * 15801.91 us |      synchronize_rcu();
 4) * 15814.34 us |    }
 4) * 15981.27 us |  }
 4)               |  vxlan_sock_release [vxlan]() {
 4)               |    synchronize_net() {
 4) + 59.762 us   |      synchronize_rcu_expedited();
 4) + 61.776 us   |    }
 4)               |    udp_tunnel_sock_release [udp_tunnel]() {
 4) * 15757.89 us |      synchronize_rcu();
 4) * 15768.54 us |    }
 4) * 15989.62 us |  }
 4)               |  vxlan_sock_release [vxlan]() {
 4)               |    synchronize_net() {
 4) + 52.889 us   |      synchronize_rcu_expedited();
 4) + 54.732 us   |    }
 4)               |    udp_tunnel_sock_release [udp_tunnel]() {
 4) * 15794.69 us |      synchronize_rcu();
 4) * 15806.04 us |    }
 4) * 15967.32 us |  }
 4)               |  vxlan_sock_release [vxlan]() {
 4)               |    synchronize_net() {
 4) + 55.134 us   |      synchronize_rcu_expedited();
 4) + 57.097 us   |    }
 4)               |    udp_tunnel_sock_release [udp_tunnel]() {
 4) * 15754.94 us |      synchronize_rcu();
 4) * 15765.58 us |    }
 4) * 15978.91 us |  }
 4)               |  vxlan_sock_release [vxlan]() {
 4)               |    synchronize_net() {
 4) ! 219.241 us  |      synchronize_rcu_expedited();
 4) ! 222.597 us  |    }
 4)               |    udp_tunnel_sock_release [udp_tunnel]() {
 4) * 23635.02 us |      synchronize_rcu();
 4) * 23646.15 us |    }
 4) * 23977.28 us |  }
 4)               |  vxlan_sock_release [vxlan]() {
 4)               |    synchronize_net() {
 4) + 60.283 us   |      synchronize_rcu_expedited();
 4) + 62.177 us   |    }
 4)               |    udp_tunnel_sock_release [udp_tunnel]() {
 4) * 15799.18 us |      synchronize_rcu();
 4) * 15812.01 us |    }
 4) * 15982.53 us |  }
 4)               |  vxlan_sock_release [vxlan]() {
 4)               |    synchronize_net() {
 4) + 65.503 us   |      synchronize_rcu_expedited();
 4) + 67.456 us   |    }
 4)               |    udp_tunnel_sock_release [udp_tunnel]() {
 4) * 19717.34 us |      synchronize_rcu();
 4) * 19724.93 us |    }
 4) * 19951.94 us |  }
 4)               |  vxlan_sock_release [vxlan]() {
 4)               |    synchronize_net() {
 4) + 66.335 us   |      synchronize_rcu_expedited();
 4) + 67.657 us   |    }
 4)               |    udp_tunnel_sock_release [udp_tunnel]() {
 4) * 15816.85 us |      synchronize_rcu();
 4) * 15823.73 us |    }
 4) * 15980.27 us |  }
 4)               |  vxlan_sock_release [vxlan]() {
 4)               |    synchronize_net() {
 4) + 29.937 us   |      synchronize_rcu_expedited();
 4) + 31.159 us   |    }
 4)               |    udp_tunnel_sock_release [udp_tunnel]() {
 4) * 15895.63 us |      synchronize_rcu();
 4) * 15911.33 us |    }
 4) * 16032.21 us |  }
 4)               |  vxlan_sock_release [vxlan]() {
 4)               |    synchronize_net() {
 4) + 71.244 us   |      synchronize_rcu_expedited();
 4) + 73.097 us   |    }
 4)               |    udp_tunnel_sock_release [udp_tunnel]() {
 4) * 15780.19 us |      synchronize_rcu();
 4) * 15791.35 us |    }
 4) * 15972.68 us |  }
 4)               |  vxlan_sock_release [vxlan]() {
 4)               |    synchronize_net() {
 4) + 74.640 us   |      synchronize_rcu_expedited();
 4) + 76.624 us   |    }
 4)               |    udp_tunnel_sock_release [udp_tunnel]() {
 4) * 15730.92 us |      synchronize_rcu();
 4) * 15741.40 us |    }
 4) * 15976.82 us |  }
 4)               |  vxlan_sock_release [vxlan]() {
 4)               |    synchronize_net() {
 4) + 48.030 us   |      synchronize_rcu_expedited();
 4) + 49.904 us   |    }
 4)               |    udp_tunnel_sock_release [udp_tunnel]() {
 4) * 15779.57 us |      synchronize_rcu();
 4) * 15787.03 us |    }
 4) * 15942.60 us |  }
 4)               |  vxlan_sock_release [vxlan]() {
 4)               |    synchronize_net() {
 4) + 29.996 us   |      synchronize_rcu_expedited();
 4) + 31.339 us   |    }
 4)               |    udp_tunnel_sock_release [udp_tunnel]() {
 4) * 19897.68 us |      synchronize_rcu();
 7) * 15865.38 us |    }
 7) * 16029.90 us |  }
 7)               |  vxlan_sock_release [vxlan]() {
 7)               |    synchronize_net() {
 7) + 24.576 us   |      synchronize_rcu_expedited();
 7) + 25.668 us   |    }
 7)               |    udp_tunnel_sock_release [udp_tunnel]() {
 7) * 11751.98 us |      synchronize_rcu();
 7) * 11756.07 us |    }
 7) * 11903.71 us |  }
 7)               |  vxlan_sock_release [vxlan]() {
 7)               |    synchronize_net() {
 7) + 24.335 us   |      synchronize_rcu_expedited();
 7) + 25.528 us   |    }
 7)               |    udp_tunnel_sock_release [udp_tunnel]() {
 7) * 23939.24 us |      synchronize_rcu();
 7) * 23954.52 us |    }
 7) * 24066.97 us |  }
 7)               |  vxlan_sock_release [vxlan]() {
 7)               |    synchronize_net() {
 7) + 49.633 us   |      synchronize_rcu_expedited();
 7) + 51.607 us   |    }
 7)               |    udp_tunnel_sock_release [udp_tunnel]() {
 7) * 15767.86 us |      synchronize_rcu();
 7) * 15780.30 us |    }
 7) * 15989.05 us |  }
 7)               |  vxlan_sock_release [vxlan]() {
 7)               |    synchronize_net() {
 7) + 51.857 us   |      synchronize_rcu_expedited();
 7) + 54.041 us   |    }
 7)               |    udp_tunnel_sock_release [udp_tunnel]() {
 7) * 15738.53 us |      synchronize_rcu();
 7) * 15748.94 us |    }
 7) * 15957.16 us |  }
 7)               |  vxlan_sock_release [vxlan]() {
 7)               |    synchronize_net() {
 7) + 58.751 us   |      synchronize_rcu_expedited();
 7) + 60.714 us   |    }
 7)               |    udp_tunnel_sock_release [udp_tunnel]() {
 7) * 15801.86 us |      synchronize_rcu();
 7) * 15812.71 us |    }
 7) * 15981.07 us |  }
 7)               |  vxlan_sock_release [vxlan]() {
 7)               |    synchronize_net() {
 7) + 49.854 us   |      synchronize_rcu_expedited();
 7) + 51.797 us   |    }
 7)               |    udp_tunnel_sock_release [udp_tunnel]() {
 7) * 19766.47 us |      synchronize_rcu();
 7) * 19777.26 us |    }
 7) * 19985.64 us |  }
 7)               |  vxlan_sock_release [vxlan]() {
 7)               |    synchronize_net() {
 7) + 60.824 us   |      synchronize_rcu_expedited();
 7) + 62.808 us   |    }
 7)               |    udp_tunnel_sock_release [udp_tunnel]() {
 7) * 15749.14 us |      synchronize_rcu();
 7) * 15759.78 us |    }
 7) * 15977.24 us |  }
 7)               |  vxlan_sock_release [vxlan]() {
 7)               |    synchronize_net() {
 7) + 97.623 us   |      synchronize_rcu_expedited();
 7) ! 100.168 us  |    }
 7)               |    udp_tunnel_sock_release [udp_tunnel]() {
 7) * 19720.30 us |      synchronize_rcu();
 7) * 19731.28 us |    }
 7) * 19973.67 us |  }
 7)               |  vxlan_sock_release [vxlan]() {
 7)               |    synchronize_net() {
 7) + 58.550 us   |      synchronize_rcu_expedited();
 7) + 60.593 us   |    }
 7)               |    udp_tunnel_sock_release [udp_tunnel]() {
 7) * 21643.76 us |      synchronize_rcu();
 4) * 19915.73 us |    }
 4) * 20081.92 us |  }
 4)               |  vxlan_sock_release [vxlan]() {
 4)               |    synchronize_net() {
 4) ! 166.583 us  |      synchronize_rcu_expedited();
 4) ! 169.959 us  |    }
 4)               |    udp_tunnel_sock_release [udp_tunnel]() {
 4) * 15586.88 us |      synchronize_rcu();
 4) * 15601.08 us |    }
 4) * 15879.29 us |  }
 4)               |  vxlan_sock_release [vxlan]() {
 4)               |    synchronize_net() {
 4) ! 169.918 us  |      synchronize_rcu_expedited();
 4) ! 173.956 us  |    }
 4)               |    udp_tunnel_sock_release [udp_tunnel]() {
 4) * 19673.20 us |      synchronize_rcu();
 4) * 19684.24 us |    }
 4) * 19990.89 us |  }
 4)               |  vxlan_sock_release [vxlan]() {
 4)               |    synchronize_net() {
 4) ! 168.987 us  |      synchronize_rcu_expedited();
 4) ! 172.894 us  |    }
 4)               |    udp_tunnel_sock_release [udp_tunnel]() {
 4) * 23663.73 us |      synchronize_rcu();
 4) * 23675.27 us |    }
 4) * 23962.33 us |  }
 4)               |  vxlan_sock_release [vxlan]() {
 4)               |    synchronize_net() {
 4) + 59.391 us   |      synchronize_rcu_expedited();
 4) + 61.636 us   |    }
 4)               |    udp_tunnel_sock_release [udp_tunnel]() {
 4) * 15737.07 us |      synchronize_rcu();
 4) * 15749.63 us |    }
 4) * 15980.12 us |  }
 4)               |  vxlan_sock_release [vxlan]() {
 4)               |    synchronize_net() {
 4) + 56.386 us   |      synchronize_rcu_expedited();
 4) + 58.279 us   |    }
 4)               |    udp_tunnel_sock_release [udp_tunnel]() {
 4) * 15804.35 us |      synchronize_rcu();
 4) * 15815.09 us |    }
 4) * 15983.21 us |  }
 4)               |  vxlan_sock_release [vxlan]() {
 4)               |    synchronize_net() {
 4) + 85.039 us   |      synchronize_rcu_expedited();
 4) + 86.913 us   |    }
 4)               |    udp_tunnel_sock_release [udp_tunnel]() {
 4) * 19736.37 us |      synchronize_rcu();
 4) * 19743.40 us |    }
 4) * 19937.96 us |  }
 4)               |  vxlan_sock_release [vxlan]() {
 4)               |    synchronize_net() {
 4) + 43.000 us   |      synchronize_rcu_expedited();
 4) + 44.303 us   |    }
 4)               |    udp_tunnel_sock_release [udp_tunnel]() {
 4) * 15827.29 us |      synchronize_rcu();
 5) * 27911.91 us |    }
 5) * 28046.39 us |  }
 5)               |  vxlan_sock_release [vxlan]() {
 5)               |    synchronize_net() {
 5) + 33.843 us   |      synchronize_rcu_expedited();
 5) + 35.136 us   |    }
 5)               |    udp_tunnel_sock_release [udp_tunnel]() {
 5) * 31760.40 us |      synchronize_rcu();
 5) * 31766.73 us |    }
 5) * 31913.69 us |  }
 5)               |  vxlan_sock_release [vxlan]() {
 5)               |    synchronize_net() {
 5) + 78.397 us   |      synchronize_rcu_expedited();
 5) + 79.680 us   |    }
 5)               |    udp_tunnel_sock_release [udp_tunnel]() {
 5) * 35846.19 us |      synchronize_rcu();
 5) * 35860.16 us |    }
 5) * 36047.81 us |  }
 5)               |  vxlan_sock_release [vxlan]() {
 5)               |    synchronize_net() {
 5) ! 167.053 us  |      synchronize_rcu_expedited();
 5) ! 170.389 us  |    }
 5)               |    udp_tunnel_sock_release [udp_tunnel]() {
 5) * 23982.75 us |      synchronize_rcu();
 5) * 23994.57 us |    }
 5) * 24298.70 us |  }
 5)               |  vxlan_sock_release [vxlan]() {
 5)               |    synchronize_net() {
 5) ! 184.656 us  |      synchronize_rcu_expedited();
 5) ! 188.213 us  |    }
 5)               |    udp_tunnel_sock_release [udp_tunnel]() {
 5) * 15335.77 us |      synchronize_rcu();
 5) * 15347.43 us |    }
 5) * 15656.63 us |  }
 5)               |  vxlan_sock_release [vxlan]() {
 5)               |    synchronize_net() {
 5) ! 178.084 us  |      synchronize_rcu_expedited();
 5) ! 182.252 us  |    }
 5)               |    udp_tunnel_sock_release [udp_tunnel]() {
 5) * 15616.99 us |      synchronize_rcu();
 5) * 15625.17 us |    }
 5) * 15935.29 us |  }
 5)               |  vxlan_sock_release [vxlan]() {
 5)               |    synchronize_net() {
 5) + 58.510 us   |      synchronize_rcu_expedited();
 5) + 60.283 us   |    }
 5)               |    udp_tunnel_sock_release [udp_tunnel]() {
 5) * 15855.89 us |      synchronize_rcu();
 5) * 15866.20 us |    }
 5) * 16021.83 us |  }
 5)               |  vxlan_sock_release [vxlan]() {
 5)               |    synchronize_net() {
 5) ! 177.783 us  |      synchronize_rcu_expedited();
 5) ! 181.059 us  |    }
 5)               |    udp_tunnel_sock_release [udp_tunnel]() {
 5) * 23642.42 us |      synchronize_rcu();
 5) * 23651.18 us |    }
 5) * 23946.31 us |  }
 5)               |  vxlan_sock_release [vxlan]() {
 5)               |    synchronize_net() {
 5) + 63.139 us   |      synchronize_rcu_expedited();
 5) + 64.431 us   |    }
 5)               |    udp_tunnel_sock_release [udp_tunnel]() {
 5) * 19865.34 us |      synchronize_rcu();
 5) * 19883.08 us |    }
 5) * 20042.02 us |  }
 5)               |  vxlan_sock_release [vxlan]() {
 5)               |    synchronize_net() {
 5) + 67.196 us   |      synchronize_rcu_expedited();
 5) + 69.050 us   |    }
 5)               |    udp_tunnel_sock_release [udp_tunnel]() {
 5) * 15762.95 us |      synchronize_rcu();
 5) * 15779.16 us |    }
 5) * 15979.86 us |  }
 5)               |  vxlan_sock_release [vxlan]() {
 5)               |    synchronize_net() {
 5) ! 163.898 us  |      synchronize_rcu_expedited();
 5) ! 166.392 us  |    }
 5)               |    udp_tunnel_sock_release [udp_tunnel]() {
 5) * 15694.26 us |      synchronize_rcu();
 5) * 15705.08 us |    }
 5) * 15965.74 us |  }
 5)               |  vxlan_sock_release [vxlan]() {
 5)               |    synchronize_net() {
 5) ! 175.329 us  |      synchronize_rcu_expedited();
 5) ! 179.196 us  |    }
 5)               |    udp_tunnel_sock_release [udp_tunnel]() {
 5) * 15694.47 us |      synchronize_rcu();
 5) * 15705.72 us |    }
 5) * 15996.55 us |  }
 5)               |  vxlan_sock_release [vxlan]() {
 5)               |    synchronize_net() {
 5) + 71.505 us   |      synchronize_rcu_expedited();
 5) + 73.478 us   |    }
 5)               |    udp_tunnel_sock_release [udp_tunnel]() {
 5) * 23729.09 us |      synchronize_rcu();
 5) * 23742.42 us |    }
 5) * 23927.96 us |  }
 5)               |  vxlan_sock_release [vxlan]() {
 5)               |    synchronize_net() {
 5) ! 112.681 us  |      synchronize_rcu_expedited();
 5) ! 114.876 us  |    }
 5)               |    udp_tunnel_sock_release [udp_tunnel]() {
 5) * 15725.98 us |      synchronize_rcu();
 5) * 15736.95 us |    }
 5) * 15946.42 us |  }
 5)               |  vxlan_sock_release [vxlan]() {
 5)               |    synchronize_net() {
 5) + 77.826 us   |      synchronize_rcu_expedited();
 5) + 78.988 us   |    }
 5)               |    udp_tunnel_sock_release [udp_tunnel]() {
 5) * 15756.87 us |      synchronize_rcu();
 5) * 15761.96 us |    }
 5) * 15970.60 us |  }
 5)               |  vxlan_sock_release [vxlan]() {
 5)               |    synchronize_net() {
 5) + 30.137 us   |      synchronize_rcu_expedited();
 5) + 31.319 us   |    }
 5)               |    udp_tunnel_sock_release [udp_tunnel]() {
 5) * 15854.51 us |      synchronize_rcu();
 5) * 15858.78 us |    }
 5) * 15982.19 us |  }
 5)               |  vxlan_sock_release [vxlan]() {
 5)               |    synchronize_net() {
 5) + 71.704 us   |      synchronize_rcu_expedited();
 5) + 72.716 us   |    }
 5)               |    udp_tunnel_sock_release [udp_tunnel]() {
 5) * 15814.27 us |      synchronize_rcu();
 5) * 15818.41 us |    }
 5) * 15989.42 us |  }
 5)               |  vxlan_sock_release [vxlan]() {
 5)               |    synchronize_net() {
 5) + 71.875 us   |      synchronize_rcu_expedited();
 5) + 72.877 us   |    }
 5)               |    udp_tunnel_sock_release [udp_tunnel]() {
 5) * 15816.46 us |      synchronize_rcu();
 5) * 15820.57 us |    }
 5) * 15988.52 us |  }
 5)               |  vxlan_sock_release [vxlan]() {
 5)               |    synchronize_net() {
 5) + 43.912 us   |      synchronize_rcu_expedited();
 5) + 45.405 us   |    }
 5)               |    udp_tunnel_sock_release [udp_tunnel]() {
 5) * 27890.41 us |      synchronize_rcu();
 5) * 27898.18 us |    }
 5) * 28039.58 us |  }
 5)               |  vxlan_sock_release [vxlan]() {
 5)               |    synchronize_net() {
 5) + 28.583 us   |      synchronize_rcu_expedited();
 5) + 29.846 us   |    }
 5)               |    udp_tunnel_sock_release [udp_tunnel]() {
 5) * 15881.12 us |      synchronize_rcu();
 5) * 15891.69 us |    }
 5) * 16017.36 us |  }
 5)               |  vxlan_sock_release [vxlan]() {
 5)               |    synchronize_net() {
 5) + 57.508 us   |      synchronize_rcu_expedited();
 5) + 60.193 us   |    }
 5)               |    udp_tunnel_sock_release [udp_tunnel]() {
 5) * 23766.22 us |      synchronize_rcu();
 5) * 23773.92 us |    }
 5) * 23945.07 us |  }
 5)               |  vxlan_sock_release [vxlan]() {
 5)               |    synchronize_net() {
 5) + 31.590 us   |      synchronize_rcu_expedited();
 5) + 33.062 us   |    }
 5)               |    udp_tunnel_sock_release [udp_tunnel]() {
 5) * 15855.85 us |      synchronize_rcu();
 5) * 15863.12 us |    }
 5) * 15987.73 us |  }
 5)               |  vxlan_sock_release [vxlan]() {
 5)               |    synchronize_net() {
 5) + 28.714 us   |      synchronize_rcu_expedited();
 5) + 30.177 us   |    }
 5)               |    udp_tunnel_sock_release [udp_tunnel]() {
 5) * 23880.37 us |      synchronize_rcu();
 5) * 23890.94 us |    }
 5) * 24017.87 us |  }
 5)               |  vxlan_sock_release [vxlan]() {
 5)               |    synchronize_net() {
 5) + 55.925 us   |      synchronize_rcu_expedited();
 5) + 58.730 us   |    }
 5)               |    udp_tunnel_sock_release [udp_tunnel]() {
 5) * 23797.62 us |      synchronize_rcu();
 5) * 23808.41 us |    }
 5) * 23981.17 us |  }
 5)               |  vxlan_sock_release [vxlan]() {
 5)               |    synchronize_net() {
 5) + 56.536 us   |      synchronize_rcu_expedited();
 5) + 58.640 us   |    }
 5)               |    udp_tunnel_sock_release [udp_tunnel]() {
 5) * 15794.83 us |      synchronize_rcu();
 5) * 15806.25 us |    }
 5) * 15977.61 us |  }
 5)               |  vxlan_sock_release [vxlan]() {
 5)               |    synchronize_net() {
 5) + 56.927 us   |      synchronize_rcu_expedited();
 5) + 59.642 us   |    }
 5)               |    udp_tunnel_sock_release [udp_tunnel]() {
 5) * 15792.92 us |      synchronize_rcu();
 5) * 15804.06 us |    }
 5) * 15976.58 us |  }
 5)               |  vxlan_sock_release [vxlan]() {
 5)               |    synchronize_net() {
 5) + 57.728 us   |      synchronize_rcu_expedited();
 5) + 59.701 us   |    }
 5)               |    udp_tunnel_sock_release [udp_tunnel]() {
 5) * 23752.27 us |      synchronize_rcu();
 5) * 23763.03 us |    }
 5) * 23983.76 us |  }
 5)               |  vxlan_sock_release [vxlan]() {
 5)               |    synchronize_net() {
 5) + 57.127 us   |      synchronize_rcu_expedited();
 5) + 59.231 us   |    }
 5)               |    udp_tunnel_sock_release [udp_tunnel]() {
 5) * 15792.24 us |      synchronize_rcu();
 5) * 15802.94 us |    }
 5) * 15971.89 us |  }
 5)               |  vxlan_sock_release [vxlan]() {
 5)               |    synchronize_net() {
 5) + 58.149 us   |      synchronize_rcu_expedited();
 5) + 60.373 us   |    }
 5)               |    udp_tunnel_sock_release [udp_tunnel]() {
 5) * 23811.80 us |      synchronize_rcu();
 5) * 23828.01 us |    }
 5) * 23999.11 us |  }
 5)               |  vxlan_sock_release [vxlan]() {
 5)               |    synchronize_net() {
 5) + 52.168 us   |      synchronize_rcu_expedited();
 5) + 54.191 us   |    }
 5)               |    udp_tunnel_sock_release [udp_tunnel]() {
 5) * 15788.20 us |      synchronize_rcu();
 5) * 15798.64 us |    }
 5) * 15966.03 us |  }
 5)               |  vxlan_sock_release [vxlan]() {
 5)               |    synchronize_net() {
 5) + 57.298 us   |      synchronize_rcu_expedited();
 5) + 59.712 us   |    }
 5)               |    udp_tunnel_sock_release [udp_tunnel]() {
 5) * 15764.50 us |      synchronize_rcu();
 5) * 15775.00 us |    }
 5) * 15947.99 us |  }
 5)               |  vxlan_sock_release [vxlan]() {
 5)               |    synchronize_net() {
 5) + 27.852 us   |      synchronize_rcu_expedited();
 5) + 29.105 us   |    }
 5)               |    udp_tunnel_sock_release [udp_tunnel]() {
 5) * 15884.94 us |      synchronize_rcu();
 5) * 15895.57 us |    }
 5) * 16015.53 us |  }
 5)               |  vxlan_sock_release [vxlan]() {
 5)               |    synchronize_net() {
 5) + 58.981 us   |      synchronize_rcu_expedited();
 5) + 61.014 us   |    }
 5)               |    udp_tunnel_sock_release [udp_tunnel]() {
 5) * 15813.83 us |      synchronize_rcu();
 5) * 15825.70 us |    }
 5) * 15993.45 us |  }
 5)               |  vxlan_sock_release [vxlan]() {
 5)               |    synchronize_net() {
 5) + 43.041 us   |      synchronize_rcu_expedited();
 5) + 44.835 us   |    }
 5)               |    udp_tunnel_sock_release [udp_tunnel]() {
 5) * 15899.67 us |      synchronize_rcu();
 4) * 15840.45 us |    }
 4) * 16006.46 us |  }
 4)               |  vxlan_sock_release [vxlan]() {
 4)               |    synchronize_net() {
 4) + 94.096 us   |      synchronize_rcu_expedited();
 4) + 96.190 us   |    }
 4)               |    udp_tunnel_sock_release [udp_tunnel]() {
 4) * 15616.14 us |      synchronize_rcu();
 4) * 15623.63 us |    }
 4) * 15854.74 us |  }
 4)               |  vxlan_sock_release [vxlan]() {
 4)               |    synchronize_net() {
 4) + 72.286 us   |      synchronize_rcu_expedited();
 4) + 73.287 us   |    }
 4)               |    udp_tunnel_sock_release [udp_tunnel]() {
 4) * 23769.57 us |      synchronize_rcu();
 4) * 23774.60 us |    }
 4) * 23980.90 us |  }
 4)               |  vxlan_sock_release [vxlan]() {
 4)               |    synchronize_net() {
 4) + 73.358 us   |      synchronize_rcu_expedited();
 4) + 74.550 us   |    }
 4)               |    udp_tunnel_sock_release [udp_tunnel]() {
 4) * 15810.64 us |      synchronize_rcu();
 4) * 15814.67 us |    }
 4) * 15985.57 us |  }
 4)               |  vxlan_sock_release [vxlan]() {
 4)               |    synchronize_net() {
 4) + 70.232 us   |      synchronize_rcu_expedited();
 4) + 71.284 us   |    }
 4)               |    udp_tunnel_sock_release [udp_tunnel]() {
 4) * 15848.29 us |      synchronize_rcu();
 4) * 15858.56 us |    }
 4) * 16076.05 us |  }
 4)               |  vxlan_sock_release [vxlan]() {
 4)               |    synchronize_net() {
 4) + 53.831 us   |      synchronize_rcu_expedited();
 4) + 55.914 us   |    }
 4)               |    udp_tunnel_sock_release [udp_tunnel]() {
 4) * 15807.29 us |      synchronize_rcu();
 4) * 15818.09 us |    }
 4) * 15981.16 us |  }
 4)               |  vxlan_sock_release [vxlan]() {
 4)               |    synchronize_net() {
 4) + 57.057 us   |      synchronize_rcu_expedited();
 4) + 58.901 us   |    }
 4)               |    udp_tunnel_sock_release [udp_tunnel]() {
 4) * 19811.74 us |      synchronize_rcu();
 4) * 19822.20 us |    }
 4) * 19987.18 us |  }
 4)               |  vxlan_sock_release [vxlan]() {
 4)               |    synchronize_net() {
 4) + 76.534 us   |      synchronize_rcu_expedited();
 4) + 78.637 us   |    }
 4)               |    udp_tunnel_sock_release [udp_tunnel]() {
 4) * 19765.23 us |      synchronize_rcu();
 4) * 19775.92 us |    }
 4) * 19969.47 us |  }
 4)               |  vxlan_sock_release [vxlan]() {
 4)               |    synchronize_net() {
 4) + 59.332 us   |      synchronize_rcu_expedited();
 4) + 61.816 us   |    }
 4)               |    udp_tunnel_sock_release [udp_tunnel]() {
 4) * 23708.66 us |      synchronize_rcu();
 4) * 23718.75 us |    }
 4) * 23947.75 us |  }
 4)               |  vxlan_sock_release [vxlan]() {
 4)               |    synchronize_net() {
 4) + 29.555 us   |      synchronize_rcu_expedited();
 4) + 30.988 us   |    }
 4)               |    udp_tunnel_sock_release [udp_tunnel]() {
 4) * 15871.88 us |      synchronize_rcu();
 4) * 15882.71 us |    }
 4) * 16010.31 us |  }
 4)               |  vxlan_sock_release [vxlan]() {
 4)               |    synchronize_net() {
 4) + 62.797 us   |      synchronize_rcu_expedited();
 4) + 64.742 us   |    }
 4)               |    udp_tunnel_sock_release [udp_tunnel]() {
 4) * 15786.47 us |      synchronize_rcu();
 4) * 15797.21 us |    }
 4) * 16034.40 us |  }
 4)               |  vxlan_sock_release [vxlan]() {
 4)               |    synchronize_net() {
 4) + 55.334 us   |      synchronize_rcu_expedited();
 4) + 57.218 us   |    }
 4)               |    udp_tunnel_sock_release [udp_tunnel]() {
 4) * 15768.46 us |      synchronize_rcu();
 4) * 15781.59 us |    }
 4) * 15953.05 us |  }
 4)               |  vxlan_sock_release [vxlan]() {
 4)               |    synchronize_net() {
 4) + 51.997 us   |      synchronize_rcu_expedited();
 4) + 53.921 us   |    }
 4)               |    udp_tunnel_sock_release [udp_tunnel]() {
 4) * 19748.55 us |      synchronize_rcu();
 4) * 19755.80 us |    }
 4) * 19920.62 us |  }
 4)               |  vxlan_sock_release [vxlan]() {
 4)               |    synchronize_net() {
 4) + 34.735 us   |      synchronize_rcu_expedited();
 4) + 36.057 us   |    }
 4)               |    udp_tunnel_sock_release [udp_tunnel]() {
 4) * 23878.54 us |      synchronize_rcu();
 4) * 23889.14 us |    }
 4) * 24020.28 us |  }
 4)               |  vxlan_sock_release [vxlan]() {
 4)               |    synchronize_net() {
 4) + 56.777 us   |      synchronize_rcu_expedited();
 4) + 58.599 us   |    }
 4)               |    udp_tunnel_sock_release [udp_tunnel]() {
 4) * 15792.67 us |      synchronize_rcu();
 4) * 15803.16 us |    }
 4) * 15977.77 us |  }
 4)               |  vxlan_sock_release [vxlan]() {
 4)               |    synchronize_net() {
 4) + 55.424 us   |      synchronize_rcu_expedited();
 4) + 57.538 us   |    }
 4)               |    udp_tunnel_sock_release [udp_tunnel]() {
 4) * 23765.79 us |      synchronize_rcu();
 4) * 23773.49 us |    }
 4) * 23944.19 us |  }
 4)               |  vxlan_sock_release [vxlan]() {
 4)               |    synchronize_net() {
 4) + 30.928 us   |      synchronize_rcu_expedited();
 4) + 32.361 us   |    }
 4)               |    udp_tunnel_sock_release [udp_tunnel]() {
 4) * 15885.16 us |      synchronize_rcu();
 4) * 15900.07 us |    }
 4) * 16030.06 us |  }
 4)               |  vxlan_sock_release [vxlan]() {
 4)               |    synchronize_net() {
 4) + 69.780 us   |      synchronize_rcu_expedited();
 4) + 71.725 us   |    }
 4)               |    udp_tunnel_sock_release [udp_tunnel]() {
 4) * 19711.79 us |      synchronize_rcu();
 4) * 19716.20 us |    }
 4) * 19893.32 us |  }
 4)               |  vxlan_sock_release [vxlan]() {
 4)               |    synchronize_net() {
 4) + 71.073 us   |      synchronize_rcu_expedited();
 4) + 72.135 us   |    }
 4)               |    udp_tunnel_sock_release [udp_tunnel]() {
 4)               |      synchronize_rcu() {
 5) * 15907.34 us |    }
 5) * 16058.83 us |  }
 5)               |  vxlan_sock_release [vxlan]() {
 5)               |    synchronize_net() {
 5) + 28.403 us   |      synchronize_rcu_expedited();
 5) + 30.166 us   |    }
 5)               |    udp_tunnel_sock_release [udp_tunnel]() {
 5) * 23878.33 us |      synchronize_rcu();
 6) * 19911.83 us |      } /* synchronize_rcu */
 6) * 19928.02 us |    } /* udp_tunnel_sock_release [udp_tunnel] */
 6) * 20051.87 us |  } /* vxlan_sock_release [vxlan] */
 6)               |  vxlan_sock_release [vxlan]() {
 6)               |    synchronize_net() {
 6) + 50.405 us   |      synchronize_rcu_expedited();
 6) + 53.500 us   |    }
 6)               |    udp_tunnel_sock_release [udp_tunnel]() {
 6) * 15740.61 us |      synchronize_rcu();
 6) * 15758.38 us |    }
 6) * 15925.13 us |  }
 6)               |  vxlan_sock_release [vxlan]() {
 6)               |    synchronize_net() {
 6) + 60.233 us   |      synchronize_rcu_expedited();
 6) + 62.166 us   |    }
 6)               |    udp_tunnel_sock_release [udp_tunnel]() {
 6) * 15787.44 us |      synchronize_rcu();
 6) * 15797.93 us |    }
 6) * 15971.30 us |  }
 6)               |  vxlan_sock_release [vxlan]() {
 6)               |    synchronize_net() {
 6) + 49.523 us   |      synchronize_rcu_expedited();
 6) + 51.496 us   |    }
 6)               |    udp_tunnel_sock_release [udp_tunnel]() {
 6) * 15805.04 us |      synchronize_rcu();
 6) * 15815.95 us |    }
 6) * 15979.80 us |  }
 6)               |  vxlan_sock_release [vxlan]() {
 6)               |    synchronize_net() {
 6) + 57.067 us   |      synchronize_rcu_expedited();
 6) + 58.920 us   |    }
 6)               |    udp_tunnel_sock_release [udp_tunnel]() {
 6) * 19802.19 us |      synchronize_rcu();
 6) * 19812.85 us |    }
 6) * 19982.18 us |  }
 6)               |  vxlan_sock_release [vxlan]() {
 6)               |    synchronize_net() {
 6) + 57.868 us   |      synchronize_rcu_expedited();
 6) + 59.742 us   |    }
 6)               |    udp_tunnel_sock_release [udp_tunnel]() {
 6) * 15797.05 us |      synchronize_rcu();
 6) * 15807.90 us |    }
 6) * 15979.31 us |  }
 6)               |  vxlan_sock_release [vxlan]() {
 6)               |    synchronize_net() {
 6) + 58.159 us   |      synchronize_rcu_expedited();
 6) + 60.113 us   |    }
 6)               |    udp_tunnel_sock_release [udp_tunnel]() {
 6) * 15750.58 us |      synchronize_rcu();
 6) * 15765.11 us |    }
 6) * 15985.87 us |  }
 6)               |  vxlan_sock_release [vxlan]() {
 6)               |    synchronize_net() {
 6) + 49.022 us   |      synchronize_rcu_expedited();
 6) + 50.985 us   |    }
 6)               |    udp_tunnel_sock_release [udp_tunnel]() {
 6) * 15800.67 us |      synchronize_rcu();
 6) * 15815.66 us |    }
 6) * 15979.33 us |  }
 6)               |  vxlan_sock_release [vxlan]() {
 6)               |    synchronize_net() {
 6) + 58.169 us   |      synchronize_rcu_expedited();
 6) + 60.143 us   |    }
 6)               |    udp_tunnel_sock_release [udp_tunnel]() {
 6)               |      synchronize_rcu() {
 5) * 23890.04 us |    }
 5) * 24061.27 us |  }
 5)               |  vxlan_sock_release [vxlan]() {
 5)               |    synchronize_net() {
 5) + 58.980 us   |      synchronize_rcu_expedited();
 5) + 60.844 us   |    }
 5)               |    udp_tunnel_sock_release [udp_tunnel]() {
 5) * 15700.67 us |      synchronize_rcu();
 5) * 15711.57 us |    }
 5) * 15883.42 us |  }
 5)               |  vxlan_sock_release [vxlan]() {
 5)               |    synchronize_net() {
 5) + 61.426 us   |      synchronize_rcu_expedited();
 5) + 63.459 us   |    }
 5)               |    udp_tunnel_sock_release [udp_tunnel]() {
 5) * 15775.34 us |      synchronize_rcu();
 5) * 15782.22 us |    }
 5) * 15940.25 us |  }
 5)               |  vxlan_sock_release [vxlan]() {
 5)               |    synchronize_net() {
 5) + 31.730 us   |      synchronize_rcu_expedited();
 5) + 32.962 us   |    }
 5)               |    udp_tunnel_sock_release [udp_tunnel]() {
 5) * 15898.06 us |      synchronize_rcu();
 5) * 15909.00 us |    }
 5) * 16023.10 us |  }
 5)               |  vxlan_sock_release [vxlan]() {
 5)               |    synchronize_net() {
 5) + 60.192 us   |      synchronize_rcu_expedited();
 5) + 62.036 us   |    }
 5)               |    udp_tunnel_sock_release [udp_tunnel]() {
 5) * 15796.65 us |      synchronize_rcu();
 5) * 15807.68 us |    }
 5) * 15978.28 us |  }
 5)               |  vxlan_sock_release [vxlan]() {
 5)               |    synchronize_net() {
 5) + 60.814 us   |      synchronize_rcu_expedited();
 5) + 63.629 us   |    }
 5)               |    udp_tunnel_sock_release [udp_tunnel]() {
 5) * 15719.85 us |      synchronize_rcu();
 5) * 15726.87 us |    }
 5) * 15943.28 us |  }
 5)               |  vxlan_sock_release [vxlan]() {
 5)               |    synchronize_net() {
 5) + 32.100 us   |      synchronize_rcu_expedited();
 5) + 33.352 us   |    }
 5)               |    udp_tunnel_sock_release [udp_tunnel]() {
 5) * 23891.66 us |      synchronize_rcu();
 5) * 23902.64 us |    }
 5) * 24026.10 us |  }
 5)               |  vxlan_sock_release [vxlan]() {
 5)               |    synchronize_net() {
 5) + 56.626 us   |      synchronize_rcu_expedited();
 5) + 58.499 us   |    }
 5)               |    udp_tunnel_sock_release [udp_tunnel]() {
 5) * 23769.20 us |      synchronize_rcu();
 5) * 23777.06 us |    }
 5) * 23941.29 us |  }
 5)               |  vxlan_sock_release [vxlan]() {
 5)               |    synchronize_net() {
 5) + 28.624 us   |      synchronize_rcu_expedited();
 5) + 29.866 us   |    }
 5)               |    udp_tunnel_sock_release [udp_tunnel]() {
 5) * 15891.18 us |      synchronize_rcu();
 5) * 15901.57 us |    }
 5) * 16019.37 us |  }
 5)               |  vxlan_sock_release [vxlan]() {
 5)               |    synchronize_net() {
 5)               |      synchronize_rcu_expedited() {
 6) ! 140.102 us  |      } /* synchronize_rcu_expedited */
 6) ! 143.569 us  |    } /* synchronize_net */
 6)               |    udp_tunnel_sock_release [udp_tunnel]() {
 6) * 19704.83 us |      synchronize_rcu();
 6) * 19716.61 us |    }
 6) * 19968.10 us |  }
 6)               |  vxlan_sock_release [vxlan]() {
 6)               |    synchronize_net() {
 6) + 52.598 us   |      synchronize_rcu_expedited();
 6) + 54.322 us   |    }
 6)               |    udp_tunnel_sock_release [udp_tunnel]() {
 6) * 15828.28 us |      synchronize_rcu();
 6) * 15838.53 us |    }
 6) * 15987.25 us |  }
 6)               |  vxlan_sock_release [vxlan]() {
 6)               |    synchronize_net() {
 6) + 64.922 us   |      synchronize_rcu_expedited();
 6) + 66.866 us   |    }
 6)               |    udp_tunnel_sock_release [udp_tunnel]() {
 6)               |      synchronize_rcu() {
 5) * 15830.66 us |      } /* synchronize_rcu */
 5) * 15844.64 us |    } /* udp_tunnel_sock_release [udp_tunnel] */
 5) * 16018.36 us |  }
 5)               |  vxlan_sock_release [vxlan]() {
 5)               |    synchronize_net() {
 5) + 37.190 us   |      synchronize_rcu_expedited();
 5) + 39.534 us   |    }
 5)               |    udp_tunnel_sock_release [udp_tunnel]() {
 5) * 19774.29 us |      synchronize_rcu();
 5) * 19784.81 us |    }
 5) * 19943.11 us |  }
 5)               |  vxlan_sock_release [vxlan]() {
 5)               |    synchronize_net() {
 5) + 62.818 us   |      synchronize_rcu_expedited();
 5) + 64.721 us   |    }
 5)               |    udp_tunnel_sock_release [udp_tunnel]() {
 5) * 15796.50 us |      synchronize_rcu();
 5) * 15807.03 us |    }
 5) * 15976.78 us |  }
 5)               |  vxlan_sock_release [vxlan]() {
 5)               |    synchronize_net() {
 5) + 56.556 us   |      synchronize_rcu_expedited();
 5) + 58.500 us   |    }
 5)               |    udp_tunnel_sock_release [udp_tunnel]() {
 5) * 15769.32 us |      synchronize_rcu();
 5) * 15776.92 us |    }
 5) * 15939.87 us |  }
 5)               |  vxlan_sock_release [vxlan]() {
 5)               |    synchronize_net() {
 5) + 32.892 us   |      synchronize_rcu_expedited();
 5) + 34.174 us   |    }
 5)               |    udp_tunnel_sock_release [udp_tunnel]() {
 5) * 15890.86 us |      synchronize_rcu();
 5) * 15902.12 us |    }
 5) * 16027.68 us |  }
 5)               |  vxlan_sock_release [vxlan]() {
 5)               |    synchronize_net() {
 5) + 60.884 us   |      synchronize_rcu_expedited();
 5) + 62.557 us   |    }
 5)               |    udp_tunnel_sock_release [udp_tunnel]() {
 5) * 15761.19 us |      synchronize_rcu();
 5) * 15768.62 us |    }
 5) * 15936.85 us |  }
 5)               |  vxlan_sock_release [vxlan]() {
 5)               |    synchronize_net() {
 5) + 35.788 us   |      synchronize_rcu_expedited();
 5) + 37.040 us   |    }
 5)               |    udp_tunnel_sock_release [udp_tunnel]() {
 5) * 23890.77 us |      synchronize_rcu();
 5) * 23909.77 us |    }
 5) * 24031.70 us |  }
 5)               |  vxlan_sock_release [vxlan]() {
 5)               |    synchronize_net() {
 5) + 57.828 us   |      synchronize_rcu_expedited();
 5) + 59.973 us   |    }
 5)               |    udp_tunnel_sock_release [udp_tunnel]() {
 5) * 23743.41 us |      synchronize_rcu();
 5) * 23757.96 us |    }
 5) * 23977.50 us |  }
 5)               |  vxlan_sock_release [vxlan]() {
 5)               |    synchronize_net() {
 5) + 51.356 us   |      synchronize_rcu_expedited();
 5) + 53.350 us   |    }
 5)               |    udp_tunnel_sock_release [udp_tunnel]() {
 5) * 15793.47 us |      synchronize_rcu();
 5) * 15804.93 us |    }
 5) * 15971.94 us |  }
 5)               |  vxlan_sock_release [vxlan]() {
 5)               |    synchronize_net() {
 5) + 42.159 us   |      synchronize_rcu_expedited();
 5) + 44.243 us   |    }
 5)               |    udp_tunnel_sock_release [udp_tunnel]() {
 5) * 15768.75 us |      synchronize_rcu();
 5) * 15776.46 us |    }
 5) * 15937.67 us |  }
 5)               |  vxlan_sock_release [vxlan]() {
 5)               |    synchronize_net() {
 5) + 28.343 us   |      synchronize_rcu_expedited();
 5) + 29.495 us   |    }
 5)               |    udp_tunnel_sock_release [udp_tunnel]() {
 5) * 23855.42 us |      synchronize_rcu();
 5) * 23862.50 us |    }
 5) * 23981.08 us |  }
 5)               |  vxlan_sock_release [vxlan]() {
 5)               |    synchronize_net() {
 5) + 28.223 us   |      synchronize_rcu_expedited();
 5) + 29.575 us   |    }
 5)               |    udp_tunnel_sock_release [udp_tunnel]() {
 5) * 23857.61 us |      synchronize_rcu();
 5) * 23867.20 us |    }
 5) * 23990.95 us |  }
 5)               |  vxlan_sock_release [vxlan]() {
 5)               |    synchronize_net() {
 5) + 28.504 us   |      synchronize_rcu_expedited();
 5) + 29.766 us   |    }
 5)               |    udp_tunnel_sock_release [udp_tunnel]() {
 5) * 15852.89 us |      synchronize_rcu();
 5) * 15861.39 us |    }
 5) * 15986.72 us |  }
 5)               |  vxlan_sock_release [vxlan]() {
 5)               |    synchronize_net() {
 5) + 33.673 us   |      synchronize_rcu_expedited();
 5) + 34.856 us   |    }
 5)               |    udp_tunnel_sock_release [udp_tunnel]() {
 5) * 15845.59 us |      synchronize_rcu();
 5) * 15854.21 us |    }
 5) * 15983.61 us |  }
 5)               |  vxlan_sock_release [vxlan]() {
 5)               |    synchronize_net() {
 5) + 28.674 us   |      synchronize_rcu_expedited();
 5) + 29.927 us   |    }
 5)               |    udp_tunnel_sock_release [udp_tunnel]() {
 5) * 19809.43 us |      synchronize_rcu();
 5) * 19814.74 us |    }
 5) * 19944.02 us |  }
 5)               |  vxlan_sock_release [vxlan]() {
 5)               |    synchronize_net() {
 5) + 49.303 us   |      synchronize_rcu_expedited();
 5) + 50.394 us   |    }
 5)               |    udp_tunnel_sock_release [udp_tunnel]() {
 5) * 15876.78 us |      synchronize_rcu();
 5) * 15883.56 us |    }
 5) * 16026.67 us |  }
 5)               |  vxlan_sock_release [vxlan]() {
 5)               |    synchronize_net() {
 5) * 14285.03 us |      synchronize_rcu_expedited();
 5) * 14286.45 us |    }
 5)               |    udp_tunnel_sock_release [udp_tunnel]() {
 5) * 23911.09 us |      synchronize_rcu();
 7) * 21651.29 us |    }
 7) * 36036.74 us |  }
 7)               |  vxlan_sock_release [vxlan]() {
 7)               |    synchronize_net() {
 7) + 47.319 us   |      synchronize_rcu_expedited();
 7) + 49.112 us   |    }
 7)               |    udp_tunnel_sock_release [udp_tunnel]() {
 7) * 19726.25 us |      synchronize_rcu();
 7) * 19731.90 us |    }
 7) * 19891.34 us |  }
 7)               |  vxlan_sock_release [vxlan]() {
 7)               |    synchronize_net() {
 7) + 73.518 us   |      synchronize_rcu_expedited();
 7) + 74.540 us   |    }
 7)               |    udp_tunnel_sock_release [udp_tunnel]() {
 7) * 15792.82 us |      synchronize_rcu();
 7) * 15797.20 us |    }
 7) * 15983.75 us |  }
 7)               |  vxlan_sock_release [vxlan]() {
 7)               |    synchronize_net() {
 7) + 71.454 us   |      synchronize_rcu_expedited();
 7) + 72.426 us   |    }
 7)               |    udp_tunnel_sock_release [udp_tunnel]() {
 7) * 15821.22 us |      synchronize_rcu();
 7) * 15825.39 us |    }
 7) * 15992.52 us |  }
 7)               |  vxlan_sock_release [vxlan]() {
 7)               |    synchronize_net() {
 7) + 36.458 us   |      synchronize_rcu_expedited();
 7) + 37.460 us   |    }
 7)               |    udp_tunnel_sock_release [udp_tunnel]() {
 7) * 19776.59 us |      synchronize_rcu();
 5) * 23932.07 us |    }
 5) * 24100.82 us |  }
 5)               |  vxlan_sock_release [vxlan]() {
 5)               |    synchronize_net() {
 5) ! 176.190 us  |      synchronize_rcu_expedited();
 5) ! 179.677 us  |    }
 5)               |    udp_tunnel_sock_release [udp_tunnel]() {
 5) * 15619.54 us |      synchronize_rcu();
 5) * 15631.22 us |    }
 5) * 15945.98 us |  }
 5)               |  vxlan_sock_release [vxlan]() {
 5)               |    synchronize_net() {
 5) ! 165.530 us  |      synchronize_rcu_expedited();
 5) ! 168.837 us  |    }
 5)               |    udp_tunnel_sock_release [udp_tunnel]() {
 5) * 15659.35 us |      synchronize_rcu();
 5) * 15667.82 us |    }
 5) * 15950.65 us |  }
 5)               |  vxlan_sock_release [vxlan]() {
 5)               |    synchronize_net() {
 5) ! 134.171 us  |      synchronize_rcu_expedited();
 5) ! 136.386 us  |    }
 5)               |    udp_tunnel_sock_release [udp_tunnel]() {
 5) * 15746.96 us |      synchronize_rcu();
 5) * 15754.82 us |    }
 5) * 15982.68 us |  }
 5)               |  vxlan_sock_release [vxlan]() {
 5)               |    synchronize_net() {
 5) ! 121.197 us  |      synchronize_rcu_expedited();
 5) ! 123.301 us  |    }
 5)               |    udp_tunnel_sock_release [udp_tunnel]() {
 5) * 27799.45 us |      synchronize_rcu();
 5) * 27811.69 us |    }
 5) * 28017.46 us |  }
 5)               |  vxlan_sock_release [vxlan]() {
 5)               |    synchronize_net() {
 5) ! 178.465 us  |      synchronize_rcu_expedited();
 5) ! 181.862 us  |    }
 5)               |    udp_tunnel_sock_release [udp_tunnel]() {
 5) * 15668.33 us |      synchronize_rcu();
 5) * 15680.13 us |    }
 5) * 15977.90 us |  }
 5)               |  vxlan_sock_release [vxlan]() {
 5)               |    synchronize_net() {
 5) ! 177.853 us  |      synchronize_rcu_expedited();
 5) ! 181.320 us  |    }
 5)               |    udp_tunnel_sock_release [udp_tunnel]() {
 5) * 15618.19 us |      synchronize_rcu();
 5) * 15629.78 us |    }
 5) * 15975.63 us |  }
 5)               |  vxlan_sock_release [vxlan]() {
 5)               |    synchronize_net() {
 5) + 66.766 us   |      synchronize_rcu_expedited();
 5) + 68.799 us   |    }
 5)               |    udp_tunnel_sock_release [udp_tunnel]() {
 5) * 23792.09 us |      synchronize_rcu();
 5) * 23810.68 us |    }
 5) * 23995.61 us |  }
 5)               |  vxlan_sock_release [vxlan]() {
 5)               |    synchronize_net() {
 5) ! 165.691 us  |      synchronize_rcu_expedited();
 5) ! 169.017 us  |    }
 5)               |    udp_tunnel_sock_release [udp_tunnel]() {
 5) * 23670.98 us |      synchronize_rcu();
 5) * 23682.11 us |    }
 5) * 23963.82 us |  }
 5)               |  vxlan_sock_release [vxlan]() {
 5)               |    synchronize_net() {
 5) ! 175.328 us  |      synchronize_rcu_expedited();
 5) ! 178.705 us  |    }
 5)               |    udp_tunnel_sock_release [udp_tunnel]() {
 5) * 15646.52 us |      synchronize_rcu();
 5) * 15655.66 us |    }
 5) * 15946.75 us |  }
 5)               |  vxlan_sock_release [vxlan]() {
 5)               |    synchronize_net() {
 5) + 46.026 us   |      synchronize_rcu_expedited();
 5) + 47.378 us   |    }
 5)               |    udp_tunnel_sock_release [udp_tunnel]() {
 5) * 27858.84 us |      synchronize_rcu();
 5) * 27869.48 us |    }
 5) * 28021.80 us |  }
 5)               |  vxlan_sock_release [vxlan]() {
 5)               |    synchronize_net() {
 5) ! 175.519 us  |      synchronize_rcu_expedited();
 5) ! 178.846 us  |    }
 5)               |    udp_tunnel_sock_release [udp_tunnel]() {
 5) * 15672.82 us |      synchronize_rcu();
 5) * 15684.24 us |    }
 5) * 15979.51 us |  }
 5)               |  vxlan_sock_release [vxlan]() {
 5)               |    synchronize_net() {
 5) ! 113.353 us  |      synchronize_rcu_expedited();
 5) ! 115.317 us  |    }
 5)               |    udp_tunnel_sock_release [udp_tunnel]() {
 5) * 23726.98 us |      synchronize_rcu();
 5) * 23745.31 us |    }
 5) * 23987.00 us |  }
 5)               |  vxlan_sock_release [vxlan]() {
 5)               |    synchronize_net() {
 5) ! 163.246 us  |      synchronize_rcu_expedited();
 5) ! 166.903 us  |    }
 5)               |    udp_tunnel_sock_release [udp_tunnel]() {
 5) * 15631.89 us |      synchronize_rcu();
 5) * 15650.08 us |    }
 5) * 15987.64 us |  }
 5)               |  vxlan_sock_release [vxlan]() {
 5)               |    synchronize_net() {
 5) ! 138.870 us  |      synchronize_rcu_expedited();
 5) ! 141.866 us  |    }
 5)               |    udp_tunnel_sock_release [udp_tunnel]() {
 5) * 15688.65 us |      synchronize_rcu();
 5) * 15703.74 us |    }
 5) * 15972.51 us |  }
 5)               |  vxlan_sock_release [vxlan]() {
 5)               |    synchronize_net() {
 5) ! 182.302 us  |      synchronize_rcu_expedited();
 5) ! 185.568 us  |    }
 5)               |    udp_tunnel_sock_release [udp_tunnel]() {
 5) * 15618.99 us |      synchronize_rcu();
 5) * 15627.34 us |    }
 5) * 15924.59 us |  }
 5)               |  vxlan_sock_release [vxlan]() {
 5)               |    synchronize_net() {
 5) + 52.268 us   |      synchronize_rcu_expedited();
 5) + 53.540 us   |    }
 5)               |    udp_tunnel_sock_release [udp_tunnel]() {
 5) * 27822.84 us |      synchronize_rcu();
 5) * 27829.88 us |    }
 5) * 27982.19 us |  }
 5)               |  vxlan_sock_release [vxlan]() {
 5)               |    synchronize_net() {
 5) + 42.299 us   |      synchronize_rcu_expedited();
 5) + 43.561 us   |    }
 5)               |    udp_tunnel_sock_release [udp_tunnel]() {
 5) * 27886.06 us |      synchronize_rcu();
 5) * 27904.22 us |    }
 5) * 28052.70 us |  }
 5)               |  vxlan_sock_release [vxlan]() {
 5)               |    synchronize_net() {
 5) ! 179.307 us  |      synchronize_rcu_expedited();
 5) ! 182.653 us  |    }
 5)               |    udp_tunnel_sock_release [udp_tunnel]() {
 5) * 15644.27 us |      synchronize_rcu();
 5) * 15659.33 us |    }
 5) * 15961.04 us |  }
 5)               |  vxlan_sock_release [vxlan]() {
 5)               |    synchronize_net() {
 5) ! 174.878 us  |      synchronize_rcu_expedited();
 5) ! 178.164 us  |    }
 5)               |    udp_tunnel_sock_release [udp_tunnel]() {
 5) * 15671.52 us |      synchronize_rcu();
 5) * 15688.74 us |    }
 5) * 15983.36 us |  }
 5)               |  vxlan_sock_release [vxlan]() {
 5)               |    synchronize_net() {
 5) ! 177.362 us  |      synchronize_rcu_expedited();
 5) ! 180.678 us  |    }
 5)               |    udp_tunnel_sock_release [udp_tunnel]() {
 5) * 23663.16 us |      synchronize_rcu();
 5) * 23674.20 us |    }
 5) * 23965.19 us |  }
 5)               |  vxlan_sock_release [vxlan]() {
 5)               |    synchronize_net() {
 5) ! 176.782 us  |      synchronize_rcu_expedited();
 5) ! 180.178 us  |    }
 5)               |    udp_tunnel_sock_release [udp_tunnel]() {
 5) * 27626.11 us |      synchronize_rcu();
 5) * 27644.27 us |    }
 5) * 27993.13 us |  }
 5)               |  vxlan_sock_release [vxlan]() {
 5)               |    synchronize_net() {
 5) ! 169.157 us  |      synchronize_rcu_expedited();
 5) ! 172.994 us  |    }
 5)               |    udp_tunnel_sock_release [udp_tunnel]() {
 5) * 19632.17 us |      synchronize_rcu();
 5) * 19640.09 us |    }
 5) * 19929.35 us |  }
 5)               |  vxlan_sock_release [vxlan]() {
 5)               |    synchronize_net() {
 5) ! 118.753 us  |      synchronize_rcu_expedited();
 5) ! 120.797 us  |    }
 5)               |    udp_tunnel_sock_release [udp_tunnel]() {
 5) * 15762.11 us |      synchronize_rcu();
 5) * 15773.78 us |    }
 5) * 15990.52 us |  }
 5)               |  vxlan_sock_release [vxlan]() {
 5)               |    synchronize_net() {
 5) ! 117.901 us  |      synchronize_rcu_expedited();
 5) ! 120.085 us  |    }
 5)               |    udp_tunnel_sock_release [udp_tunnel]() {
 5) * 15724.97 us |      synchronize_rcu();
 5) * 15729.21 us |    }
 5) * 15943.09 us |  }
 5)               |  vxlan_sock_release [vxlan]() {
 5)               |    synchronize_net() {
 5) + 34.916 us   |      synchronize_rcu_expedited();
 5) + 35.466 us   |    }
 5)               |    udp_tunnel_sock_release [udp_tunnel]() {
 5) * 15891.68 us |      synchronize_rcu();
 5) * 15902.80 us |    }
 5) * 16032.04 us |  }
 5)               |  vxlan_sock_release [vxlan]() {
 5)               |    synchronize_net() {
 5) ! 121.919 us  |      synchronize_rcu_expedited();
 5) ! 124.213 us  |    }
 5)               |    udp_tunnel_sock_release [udp_tunnel]() {
 5) * 23786.82 us |      synchronize_rcu();
 5) * 23801.94 us |    }
 5) * 24020.66 us |  }
 5)               |  vxlan_sock_release [vxlan]() {
 5)               |    synchronize_net() {
 5) + 65.954 us   |      synchronize_rcu_expedited();
 5) + 68.047 us   |    }
 5)               |    udp_tunnel_sock_release [udp_tunnel]() {
 5) * 15777.52 us |      synchronize_rcu();
 5) * 15793.21 us |    }
 5) * 15981.92 us |  }
 5)               |  vxlan_sock_release [vxlan]() {
 5)               |    synchronize_net() {
 5) ! 120.566 us  |      synchronize_rcu_expedited();
 5) ! 122.690 us  |    }
 5)               |    udp_tunnel_sock_release [udp_tunnel]() {
 5) * 15806.87 us |      synchronize_rcu();
 7) * 19792.28 us |    }
 7) * 20041.20 us |  }
 7)               |  vxlan_sock_release [vxlan]() {
 7)               |    synchronize_net() {
 7) ! 174.457 us  |      synchronize_rcu_expedited();
 7) ! 177.814 us  |    }
 7)               |    udp_tunnel_sock_release [udp_tunnel]() {
 7) * 15521.01 us |      synchronize_rcu();
 7) * 15535.56 us |    }
 7) * 15832.21 us |  }
 7)               |  vxlan_sock_release [vxlan]() {
 7)               |    synchronize_net() {
 7) + 53.470 us   |      synchronize_rcu_expedited();
 7) + 54.853 us   |    }
 7)               |    udp_tunnel_sock_release [udp_tunnel]() {
 7) * 23815.53 us |      synchronize_rcu();
 7) * 23830.08 us |    }
 7) * 24031.59 us |  }
 7)               |  vxlan_sock_release [vxlan]() {
 7)               |    synchronize_net() {
 7) + 73.849 us   |      synchronize_rcu_expedited();
 7) + 75.282 us   |    }
 7)               |    udp_tunnel_sock_release [udp_tunnel]() {
 7) * 15801.57 us |      synchronize_rcu();
 7) * 15817.31 us |    }
 7) * 16017.49 us |  }
 7)               |  vxlan_sock_release [vxlan]() {
 7)               |    synchronize_net() {
 7) ! 173.135 us  |      synchronize_rcu_expedited();
 7) ! 176.561 us  |    }
 7)               |    udp_tunnel_sock_release [udp_tunnel]() {
 7) * 15655.50 us |      synchronize_rcu();
 7) * 15673.09 us |    }
 7) * 15975.08 us |  }
 7)               |  vxlan_sock_release [vxlan]() {
 7)               |    synchronize_net() {
 7) ! 172.965 us  |      synchronize_rcu_expedited();
 7) ! 176.281 us  |    }
 7)               |    udp_tunnel_sock_release [udp_tunnel]() {
 7) * 19653.29 us |      synchronize_rcu();
 7) * 19664.39 us |    }
 7) * 19969.85 us |  }
 7)               |  vxlan_sock_release [vxlan]() {
 7)               |    synchronize_net() {
 7) ! 179.366 us  |      synchronize_rcu_expedited();
 7) ! 182.592 us  |    }
 7)               |    udp_tunnel_sock_release [udp_tunnel]() {
 7) * 15642.37 us |      synchronize_rcu();
 7) * 15653.56 us |    }
 7) * 15947.96 us |  }
 7)               |  vxlan_sock_release [vxlan]() {
 7)               |    synchronize_net() {
 7) + 92.544 us   |      synchronize_rcu_expedited();
 7) + 94.758 us   |    }
 7)               |    udp_tunnel_sock_release [udp_tunnel]() {
 7) * 23845.19 us |      synchronize_rcu();
 5) * 15829.73 us |    }
 5) * 16027.19 us |  }
 5)               |  vxlan_sock_release [vxlan]() {
 5)               |    synchronize_net() {
 5) ! 100.980 us  |      synchronize_rcu_expedited();
 5) ! 102.543 us  |    }
 5)               |    udp_tunnel_sock_release [udp_tunnel]() {
 5) * 23667.87 us |      synchronize_rcu();
 5) * 23673.86 us |    }
 5) * 23885.49 us |  }
 5)               |  vxlan_sock_release [vxlan]() {
 5)               |    synchronize_net() {
 5) + 65.252 us   |      synchronize_rcu_expedited();
 5) + 66.274 us   |    }
 5)               |    udp_tunnel_sock_release [udp_tunnel]() {
 5) * 15805.33 us |      synchronize_rcu();
 5) * 15810.15 us |    }
 5) * 15980.57 us |  }
 5)               |  vxlan_sock_release [vxlan]() {
 5)               |    synchronize_net() {
 5) + 68.348 us   |      synchronize_rcu_expedited();
 5) + 69.340 us   |    }
 5)               |    udp_tunnel_sock_release [udp_tunnel]() {
 5) * 15800.64 us |      synchronize_rcu();
 5) * 15806.07 us |    }
 5) * 15993.22 us |  }
 5)               |  vxlan_sock_release [vxlan]() {
 5)               |    synchronize_net() {
 5) + 86.342 us   |      synchronize_rcu_expedited();
 5) + 87.344 us   |    }
 5)               |    udp_tunnel_sock_release [udp_tunnel]() {
 5) * 15788.90 us |      synchronize_rcu();
 5) * 15792.71 us |    }
 5) * 15982.79 us |  }
 5)               |  vxlan_sock_release [vxlan]() {
 5)               |    synchronize_net() {
 5) + 64.741 us   |      synchronize_rcu_expedited();
 5) + 65.643 us   |    }
 5)               |    udp_tunnel_sock_release [udp_tunnel]() {
 5) * 15830.30 us |      synchronize_rcu();
 5) * 15834.40 us |    }
 5) * 15992.07 us |  }
 5)               |  vxlan_sock_release [vxlan]() {
 5)               |    synchronize_net() {
 5) + 66.484 us   |      synchronize_rcu_expedited();
 5) + 67.416 us   |    }
 5)               |    udp_tunnel_sock_release [udp_tunnel]() {
 5) * 15786.52 us |      synchronize_rcu();
 5) * 15790.78 us |    }
 5) * 15994.19 us |  }
 5)               |  vxlan_sock_release [vxlan]() {
 5)               |    synchronize_net() {
 5) + 59.502 us   |      synchronize_rcu_expedited();
 5) + 60.484 us   |    }
 5)               |    udp_tunnel_sock_release [udp_tunnel]() {
 5) * 15826.14 us |      synchronize_rcu();
 5) * 15829.74 us |    }
 5) * 15979.46 us |  }
 5)               |  vxlan_sock_release [vxlan]() {
 5)               |    synchronize_net() {
 5) + 36.529 us   |      synchronize_rcu_expedited();
 5) + 37.511 us   |    }
 5)               |    udp_tunnel_sock_release [udp_tunnel]() {
 5) * 15865.74 us |      synchronize_rcu();
 5) * 15869.23 us |    }
 5) * 15987.20 us |  }
 5)               |  vxlan_sock_release [vxlan]() {
 5)               |    synchronize_net() {
 5) + 81.082 us   |      synchronize_rcu_expedited();
 5) + 81.983 us   |    }
 5)               |    udp_tunnel_sock_release [udp_tunnel]() {
 5) * 15778.96 us |      synchronize_rcu();
 5) * 15785.02 us |    }
 5) * 16000.29 us |  }
 5)               |  vxlan_sock_release [vxlan]() {
 5)               |    synchronize_net() {
 5) + 29.496 us   |      synchronize_rcu_expedited();
 5) + 30.567 us   |    }
 5)               |    udp_tunnel_sock_release [udp_tunnel]() {
 5) * 15860.40 us |      synchronize_rcu();
 5) * 15864.07 us |    }
 5) * 15978.67 us |  }
 5)               |  vxlan_sock_release [vxlan]() {
 5)               |    synchronize_net() {
 5) + 33.523 us   |      synchronize_rcu_expedited();
 5) + 34.484 us   |    }
 5)               |    udp_tunnel_sock_release [udp_tunnel]() {
 5) * 15874.26 us |      synchronize_rcu();
 5) * 15878.50 us |    }
 5) * 15992.42 us |  }
 5)               |  vxlan_sock_release [vxlan]() {
 5)               |    synchronize_net() {
 5) + 30.067 us   |      synchronize_rcu_expedited();
 5) + 31.008 us   |    }
 5)               |    udp_tunnel_sock_release [udp_tunnel]() {
 5) * 15838.93 us |      synchronize_rcu();
 5) * 15842.99 us |    }
 5) * 15982.28 us |  }
 5)               |  vxlan_sock_release [vxlan]() {
 5)               |    synchronize_net() {
 5) + 68.899 us   |      synchronize_rcu_expedited();
 5) + 69.931 us   |    }
 5)               |    udp_tunnel_sock_release [udp_tunnel]() {
 5) * 15827.98 us |      synchronize_rcu();
 5) * 15831.74 us |    }
 5) * 15990.81 us |  }
 5)               |  vxlan_sock_release [vxlan]() {
 5)               |    synchronize_net() {
 5) + 66.995 us   |      synchronize_rcu_expedited();
 5) + 67.977 us   |    }
 5)               |    udp_tunnel_sock_release [udp_tunnel]() {
 5) * 15814.07 us |      synchronize_rcu();
 7) * 23852.61 us |    }
 7) * 24009.53 us |  }
 7)               |  vxlan_sock_release [vxlan]() {
 7)               |    synchronize_net() {
 7) + 57.427 us   |      synchronize_rcu_expedited();
 7) + 58.509 us   |    }
 7)               |    udp_tunnel_sock_release [udp_tunnel]() {
 7) * 15788.28 us |      synchronize_rcu();
 7) * 15801.89 us |    }
 7) * 15974.54 us |  }
 7)               |  vxlan_sock_release [vxlan]() {
 7)               |    synchronize_net() {
 7) + 67.066 us   |      synchronize_rcu_expedited();
 7) + 68.128 us   |    }
 7)               |    udp_tunnel_sock_release [udp_tunnel]() {
 7) * 15947.03 us |      synchronize_rcu();
 5) * 15820.00 us |    }
 5) * 15984.91 us |  }
 5)               |  vxlan_sock_release [vxlan]() {
 5)               |    synchronize_net() {
 5) + 29.756 us   |      synchronize_rcu_expedited();
 5) + 31.249 us   |    }
 5)               |    udp_tunnel_sock_release [udp_tunnel]() {
 5) * 15856.08 us |      synchronize_rcu();
 5) * 15861.35 us |    }
 5) * 15986.40 us |  }
 5)               |  vxlan_sock_release [vxlan]() {
 5)               |    synchronize_net() {
 5) + 36.539 us   |      synchronize_rcu_expedited();
 5) + 37.751 us   |    }
 5)               |    udp_tunnel_sock_release [udp_tunnel]() {
 5)               |      synchronize_rcu() {
 7) * 15953.63 us |    }
 7) * 16080.05 us |  }
 7)               |  vxlan_sock_release [vxlan]() {
 7)               |    synchronize_net() {
 7) ! 119.594 us  |      synchronize_rcu_expedited();
 7) ! 120.747 us  |    }
 7)               |    udp_tunnel_sock_release [udp_tunnel]() {
 7) * 15656.92 us |      synchronize_rcu();
 7) * 15660.94 us |    }
 7) * 15890.07 us |  }
 7)               |  vxlan_sock_release [vxlan]() {
 7)               |    synchronize_net() {
 7) ! 103.584 us  |      synchronize_rcu_expedited();
 7) ! 104.626 us  |    }
 7)               |    udp_tunnel_sock_release [udp_tunnel]() {
 7) * 15780.08 us |      synchronize_rcu();
 7) * 15783.40 us |    }
 7) * 15987.72 us |  }
 7)               |  vxlan_sock_release [vxlan]() {
 7)               |    synchronize_net() {
 7) ! 106.099 us  |      synchronize_rcu_expedited();
 7) ! 107.121 us  |    }
 7)               |    udp_tunnel_sock_release [udp_tunnel]() {
 7) * 15780.04 us |      synchronize_rcu();
 7) * 15783.26 us |    }
 7) * 15988.00 us |  }
 7)               |  vxlan_sock_release [vxlan]() {
 7)               |    synchronize_net() {
 7) + 75.642 us   |      synchronize_rcu_expedited();
 7) + 76.734 us   |    }
 7)               |    udp_tunnel_sock_release [udp_tunnel]() {
 7) * 19835.55 us |      synchronize_rcu();
 7) * 19841.55 us |    }
 7) * 20003.39 us |  }
 7)               |  vxlan_sock_release [vxlan]() {
 7)               |    synchronize_net() {
 7) ! 111.269 us  |      synchronize_rcu_expedited();
 7) ! 112.671 us  |    }
 7)               |    udp_tunnel_sock_release [udp_tunnel]() {
 7) * 15704.05 us |      synchronize_rcu();
 7) * 15714.92 us |    }
 7) * 16012.83 us |  }
 7)               |  vxlan_sock_release [vxlan]() {
 7)               |    synchronize_net() {
 7) + 93.265 us   |      synchronize_rcu_expedited();
 7) + 94.457 us   |    }
 7)               |    udp_tunnel_sock_release [udp_tunnel]() {
 7) * 15734.78 us |      synchronize_rcu();
 7) * 15738.94 us |    }
 7) * 15942.85 us |  }
 7)               |  vxlan_sock_release [vxlan]() {
 7)               |    synchronize_net() {
 7) + 98.374 us   |      synchronize_rcu_expedited();
 7) + 99.606 us   |    }
 7)               |    udp_tunnel_sock_release [udp_tunnel]() {
 7) * 15796.19 us |      synchronize_rcu();
 7) * 15799.31 us |    }
 7) * 15986.07 us |  }
 7)               |  vxlan_sock_release [vxlan]() {
 7)               |    synchronize_net() {
 7) + 91.833 us   |      synchronize_rcu_expedited();
 7) + 92.874 us   |    }
 7)               |    udp_tunnel_sock_release [udp_tunnel]() {
 7) * 19806.81 us |      synchronize_rcu();
 7) * 19811.21 us |    }
 7) * 19991.28 us |  }
 7)               |  vxlan_sock_release [vxlan]() {
 7)               |    synchronize_net() {
 7) + 72.425 us   |      synchronize_rcu_expedited();
 7) + 73.518 us   |    }
 7)               |    udp_tunnel_sock_release [udp_tunnel]() {
 7) * 19826.32 us |      synchronize_rcu();
 7) * 19830.20 us |    }
 7) * 19984.22 us |  }
 7)               |  vxlan_sock_release [vxlan]() {
 7)               |    synchronize_net() {
 7) ! 100.879 us  |      synchronize_rcu_expedited();
 7) ! 101.921 us  |    }
 7)               |    udp_tunnel_sock_release [udp_tunnel]() {
 7) * 31794.33 us |      synchronize_rcu();
 7) * 31798.70 us |    }
 7) * 31991.53 us |  }
 7)               |  vxlan_sock_release [vxlan]() {
 7)               |    synchronize_net() {
 7) + 92.213 us   |      synchronize_rcu_expedited();
 7) + 93.295 us   |    }
 7)               |    udp_tunnel_sock_release [udp_tunnel]() {
 7) * 15792.93 us |      synchronize_rcu();
 7) * 15797.59 us |    }
 7) * 15989.66 us |  }
 7)               |  vxlan_sock_release [vxlan]() {
 7)               |    synchronize_net() {
 7) + 92.283 us   |      synchronize_rcu_expedited();
 7) + 93.355 us   |    }
 7)               |    udp_tunnel_sock_release [udp_tunnel]() {
 7) * 15789.83 us |      synchronize_rcu();
 7) * 15792.96 us |    }
 7) * 15985.96 us |  }
 7)               |  vxlan_sock_release [vxlan]() {
 7)               |    synchronize_net() {
 7) + 91.512 us   |      synchronize_rcu_expedited();
 7) + 92.484 us   |    }
 7)               |    udp_tunnel_sock_release [udp_tunnel]() {
 7) * 15871.54 us |      synchronize_rcu();
 7) * 15886.65 us |    }
 7) * 16085.96 us |  }
 7)               |  vxlan_sock_release [vxlan]() {
 7)               |    synchronize_net() {
 7) + 68.518 us   |      synchronize_rcu_expedited();
 7) + 70.663 us   |    }
 7)               |    udp_tunnel_sock_release [udp_tunnel]() {
 7) * 31770.24 us |      synchronize_rcu();
 7) * 31781.13 us |    }
 7) * 31969.82 us |  }
 7)               |  vxlan_sock_release [vxlan]() {
 7)               |    synchronize_net() {
 7) + 72.526 us   |      synchronize_rcu_expedited();
 7) + 74.609 us   |    }
 7)               |    udp_tunnel_sock_release [udp_tunnel]() {
 7) * 15769.32 us |      synchronize_rcu();
 7) * 15780.72 us |    }
 7) * 15979.61 us |  }
 7)               |  vxlan_sock_release [vxlan]() {
 7)               |    synchronize_net() {
 7) ! 123.802 us  |      synchronize_rcu_expedited();
 7) ! 126.547 us  |    }
 7)               |    udp_tunnel_sock_release [udp_tunnel]() {
 7) * 15711.62 us |      synchronize_rcu();
 7) * 15723.10 us |    }
 7) * 15976.80 us |  }
 7)               |  vxlan_sock_release [vxlan]() {
 7)               |    synchronize_net() {
 7) ! 161.072 us  |      synchronize_rcu_expedited();
 7) ! 165.560 us  |    }
 7)               |    udp_tunnel_sock_release [udp_tunnel]() {
 7) * 15682.71 us |      synchronize_rcu();
 7) * 15695.35 us |    }
 7) * 15976.61 us |  }
 7)               |  vxlan_sock_release [vxlan]() {
 7)               |    synchronize_net() {
 7) + 75.692 us   |      synchronize_rcu_expedited();
 7) + 77.665 us   |    }
 7)               |    udp_tunnel_sock_release [udp_tunnel]() {
 7) * 15693.17 us |      synchronize_rcu();
 7) * 15702.31 us |    }
 7) * 15945.79 us |  }
 7)               |  vxlan_sock_release [vxlan]() {
 7)               |    synchronize_net() {
 7) + 28.623 us   |      synchronize_rcu_expedited();
 7) + 29.966 us   |    }
 7)               |    udp_tunnel_sock_release [udp_tunnel]() {
 7) * 15804.82 us |      synchronize_rcu();
 7) * 15813.61 us |    }
 7) * 15988.81 us |  }
 7)               |  vxlan_sock_release [vxlan]() {
 7)               |    synchronize_net() {
 7) + 49.553 us   |      synchronize_rcu_expedited();
 7) + 50.725 us   |    }
 7)               |    udp_tunnel_sock_release [udp_tunnel]() {
 7) * 15829.32 us |      synchronize_rcu();
 7) * 15840.17 us |    }
 7) * 15982.25 us |  }
 7)               |  vxlan_sock_release [vxlan]() {
 7)               |    synchronize_net() {
 7)               |      synchronize_rcu_expedited() {
 5) ! 146.184 us  |      } /* synchronize_rcu_expedited */
 5) ! 148.529 us  |    } /* synchronize_net */
 5)               |    udp_tunnel_sock_release [udp_tunnel]() {
 5) * 23908.24 us |      synchronize_rcu();
 5) * 23919.62 us |    }
 5) * 24158.52 us |  }
 5)               |  vxlan_sock_release [vxlan]() {
 5)               |    synchronize_net() {
 5) ! 245.731 us  |      synchronize_rcu_expedited();
 5) ! 249.197 us  |    }
 5)               |    udp_tunnel_sock_release [udp_tunnel]() {
 5) * 23365.94 us |      synchronize_rcu();
 5) * 23371.34 us |    }
 5) * 23747.02 us |  }
 5)               |  vxlan_sock_release [vxlan]() {
 5)               |    synchronize_net() {
 5) + 70.783 us   |      synchronize_rcu_expedited();
 5) + 71.354 us   |    }
 5)               |    udp_tunnel_sock_release [udp_tunnel]() {
 5) * 19837.08 us |      synchronize_rcu();
 5) * 19841.46 us |    }
 5) * 20002.76 us |  }
 5)               |  vxlan_sock_release [vxlan]() {
 5)               |    synchronize_net() {
 5) ! 104.656 us  |      synchronize_rcu_expedited();
 5) ! 105.698 us  |    }
 5)               |    udp_tunnel_sock_release [udp_tunnel]() {
 5) * 15778.96 us |      synchronize_rcu();
 5) * 15785.47 us |    }
 5) * 15998.20 us |  }
 5)               |  vxlan_sock_release [vxlan]() {
 5)               |    synchronize_net() {
 5) ! 107.561 us  |      synchronize_rcu_expedited();
 5) ! 108.644 us  |    }
 5)               |    udp_tunnel_sock_release [udp_tunnel]() {
 5) * 15811.90 us |      synchronize_rcu();
 5) * 15819.08 us |    }
 5) * 16027.75 us |  }
 5)               |  vxlan_sock_release [vxlan]() {
 5)               |    synchronize_net() {
 5) ! 123.041 us  |      synchronize_rcu_expedited();
 5) ! 125.165 us  |    }
 5)               |    udp_tunnel_sock_release [udp_tunnel]() {
 5) * 15805.95 us |      synchronize_rcu();
 5) * 15817.30 us |    }
 5) * 16034.20 us |  }
 5)               |  vxlan_sock_release [vxlan]() {
 5)               |    synchronize_net() {
 5) ! 119.433 us  |      synchronize_rcu_expedited();
 5) ! 121.348 us  |    }
 5)               |    udp_tunnel_sock_release [udp_tunnel]() {
 5) * 23647.18 us |      synchronize_rcu();
 5) * 23651.26 us |    }
 5) * 23894.44 us |  }
 5)               |  vxlan_sock_release [vxlan]() {
 5)               |    synchronize_net() {
 5) + 63.760 us   |      synchronize_rcu_expedited();
 5) + 64.751 us   |    }
 5)               |    udp_tunnel_sock_release [udp_tunnel]() {
 5) * 15883.37 us |      synchronize_rcu();
 5) * 15890.34 us |    }
 5) * 16037.66 us |  }
 5)               |  vxlan_sock_release [vxlan]() {
 5)               |    synchronize_net() {
 5) ! 118.783 us  |      synchronize_rcu_expedited();
 5) ! 120.897 us  |    }
 5)               |    udp_tunnel_sock_release [udp_tunnel]() {
 5) * 15792.75 us |      synchronize_rcu();
 5) * 15810.60 us |    }
 5) * 16025.55 us |  }
 5)               |  vxlan_sock_release [vxlan]() {
 5)               |    synchronize_net() {
 5) ! 177.342 us  |      synchronize_rcu_expedited();
 5) ! 180.658 us  |    }
 5)               |    udp_tunnel_sock_release [udp_tunnel]() {
 5) * 23605.93 us |      synchronize_rcu();
 5) * 23610.73 us |    }
 5) * 23901.18 us |  }
 5)               |  vxlan_sock_release [vxlan]() {
 5)               |    synchronize_net() {
 5) + 64.170 us   |      synchronize_rcu_expedited();
 5) + 65.162 us   |    }
 5)               |    udp_tunnel_sock_release [udp_tunnel]() {
 5) * 31918.31 us |      synchronize_rcu();
 5) * 31928.97 us |    }
 5) * 32073.81 us |  }
 5)               |  vxlan_sock_release [vxlan]() {
 5)               |    synchronize_net() {
 5) ! 182.192 us  |      synchronize_rcu_expedited();
 5) ! 186.850 us  |    }
 5)               |    udp_tunnel_sock_release [udp_tunnel]() {
 5) * 15577.49 us |      synchronize_rcu();
 5) * 15585.00 us |    }
 5) * 15884.99 us |  }
 5)               |  vxlan_sock_release [vxlan]() {
 5)               |    synchronize_net() {
 5) ! 107.722 us  |      synchronize_rcu_expedited();
 5) ! 108.814 us  |    }
 5)               |    udp_tunnel_sock_release [udp_tunnel]() {
 5) * 15782.04 us |      synchronize_rcu();
 5) * 15793.26 us |    }
 5) * 15999.34 us |  }
 5)               |  vxlan_sock_release [vxlan]() {
 5)               |    synchronize_net() {
 5) + 33.513 us   |      synchronize_rcu_expedited();
 5) + 34.335 us   |    }
 5)               |    udp_tunnel_sock_release [udp_tunnel]() {
 5) * 27830.91 us |      synchronize_rcu();
 5) * 27840.42 us |    }
 5) * 27985.33 us |  }
 5)               |  vxlan_sock_release [vxlan]() {
 5)               |    synchronize_net() {
 5) + 46.317 us   |      synchronize_rcu_expedited();
 5) + 47.600 us   |    }
 5)               |    udp_tunnel_sock_release [udp_tunnel]() {
 5) * 35814.16 us |      synchronize_rcu();
 5) * 35819.60 us |    }
 5) * 35979.40 us |  }
 5)               |  vxlan_sock_release [vxlan]() {
 5)               |    synchronize_net() {
 5) + 30.006 us   |      synchronize_rcu_expedited();
 5) + 31.098 us   |    }
 5)               |    udp_tunnel_sock_release [udp_tunnel]() {
 5) * 15856.72 us |      synchronize_rcu();
 5) * 15861.32 us |    }
 5) * 15983.68 us |  }
 5)               |  vxlan_sock_release [vxlan]() {
 5)               |    synchronize_net() {
 5) + 43.090 us   |      synchronize_rcu_expedited();
 5) + 44.142 us   |    }
 5)               |    udp_tunnel_sock_release [udp_tunnel]() {
 5) * 15858.49 us |      synchronize_rcu();
 5) * 15862.29 us |    }
 5) * 15991.76 us |  }
 5)               |  vxlan_sock_release [vxlan]() {
 5)               |    synchronize_net() {
 5) ! 100.048 us  |      synchronize_rcu_expedited();
 5) ! 101.080 us  |    }
 5)               |    udp_tunnel_sock_release [udp_tunnel]() {
 5) * 15778.05 us |      synchronize_rcu();
 5) * 15781.72 us |    }
 5) * 15983.24 us |  }
 5)               |  vxlan_sock_release [vxlan]() {
 5)               |    synchronize_net() {
 5) + 52.779 us   |      synchronize_rcu_expedited();
 5) + 55.524 us   |    }
 5)               |    udp_tunnel_sock_release [udp_tunnel]() {
 5) * 19852.86 us |      synchronize_rcu();
 5) * 19858.29 us |    }
 5) * 19991.04 us |  }
 5)               |  vxlan_sock_release [vxlan]() {
 5)               |    synchronize_net() {
 5) ! 102.132 us  |      synchronize_rcu_expedited();
 5) ! 103.204 us  |    }
 5)               |    udp_tunnel_sock_release [udp_tunnel]() {
 5) * 23778.21 us |      synchronize_rcu();
 5) * 23783.17 us |    }
 5) * 23985.67 us |  }
 5)               |  vxlan_sock_release [vxlan]() {
 5)               |    synchronize_net() {
 5) + 99.507 us   |      synchronize_rcu_expedited();
 5) ! 100.539 us  |    }
 5)               |    udp_tunnel_sock_release [udp_tunnel]() {
 5) * 15776.87 us |      synchronize_rcu();
 5) * 15780.44 us |    }
 5) * 15986.02 us |  }
 5)               |  vxlan_sock_release [vxlan]() {
 5)               |    synchronize_net() {
 5) ! 154.449 us  |      synchronize_rcu_expedited();
 5) ! 155.401 us  |    }
 5)               |    udp_tunnel_sock_release [udp_tunnel]() {
 5) * 19743.92 us |      synchronize_rcu();
 5) * 19752.87 us |    }
 5) * 20004.15 us |  }
 5)               |  vxlan_sock_release [vxlan]() {
 5)               |    synchronize_net() {
 5) + 37.891 us   |      synchronize_rcu_expedited();
 5) + 39.084 us   |    }
 5)               |    udp_tunnel_sock_release [udp_tunnel]() {
 5) * 23761.39 us |      synchronize_rcu();
 7) * 19878.52 us |      } /* synchronize_rcu */
 7) * 19886.94 us |    } /* udp_tunnel_sock_release [udp_tunnel] */
 7) * 20041.70 us |  }
 7)               |  vxlan_sock_release [vxlan]() {
 7)               |    synchronize_net() {
 7) + 49.573 us   |      synchronize_rcu_expedited();
 7) + 50.755 us   |    }
 7)               |    udp_tunnel_sock_release [udp_tunnel]() {
 7) * 15695.13 us |      synchronize_rcu();
 5) * 23767.87 us |    }
 5) * 23945.27 us |  }
 5)               |  vxlan_sock_release [vxlan]() {
 5)               |    synchronize_net() {
 5) ! 179.998 us  |      synchronize_rcu_expedited();
 5) ! 181.150 us  |    }
 5)               |    udp_tunnel_sock_release [udp_tunnel]() {
 5) * 15715.42 us |      synchronize_rcu();
 5) * 15721.25 us |    }
 5) * 16021.01 us |  }
 5)               |  vxlan_sock_release [vxlan]() {
 5)               |    synchronize_net() {
 5) + 30.056 us   |      synchronize_rcu_expedited();
 5) + 31.348 us   |    }
 5)               |    udp_tunnel_sock_release [udp_tunnel]() {
 5) * 19811.35 us |      synchronize_rcu();
 5) * 19822.72 us |    }
 5) * 19959.03 us |  }
 5)               |  vxlan_sock_release [vxlan]() {
 5)               |    synchronize_net() {
 5) + 61.726 us   |      synchronize_rcu_expedited();
 5) + 63.659 us   |    }
 5)               |    udp_tunnel_sock_release [udp_tunnel]() {
 5) * 15744.06 us |      synchronize_rcu();
 5) * 15748.65 us |    }
 5) * 15948.02 us |  }
 5)               |  vxlan_sock_release [vxlan]() {
 5)               |    synchronize_net() {
 5) + 67.407 us   |      synchronize_rcu_expedited();
 5) + 68.428 us   |    }
 5)               |    udp_tunnel_sock_release [udp_tunnel]() {
 5) * 15804.71 us |      synchronize_rcu();
 5) * 15807.81 us |    }
 5) * 15985.79 us |  }
 5)               |  vxlan_sock_release [vxlan]() {
 5)               |    synchronize_net() {
 5) + 95.489 us   |      synchronize_rcu_expedited();
 5) + 96.461 us   |    }
 5)               |    udp_tunnel_sock_release [udp_tunnel]() {
 5) * 19783.49 us |      synchronize_rcu();
 5) * 19789.17 us |    }
 5) * 19994.72 us |  }
 5)               |  vxlan_sock_release [vxlan]() {
 5)               |    synchronize_net() {
 5) + 74.280 us   |      synchronize_rcu_expedited();
 5) + 75.481 us   |    }
 5)               |    udp_tunnel_sock_release [udp_tunnel]() {
 5) * 23754.60 us |      synchronize_rcu();
 5) * 23757.33 us |    }
 5) * 23973.61 us |  }
 5)               |  vxlan_sock_release [vxlan]() {
 5)               |    synchronize_net() {
 5) + 71.725 us   |      synchronize_rcu_expedited();
 5) + 72.335 us   |    }
 5)               |    udp_tunnel_sock_release [udp_tunnel]() {
 5) * 15843.78 us |      synchronize_rcu();
 5) * 15846.60 us |    }
 5) * 15999.87 us |  }
 5)               |  vxlan_sock_release [vxlan]() {
 5)               |    synchronize_net() {
 5) ! 103.334 us  |      synchronize_rcu_expedited();
 5) ! 104.356 us  |    }
 5)               |    udp_tunnel_sock_release [udp_tunnel]() {
 5) * 23789.11 us |      synchronize_rcu();
 5) * 23792.11 us |    }
 5) * 23990.76 us |  }
 5)               |  vxlan_sock_release [vxlan]() {
 5)               |    synchronize_net() {
 5) ! 103.504 us  |      synchronize_rcu_expedited();
 5) ! 104.476 us  |    }
 5)               |    udp_tunnel_sock_release [udp_tunnel]() {
 5) * 19871.07 us |      synchronize_rcu();
 5) * 19887.30 us |    }
 5) * 20093.93 us |  }
 5)               |  vxlan_sock_release [vxlan]() {
 5)               |    synchronize_net() {
 5) ! 174.988 us  |      synchronize_rcu_expedited();
 5) ! 178.344 us  |    }
 5)               |    udp_tunnel_sock_release [udp_tunnel]() {
 5) * 23680.88 us |      synchronize_rcu();
 5) * 23695.18 us |    }
 5) * 23981.50 us |  }
 5)               |  vxlan_sock_release [vxlan]() {
 5)               |    synchronize_net() {
 5) ! 177.903 us  |      synchronize_rcu_expedited();
 5) ! 181.250 us  |    }
 5)               |    udp_tunnel_sock_release [udp_tunnel]() {
 5) * 23680.69 us |      synchronize_rcu();
 5) * 23694.77 us |    }
 5) * 23989.62 us |  }
 5)               |  vxlan_sock_release [vxlan]() {
 5)               |    synchronize_net() {
 5) ! 177.002 us  |      synchronize_rcu_expedited();
 5) ! 180.318 us  |    }
 5)               |    udp_tunnel_sock_release [udp_tunnel]() {
 5) * 19585.26 us |      synchronize_rcu();
 5) * 19589.85 us |    }
 5) * 19882.07 us |  }
 5)               |  vxlan_sock_release [vxlan]() {
 5)               |    synchronize_net() {
 5) + 94.677 us   |      synchronize_rcu_expedited();
 5) + 96.431 us   |    }
 5)               |    udp_tunnel_sock_release [udp_tunnel]() {
 5) * 19900.24 us |      synchronize_rcu();
 5) * 19913.66 us |    }
 5) * 20090.88 us |  }
 5)               |  vxlan_sock_release [vxlan]() {
 5)               |    synchronize_net() {
 5) ! 175.990 us  |      synchronize_rcu_expedited();
 5) ! 179.286 us  |    }
 5)               |    udp_tunnel_sock_release [udp_tunnel]() {
 5) * 19671.17 us |      synchronize_rcu();
 5) * 19685.08 us |    }
 5) * 19969.39 us |  }
 5)               |  vxlan_sock_release [vxlan]() {
 5)               |    synchronize_net() {
 5) ! 177.884 us  |      synchronize_rcu_expedited();
 5) ! 181.240 us  |    }
 5)               |    udp_tunnel_sock_release [udp_tunnel]() {
 5) * 19684.60 us |      synchronize_rcu();
 5) * 19705.19 us |    }
 5) * 19993.35 us |  }
 5)               |  vxlan_sock_release [vxlan]() {
 5)               |    synchronize_net() {
 5) ! 176.080 us  |      synchronize_rcu_expedited();
 5) ! 179.397 us  |    }
 5)               |    udp_tunnel_sock_release [udp_tunnel]() {
 5) * 15631.21 us |      synchronize_rcu();
 5) * 15641.33 us |    }
 5) * 15927.54 us |  }
 5)               |  vxlan_sock_release [vxlan]() {
 5)               |    synchronize_net() {
 5) ! 125.205 us  |      synchronize_rcu_expedited();
 5) ! 127.379 us  |    }
 5)               |    udp_tunnel_sock_release [udp_tunnel]() {
 5) * 15773.64 us |      synchronize_rcu();
 5) * 15786.20 us |    }
 5) * 16019.17 us |  }
 5)               |  vxlan_sock_release [vxlan]() {
 5)               |    synchronize_net() {
 5) ! 178.564 us  |      synchronize_rcu_expedited();
 5) ! 182.232 us  |    }
 5)               |    udp_tunnel_sock_release [udp_tunnel]() {
 5) * 15625.86 us |      synchronize_rcu();
 5) * 15634.94 us |    }
 5) * 15939.42 us |  }
 5)               |  vxlan_sock_release [vxlan]() {
 5)               |    synchronize_net() {
 5) ! 120.476 us  |      synchronize_rcu_expedited();
 5) ! 122.761 us  |    }
 5)               |    udp_tunnel_sock_release [udp_tunnel]() {
 5) * 15763.40 us |      synchronize_rcu();
 5) * 15771.96 us |    }
 5) * 15986.93 us |  }
 5)               |  vxlan_sock_release [vxlan]() {
 5)               |    synchronize_net() {
 5) ! 124.614 us  |      synchronize_rcu_expedited();
 5) ! 126.868 us  |    }
 5)               |    udp_tunnel_sock_release [udp_tunnel]() {
 5) * 15731.01 us |      synchronize_rcu();
 5) * 15737.56 us |    }
 5) * 15957.73 us |  }
 5)               |  vxlan_sock_release [vxlan]() {
 5)               |    synchronize_net() {
 5) + 81.492 us   |      synchronize_rcu_expedited();
 5) + 84.709 us   |    }
 5)               |    udp_tunnel_sock_release [udp_tunnel]() {
 5) * 35863.39 us |      synchronize_rcu();
 5) * 35877.63 us |    }
 5) * 36042.59 us |  }
 5)               |  vxlan_sock_release [vxlan]() {
 5)               |    synchronize_net() {
 5) ! 127.059 us  |      synchronize_rcu_expedited();
 5) ! 129.392 us  |    }
 5)               |    udp_tunnel_sock_release [udp_tunnel]() {
 5) * 19716.08 us |      synchronize_rcu();
 5) * 19729.29 us |    }
 5) * 19973.54 us |  }
 5)               |  vxlan_sock_release [vxlan]() {
 5)               |    synchronize_net() {
 5) ! 121.969 us  |      synchronize_rcu_expedited();
 5) ! 124.433 us  |    }
 5)               |    udp_tunnel_sock_release [udp_tunnel]() {
 5) * 27796.71 us |      synchronize_rcu();
 7) * 15709.80 us |    }
 7) * 15954.95 us |  }
 7)               |  vxlan_sock_release [vxlan]() {
 7)               |    synchronize_net() {
 7) + 93.295 us   |      synchronize_rcu_expedited();
 7) + 95.118 us   |    }
 7)               |    udp_tunnel_sock_release [udp_tunnel]() {
 7)               |      synchronize_rcu() {
 5) * 27809.39 us |    }
 5) * 28047.57 us |  }
 5)               |  vxlan_sock_release [vxlan]() {
 5)               |    synchronize_net() {
 5) + 69.099 us   |      synchronize_rcu_expedited();
 5) + 71.103 us   |    }
 5)               |    udp_tunnel_sock_release [udp_tunnel]() {
 5) * 19740.30 us |      synchronize_rcu();
 5) * 19751.21 us |    }
 5) * 19952.40 us |  }
 5)               |  vxlan_sock_release [vxlan]() {
 5)               |    synchronize_net() {
 5) ! 112.491 us  |      synchronize_rcu_expedited();
 5) ! 115.547 us  |    }
 5)               |    udp_tunnel_sock_release [udp_tunnel]() {
 5) * 15747.19 us |      synchronize_rcu();
 5) * 15758.48 us |    }
 5) * 15976.92 us |  }
 5)               |  vxlan_sock_release [vxlan]() {
 5)               |    synchronize_net() {
 5) + 71.855 us   |      synchronize_rcu_expedited();
 5) + 73.368 us   |    }
 5)               |    udp_tunnel_sock_release [udp_tunnel]() {
 5) * 15786.48 us |      synchronize_rcu();
 5) * 15795.46 us |    }
 5) * 15981.26 us |  }
 5)               |  vxlan_sock_release [vxlan]() {
 5)               |    synchronize_net() {
 5) + 45.295 us   |      synchronize_rcu_expedited();
 5) + 46.637 us   |    }
 5)               |    udp_tunnel_sock_release [udp_tunnel]() {
 5) * 23824.47 us |      synchronize_rcu();
 5) * 23836.55 us |    }
 5) * 23990.95 us |  }
 5)               |  vxlan_sock_release [vxlan]() {
 5)               |    synchronize_net() {
 5) + 30.137 us   |      synchronize_rcu_expedited();
 5) + 31.619 us   |    }
 5)               |    udp_tunnel_sock_release [udp_tunnel]() {
 5) * 23798.86 us |      synchronize_rcu();
 5) * 23807.06 us |    }
 5) * 23951.02 us |  }
 5)               |  vxlan_sock_release [vxlan]() {
 5)               |    synchronize_net() {
 5) + 68.288 us   |      synchronize_rcu_expedited();
 5) + 69.511 us   |    }
 5)               |    udp_tunnel_sock_release [udp_tunnel]() {
 5) * 15842.64 us |      synchronize_rcu();
 5) * 15852.87 us |    }
 5) * 16022.70 us |  }
 5)               |  vxlan_sock_release [vxlan]() {
 5)               |    synchronize_net() {
 5) + 29.535 us   |      synchronize_rcu_expedited();
 5) + 31.098 us   |    }
 5)               |    udp_tunnel_sock_release [udp_tunnel]() {
 5) * 27791.00 us |      synchronize_rcu();
 5) * 27803.73 us |    }
 5) * 27947.10 us |  }
 5)               |  vxlan_sock_release [vxlan]() {
 5)               |    synchronize_net() {
 5) + 25.558 us   |      synchronize_rcu_expedited();
 5) + 27.021 us   |    }
 5)               |    udp_tunnel_sock_release [udp_tunnel]() {
 5) * 23826.38 us |      synchronize_rcu();
 5) * 23835.14 us |    }
 5) * 23976.09 us |  }
 5)               |  vxlan_sock_release [vxlan]() {
 5)               |    synchronize_net() {
 5) + 39.383 us   |      synchronize_rcu_expedited();
 5) + 40.776 us   |    }
 5)               |    udp_tunnel_sock_release [udp_tunnel]() {
 5) * 15818.90 us |      synchronize_rcu();
 5) * 15825.36 us |    }
 5) * 15980.08 us |  }
 5)               |  vxlan_sock_release [vxlan]() {
 5)               |    synchronize_net() {
 5) + 30.066 us   |      synchronize_rcu_expedited();
 5) + 31.319 us   |    }
 5)               |    udp_tunnel_sock_release [udp_tunnel]() {
 5) * 15902.02 us |      synchronize_rcu();
 5) * 15912.00 us |    }
 5) * 16038.02 us |  }
 5)               |  vxlan_sock_release [vxlan]() {
 5)               |    synchronize_net() {
 5) + 46.017 us   |      synchronize_rcu_expedited();
 5) + 47.439 us   |    }
 5)               |    udp_tunnel_sock_release [udp_tunnel]() {
 5) * 19829.02 us |      synchronize_rcu();
 5) * 19838.11 us |    }
 5) * 19998.12 us |  }
 5)               |  vxlan_sock_release [vxlan]() {
 5)               |    synchronize_net() {
 5) + 54.362 us   |      synchronize_rcu_expedited();
 5) + 55.745 us   |    }
 5)               |    udp_tunnel_sock_release [udp_tunnel]() {
 5) * 19799.77 us |      synchronize_rcu();
 5) * 19807.08 us |    }
 5) * 19959.32 us |  }
 5)               |  vxlan_sock_release [vxlan]() {
 5)               |    synchronize_net() {
 5) ! 113.894 us  |      synchronize_rcu_expedited();
 5) ! 116.007 us  |    }
 5)               |    udp_tunnel_sock_release [udp_tunnel]() {
 5) * 19836.46 us |      synchronize_rcu();
 5) * 19847.31 us |    }
 5) * 20053.30 us |  }
 5)               |  vxlan_sock_release [vxlan]() {
 5)               |    synchronize_net() {
 5) ! 163.947 us  |      synchronize_rcu_expedited();
 5) ! 167.213 us  |    }
 5)               |    udp_tunnel_sock_release [udp_tunnel]() {
 5) * 15643.43 us |      synchronize_rcu();
 5) * 15652.43 us |    }
 5) * 15919.28 us |  }
 5)               |  vxlan_sock_release [vxlan]() {
 5)               |    synchronize_net() {
 5) + 45.545 us   |      synchronize_rcu_expedited();
 5) + 46.898 us   |    }
 5)               |    udp_tunnel_sock_release [udp_tunnel]() {
 5) * 15833.36 us |      synchronize_rcu();
 5) * 15842.11 us |    }
 5) * 15989.25 us |  }
 5)               |  vxlan_sock_release [vxlan]() {
 5)               |    synchronize_net() {
 5) + 49.613 us   |      synchronize_rcu_expedited();
 5) + 50.906 us   |    }
 5)               |    udp_tunnel_sock_release [udp_tunnel]() {
 5) * 15860.20 us |      synchronize_rcu();
 5) * 15873.51 us |    }
 5) * 16024.20 us |  }
 5)               |  vxlan_sock_release [vxlan]() {
 5)               |    synchronize_net() {
 5) + 57.428 us   |      synchronize_rcu_expedited();
 5) + 59.462 us   |    }
 5)               |    udp_tunnel_sock_release [udp_tunnel]() {
 5) * 15750.80 us |      synchronize_rcu();
 5) * 15759.43 us |    }
 5) * 15945.09 us |  }
 5)               |  vxlan_sock_release [vxlan]() {
 5)               |    synchronize_net() {
 5) + 54.652 us   |      synchronize_rcu_expedited();
 5) + 55.975 us   |    }
 5)               |    udp_tunnel_sock_release [udp_tunnel]() {
 5) * 15830.76 us |      synchronize_rcu();
 5) * 15839.45 us |    }
 5) * 15986.27 us |  }
 5)               |  vxlan_sock_release [vxlan]() {
 5)               |    synchronize_net() {
 5) + 28.002 us   |      synchronize_rcu_expedited();
 5) + 29.275 us   |    }
 5)               |    udp_tunnel_sock_release [udp_tunnel]() {
 5) * 15841.51 us |      synchronize_rcu();
 5) * 15850.06 us |    }
 5) * 15979.66 us |  }
 5)               |  vxlan_sock_release [vxlan]() {
 5)               |    synchronize_net() {
 5) + 55.544 us   |      synchronize_rcu_expedited();
 5) + 56.896 us   |    }
 5)               |    udp_tunnel_sock_release [udp_tunnel]() {
 5) * 15826.69 us |      synchronize_rcu();
 5) * 15835.28 us |    }
 5) * 15986.86 us |  }
 5)               |  vxlan_sock_release [vxlan]() {
 5)               |    synchronize_net() {
 5) ! 123.682 us  |      synchronize_rcu_expedited();
 5) ! 125.957 us  |    }
 5)               |    udp_tunnel_sock_release [udp_tunnel]() {
 5) * 27716.24 us |      synchronize_rcu();
 5) * 27725.91 us |    }
 5) * 27951.65 us |  }
 5)               |  vxlan_sock_release [vxlan]() {
 5)               |    synchronize_net() {
 5) + 72.005 us   |      synchronize_rcu_expedited();
 5) + 74.039 us   |    }
 5)               |    udp_tunnel_sock_release [udp_tunnel]() {
 5) * 15854.86 us |      synchronize_rcu();
 5) * 15864.11 us |    }
 5) * 16043.64 us |  }
 5)               |  vxlan_sock_release [vxlan]() {
 5)               |    synchronize_net() {
 5) ! 423.505 us  |      synchronize_rcu_expedited();
 5) ! 428.153 us  |    }
 5)               |    udp_tunnel_sock_release [udp_tunnel]() {
 5) * 15410.00 us |      synchronize_rcu();
 5) * 15420.40 us |    }
 5) * 15971.34 us |  }
 5)               |  vxlan_sock_release [vxlan]() {
 5)               |    synchronize_net() {
 5) ! 120.806 us  |      synchronize_rcu_expedited();
 5) ! 123.161 us  |    }
 5)               |    udp_tunnel_sock_release [udp_tunnel]() {
 5) * 15767.96 us |      synchronize_rcu();
 5) * 15777.27 us |    }
 5) * 16008.87 us |  }
 5)               |  vxlan_sock_release [vxlan]() {
 5)               |    synchronize_net() {
 5) ! 120.707 us  |      synchronize_rcu_expedited();
 5) ! 122.850 us  |    }
 5)               |    udp_tunnel_sock_release [udp_tunnel]() {
 5) * 23766.79 us |      synchronize_rcu();
 5) * 23780.46 us |    }
 5) * 23998.38 us |  }
 5)               |  vxlan_sock_release [vxlan]() {
 5)               |    synchronize_net() {
 5) ! 183.294 us  |      synchronize_rcu_expedited();
 5) ! 186.820 us  |    }
 5)               |    udp_tunnel_sock_release [udp_tunnel]() {
 5) * 15613.36 us |      synchronize_rcu();
 5) * 15626.94 us |    }
 5) * 15942.19 us |  }
 5) + 83.837 us   |  synchronize_rcu_expedited();
 5) + 71.284 us   |  synchronize_rcu_expedited();
